ISO-10303-21;
HEADER;
FILE_DESCRIPTION(('ViewDefinition [CoordinationView_V2.0]','RevitIdentifiers [ContentGUID: 6dcc5eaa-7312-482b-bc25-7413a42eb957, VersionGUID: 9950619f-64d5-4b7f-acd6-768c509c8575, NumberOfSaves: 17]','CoordinateReference [CoordinateBase: Shared Coordinates]'),'2;1');
FILE_NAME('Eksisterende.ifc','2026-02-24T13:55:02+01:00',(''),(''),'ODA SDAI 25.12','Autodesk - Revit 26.4.0.32 (ENU) - 26.4.0.32','');
FILE_SCHEMA(('IFC2X3'));
ENDSEC;

DATA;
#1=IFCORGANIZATION($,'Autodesk Revit 2026 (ENU)',$,$,$);
#2=IFCAPPLICATION(#1,'2026','Autodesk Revit 2026 (ENU)','Revit');
#3=IFCPERSON($,'','s253445',$,$,$,$,$);
#4=IFCORGANIZATION($,'','',$,$);
#5=IFCPERSONANDORGANIZATION(#3,#4,$);
#6=IFCOWNERHISTORY(#5,#2,$,.NOCHANGE.,$,$,$,1770651343);
#7=IFCSIUNIT(*,.LENGTHUNIT.,.MILLI.,.METRE.);
#8=IFCSIUNIT(*,.AREAUNIT.,$,.SQUARE_METRE.);
#9=IFCSIUNIT(*,.VOLUMEUNIT.,$,.CUBIC_METRE.);
#10=IFCCARTESIANPOINT((0.,0.,0.));
#11=IFCAXIS2PLACEMENT3D(#10,$,$);
#12=IFCDIRECTION((0.,1.));
#13=IFCGEOMETRICREPRESENTATIONCONTEXT($,'Model',3,0.01,#11,#12);
#14=IFCGEOMETRICREPRESENTATIONSUBCONTEXT('Axis','Model',*,*,*,*,#13,$,.GRAPH_VIEW.,$);
#15=IFCGEOMETRICREPRESENTATIONSUBCONTEXT('Body','Model',*,*,*,*,#13,$,.MODEL_VIEW.,$);
#16=IFCGEOMETRICREPRESENTATIONSUBCONTEXT('Box','Model',*,*,*,*,#13,$,.MODEL_VIEW.,$);
#17=IFCGEOMETRICREPRESENTATIONSUBCONTEXT('FootPrint','Model',*,*,*,*,#13,$,.MODEL_VIEW.,$);
#18=IFCPROJECT('1jp5wgSn98AxmbT1DRqKQd',#6,'0001',$,$,'Project Name','Project Status',(#13),#7574);
#19=IFCPOSTALADDRESS($,$,$,$,('Enter address here'),$,'','Boston','','MA');
#20=IFCAXIS2PLACEMENT3D(#10,$,$);
#21=IFCLOCALPLACEMENT(#39,#20);
#22=IFCBUILDING('1jp5wgSn98AxmbT1DRqKQc',#6,'',$,$,#21,$,'',.ELEMENT.,$,$,#19);
#23=IFCCARTESIANPOINT((0.,0.,-300.));
#24=IFCAXIS2PLACEMENT3D(#23,$,$);
#25=IFCLOCALPLACEMENT(#21,#24);
#26=IFCBUILDINGSTOREY('2qYKvFEvH4cPghyPNWjrjp',#6,'T.O. Fnd. Wall',$,$,#25,$,'T.O. Fnd. Wall',.ELEMENT.,-299.99999999999994);
#27=IFCAXIS2PLACEMENT3D(#10,$,$);
#28=IFCLOCALPLACEMENT(#21,#27);
#29=IFCBUILDINGSTOREY('3Aw$FV5MbAufEo59pkoNgA',#6,'Level 1',$,$,#28,$,'Level 1',.ELEMENT.,0.);
#30=IFCCARTESIANPOINT((0.,0.,3500.));
#31=IFCAXIS2PLACEMENT3D(#30,$,$);
#32=IFCLOCALPLACEMENT(#21,#31);
#33=IFCBUILDINGSTOREY('3kSL0VGKv3gxJCujeqtuJj',#6,'Level 2',$,$,#32,$,'Level 2',.ELEMENT.,3500.0000000000005);
#34=IFCCARTESIANPOINT((0.,0.,7000.));
#35=IFCAXIS2PLACEMENT3D(#34,$,$);
#36=IFCLOCALPLACEMENT(#21,#35);
#37=IFCBUILDINGSTOREY('3Jcm064Vn2iOWhSW$AdvQ5',#6,'Level 3',$,$,#36,$,'Level 3',.ELEMENT.,7000.0000000000009);
#38=IFCAXIS2PLACEMENT3D(#10,$,$);
#39=IFCLOCALPLACEMENT($,#38);
#40=IFCSITE('1jp5wgSn98AxmbT1DRqKQb',#6,'Default',$,$,#39,$,$,.ELEMENT.,(42,21,31,181945),(-71,-3,-24,-263305),0.,$,$);
#41=IFCAXIS2PLACEMENT3D(#10,$,$);
#42=IFCLOCALPLACEMENT(#28,#41);
#43=IFCCARTESIANPOINT((-2.1600499167107046E-012,3.637978807091713E-012));
#44=IFCDIRECTION((1.,0.));
#45=IFCAXIS2PLACEMENT2D(#43,#44);
#46=IFCRECTANGLEPROFILEDEF(.AREA.,$,#45,700.00000000000114,64859.999999999985);
#47=IFCCARTESIANPOINT((-2021.2142546211192,19791.361329759759,0.));
#48=IFCDIRECTION((0.,0.,-1.));
#49=IFCDIRECTION((0.,1.,0.));
#50=IFCAXIS2PLACEMENT3D(#47,#48,#49);
#51=IFCDIRECTION((0.,0.,1.));
#52=IFCEXTRUDEDAREASOLID(#46,#50,#51,150.);
#53=IFCCOLOURRGB($,0.75294117647058822,0.75294117647058822,0.75294117647058822);
#54=IFCSURFACESTYLERENDERING(#53,0.,$,$,$,$,IFCNORMALISEDRATIOMEASURE(0.5),IFCSPECULAREXPONENT(128.),.NOTDEFINED.);
#55=IFCSURFACESTYLE('Concrete, Cast In Situ',.BOTH.,(#54));
#56=IFCPRESENTATIONSTYLEASSIGNMENT((#55));
#57=IFCSTYLEDITEM(#52,(#56),$);
#58=IFCSHAPEREPRESENTATION(#15,'Body','SweptSolid',(#52));
#59=IFCSIUNIT(*,.PLANEANGLEUNIT.,$,.RADIAN.);
#60=IFCDIMENSIONALEXPONENTS(0,0,0,0,0,0,0);
#61=IFCMEASUREWITHUNIT(IFCPLANEANGLEMEASURE(0.017453292519943278),#59);
#62=IFCCONVERSIONBASEDUNIT(#60,.PLANEANGLEUNIT.,'DEGREE',#61);
#63=IFCPRODUCTDEFINITIONSHAPE($,$,(#58));
#64=IFCSLAB('3MsR0LfPbDzeWI2nZHul9O',#6,'Foundation Slab:15mm Foundation Slab:304899',$,$,#42,#63,'304899',.BASESLAB.);
#65=IFCSLABTYPE('2oHonavBTBpgwVFsOPGtjh',#6,'Foundation Slab:15mm Foundation Slab',$,$,(#93),$,'63466',$,.BASESLAB.);
#66=IFCMATERIAL('Concrete, Cast In Situ');
#67=IFCPRESENTATIONSTYLEASSIGNMENT((#55));
#68=IFCSTYLEDITEM($,(#67),$);
#69=IFCSTYLEDREPRESENTATION(#13,'Style','Material',(#68));
#70=IFCMATERIALDEFINITIONREPRESENTATION($,$,(#69),#66);
#71=IFCMATERIALLAYER(#66,150.,$);
#72=IFCMATERIALLAYERSET((#71),'Foundation Slab:15mm Foundation Slab');
#73=IFCMATERIALLAYERSETUSAGE(#72,.AXIS3.,.POSITIVE.,0.);
#74=IFCPROPERTYSINGLEVALUE('Reference',$,IFCIDENTIFIER('15mm Foundation Slab'),$);
#75=IFCPROPERTYSET('12W3OedPuxYdQ8nzF$0w01',#6,'Pset_QuantityTakeOff',$,(#74));
#76=IFCPROPERTYSINGLEVALUE('Reference',$,IFCLABEL('15mm Foundation Slab'),$);
#77=IFCPROPERTYSET('2FZMbMjsnhpTCeJpieMNXx',#6,'Pset_ReinforcementBarPitchOfSlab',$,(#76));
#78=IFCPROPERTYSINGLEVALUE('IsExternal',$,IFCBOOLEAN(.F.),$);
#79=IFCPROPERTYSINGLEVALUE('LoadBearing',$,IFCBOOLEAN(.T.),$);
#80=IFCPROPERTYSINGLEVALUE('PitchAngle',$,IFCPLANEANGLEMEASURE(0.),$);
#81=IFCPROPERTYSET('31RQsCdjlwIhcu8IW2mK05',#6,'Pset_SlabCommon',$,(#74,#78,#79,#80));
#82=IFCRELDEFINESBYPROPERTIES('3lF_wyIC3qlXixgiI1OUvK',#6,$,$,(#64),#75);
#83=IFCRELDEFINESBYPROPERTIES('2qA62qyUfFcKYbWfj03bV0',#6,$,$,(#64),#77);
#84=IFCRELDEFINESBYPROPERTIES('1s6WxiiS1QJXN6Xnxb6b4N',#6,$,$,(#64),#81);
#85=IFCSIUNIT(*,.MASSUNIT.,.KILO.,.GRAM.);
#86=IFCDERIVEDUNITELEMENT(#85,1);
#87=IFCSIUNIT(*,.THERMODYNAMICTEMPERATUREUNIT.,$,.KELVIN.);
#88=IFCDERIVEDUNITELEMENT(#87,-1);
#89=IFCSIUNIT(*,.TIMEUNIT.,$,.SECOND.);
#90=IFCDERIVEDUNITELEMENT(#89,-3);
#91=IFCDERIVEDUNIT((#86,#88,#90),.THERMALTRANSMITTANCEUNIT.,$);
#92=IFCPROPERTYSINGLEVALUE('ThermalTransmittance',$,IFCTHERMALTRANSMITTANCEMEASURE(6.9733333333333336),$);
#93=IFCPROPERTYSET('3R5WNvLA5qXk611krVG9SV',#6,'Pset_SlabCommon',$,(#92));
#94=IFCAXIS2PLACEMENT3D(#10,$,$);
#95=IFCLOCALPLACEMENT(#28,#94);
#96=IFCCARTESIANPOINT((0.,-2.1600499167107046E-012));
#97=IFCAXIS2PLACEMENT2D(#96,#44);
#98=IFCRECTANGLEPROFILEDEF(.AREA.,$,#97,43204.999999999942,430.00000000000188);
#99=IFCCARTESIANPOINT((-34236.214254621103,-2161.138670240211,0.));
#100=IFCAXIS2PLACEMENT3D(#99,#48,#49);
#101=IFCEXTRUDEDAREASOLID(#98,#100,#51,150.);
#102=IFCSTYLEDITEM(#101,(#56),$);
#103=IFCSHAPEREPRESENTATION(#15,'Body','SweptSolid',(#101));
#104=IFCPRODUCTDEFINITIONSHAPE($,$,(#103));
#105=IFCSLAB('3MsR0LfPbDzeWI2nZHul8I',#6,'Foundation Slab:15mm Foundation Slab:304969',$,$,#95,#104,'304969',.BASESLAB.);
#106=IFCMATERIALLAYERSETUSAGE(#72,.AXIS3.,.POSITIVE.,0.);
#107=IFCPROPERTYSET('1Gk8kXzBS$Yctt$9W2ZX_m',#6,'Pset_QuantityTakeOff',$,(#74));
#108=IFCPROPERTYSINGLEVALUE('Reference',$,IFCLABEL('15mm Foundation Slab'),$);
#109=IFCPROPERTYSET('3ZNvlCCiq8bVICEXJrkMN8',#6,'Pset_ReinforcementBarPitchOfSlab',$,(#108));
#110=IFCPROPERTYSET('0BhNVjjOzI_I_KKHMsZPXm',#6,'Pset_SlabCommon',$,(#74,#78,#79,#80));
#111=IFCRELDEFINESBYPROPERTIES('3UU04hNDeEVaYCk8DCHM8X',#6,$,$,(#105),#107);
#112=IFCRELDEFINESBYPROPERTIES('3oUcojg$z$fw58HU5N993M',#6,$,$,(#105),#109);
#113=IFCRELDEFINESBYPROPERTIES('2mWBKY$H$JF4R7QgaMMBGp',#6,$,$,(#105),#110);
#114=IFCAXIS2PLACEMENT3D(#10,$,$);
#115=IFCLOCALPLACEMENT(#28,#114);
#116=IFCCARTESIANPOINT((0.,-2.1600499167107046E-012));
#117=IFCAXIS2PLACEMENT2D(#116,#44);
#118=IFCRECTANGLEPROFILEDEF(.AREA.,$,#117,43204.999999999731,430.00000000000188);
#119=IFCCARTESIANPOINT((30193.785745378871,-2161.1386702403147,0.));
#120=IFCAXIS2PLACEMENT3D(#119,#48,#49);
#121=IFCEXTRUDEDAREASOLID(#118,#120,#51,150.);
#122=IFCSTYLEDITEM(#121,(#56),$);
#123=IFCSHAPEREPRESENTATION(#15,'Body','SweptSolid',(#121));
#124=IFCPRODUCTDEFINITIONSHAPE($,$,(#123));
#125=IFCSLAB('3MsR0LfPbDzeWI2nZHulAu',#6,'Foundation Slab:15mm Foundation Slab:305123',$,$,#115,#124,'305123',.BASESLAB.);
#126=IFCMATERIALLAYERSETUSAGE(#72,.AXIS3.,.POSITIVE.,0.);
#127=IFCPROPERTYSET('2mMkiD_9MVAwxmAZNwZlXi',#6,'Pset_QuantityTakeOff',$,(#74));
#128=IFCPROPERTYSINGLEVALUE('Reference',$,IFCLABEL('15mm Foundation Slab'),$);
#129=IFCPROPERTYSET('2fdu8jFw1gcYDcT$sIH$F7',#6,'Pset_ReinforcementBarPitchOfSlab',$,(#128));
#130=IFCPROPERTYSET('0Kr5lqLF_x5s$qoWbi4Oa_',#6,'Pset_SlabCommon',$,(#74,#78,#79,#80));
#131=IFCRELDEFINESBYPROPERTIES('0ZOCJ5U28MEdiPFaQLnNry',#6,$,$,(#125),#127);
#132=IFCRELDEFINESBYPROPERTIES('2mOCoR6zNX0gWOUjbCQy_0',#6,$,$,(#125),#129);
#133=IFCRELDEFINESBYPROPERTIES('1trJEddx9tUJlQNs3DTPTZ',#6,$,$,(#125),#130);
#134=IFCAXIS2PLACEMENT3D(#10,$,$);
#135=IFCLOCALPLACEMENT(#28,#134);
#136=IFCCARTESIANPOINT((0.,0.));
#137=IFCAXIS2PLACEMENT2D(#136,#44);
#138=IFCRECTANGLEPROFILEDEF(.AREA.,$,#137,650.00000000000387,63999.999999999971);
#139=IFCCARTESIANPOINT((-2021.2142546211157,-23438.638670240183,0.));
#140=IFCAXIS2PLACEMENT3D(#139,#48,#49);
#141=IFCEXTRUDEDAREASOLID(#138,#140,#51,150.);
#142=IFCSTYLEDITEM(#141,(#56),$);
#143=IFCSHAPEREPRESENTATION(#15,'Body','SweptSolid',(#141));
#144=IFCPRODUCTDEFINITIONSHAPE($,$,(#143));
#145=IFCSLAB('3MsR0LfPbDzeWI2nZHulrP',#6,'Foundation Slab:15mm Foundation Slab:305154',$,$,#135,#144,'305154',.BASESLAB.);
#146=IFCMATERIALLAYERSETUSAGE(#72,.AXIS3.,.POSITIVE.,0.);
#147=IFCPROPERTYSET('06l_v3FNIao29P9QWJC9xv',#6,'Pset_QuantityTakeOff',$,(#74));
#148=IFCPROPERTYSINGLEVALUE('Reference',$,IFCLABEL('15mm Foundation Slab'),$);
#149=IFCPROPERTYSET('02DbvhBfzwswT_oJ9KWaRC',#6,'Pset_ReinforcementBarPitchOfSlab',$,(#148));
#150=IFCPROPERTYSET('3E7l_ujD6nybB6zK8FODRD',#6,'Pset_SlabCommon',$,(#74,#78,#79,#80));
#151=IFCRELDEFINESBYPROPERTIES('353SQhEC3XgomTgvhPJxt6',#6,$,$,(#145),#147);
#152=IFCRELDEFINESBYPROPERTIES('20R64JY0WCPqZScY7cvXTA',#6,$,$,(#145),#149);
#153=IFCRELDEFINESBYPROPERTIES('3D5U6AgKiuP4Hb7xZYKlz9',#6,$,$,(#145),#150);
#154=IFCAXIS2PLACEMENT3D(#10,$,$);
#155=IFCLOCALPLACEMENT(#28,#154);
#156=IFCCARTESIANPOINT((1.0800249583553523E-012,0.));
#157=IFCAXIS2PLACEMENT2D(#156,#44);
#158=IFCRECTANGLEPROFILEDEF(.AREA.,$,#157,350.00000000000057,64000.000000000051);
#159=IFCCARTESIANPOINT((-2021.2142546211376,-14238.63867024046,0.));
#160=IFCAXIS2PLACEMENT3D(#159,#48,#49);
#161=IFCEXTRUDEDAREASOLID(#158,#160,#51,150.);
#162=IFCSTYLEDITEM(#161,(#56),$);
#163=IFCSHAPEREPRESENTATION(#15,'Body','SweptSolid',(#161));
#164=IFCPRODUCTDEFINITIONSHAPE($,$,(#163));
#165=IFCSLAB('3MsR0LfPbDzeWI2nZHulrz',#6,'Foundation Slab:15mm Foundation Slab:305190',$,$,#155,#164,'305190',.BASESLAB.);
#166=IFCMATERIALLAYERSETUSAGE(#72,.AXIS3.,.POSITIVE.,0.);
#167=IFCPROPERTYSET('21XDIhZWfzVsyEXRlPZ_EU',#6,'Pset_QuantityTakeOff',$,(#74));
#168=IFCPROPERTYSINGLEVALUE('Reference',$,IFCLABEL('15mm Foundation Slab'),$);
#169=IFCPROPERTYSET('0uKw1jFjfl1wusTwd61Bye',#6,'Pset_ReinforcementBarPitchOfSlab',$,(#168));
#170=IFCPROPERTYSET('2Xk5rrw26cDfywqMLXidnt',#6,'Pset_SlabCommon',$,(#74,#78,#79,#80));
#171=IFCRELDEFINESBYPROPERTIES('38jzcLYmVTYLJdIRTNrP2U',#6,$,$,(#165),#167);
#172=IFCRELDEFINESBYPROPERTIES('2kKBrgnk1ux19GEcfRWHbQ',#6,$,$,(#165),#169);
#173=IFCRELDEFINESBYPROPERTIES('3yGkVOwTKpb5jWdBGclTbM',#6,$,$,(#165),#170);
#174=IFCAXIS2PLACEMENT3D(#10,$,$);
#175=IFCLOCALPLACEMENT(#28,#174);
#176=IFCCARTESIANPOINT((1.0800249583553523E-012,0.));
#177=IFCAXIS2PLACEMENT2D(#176,#44);
#178=IFCRECTANGLEPROFILEDEF(.AREA.,$,#177,299.99999999999898,60800.000000000058);
#179=IFCCARTESIANPOINT((-421.21425462113302,-12558.638670240398,0.));
#180=IFCAXIS2PLACEMENT3D(#179,#48,#49);
#181=IFCEXTRUDEDAREASOLID(#178,#180,#51,150.);
#182=IFCSTYLEDITEM(#181,(#56),$);
#183=IFCSHAPEREPRESENTATION(#15,'Body','SweptSolid',(#181));
#184=IFCPRODUCTDEFINITIONSHAPE($,$,(#183));
#185=IFCSLAB('3MsR0LfPbDzeWI2nZHulzR',#6,'Foundation Slab:15mm Foundation Slab:305664',$,$,#175,#184,'305664',.BASESLAB.);
#186=IFCMATERIALLAYERSETUSAGE(#72,.AXIS3.,.POSITIVE.,0.);
#187=IFCPROPERTYSET('1LP4mGVuq3ng5q7oXvOeM4',#6,'Pset_QuantityTakeOff',$,(#74));
#188=IFCPROPERTYSINGLEVALUE('Reference',$,IFCLABEL('15mm Foundation Slab'),$);
#189=IFCPROPERTYSET('3QR3hhbQ1gj97s$zfY3PPk',#6,'Pset_ReinforcementBarPitchOfSlab',$,(#188));
#190=IFCPROPERTYSET('0FkafvQFNZsMmjsv_CoJ1t',#6,'Pset_SlabCommon',$,(#74,#78,#79,#80));
#191=IFCRELDEFINESBYPROPERTIES('3XVNqUJ2e_4uXo9yAQ9pJc',#6,$,$,(#185),#187);
#192=IFCRELDEFINESBYPROPERTIES('0pmWqHE05Frmeulc37aoYV',#6,$,$,(#185),#189);
#193=IFCRELDEFINESBYPROPERTIES('0JcwfnQOXM7AFxP0MU9BWr',#6,$,$,(#185),#190);
#194=IFCAXIS2PLACEMENT3D(#10,$,$);
#195=IFCLOCALPLACEMENT(#28,#194);
#196=IFCCARTESIANPOINT((9.0949470177292824E-013,0.));
#197=IFCAXIS2PLACEMENT2D(#196,#44);
#198=IFCRECTANGLEPROFILEDEF(.AREA.,$,#197,20570.000000000131,300.00000000000108);
#199=IFCCARTESIANPOINT((-30671.214254621162,-2123.6386702403306,0.));
#200=IFCAXIS2PLACEMENT3D(#199,#48,#49);
#201=IFCEXTRUDEDAREASOLID(#198,#200,#51,150.);
#202=IFCSTYLEDITEM(#201,(#56),$);
#203=IFCSHAPEREPRESENTATION(#15,'Body','SweptSolid',(#201));
#204=IFCPRODUCTDEFINITIONSHAPE($,$,(#203));
#205=IFCSLAB('3MsR0LfPbDzeWI2nZHulz$',#6,'Foundation Slab:15mm Foundation Slab:305700',$,$,#195,#204,'305700',.BASESLAB.);
#206=IFCMATERIALLAYERSETUSAGE(#72,.AXIS3.,.POSITIVE.,0.);
#207=IFCPROPERTYSET('1UuW_Up1FQWCrcSqPPjkbR',#6,'Pset_QuantityTakeOff',$,(#74));
#208=IFCPROPERTYSINGLEVALUE('Reference',$,IFCLABEL('15mm Foundation Slab'),$);
#209=IFCPROPERTYSET('1kkarpOxVotaXYKGEQvLSW',#6,'Pset_ReinforcementBarPitchOfSlab',$,(#208));
#210=IFCPROPERTYSET('2y0OB5umNXGYZfRL2fr1nm',#6,'Pset_SlabCommon',$,(#74,#78,#79,#80));
#211=IFCRELDEFINESBYPROPERTIES('3ybe8CF2rtBDzaheC6$660',#6,$,$,(#205),#207);
#212=IFCRELDEFINESBYPROPERTIES('13ow_nqXgnCvA__TqWg9Uk',#6,$,$,(#205),#209);
#213=IFCRELDEFINESBYPROPERTIES('2MjVaQy1Z5aypf2lHyE3jW',#6,$,$,(#205),#210);
#214=IFCAXIS2PLACEMENT3D(#10,$,$);
#215=IFCLOCALPLACEMENT(#28,#214);
#216=IFCCARTESIANPOINT((9.0949470177292824E-013,0.));
#217=IFCAXIS2PLACEMENT2D(#216,#44);
#218=IFCRECTANGLEPROFILEDEF(.AREA.,$,#217,20569.999999999967,300.00000000000108);
#219=IFCCARTESIANPOINT((20228.785745378893,-2123.6386702404129,0.));
#220=IFCAXIS2PLACEMENT3D(#219,#48,#49);
#221=IFCEXTRUDEDAREASOLID(#218,#220,#51,150.);
#222=IFCSTYLEDITEM(#221,(#56),$);
#223=IFCSHAPEREPRESENTATION(#15,'Body','SweptSolid',(#221));
#224=IFCPRODUCTDEFINITIONSHAPE($,$,(#223));
#225=IFCSLAB('3MsR0LfPbDzeWI2nZHulyw',#6,'Foundation Slab:15mm Foundation Slab:305761',$,$,#215,#224,'305761',.BASESLAB.);
#226=IFCMATERIALLAYERSETUSAGE(#72,.AXIS3.,.POSITIVE.,0.);
#227=IFCPROPERTYSET('0h2SuwtSgWw7HDgAeptcsm',#6,'Pset_QuantityTakeOff',$,(#74));
#228=IFCPROPERTYSINGLEVALUE('Reference',$,IFCLABEL('15mm Foundation Slab'),$);
#229=IFCPROPERTYSET('3L36lqTwy4W_MIs705FGgO',#6,'Pset_ReinforcementBarPitchOfSlab',$,(#228));
#230=IFCPROPERTYSET('3Z_Jjg_zc2J1bWDh$3QX1X',#6,'Pset_SlabCommon',$,(#74,#78,#79,#80));
#231=IFCRELDEFINESBYPROPERTIES('0u6yn80dGNN4vbzpk7D5sc',#6,$,$,(#225),#227);
#232=IFCRELDEFINESBYPROPERTIES('2DPW$NfQEQR0ng$QJkZ63H',#6,$,$,(#225),#229);
#233=IFCRELDEFINESBYPROPERTIES('0zx4EyKkHyle1jUBL_8RFZ',#6,$,$,(#225),#230);
#234=IFCAXIS2PLACEMENT3D(#10,$,$);
#235=IFCLOCALPLACEMENT(#28,#234);
#236=IFCCARTESIANPOINT((0.,-25600.));
#237=IFCCARTESIANPOINT((150.,-25600.));
#238=IFCCARTESIANPOINT((150.,25600.));
#239=IFCCARTESIANPOINT((-0.,25600.));
#240=IFCCARTESIANPOINT((-0.,25300.));
#241=IFCCARTESIANPOINT((-150.,25300.));
#242=IFCCARTESIANPOINT((-150.,-25300.));
#243=IFCCARTESIANPOINT((0.,-25300.));
#244=IFCPOLYLINE((#236,#237,#238,#239,#240,#241,#242,#243,#236));
#245=IFCARBITRARYCLOSEDPROFILEDEF(.AREA.,$,#244);
#246=IFCCARTESIANPOINT((-5221.2142546211171,8161.3613297596139,0.));
#247=IFCAXIS2PLACEMENT3D(#246,#48,#49);
#248=IFCEXTRUDEDAREASOLID(#245,#247,#51,150.);
#249=IFCSTYLEDITEM(#248,(#56),$);
#250=IFCSHAPEREPRESENTATION(#15,'Body','SweptSolid',(#248));
#251=IFCPRODUCTDEFINITIONSHAPE($,$,(#250));
#252=IFCSLAB('3MsR0LfPbDzeWI2nZHul$r',#6,'Foundation Slab:15mm Foundation Slab:305838',$,$,#235,#251,'305838',.BASESLAB.);
#253=IFCMATERIALLAYERSETUSAGE(#72,.AXIS3.,.POSITIVE.,0.);
#254=IFCPROPERTYSET('3Y2zGETVnnHnzgKdj2IikA',#6,'Pset_QuantityTakeOff',$,(#74));
#255=IFCPROPERTYSINGLEVALUE('Reference',$,IFCLABEL('15mm Foundation Slab'),$);
#256=IFCPROPERTYSET('2gRK6eXAei8MTrN4mMRpZ4',#6,'Pset_ReinforcementBarPitchOfSlab',$,(#255));
#257=IFCPROPERTYSET('3V7LiG5bs_AJWueDZZvWWB',#6,'Pset_SlabCommon',$,(#74,#78,#79,#80));
#258=IFCRELDEFINESBYPROPERTIES('1DRieZ5qcOGmZMTHX8bt01',#6,$,$,(#252),#254);
#259=IFCRELDEFINESBYPROPERTIES('3YEmpcQdv6wjT0wZmDPCih',#6,$,$,(#252),#256);
#260=IFCRELDEFINESBYPROPERTIES('3VOBRdhZqcMAoMS_LiapMr',#6,$,$,(#252),#257);
#261=IFCAXIS2PLACEMENT3D(#10,$,$);
#262=IFCLOCALPLACEMENT(#28,#261);
#263=IFCCARTESIANPOINT((0.,0.));
#264=IFCAXIS2PLACEMENT2D(#263,#44);
#265=IFCRECTANGLEPROFILEDEF(.AREA.,$,#264,299.99999999999892,50600.000000000051);
#266=IFCCARTESIANPOINT((-5221.2142546211335,-1588.6386702403822,0.));
#267=IFCAXIS2PLACEMENT3D(#266,#48,#49);
#268=IFCEXTRUDEDAREASOLID(#265,#267,#51,150.);
#269=IFCSTYLEDITEM(#268,(#56),$);
#270=IFCSHAPEREPRESENTATION(#15,'Body','SweptSolid',(#268));
#271=IFCPRODUCTDEFINITIONSHAPE($,$,(#270));
#272=IFCSLAB('3MsR0LfPbDzeWI2nZHul_t',#6,'Foundation Slab:15mm Foundation Slab:305900',$,$,#262,#271,'305900',.BASESLAB.);
#273=IFCMATERIALLAYERSETUSAGE(#72,.AXIS3.,.POSITIVE.,0.);
#274=IFCPROPERTYSET('0t3BFqrAy$n_fOMBj1Nnaa',#6,'Pset_QuantityTakeOff',$,(#74));
#275=IFCPROPERTYSINGLEVALUE('Reference',$,IFCLABEL('15mm Foundation Slab'),$);
#276=IFCPROPERTYSET('23Za_gu09_$JkXWJg26yKE',#6,'Pset_ReinforcementBarPitchOfSlab',$,(#275));
#277=IFCPROPERTYSET('08vT7I5bkZNiXySWWeSwjL',#6,'Pset_SlabCommon',$,(#74,#78,#79,#80));
#278=IFCRELDEFINESBYPROPERTIES('1u1Srkfw2RgzCl9Xc4rnff',#6,$,$,(#272),#274);
#279=IFCRELDEFINESBYPROPERTIES('1LV1OMpcmRW9GG4i4r13U7',#6,$,$,(#272),#276);
#280=IFCRELDEFINESBYPROPERTIES('0$G1_fSj3N1FFeutKcjo8S',#6,$,$,(#272),#277);
#281=IFCAXIS2PLACEMENT3D(#10,$,$);
#282=IFCLOCALPLACEMENT(#28,#281);
#283=IFCCARTESIANPOINT((4.5474735088646412E-013,0.));
#284=IFCAXIS2PLACEMENT2D(#283,#44);
#285=IFCRECTANGLEPROFILEDEF(.AREA.,$,#284,9449.9999999998981,300.00000000000108);
#286=IFCCARTESIANPOINT((-8421.2142546211508,3286.3613297596248,0.));
#287=IFCAXIS2PLACEMENT3D(#286,#48,#49);
#288=IFCEXTRUDEDAREASOLID(#285,#287,#51,150.);
#289=IFCSTYLEDITEM(#288,(#56),$);
#290=IFCSHAPEREPRESENTATION(#15,'Body','SweptSolid',(#288));
#291=IFCPRODUCTDEFINITIONSHAPE($,$,(#290));
#292=IFCSLAB('3MsR0LfPbDzeWI2nZHulvt',#6,'Foundation Slab:15mm Foundation Slab:305964',$,$,#282,#291,'305964',.BASESLAB.);
#293=IFCMATERIALLAYERSETUSAGE(#72,.AXIS3.,.POSITIVE.,0.);
#294=IFCPROPERTYSET('1$oL$PlTukvG4SyskZxqyT',#6,'Pset_QuantityTakeOff',$,(#74));
#295=IFCPROPERTYSINGLEVALUE('Reference',$,IFCLABEL('15mm Foundation Slab'),$);
#296=IFCPROPERTYSET('0fRsuU6Vk5HROL03GpEeE7',#6,'Pset_ReinforcementBarPitchOfSlab',$,(#295));
#297=IFCPROPERTYSET('2SMlcYwaUeWi0AFfqvm5Bj',#6,'Pset_SlabCommon',$,(#74,#78,#79,#80));
#298=IFCRELDEFINESBYPROPERTIES('2wVN2d3YSFGNblgSy$Fjs0',#6,$,$,(#292),#294);
#299=IFCRELDEFINESBYPROPERTIES('0dZ1AjKCgxF$1dhbb5EC9z',#6,$,$,(#292),#296);
#300=IFCRELDEFINESBYPROPERTIES('0a6B7bd2AtdN8losaWaZUE',#6,$,$,(#292),#297);
#301=IFCAXIS2PLACEMENT3D(#10,$,$);
#302=IFCLOCALPLACEMENT(#28,#301);
#303=IFCCARTESIANPOINT((4.5474735088646412E-013,0.));
#304=IFCAXIS2PLACEMENT2D(#303,#44);
#305=IFCRECTANGLEPROFILEDEF(.AREA.,$,#304,9449.9999999999054,300.00000000000108);
#306=IFCCARTESIANPOINT((-5371.2142546211126,3286.3613297596207,0.));
#307=IFCAXIS2PLACEMENT3D(#306,#48,#49);
#308=IFCEXTRUDEDAREASOLID(#305,#307,#51,150.);
#309=IFCSTYLEDITEM(#308,(#56),$);
#310=IFCSHAPEREPRESENTATION(#15,'Body','SweptSolid',(#308));
#311=IFCPRODUCTDEFINITIONSHAPE($,$,(#310));
#312=IFCSLAB('3MsR0LfPbDzeWI2nZHulvd',#6,'Foundation Slab:15mm Foundation Slab:305980',$,$,#302,#311,'305980',.BASESLAB.);
#313=IFCMATERIALLAYERSETUSAGE(#72,.AXIS3.,.POSITIVE.,0.);
#314=IFCPROPERTYSET('0Kh3c8S6DuHmC$Ygoxi5iJ',#6,'Pset_QuantityTakeOff',$,(#74));
#315=IFCPROPERTYSINGLEVALUE('Reference',$,IFCLABEL('15mm Foundation Slab'),$);
#316=IFCPROPERTYSET('3E9ABibEetRx8LfhILNiz$',#6,'Pset_ReinforcementBarPitchOfSlab',$,(#315));
#317=IFCPROPERTYSET('3Qno3x$4IaCeA50MojboNH',#6,'Pset_SlabCommon',$,(#74,#78,#79,#80));
#318=IFCRELDEFINESBYPROPERTIES('1Ps2cPqMpZV7bTTVpSenn1',#6,$,$,(#312),#314);
#319=IFCRELDEFINESBYPROPERTIES('2IpjXulTXSo4hh6ifhQffs',#6,$,$,(#312),#316);
#320=IFCRELDEFINESBYPROPERTIES('2AbYkcJ2nxBPJA_y1nDrml',#6,$,$,(#312),#317);
#321=IFCAXIS2PLACEMENT3D(#10,$,$);
#322=IFCLOCALPLACEMENT(#28,#321);
#323=IFCCARTESIANPOINT((0.,0.));
#324=IFCAXIS2PLACEMENT2D(#323,#44);
#325=IFCRECTANGLEPROFILEDEF(.AREA.,$,#324,10670.000000000015,300.00000000000108);
#326=IFCCARTESIANPOINT((-14671.214254621171,-7073.6386702403879,0.));
#327=IFCAXIS2PLACEMENT3D(#326,#48,#49);
#328=IFCEXTRUDEDAREASOLID(#325,#327,#51,150.);
#329=IFCSTYLEDITEM(#328,(#56),$);
#330=IFCSHAPEREPRESENTATION(#15,'Body','SweptSolid',(#328));
#331=IFCPRODUCTDEFINITIONSHAPE($,$,(#330));
#332=IFCSLAB('3MsR0LfPbDzeWI2nZHulxz',#6,'Foundation Slab:15mm Foundation Slab:306086',$,$,#322,#331,'306086',.BASESLAB.);
#333=IFCMATERIALLAYERSETUSAGE(#72,.AXIS3.,.POSITIVE.,0.);
#334=IFCPROPERTYSET('3$hwIKqZsFeNRg5JuSZSLc',#6,'Pset_QuantityTakeOff',$,(#74));
#335=IFCPROPERTYSINGLEVALUE('Reference',$,IFCLABEL('15mm Foundation Slab'),$);
#336=IFCPROPERTYSET('1vLNFvDn3sxPkxLQRvpS9O',#6,'Pset_ReinforcementBarPitchOfSlab',$,(#335));
#337=IFCPROPERTYSET('3DUeeF3Er4ArBf4g5mvS9G',#6,'Pset_SlabCommon',$,(#74,#78,#79,#80));
#338=IFCRELDEFINESBYPROPERTIES('0eTNyFAPh8U01EH6Zdm0BM',#6,$,$,(#332),#334);
#339=IFCRELDEFINESBYPROPERTIES('2UrJsUDW9RpY0ETB3Hs31z',#6,$,$,(#332),#336);
#340=IFCRELDEFINESBYPROPERTIES('37NJSAUZ991GDdJCb1$eKa',#6,$,$,(#332),#337);
#341=IFCAXIS2PLACEMENT3D(#10,$,$);
#342=IFCLOCALPLACEMENT(#28,#341);
#343=IFCCARTESIANPOINT((0.,0.));
#344=IFCAXIS2PLACEMENT2D(#343,#44);
#345=IFCRECTANGLEPROFILEDEF(.AREA.,$,#344,10670.000000000015,300.00000000000108);
#346=IFCCARTESIANPOINT((-11771.214254621143,-7073.6386702403879,0.));
#347=IFCAXIS2PLACEMENT3D(#346,#48,#49);
#348=IFCEXTRUDEDAREASOLID(#345,#347,#51,150.);
#349=IFCSTYLEDITEM(#348,(#56),$);
#350=IFCSHAPEREPRESENTATION(#15,'Body','SweptSolid',(#348));
#351=IFCPRODUCTDEFINITIONSHAPE($,$,(#350));
#352=IFCSLAB('3MsR0LfPbDzeWI2nZHulxk',#6,'Foundation Slab:15mm Foundation Slab:306101',$,$,#342,#351,'306101',.BASESLAB.);
#353=IFCMATERIALLAYERSETUSAGE(#72,.AXIS3.,.POSITIVE.,0.);
#354=IFCPROPERTYSET('3W64ZE0UKc39AzXlnS2err',#6,'Pset_QuantityTakeOff',$,(#74));
#355=IFCPROPERTYSINGLEVALUE('Reference',$,IFCLABEL('15mm Foundation Slab'),$);
#356=IFCPROPERTYSET('06eXf0kPglmNjOtZF8SYhr',#6,'Pset_ReinforcementBarPitchOfSlab',$,(#355));
#357=IFCPROPERTYSET('1qllxhSNs$Ab7yZc6DxOog',#6,'Pset_SlabCommon',$,(#74,#78,#79,#80));
#358=IFCRELDEFINESBYPROPERTIES('2TUDhrKP9CE1Ym0UCPmKRc',#6,$,$,(#352),#354);
#359=IFCRELDEFINESBYPROPERTIES('2Jr5cNxN2sfavzI_7F4SwS',#6,$,$,(#352),#356);
#360=IFCRELDEFINESBYPROPERTIES('0oGxXCiasYMkDsCbJortBp',#6,$,$,(#352),#357);
#361=IFCAXIS2PLACEMENT3D(#10,$,$);
#362=IFCLOCALPLACEMENT(#28,#361);
#363=IFCCARTESIANPOINT((0.,0.));
#364=IFCAXIS2PLACEMENT2D(#363,#44);
#365=IFCRECTANGLEPROFILEDEF(.AREA.,$,#364,10669.999999999955,300.00000000000108);
#366=IFCCARTESIANPOINT((4528.7857453788502,-7073.6386702404188,0.));
#367=IFCAXIS2PLACEMENT3D(#366,#48,#49);
#368=IFCEXTRUDEDAREASOLID(#365,#367,#51,150.);
#369=IFCSTYLEDITEM(#368,(#56),$);
#370=IFCSHAPEREPRESENTATION(#15,'Body','SweptSolid',(#368));
#371=IFCPRODUCTDEFINITIONSHAPE($,$,(#370));
#372=IFCSLAB('3MsR0LfPbDzeWI2nZHulbj',#6,'Foundation Slab:15mm Foundation Slab:306230',$,$,#362,#371,'306230',.BASESLAB.);
#373=IFCMATERIALLAYERSETUSAGE(#72,.AXIS3.,.POSITIVE.,0.);
#374=IFCPROPERTYSET('1pac1Rs86bxqnId6IOJSag',#6,'Pset_QuantityTakeOff',$,(#74));
#375=IFCPROPERTYSINGLEVALUE('Reference',$,IFCLABEL('15mm Foundation Slab'),$);
#376=IFCPROPERTYSET('2HDAiyEmwhSgXQtxNg4Bfp',#6,'Pset_ReinforcementBarPitchOfSlab',$,(#375));
#377=IFCPROPERTYSET('07XFzICA0j5$N36cNBnJk2',#6,'Pset_SlabCommon',$,(#74,#78,#79,#80));
#378=IFCRELDEFINESBYPROPERTIES('0Jm19FSoogR0FjZLWWZILn',#6,$,$,(#372),#374);
#379=IFCRELDEFINESBYPROPERTIES('1USTq9zDKPSRvytHcS9lxC',#6,$,$,(#372),#376);
#380=IFCRELDEFINESBYPROPERTIES('0EIDXfQVjWMuQdvf599o_r',#6,$,$,(#372),#377);
#381=IFCAXIS2PLACEMENT3D(#10,$,$);
#382=IFCLOCALPLACEMENT(#28,#381);
#383=IFCCARTESIANPOINT((0.,0.));
#384=IFCAXIS2PLACEMENT2D(#383,#44);
#385=IFCRECTANGLEPROFILEDEF(.AREA.,$,#384,10669.999999999955,300.00000000000108);
#386=IFCCARTESIANPOINT((7428.7857453788756,-7073.6386702404188,0.));
#387=IFCAXIS2PLACEMENT3D(#386,#48,#49);
#388=IFCEXTRUDEDAREASOLID(#385,#387,#51,150.);
#389=IFCSTYLEDITEM(#388,(#56),$);
#390=IFCSHAPEREPRESENTATION(#15,'Body','SweptSolid',(#388));
#391=IFCPRODUCTDEFINITIONSHAPE($,$,(#390));
#392=IFCSLAB('3MsR0LfPbDzeWI2nZHulbb',#6,'Foundation Slab:15mm Foundation Slab:306238',$,$,#382,#391,'306238',.BASESLAB.);
#393=IFCMATERIALLAYERSETUSAGE(#72,.AXIS3.,.POSITIVE.,0.);
#394=IFCPROPERTYSET('0LdJl7rcPKczZ7YYR4TwyJ',#6,'Pset_QuantityTakeOff',$,(#74));
#395=IFCPROPERTYSINGLEVALUE('Reference',$,IFCLABEL('15mm Foundation Slab'),$);
#396=IFCPROPERTYSET('3h_xGYA9Shr_xUrgoCinjO',#6,'Pset_ReinforcementBarPitchOfSlab',$,(#395));
#397=IFCPROPERTYSET('1Lw7nClSdJQxOqW6sxOcxC',#6,'Pset_SlabCommon',$,(#74,#78,#79,#80));
#398=IFCRELDEFINESBYPROPERTIES('1HLxB9Nv9j_7Lg9z6rdGlP',#6,$,$,(#392),#394);
#399=IFCRELDEFINESBYPROPERTIES('1vx9ESTIxVrPS$4IxWH032',#6,$,$,(#392),#396);
#400=IFCRELDEFINESBYPROPERTIES('3hg7uCielOIjjo_nFrBRev',#6,$,$,(#392),#397);
#401=IFCAXIS2PLACEMENT3D(#10,$,$);
#402=IFCLOCALPLACEMENT(#28,#401);
#403=IFCCARTESIANPOINT((0.,0.));
#404=IFCAXIS2PLACEMENT2D(#403,#44);
#405=IFCRECTANGLEPROFILEDEF(.AREA.,$,#404,10669.999999999924,300.00000000000108);
#406=IFCCARTESIANPOINT((14128.78574537886,-7073.6386702404334,0.));
#407=IFCAXIS2PLACEMENT3D(#406,#48,#49);
#408=IFCEXTRUDEDAREASOLID(#405,#407,#51,150.);
#409=IFCSTYLEDITEM(#408,(#56),$);
#410=IFCSHAPEREPRESENTATION(#15,'Body','SweptSolid',(#408));
#411=IFCPRODUCTDEFINITIONSHAPE($,$,(#410));
#412=IFCSLAB('3MsR0LfPbDzeWI2nZHulaG',#6,'Foundation Slab:15mm Foundation Slab:306251',$,$,#402,#411,'306251',.BASESLAB.);
#413=IFCMATERIALLAYERSETUSAGE(#72,.AXIS3.,.POSITIVE.,0.);
#414=IFCPROPERTYSET('3nOBPy6WZ4UnOxL3BdYMVO',#6,'Pset_QuantityTakeOff',$,(#74));
#415=IFCPROPERTYSINGLEVALUE('Reference',$,IFCLABEL('15mm Foundation Slab'),$);
#416=IFCPROPERTYSET('0ydPyOYG0CntyLVcUpxGHS',#6,'Pset_ReinforcementBarPitchOfSlab',$,(#415));
#417=IFCPROPERTYSET('0CMMbUMLpsLIfwjG2vkijH',#6,'Pset_SlabCommon',$,(#74,#78,#79,#80));
#418=IFCRELDEFINESBYPROPERTIES('1beJ9Ztn514W5W3lClRsCC',#6,$,$,(#412),#414);
#419=IFCRELDEFINESBYPROPERTIES('2F_frQ_54SbVNZ6EMPzxR0',#6,$,$,(#412),#416);
#420=IFCRELDEFINESBYPROPERTIES('0655CDPOd78sH$bh0RbABZ',#6,$,$,(#412),#417);
#421=IFCAXIS2PLACEMENT3D(#10,$,$);
#422=IFCLOCALPLACEMENT(#28,#421);
#423=IFCCARTESIANPOINT((0.,0.));
#424=IFCAXIS2PLACEMENT2D(#423,#44);
#425=IFCRECTANGLEPROFILEDEF(.AREA.,$,#424,10669.999999999924,300.00000000000108);
#426=IFCCARTESIANPOINT((17028.785745378886,-7073.6386702404334,0.));
#427=IFCAXIS2PLACEMENT3D(#426,#48,#49);
#428=IFCEXTRUDEDAREASOLID(#425,#427,#51,150.);
#429=IFCSTYLEDITEM(#428,(#56),$);
#430=IFCSHAPEREPRESENTATION(#15,'Body','SweptSolid',(#428));
#431=IFCPRODUCTDEFINITIONSHAPE($,$,(#430));
#432=IFCSLAB('3MsR0LfPbDzeWI2nZHula8',#6,'Foundation Slab:15mm Foundation Slab:306259',$,$,#422,#431,'306259',.BASESLAB.);
#433=IFCMATERIALLAYERSETUSAGE(#72,.AXIS3.,.POSITIVE.,0.);
#434=IFCPROPERTYSET('0Ran60ns642tlzjB7Vi7Cq',#6,'Pset_QuantityTakeOff',$,(#74));
#435=IFCPROPERTYSINGLEVALUE('Reference',$,IFCLABEL('15mm Foundation Slab'),$);
#436=IFCPROPERTYSET('0mXwnVL7U2E3gGBZtdYXpx',#6,'Pset_ReinforcementBarPitchOfSlab',$,(#435));
#437=IFCPROPERTYSET('0lozsZTp2TXiMgcwIdlExD',#6,'Pset_SlabCommon',$,(#74,#78,#79,#80));
#438=IFCRELDEFINESBYPROPERTIES('3q4Mdf_o5qpwoPIn7LABvt',#6,$,$,(#432),#434);
#439=IFCRELDEFINESBYPROPERTIES('0JeLsgClVOQXM3PUz$xIay',#6,$,$,(#432),#436);
#440=IFCRELDEFINESBYPROPERTIES('1AdUZRuZ$7i2lsrPgyc4kO',#6,$,$,(#432),#437);
#441=IFCAXIS2PLACEMENT3D(#10,$,$);
#442=IFCLOCALPLACEMENT(#28,#441);
#443=IFCCARTESIANPOINT((1.0871303857129533E-012,0.));
#444=IFCAXIS2PLACEMENT2D(#443,#44);
#445=IFCRECTANGLEPROFILEDEF(.AREA.,$,#444,200.,499.99999999999898);
#446=IFCCARTESIANPOINT((-30821.214254621118,11361.361329759748,0.));
#447=IFCAXIS2PLACEMENT3D(#446,#48,#49);
#448=IFCEXTRUDEDAREASOLID(#445,#447,#51,150.);
#449=IFCSTYLEDITEM(#448,(#56),$);
#450=IFCSHAPEREPRESENTATION(#15,'Body','SweptSolid',(#448));
#451=IFCPRODUCTDEFINITIONSHAPE($,$,(#450));
#452=IFCSLAB('3MsR0LfPbDzeWI2nZHulau',#6,'Foundation Slab:15mm Foundation Slab:306275',$,$,#442,#451,'306275',.BASESLAB.);
#453=IFCMATERIALLAYERSETUSAGE(#72,.AXIS3.,.POSITIVE.,0.);
#454=IFCPROPERTYSET('3KhS7aiSySonKi3xV$b2Bb',#6,'Pset_QuantityTakeOff',$,(#74));
#455=IFCPROPERTYSINGLEVALUE('Reference',$,IFCLABEL('15mm Foundation Slab'),$);
#456=IFCPROPERTYSET('2mWIOpc3un4LZPrsRDB4x7',#6,'Pset_ReinforcementBarPitchOfSlab',$,(#455));
#457=IFCPROPERTYSET('0jRHfNwRW28j44rPrBCfC9',#6,'Pset_SlabCommon',$,(#74,#78,#79,#80));
#458=IFCRELDEFINESBYPROPERTIES('3xl96k9BIqEf96bCGS2g9H',#6,$,$,(#452),#454);
#459=IFCRELDEFINESBYPROPERTIES('0_$cHX$$N4dOt06jpAnBmR',#6,$,$,(#452),#456);
#460=IFCRELDEFINESBYPROPERTIES('1IZ07aWPmhDW5q4jOsrK6U',#6,$,$,(#452),#457);
#461=IFCAXIS2PLACEMENT3D(#10,$,$);
#462=IFCLOCALPLACEMENT(#28,#461);
#463=IFCCARTESIANPOINT((-1.0871303857129533E-012,0.));
#464=IFCAXIS2PLACEMENT2D(#463,#44);
#465=IFCRECTANGLEPROFILEDEF(.AREA.,$,#464,200.,499.99999999999898);
#466=IFCCARTESIANPOINT((-27621.214254621118,11361.361329759739,0.));
#467=IFCAXIS2PLACEMENT3D(#466,#48,#49);
#468=IFCEXTRUDEDAREASOLID(#465,#467,#51,150.);
#469=IFCSTYLEDITEM(#468,(#56),$);
#470=IFCSHAPEREPRESENTATION(#15,'Body','SweptSolid',(#468));
#471=IFCPRODUCTDEFINITIONSHAPE($,$,(#470));
#472=IFCSLAB('3MsR0LfPbDzeWI2nZHuldh',#6,'Foundation Slab:15mm Foundation Slab:306352',$,$,#462,#471,'306352',.BASESLAB.);
#473=IFCMATERIALLAYERSETUSAGE(#72,.AXIS3.,.POSITIVE.,0.);
#474=IFCPROPERTYSET('3xepjLrhDJ4GIJI5UpSCGz',#6,'Pset_QuantityTakeOff',$,(#74));
#475=IFCPROPERTYSINGLEVALUE('Reference',$,IFCLABEL('15mm Foundation Slab'),$);
#476=IFCPROPERTYSET('2wtHsUFAG8FznGygTGkQ_i',#6,'Pset_ReinforcementBarPitchOfSlab',$,(#475));
#477=IFCPROPERTYSET('1kezyWb9H7TXHYGgkxYfVY',#6,'Pset_SlabCommon',$,(#74,#78,#79,#80));
#478=IFCRELDEFINESBYPROPERTIES('30dPr2VC$7g2YoR8aPHZpU',#6,$,$,(#472),#474);
#479=IFCRELDEFINESBYPROPERTIES('3RpYizK$hCYhNY_bNj1Z0H',#6,$,$,(#472),#476);
#480=IFCRELDEFINESBYPROPERTIES('2czUsRKOAp5sFwpz0CA3mf',#6,$,$,(#472),#477);
#481=IFCAXIS2PLACEMENT3D(#10,$,$);
#482=IFCLOCALPLACEMENT(#28,#481);
#483=IFCCARTESIANPOINT((-1.0871303857129533E-012,0.));
#484=IFCAXIS2PLACEMENT2D(#483,#44);
#485=IFCRECTANGLEPROFILEDEF(.AREA.,$,#484,200.,499.99999999999898);
#486=IFCCARTESIANPOINT((-21221.214254621107,11361.361329759719,0.));
#487=IFCAXIS2PLACEMENT3D(#486,#48,#49);
#488=IFCEXTRUDEDAREASOLID(#485,#487,#51,150.);
#489=IFCSTYLEDITEM(#488,(#56),$);
#490=IFCSHAPEREPRESENTATION(#15,'Body','SweptSolid',(#488));
#491=IFCPRODUCTDEFINITIONSHAPE($,$,(#490));
#492=IFCSLAB('3MsR0LfPbDzeWI2nZHulcD',#6,'Foundation Slab:15mm Foundation Slab:306390',$,$,#482,#491,'306390',.BASESLAB.);
#493=IFCMATERIALLAYERSETUSAGE(#72,.AXIS3.,.POSITIVE.,0.);
#494=IFCPROPERTYSET('03cbVAPv2wFm1PKOehAFZi',#6,'Pset_QuantityTakeOff',$,(#74));
#495=IFCPROPERTYSINGLEVALUE('Reference',$,IFCLABEL('15mm Foundation Slab'),$);
#496=IFCPROPERTYSET('2yz_EXD6Tq6QXSyKhgydan',#6,'Pset_ReinforcementBarPitchOfSlab',$,(#495));
#497=IFCPROPERTYSET('18xikg7HyQwiSnucasHaMA',#6,'Pset_SlabCommon',$,(#74,#78,#79,#80));
#498=IFCRELDEFINESBYPROPERTIES('31SQHnsETPX5o9Cm25TwR5',#6,$,$,(#492),#494);
#499=IFCRELDEFINESBYPROPERTIES('1In0KQMvIDP$yzJj074Smq',#6,$,$,(#492),#496);
#500=IFCRELDEFINESBYPROPERTIES('1J$6i2klAVojPlQL8274vu',#6,$,$,(#492),#497);
#501=IFCAXIS2PLACEMENT3D(#10,$,$);
#502=IFCLOCALPLACEMENT(#28,#501);
#503=IFCCARTESIANPOINT((1.0871303857129533E-012,0.));
#504=IFCAXIS2PLACEMENT2D(#503,#44);
#505=IFCRECTANGLEPROFILEDEF(.AREA.,$,#504,200.,499.99999999999898);
#506=IFCCARTESIANPOINT((-18021.214254621107,11361.361329759704,0.));
#507=IFCAXIS2PLACEMENT3D(#506,#48,#49);
#508=IFCEXTRUDEDAREASOLID(#505,#507,#51,150.);
#509=IFCSTYLEDITEM(#508,(#56),$);
#510=IFCSHAPEREPRESENTATION(#15,'Body','SweptSolid',(#508));
#511=IFCPRODUCTDEFINITIONSHAPE($,$,(#510));
#512=IFCSLAB('3MsR0LfPbDzeWI2nZHulcy',#6,'Foundation Slab:15mm Foundation Slab:306407',$,$,#502,#511,'306407',.BASESLAB.);
#513=IFCMATERIALLAYERSETUSAGE(#72,.AXIS3.,.POSITIVE.,0.);
#514=IFCPROPERTYSET('1v8DLHyALIvCTR5ghocvk1',#6,'Pset_QuantityTakeOff',$,(#74));
#515=IFCPROPERTYSINGLEVALUE('Reference',$,IFCLABEL('15mm Foundation Slab'),$);
#516=IFCPROPERTYSET('2R4pd$tN1TPFezDbUKx6I1',#6,'Pset_ReinforcementBarPitchOfSlab',$,(#515));
#517=IFCPROPERTYSET('0o7vlHR_LAoNAvCNIUu4iV',#6,'Pset_SlabCommon',$,(#74,#78,#79,#80));
#518=IFCRELDEFINESBYPROPERTIES('1XIfXEcAPRzHp7eNzyTsFI',#6,$,$,(#512),#514);
#519=IFCRELDEFINESBYPROPERTIES('0L4ovhkZXi94v_qoyU1xvf',#6,$,$,(#512),#516);
#520=IFCRELDEFINESBYPROPERTIES('0aNRs9ed0xxwXGPURNNj0l',#6,$,$,(#512),#517);
#521=IFCAXIS2PLACEMENT3D(#10,$,$);
#522=IFCLOCALPLACEMENT(#28,#521);
#523=IFCCARTESIANPOINT((-1.0871303857129533E-012,0.));
#524=IFCAXIS2PLACEMENT2D(#523,#44);
#525=IFCRECTANGLEPROFILEDEF(.AREA.,$,#524,200.,499.99999999999898);
#526=IFCCARTESIANPOINT((-14821.214254621107,11361.361329759697,0.));
#527=IFCAXIS2PLACEMENT3D(#526,#48,#49);
#528=IFCEXTRUDEDAREASOLID(#525,#527,#51,150.);
#529=IFCSTYLEDITEM(#528,(#56),$);
#530=IFCSHAPEREPRESENTATION(#15,'Body','SweptSolid',(#528));
#531=IFCPRODUCTDEFINITIONSHAPE($,$,(#530));
#532=IFCSLAB('3MsR0LfPbDzeWI2nZHulcj',#6,'Foundation Slab:15mm Foundation Slab:306422',$,$,#522,#531,'306422',.BASESLAB.);
#533=IFCMATERIALLAYERSETUSAGE(#72,.AXIS3.,.POSITIVE.,0.);
#534=IFCPROPERTYSET('33zFANUfiD6esWRtV6e_ym',#6,'Pset_QuantityTakeOff',$,(#74));
#535=IFCPROPERTYSINGLEVALUE('Reference',$,IFCLABEL('15mm Foundation Slab'),$);
#536=IFCPROPERTYSET('0GdsJWk2FnPQxg$F35lwKC',#6,'Pset_ReinforcementBarPitchOfSlab',$,(#535));
#537=IFCPROPERTYSET('0gFwEhQ6ZkZslowBJpqefo',#6,'Pset_SlabCommon',$,(#74,#78,#79,#80));
#538=IFCRELDEFINESBYPROPERTIES('3rZd3JVDYvIb2aqgkb_drk',#6,$,$,(#532),#534);
#539=IFCRELDEFINESBYPROPERTIES('3lyXl3W8R56GOTRtv_9ann',#6,$,$,(#532),#536);
#540=IFCRELDEFINESBYPROPERTIES('3c06j_4jmAH$vRGOMDOey7',#6,$,$,(#532),#537);
#541=IFCAXIS2PLACEMENT3D(#10,$,$);
#542=IFCLOCALPLACEMENT(#28,#541);
#543=IFCCARTESIANPOINT((-1.0871303857129533E-012,0.));
#544=IFCAXIS2PLACEMENT2D(#543,#44);
#545=IFCRECTANGLEPROFILEDEF(.AREA.,$,#544,200.,499.99999999999898);
#546=IFCCARTESIANPOINT((-8421.2142546211071,11361.361329759675,0.));
#547=IFCAXIS2PLACEMENT3D(#546,#48,#49);
#548=IFCEXTRUDEDAREASOLID(#545,#547,#51,150.);
#549=IFCSTYLEDITEM(#548,(#56),$);
#550=IFCSHAPEREPRESENTATION(#15,'Body','SweptSolid',(#548));
#551=IFCPRODUCTDEFINITIONSHAPE($,$,(#550));
#552=IFCSLAB('3MsR0LfPbDzeWI2nZHulX5',#6,'Foundation Slab:15mm Foundation Slab:306462',$,$,#542,#551,'306462',.BASESLAB.);
#553=IFCMATERIALLAYERSETUSAGE(#72,.AXIS3.,.POSITIVE.,0.);
#554=IFCPROPERTYSET('00gEmXnacUDSf2zo9$ozt0',#6,'Pset_QuantityTakeOff',$,(#74));
#555=IFCPROPERTYSINGLEVALUE('Reference',$,IFCLABEL('15mm Foundation Slab'),$);
#556=IFCPROPERTYSET('2HAlEUPcExEbFqu_E8mLxd',#6,'Pset_ReinforcementBarPitchOfSlab',$,(#555));
#557=IFCPROPERTYSET('17B_i8HDrOXXQtFeEGXirK',#6,'Pset_SlabCommon',$,(#74,#78,#79,#80));
#558=IFCRELDEFINESBYPROPERTIES('0dq5P_QxgmkykxtcdhyQxp',#6,$,$,(#552),#554);
#559=IFCRELDEFINESBYPROPERTIES('0pL7Z5aCWyz122VIDvGlPb',#6,$,$,(#552),#556);
#560=IFCRELDEFINESBYPROPERTIES('2k6IZ7BYzAVLezsoQeYFiE',#6,$,$,(#552),#557);
#561=IFCAXIS2PLACEMENT3D(#10,$,$);
#562=IFCLOCALPLACEMENT(#28,#561);
#563=IFCCARTESIANPOINT((1.0871303857129533E-012,0.));
#564=IFCAXIS2PLACEMENT2D(#563,#44);
#565=IFCRECTANGLEPROFILEDEF(.AREA.,$,#564,200.,499.99999999999898);
#566=IFCCARTESIANPOINT((-5221.2142546210989,11361.361329759662,0.));
#567=IFCAXIS2PLACEMENT3D(#566,#48,#49);
#568=IFCEXTRUDEDAREASOLID(#565,#567,#51,150.);
#569=IFCSTYLEDITEM(#568,(#56),$);
#570=IFCSHAPEREPRESENTATION(#15,'Body','SweptSolid',(#568));
#571=IFCPRODUCTDEFINITIONSHAPE($,$,(#570));
#572=IFCSLAB('3MsR0LfPbDzeWI2nZHulXs',#6,'Foundation Slab:15mm Foundation Slab:306477',$,$,#562,#571,'306477',.BASESLAB.);
#573=IFCMATERIALLAYERSETUSAGE(#72,.AXIS3.,.POSITIVE.,0.);
#574=IFCPROPERTYSET('3$gwB8u0jwXiQ_AIilrwa1',#6,'Pset_QuantityTakeOff',$,(#74));
#575=IFCPROPERTYSINGLEVALUE('Reference',$,IFCLABEL('15mm Foundation Slab'),$);
#576=IFCPROPERTYSET('2_CxaKTRA1pK4pVyB3_NvW',#6,'Pset_ReinforcementBarPitchOfSlab',$,(#575));
#577=IFCPROPERTYSET('1_hXzMWCIncmnpg9GxLImW',#6,'Pset_SlabCommon',$,(#74,#78,#79,#80));
#578=IFCRELDEFINESBYPROPERTIES('0x5NRg16MexMoEvPTiAfVH',#6,$,$,(#572),#574);
#579=IFCRELDEFINESBYPROPERTIES('0j_a0x3hgRRHod5S5zhag8',#6,$,$,(#572),#576);
#580=IFCRELDEFINESBYPROPERTIES('0fByl8GATbC4NSdk4C5awd',#6,$,$,(#572),#577);
#581=IFCAXIS2PLACEMENT3D(#10,$,$);
#582=IFCLOCALPLACEMENT(#28,#581);
#583=IFCCARTESIANPOINT((-1.0871303857129533E-012,0.));
#584=IFCAXIS2PLACEMENT2D(#583,#44);
#585=IFCRECTANGLEPROFILEDEF(.AREA.,$,#584,200.,499.99999999999898);
#586=IFCCARTESIANPOINT((-2021.2142546210985,11361.361329759653,0.));
#587=IFCAXIS2PLACEMENT3D(#586,#48,#49);
#588=IFCEXTRUDEDAREASOLID(#585,#587,#51,150.);
#589=IFCSTYLEDITEM(#588,(#56),$);
#590=IFCSHAPEREPRESENTATION(#15,'Body','SweptSolid',(#588));
#591=IFCPRODUCTDEFINITIONSHAPE($,$,(#590));
#592=IFCSLAB('3MsR0LfPbDzeWI2nZHulXd',#6,'Foundation Slab:15mm Foundation Slab:306492',$,$,#582,#591,'306492',.BASESLAB.);
#593=IFCMATERIALLAYERSETUSAGE(#72,.AXIS3.,.POSITIVE.,0.);
#594=IFCPROPERTYSET('1tqvjCchy29yjCSlic7e26',#6,'Pset_QuantityTakeOff',$,(#74));
#595=IFCPROPERTYSINGLEVALUE('Reference',$,IFCLABEL('15mm Foundation Slab'),$);
#596=IFCPROPERTYSET('3Pt1gOJous$gaElGnE6Uo0',#6,'Pset_ReinforcementBarPitchOfSlab',$,(#595));
#597=IFCPROPERTYSET('0XkHk80NhXdGfl9hYQVxjA',#6,'Pset_SlabCommon',$,(#74,#78,#79,#80));
#598=IFCRELDEFINESBYPROPERTIES('2h5wD5QgUtc8LhqP9IcPDt',#6,$,$,(#592),#594);
#599=IFCRELDEFINESBYPROPERTIES('14IfWiyaWk9m1JGudAQZEr',#6,$,$,(#592),#596);
#600=IFCRELDEFINESBYPROPERTIES('3Eu2F6sLHcs44tljJ5hSiY',#6,$,$,(#592),#597);
#601=IFCAXIS2PLACEMENT3D(#10,$,$);
#602=IFCLOCALPLACEMENT(#28,#601);
#603=IFCCARTESIANPOINT((-1.0871303857129533E-012,0.));
#604=IFCAXIS2PLACEMENT2D(#603,#44);
#605=IFCRECTANGLEPROFILEDEF(.AREA.,$,#604,200.,1200.);
#606=IFCCARTESIANPOINT((1178.7857453788995,11361.361329759644,0.));
#607=IFCAXIS2PLACEMENT3D(#606,#48,#49);
#608=IFCEXTRUDEDAREASOLID(#605,#607,#51,150.);
#609=IFCSTYLEDITEM(#608,(#56),$);
#610=IFCSHAPEREPRESENTATION(#15,'Body','SweptSolid',(#608));
#611=IFCPRODUCTDEFINITIONSHAPE($,$,(#610));
#612=IFCSLAB('3MsR0LfPbDzeWI2nZHulW8',#6,'Foundation Slab:15mm Foundation Slab:306515',$,$,#602,#611,'306515',.BASESLAB.);
#613=IFCMATERIALLAYERSETUSAGE(#72,.AXIS3.,.POSITIVE.,0.);
#614=IFCPROPERTYSET('2mGoDLTQp49E8ZOsfbofgp',#6,'Pset_QuantityTakeOff',$,(#74));
#615=IFCPROPERTYSINGLEVALUE('Reference',$,IFCLABEL('15mm Foundation Slab'),$);
#616=IFCPROPERTYSET('0i3sNMsoxoZ1ln8NeB5hYx',#6,'Pset_ReinforcementBarPitchOfSlab',$,(#615));
#617=IFCPROPERTYSET('1jSnxW3Tp4BLuVLXGjr3DI',#6,'Pset_SlabCommon',$,(#74,#78,#79,#80));
#618=IFCRELDEFINESBYPROPERTIES('2xq3D$Ixyx6cb1CFZggzu7',#6,$,$,(#612),#614);
#619=IFCRELDEFINESBYPROPERTIES('3A1lMYnMKr$M$MKiaEDeLy',#6,$,$,(#612),#616);
#620=IFCRELDEFINESBYPROPERTIES('3uomMdL$lojSZxZsYAY6j1',#6,$,$,(#612),#617);
#621=IFCAXIS2PLACEMENT3D(#10,$,$);
#622=IFCLOCALPLACEMENT(#28,#621);
#623=IFCCARTESIANPOINT((-1.0871303857129533E-012,0.));
#624=IFCAXIS2PLACEMENT2D(#623,#44);
#625=IFCRECTANGLEPROFILEDEF(.AREA.,$,#624,200.,499.99999999999898);
#626=IFCCARTESIANPOINT((4378.785745378902,11361.361329759631,0.));
#627=IFCAXIS2PLACEMENT3D(#626,#48,#49);
#628=IFCEXTRUDEDAREASOLID(#625,#627,#51,150.);
#629=IFCSTYLEDITEM(#628,(#56),$);
#630=IFCSHAPEREPRESENTATION(#15,'Body','SweptSolid',(#628));
#631=IFCPRODUCTDEFINITIONSHAPE($,$,(#630));
#632=IFCSLAB('3MsR0LfPbDzeWI2nZHulWv',#6,'Foundation Slab:15mm Foundation Slab:306530',$,$,#622,#631,'306530',.BASESLAB.);
#633=IFCMATERIALLAYERSETUSAGE(#72,.AXIS3.,.POSITIVE.,0.);
#634=IFCPROPERTYSET('3gLpbO3gm2Z_pbQUmFJFLq',#6,'Pset_QuantityTakeOff',$,(#74));
#635=IFCPROPERTYSINGLEVALUE('Reference',$,IFCLABEL('15mm Foundation Slab'),$);
#636=IFCPROPERTYSET('11aUuzdNShPAlheRH1bACh',#6,'Pset_ReinforcementBarPitchOfSlab',$,(#635));
#637=IFCPROPERTYSET('2xvIw5mx_L4VAcjZ04FS7n',#6,'Pset_SlabCommon',$,(#74,#78,#79,#80));
#638=IFCRELDEFINESBYPROPERTIES('3wfvcYJzIYrZ9_bDZBh8ei',#6,$,$,(#632),#634);
#639=IFCRELDEFINESBYPROPERTIES('3Qe75g2WuLgsEW5EiRblwq',#6,$,$,(#632),#636);
#640=IFCRELDEFINESBYPROPERTIES('3Ok3HpAxqKVX6iAlptMMxZ',#6,$,$,(#632),#637);
#641=IFCAXIS2PLACEMENT3D(#10,$,$);
#642=IFCLOCALPLACEMENT(#28,#641);
#643=IFCCARTESIANPOINT((1.0871303857129533E-012,0.));
#644=IFCAXIS2PLACEMENT2D(#643,#44);
#645=IFCRECTANGLEPROFILEDEF(.AREA.,$,#644,200.,499.99999999999898);
#646=IFCCARTESIANPOINT((7578.7857453789111,11361.361329759618,0.));
#647=IFCAXIS2PLACEMENT3D(#646,#48,#49);
#648=IFCEXTRUDEDAREASOLID(#645,#647,#51,150.);
#649=IFCSTYLEDITEM(#648,(#56),$);
#650=IFCSHAPEREPRESENTATION(#15,'Body','SweptSolid',(#648));
#651=IFCPRODUCTDEFINITIONSHAPE($,$,(#650));
#652=IFCSLAB('3MsR0LfPbDzeWI2nZHulWq',#6,'Foundation Slab:15mm Foundation Slab:306543',$,$,#642,#651,'306543',.BASESLAB.);
#653=IFCMATERIALLAYERSETUSAGE(#72,.AXIS3.,.POSITIVE.,0.);
#654=IFCPROPERTYSET('0sB2dt4Ntllf3vUJTiHzqb',#6,'Pset_QuantityTakeOff',$,(#74));
#655=IFCPROPERTYSINGLEVALUE('Reference',$,IFCLABEL('15mm Foundation Slab'),$);
#656=IFCPROPERTYSET('3UzICDVh6CrA5Y3os4WHNi',#6,'Pset_ReinforcementBarPitchOfSlab',$,(#655));
#657=IFCPROPERTYSET('0n0e4wZ5oRf9q2chD9rnYp',#6,'Pset_SlabCommon',$,(#74,#78,#79,#80));
#658=IFCRELDEFINESBYPROPERTIES('2lNgwi_OQY0OJEiJnOK01U',#6,$,$,(#652),#654);
#659=IFCRELDEFINESBYPROPERTIES('2T4pNmqo3PD7JdXAUxIaHX',#6,$,$,(#652),#656);
#660=IFCRELDEFINESBYPROPERTIES('2ZGzAgCfDyqMhxL0UBNMlO',#6,$,$,(#652),#657);
#661=IFCAXIS2PLACEMENT3D(#10,$,$);
#662=IFCLOCALPLACEMENT(#28,#661);
#663=IFCCARTESIANPOINT((-1.0871303857129533E-012,0.));
#664=IFCAXIS2PLACEMENT2D(#663,#44);
#665=IFCRECTANGLEPROFILEDEF(.AREA.,$,#664,200.,499.99999999999898);
#666=IFCCARTESIANPOINT((10778.785745378911,11361.361329759609,0.));
#667=IFCAXIS2PLACEMENT3D(#666,#48,#49);
#668=IFCEXTRUDEDAREASOLID(#665,#667,#51,150.);
#669=IFCSTYLEDITEM(#668,(#56),$);
#670=IFCSHAPEREPRESENTATION(#15,'Body','SweptSolid',(#668));
#671=IFCPRODUCTDEFINITIONSHAPE($,$,(#670));
#672=IFCSLAB('3MsR0LfPbDzeWI2nZHulWb',#6,'Foundation Slab:15mm Foundation Slab:306558',$,$,#662,#671,'306558',.BASESLAB.);
#673=IFCMATERIALLAYERSETUSAGE(#72,.AXIS3.,.POSITIVE.,0.);
#674=IFCPROPERTYSET('1y1eGEJ_Ly7vdtELy4SoVt',#6,'Pset_QuantityTakeOff',$,(#74));
#675=IFCPROPERTYSINGLEVALUE('Reference',$,IFCLABEL('15mm Foundation Slab'),$);
#676=IFCPROPERTYSET('3RyZ3Yy91PytUQ1$MxECIz',#6,'Pset_ReinforcementBarPitchOfSlab',$,(#675));
#677=IFCPROPERTYSET('1_U3fUlV4xTUa_5mmkbJwZ',#6,'Pset_SlabCommon',$,(#74,#78,#79,#80));
#678=IFCRELDEFINESBYPROPERTIES('25wG_70lN5Ahlq6dgr1goq',#6,$,$,(#672),#674);
#679=IFCRELDEFINESBYPROPERTIES('2NKPLmNrKpNJ96Lzq3QFe8',#6,$,$,(#672),#676);
#680=IFCRELDEFINESBYPROPERTIES('3uqlxMXNRD$AluJ3ffWZKI',#6,$,$,(#672),#677);
#681=IFCAXIS2PLACEMENT3D(#10,$,$);
#682=IFCLOCALPLACEMENT(#28,#681);
#683=IFCCARTESIANPOINT((-1.0871303857129533E-012,0.));
#684=IFCAXIS2PLACEMENT2D(#683,#44);
#685=IFCRECTANGLEPROFILEDEF(.AREA.,$,#684,200.,1200.);
#686=IFCCARTESIANPOINT((13978.785745378922,11361.3613297596,0.));
#687=IFCAXIS2PLACEMENT3D(#686,#48,#49);
#688=IFCEXTRUDEDAREASOLID(#685,#687,#51,150.);
#689=IFCSTYLEDITEM(#688,(#56),$);
#690=IFCSHAPEREPRESENTATION(#15,'Body','SweptSolid',(#688));
#691=IFCPRODUCTDEFINITIONSHAPE($,$,(#690));
#692=IFCSLAB('3MsR0LfPbDzeWI2nZHulZM',#6,'Foundation Slab:15mm Foundation Slab:306573',$,$,#682,#691,'306573',.BASESLAB.);
#693=IFCMATERIALLAYERSETUSAGE(#72,.AXIS3.,.POSITIVE.,0.);
#694=IFCPROPERTYSET('3MuYdPItHmnlt0szf_SgZi',#6,'Pset_QuantityTakeOff',$,(#74));
#695=IFCPROPERTYSINGLEVALUE('Reference',$,IFCLABEL('15mm Foundation Slab'),$);
#696=IFCPROPERTYSET('36bOJz3FjtslbKHEKyQEDZ',#6,'Pset_ReinforcementBarPitchOfSlab',$,(#695));
#697=IFCPROPERTYSET('0pXuCRW8w2gnZF4jM9GDoZ',#6,'Pset_SlabCommon',$,(#74,#78,#79,#80));
#698=IFCRELDEFINESBYPROPERTIES('2sj0OWegYMKZC6DJRvph6r',#6,$,$,(#692),#694);
#699=IFCRELDEFINESBYPROPERTIES('1c42mzexZZvmaMfNkIwayM',#6,$,$,(#692),#696);
#700=IFCRELDEFINESBYPROPERTIES('2$6lLlXQz3vpwfM0ZDUGMR',#6,$,$,(#692),#697);
#701=IFCAXIS2PLACEMENT3D(#10,$,$);
#702=IFCLOCALPLACEMENT(#28,#701);
#703=IFCCARTESIANPOINT((-1.0871303857129533E-012,0.));
#704=IFCAXIS2PLACEMENT2D(#703,#44);
#705=IFCRECTANGLEPROFILEDEF(.AREA.,$,#704,200.,499.99999999999898);
#706=IFCCARTESIANPOINT((17178.785745378911,11361.361329759588,0.));
#707=IFCAXIS2PLACEMENT3D(#706,#48,#49);
#708=IFCEXTRUDEDAREASOLID(#705,#707,#51,150.);
#709=IFCSTYLEDITEM(#708,(#56),$);
#710=IFCSHAPEREPRESENTATION(#15,'Body','SweptSolid',(#708));
#711=IFCPRODUCTDEFINITIONSHAPE($,$,(#710));
#712=IFCSLAB('3MsR0LfPbDzeWI2nZHulZ7',#6,'Foundation Slab:15mm Foundation Slab:306588',$,$,#702,#711,'306588',.BASESLAB.);
#713=IFCMATERIALLAYERSETUSAGE(#72,.AXIS3.,.POSITIVE.,0.);
#714=IFCPROPERTYSET('3bJzJO4EKnHC5b6qIAlAWY',#6,'Pset_QuantityTakeOff',$,(#74));
#715=IFCPROPERTYSINGLEVALUE('Reference',$,IFCLABEL('15mm Foundation Slab'),$);
#716=IFCPROPERTYSET('0_PXvO8le6_F3mJLaArlKS',#6,'Pset_ReinforcementBarPitchOfSlab',$,(#715));
#717=IFCPROPERTYSET('2A$IS5dVKwHcy0lFgjUAQD',#6,'Pset_SlabCommon',$,(#74,#78,#79,#80));
#718=IFCRELDEFINESBYPROPERTIES('3Tvr5UWIIh6bykKSjxojLy',#6,$,$,(#712),#714);
#719=IFCRELDEFINESBYPROPERTIES('1YRl0X5TBqEuIEpNnuTQe4',#6,$,$,(#712),#716);
#720=IFCRELDEFINESBYPROPERTIES('12BSQHXDLvHo1AYEgy_ZQ$',#6,$,$,(#712),#717);
#721=IFCAXIS2PLACEMENT3D(#10,$,$);
#722=IFCLOCALPLACEMENT(#28,#721);
#723=IFCCARTESIANPOINT((1.0871303857129533E-012,0.));
#724=IFCAXIS2PLACEMENT2D(#723,#44);
#725=IFCRECTANGLEPROFILEDEF(.AREA.,$,#724,200.,499.99999999999898);
#726=IFCCARTESIANPOINT((20378.785745378911,11361.361329759575,0.));
#727=IFCAXIS2PLACEMENT3D(#726,#48,#49);
#728=IFCEXTRUDEDAREASOLID(#725,#727,#51,150.);
#729=IFCSTYLEDITEM(#728,(#56),$);
#730=IFCSHAPEREPRESENTATION(#15,'Body','SweptSolid',(#728));
#731=IFCPRODUCTDEFINITIONSHAPE($,$,(#730));
#732=IFCSLAB('3MsR0LfPbDzeWI2nZHulZm',#6,'Foundation Slab:15mm Foundation Slab:306603',$,$,#722,#731,'306603',.BASESLAB.);
#733=IFCMATERIALLAYERSETUSAGE(#72,.AXIS3.,.POSITIVE.,0.);
#734=IFCPROPERTYSET('3o_Iy9eYHrcxKmaupUDfSw',#6,'Pset_QuantityTakeOff',$,(#74));
#735=IFCPROPERTYSINGLEVALUE('Reference',$,IFCLABEL('15mm Foundation Slab'),$);
#736=IFCPROPERTYSET('0HVSQ3q7Rq$N8cltytCO4f',#6,'Pset_ReinforcementBarPitchOfSlab',$,(#735));
#737=IFCPROPERTYSET('1sE3gewwsfXR_paRTmQhAz',#6,'Pset_SlabCommon',$,(#74,#78,#79,#80));
#738=IFCRELDEFINESBYPROPERTIES('0qo8Qo$VE4FUxGNmjf7aen',#6,$,$,(#732),#734);
#739=IFCRELDEFINESBYPROPERTIES('1g4GNErloRJvy7k9fSZH2U',#6,$,$,(#732),#736);
#740=IFCRELDEFINESBYPROPERTIES('1jVxAOBYvEj0$A6gjMxobt',#6,$,$,(#732),#737);
#741=IFCAXIS2PLACEMENT3D(#10,$,$);
#742=IFCLOCALPLACEMENT(#28,#741);
#743=IFCCARTESIANPOINT((1.0871303857129533E-012,2.1600499167107046E-012));
#744=IFCAXIS2PLACEMENT2D(#743,#44);
#745=IFCRECTANGLEPROFILEDEF(.AREA.,$,#744,200.,299.99999999999676);
#746=IFCCARTESIANPOINT((20753.78574537886,14561.361329759575,0.));
#747=IFCAXIS2PLACEMENT3D(#746,#48,#49);
#748=IFCEXTRUDEDAREASOLID(#745,#747,#51,150.);
#749=IFCSTYLEDITEM(#748,(#56),$);
#750=IFCSHAPEREPRESENTATION(#15,'Body','SweptSolid',(#748));
#751=IFCPRODUCTDEFINITIONSHAPE($,$,(#750));
#752=IFCSLAB('3MsR0LfPbDzeWI2nZHulYI',#6,'Foundation Slab:15mm Foundation Slab:306633',$,$,#742,#751,'306633',.BASESLAB.);
#753=IFCMATERIALLAYERSETUSAGE(#72,.AXIS3.,.POSITIVE.,0.);
#754=IFCPROPERTYSET('2ZaeTFy8o00mP4x$xtpbTk',#6,'Pset_QuantityTakeOff',$,(#74));
#755=IFCPROPERTYSINGLEVALUE('Reference',$,IFCLABEL('15mm Foundation Slab'),$);
#756=IFCPROPERTYSET('1BbBBBFHaBFgQWliSX61qo',#6,'Pset_ReinforcementBarPitchOfSlab',$,(#755));
#757=IFCPROPERTYSET('2yirpp7up5apJgVrUkHgW8',#6,'Pset_SlabCommon',$,(#74,#78,#79,#80));
#758=IFCRELDEFINESBYPROPERTIES('0kIltIgdh43$IHeTagvZmP',#6,$,$,(#752),#754);
#759=IFCRELDEFINESBYPROPERTIES('3tpUH5h5ZXizd1SrGr_dO6',#6,$,$,(#752),#756);
#760=IFCRELDEFINESBYPROPERTIES('0qrNCKlmKC5CF9u3aOohz8',#6,$,$,(#752),#757);
#761=IFCAXIS2PLACEMENT3D(#10,$,$);
#762=IFCLOCALPLACEMENT(#28,#761);
#763=IFCCARTESIANPOINT((1.0871303857129533E-012,0.));
#764=IFCAXIS2PLACEMENT2D(#763,#44);
#765=IFCRECTANGLEPROFILEDEF(.AREA.,$,#764,200.,1200.);
#766=IFCCARTESIANPOINT((-11621.214254621111,11361.361329759684,0.));
#767=IFCAXIS2PLACEMENT3D(#766,#48,#49);
#768=IFCEXTRUDEDAREASOLID(#765,#767,#51,150.);
#769=IFCSTYLEDITEM(#768,(#56),$);
#770=IFCSHAPEREPRESENTATION(#15,'Body','SweptSolid',(#768));
#771=IFCPRODUCTDEFINITIONSHAPE($,$,(#770));
#772=IFCSLAB('3MsR0LfPbDzeWI2nZHulf9',#6,'Foundation Slab:15mm Foundation Slab:306962',$,$,#762,#771,'306962',.BASESLAB.);
#773=IFCMATERIALLAYERSETUSAGE(#72,.AXIS3.,.POSITIVE.,0.);
#774=IFCPROPERTYSET('08$GNJgfg890yIVzCYr6j7',#6,'Pset_QuantityTakeOff',$,(#74));
#775=IFCPROPERTYSINGLEVALUE('Reference',$,IFCLABEL('15mm Foundation Slab'),$);
#776=IFCPROPERTYSET('0pTUrjNMgJMabN6xAL34A5',#6,'Pset_ReinforcementBarPitchOfSlab',$,(#775));
#777=IFCPROPERTYSET('3M0OJRqH$fUYPpRcJr4VpY',#6,'Pset_SlabCommon',$,(#74,#78,#79,#80));
#778=IFCRELDEFINESBYPROPERTIES('2IkUu95Bb91FBXt2xsQmFS',#6,$,$,(#772),#774);
#779=IFCRELDEFINESBYPROPERTIES('3TgWZcYRdReHn9Gt8G$k4a',#6,$,$,(#772),#776);
#780=IFCRELDEFINESBYPROPERTIES('18MdRNAADH8kcqIlnNtyM7',#6,$,$,(#772),#777);
#781=IFCAXIS2PLACEMENT3D(#10,$,$);
#782=IFCLOCALPLACEMENT(#28,#781);
#783=IFCCARTESIANPOINT((-1.0871303857129533E-012,2.1600499167107046E-012));
#784=IFCAXIS2PLACEMENT2D(#783,#44);
#785=IFCRECTANGLEPROFILEDEF(.AREA.,$,#784,200.,1200.);
#786=IFCCARTESIANPOINT((-24421.214254621114,11361.361329759726,0.));
#787=IFCAXIS2PLACEMENT3D(#786,#48,#49);
#788=IFCEXTRUDEDAREASOLID(#785,#787,#51,150.);
#789=IFCSTYLEDITEM(#788,(#56),$);
#790=IFCSHAPEREPRESENTATION(#15,'Body','SweptSolid',(#788));
#791=IFCPRODUCTDEFINITIONSHAPE($,$,(#790));
#792=IFCSLAB('3MsR0LfPbDzeWI2nZHulfw',#6,'Foundation Slab:15mm Foundation Slab:306977',$,$,#782,#791,'306977',.BASESLAB.);
#793=IFCMATERIALLAYERSETUSAGE(#72,.AXIS3.,.POSITIVE.,0.);
#794=IFCPROPERTYSET('0kO3EWTLkaVDl13Vyy_qlq',#6,'Pset_QuantityTakeOff',$,(#74));
#795=IFCPROPERTYSINGLEVALUE('Reference',$,IFCLABEL('15mm Foundation Slab'),$);
#796=IFCPROPERTYSET('1w$23d1my2E8ygBV9Jf1hj',#6,'Pset_ReinforcementBarPitchOfSlab',$,(#795));
#797=IFCPROPERTYSET('2rAvzJSfxdZ4Rp8OFFQuNF',#6,'Pset_SlabCommon',$,(#74,#78,#79,#80));
#798=IFCRELDEFINESBYPROPERTIES('3e9gud2E3lRxtaQm7M33Ye',#6,$,$,(#792),#794);
#799=IFCRELDEFINESBYPROPERTIES('2Xf31$Pz0KR$balxDXb8Dh',#6,$,$,(#792),#796);
#800=IFCRELDEFINESBYPROPERTIES('1RMxijcmNKFTYjKmZdIkkh',#6,$,$,(#792),#797);
#801=IFCAXIS2PLACEMENT3D(#10,$,$);
#802=IFCLOCALPLACEMENT(#28,#801);
#803=IFCCARTESIANPOINT((1.0871303857129533E-012,0.));
#804=IFCAXIS2PLACEMENT2D(#803,#44);
#805=IFCRECTANGLEPROFILEDEF(.AREA.,$,#804,200.,499.99999999999898);
#806=IFCCARTESIANPOINT((29728.785745378893,14561.361329759553,0.));
#807=IFCAXIS2PLACEMENT3D(#806,#48,#49);
#808=IFCEXTRUDEDAREASOLID(#805,#807,#51,150.);
#809=IFCSTYLEDITEM(#808,(#56),$);
#810=IFCSHAPEREPRESENTATION(#15,'Body','SweptSolid',(#808));
#811=IFCPRODUCTDEFINITIONSHAPE($,$,(#810));
#812=IFCSLAB('3MsR0LfPbDzeWI2nZHule$',#6,'Foundation Slab:15mm Foundation Slab:307044',$,$,#802,#811,'307044',.BASESLAB.);
#813=IFCMATERIALLAYERSETUSAGE(#72,.AXIS3.,.POSITIVE.,0.);
#814=IFCPROPERTYSET('2xOA1aKawDuP3wq$4p8BLH',#6,'Pset_QuantityTakeOff',$,(#74));
#815=IFCPROPERTYSINGLEVALUE('Reference',$,IFCLABEL('15mm Foundation Slab'),$);
#816=IFCPROPERTYSET('1sSnM0zy3lLoJRd9VU3t1h',#6,'Pset_ReinforcementBarPitchOfSlab',$,(#815));
#817=IFCPROPERTYSET('1nOD6snpKx6zoN$XTFphiz',#6,'Pset_SlabCommon',$,(#74,#78,#79,#80));
#818=IFCRELDEFINESBYPROPERTIES('1ty3grpiXPszFSwfgM72Sv',#6,$,$,(#812),#814);
#819=IFCRELDEFINESBYPROPERTIES('1juEKLXRVSpSqkn1XC_rby',#6,$,$,(#812),#816);
#820=IFCRELDEFINESBYPROPERTIES('2zfGSqqQPoF0$zCkAzWMCk',#6,$,$,(#812),#817);
#821=IFCAXIS2PLACEMENT3D(#10,$,$);
#822=IFCLOCALPLACEMENT(#28,#821);
#823=IFCCARTESIANPOINT((-1.0871303857129533E-012,0.));
#824=IFCAXIS2PLACEMENT2D(#823,#44);
#825=IFCRECTANGLEPROFILEDEF(.AREA.,$,#824,200.,499.99999999999898);
#826=IFCCARTESIANPOINT((29728.785745378893,11361.361329759553,0.));
#827=IFCAXIS2PLACEMENT3D(#826,#48,#49);
#828=IFCEXTRUDEDAREASOLID(#825,#827,#51,150.);
#829=IFCSTYLEDITEM(#828,(#56),$);
#830=IFCSHAPEREPRESENTATION(#15,'Body','SweptSolid',(#828));
#831=IFCPRODUCTDEFINITIONSHAPE($,$,(#830));
#832=IFCSLAB('3MsR0LfPbDzeWI2nZHulee',#6,'Foundation Slab:15mm Foundation Slab:307059',$,$,#822,#831,'307059',.BASESLAB.);
#833=IFCMATERIALLAYERSETUSAGE(#72,.AXIS3.,.POSITIVE.,0.);
#834=IFCPROPERTYSET('2uqsZxtdb6DAIq_UhxJjot',#6,'Pset_QuantityTakeOff',$,(#74));
#835=IFCPROPERTYSINGLEVALUE('Reference',$,IFCLABEL('15mm Foundation Slab'),$);
#836=IFCPROPERTYSET('1fxwFyt$SjzuKnS5HPtAQQ',#6,'Pset_ReinforcementBarPitchOfSlab',$,(#835));
#837=IFCPROPERTYSET('2vBityaP69EMFM9HtwxYif',#6,'Pset_SlabCommon',$,(#74,#78,#79,#80));
#838=IFCRELDEFINESBYPROPERTIES('00bTL8KfSDX4Wf6RNDfHue',#6,$,$,(#832),#834);
#839=IFCRELDEFINESBYPROPERTIES('3RIh1$qoFqoUADjz7nQIjb',#6,$,$,(#832),#836);
#840=IFCRELDEFINESBYPROPERTIES('2VSZQRWh1W9iH0sWCZNg2Z',#6,$,$,(#832),#837);
#841=IFCAXIS2PLACEMENT3D(#10,$,$);
#842=IFCLOCALPLACEMENT(#28,#841);
#843=IFCCARTESIANPOINT((1.0871303857129533E-012,0.));
#844=IFCAXIS2PLACEMENT2D(#843,#44);
#845=IFCRECTANGLEPROFILEDEF(.AREA.,$,#844,200.,499.99999999999898);
#846=IFCCARTESIANPOINT((29728.785745378893,8161.3613297595512,0.));
#847=IFCAXIS2PLACEMENT3D(#846,#48,#49);
#848=IFCEXTRUDEDAREASOLID(#845,#847,#51,150.);
#849=IFCSTYLEDITEM(#848,(#56),$);
#850=IFCSHAPEREPRESENTATION(#15,'Body','SweptSolid',(#848));
#851=IFCPRODUCTDEFINITIONSHAPE($,$,(#850));
#852=IFCSLAB('3MsR0LfPbDzeWI2nZHulhP',#6,'Foundation Slab:15mm Foundation Slab:307074',$,$,#842,#851,'307074',.BASESLAB.);
#853=IFCMATERIALLAYERSETUSAGE(#72,.AXIS3.,.POSITIVE.,0.);
#854=IFCPROPERTYSET('2MwY$5rDYrxe8G$Ducxo0M',#6,'Pset_QuantityTakeOff',$,(#74));
#855=IFCPROPERTYSINGLEVALUE('Reference',$,IFCLABEL('15mm Foundation Slab'),$);
#856=IFCPROPERTYSET('1ImHAW7JA5Ud_c4nP_Axgs',#6,'Pset_ReinforcementBarPitchOfSlab',$,(#855));
#857=IFCPROPERTYSET('1MMmH_IWmaMBAP0a93g0CG',#6,'Pset_SlabCommon',$,(#74,#78,#79,#80));
#858=IFCRELDEFINESBYPROPERTIES('0UeNgCqYTCzdfVQmpcsmjn',#6,$,$,(#852),#854);
#859=IFCRELDEFINESBYPROPERTIES('2PYeOuAq1a6_XxRSr8SEUF',#6,$,$,(#852),#856);
#860=IFCRELDEFINESBYPROPERTIES('1ZMY5IwFcY8vyh_d$iHD0l',#6,$,$,(#852),#857);
#861=IFCAXIS2PLACEMENT3D(#10,$,$);
#862=IFCLOCALPLACEMENT(#28,#861);
#863=IFCCARTESIANPOINT((0.,0.));
#864=IFCAXIS2PLACEMENT2D(#863,#44);
#865=IFCRECTANGLEPROFILEDEF(.AREA.,$,#864,200.,499.99999999999898);
#866=IFCCARTESIANPOINT((29728.785745378893,4961.3613297595512,0.));
#867=IFCAXIS2PLACEMENT3D(#866,#48,#49);
#868=IFCEXTRUDEDAREASOLID(#865,#867,#51,150.);
#869=IFCSTYLEDITEM(#868,(#56),$);
#870=IFCSHAPEREPRESENTATION(#15,'Body','SweptSolid',(#868));
#871=IFCPRODUCTDEFINITIONSHAPE($,$,(#870));
#872=IFCSLAB('3MsR0LfPbDzeWI2nZHulhA',#6,'Foundation Slab:15mm Foundation Slab:307089',$,$,#862,#871,'307089',.BASESLAB.);
#873=IFCMATERIALLAYERSETUSAGE(#72,.AXIS3.,.POSITIVE.,0.);
#874=IFCPROPERTYSET('0HB54x7f2M2NhnPNxlAGCx',#6,'Pset_QuantityTakeOff',$,(#74));
#875=IFCPROPERTYSINGLEVALUE('Reference',$,IFCLABEL('15mm Foundation Slab'),$);
#876=IFCPROPERTYSET('3qheAieNS$Aq9A3ThSPpHM',#6,'Pset_ReinforcementBarPitchOfSlab',$,(#875));
#877=IFCPROPERTYSET('13zgSoa83jfmd$PVFAYygI',#6,'Pset_SlabCommon',$,(#74,#78,#79,#80));
#878=IFCRELDEFINESBYPROPERTIES('0P4e1BlF8ATFK8J0b$zcp$',#6,$,$,(#872),#874);
#879=IFCRELDEFINESBYPROPERTIES('0glOp0wRbOQ$w$j1dNPAqy',#6,$,$,(#872),#876);
#880=IFCRELDEFINESBYPROPERTIES('1$a_$_mZDhwlppgwGhNVDA',#6,$,$,(#872),#877);
#881=IFCAXIS2PLACEMENT3D(#10,$,$);
#882=IFCLOCALPLACEMENT(#28,#881);
#883=IFCCARTESIANPOINT((0.,0.));
#884=IFCAXIS2PLACEMENT2D(#883,#44);
#885=IFCRECTANGLEPROFILEDEF(.AREA.,$,#884,200.,499.99999999999898);
#886=IFCCARTESIANPOINT((29728.785745378893,1761.3613297595514,0.));
#887=IFCAXIS2PLACEMENT3D(#886,#48,#49);
#888=IFCEXTRUDEDAREASOLID(#885,#887,#51,150.);
#889=IFCSTYLEDITEM(#888,(#56),$);
#890=IFCSHAPEREPRESENTATION(#15,'Body','SweptSolid',(#888));
#891=IFCPRODUCTDEFINITIONSHAPE($,$,(#890));
#892=IFCSLAB('3MsR0LfPbDzeWI2nZHulhx',#6,'Foundation Slab:15mm Foundation Slab:307104',$,$,#882,#891,'307104',.BASESLAB.);
#893=IFCMATERIALLAYERSETUSAGE(#72,.AXIS3.,.POSITIVE.,0.);
#894=IFCPROPERTYSET('0RCegC5rZRGPsb2KvtIRKn',#6,'Pset_QuantityTakeOff',$,(#74));
#895=IFCPROPERTYSINGLEVALUE('Reference',$,IFCLABEL('15mm Foundation Slab'),$);
#896=IFCPROPERTYSET('2PvTtpYcyvXu1z$kXbLRtW',#6,'Pset_ReinforcementBarPitchOfSlab',$,(#895));
#897=IFCPROPERTYSET('2N6$kuFqBKHVOGXLM1Ai0x',#6,'Pset_SlabCommon',$,(#74,#78,#79,#80));
#898=IFCRELDEFINESBYPROPERTIES('2FF0lEkmwy_MX2IOUOe6_2',#6,$,$,(#892),#894);
#899=IFCRELDEFINESBYPROPERTIES('0Ug0GdUx$0cYThoFl$7chE',#6,$,$,(#892),#896);
#900=IFCRELDEFINESBYPROPERTIES('1tMaNno9q28VKGrCYosxus',#6,$,$,(#892),#897);
#901=IFCAXIS2PLACEMENT3D(#10,$,$);
#902=IFCLOCALPLACEMENT(#28,#901);
#903=IFCCARTESIANPOINT((0.,0.));
#904=IFCAXIS2PLACEMENT2D(#903,#44);
#905=IFCRECTANGLEPROFILEDEF(.AREA.,$,#904,200.,499.99999999999898);
#906=IFCCARTESIANPOINT((29728.785745378893,-1438.6386702404488,0.));
#907=IFCAXIS2PLACEMENT3D(#906,#48,#49);
#908=IFCEXTRUDEDAREASOLID(#905,#907,#51,150.);
#909=IFCSTYLEDITEM(#908,(#56),$);
#910=IFCSHAPEREPRESENTATION(#15,'Body','SweptSolid',(#908));
#911=IFCPRODUCTDEFINITIONSHAPE($,$,(#910));
#912=IFCSLAB('3MsR0LfPbDzeWI2nZHulhq',#6,'Foundation Slab:15mm Foundation Slab:307119',$,$,#902,#911,'307119',.BASESLAB.);
#913=IFCMATERIALLAYERSETUSAGE(#72,.AXIS3.,.POSITIVE.,0.);
#914=IFCPROPERTYSET('3PvVbcJt9T5PFt2xkv5jey',#6,'Pset_QuantityTakeOff',$,(#74));
#915=IFCPROPERTYSINGLEVALUE('Reference',$,IFCLABEL('15mm Foundation Slab'),$);
#916=IFCPROPERTYSET('1pCx5PRkSC$bfw6w7o8Fla',#6,'Pset_ReinforcementBarPitchOfSlab',$,(#915));
#917=IFCPROPERTYSET('2b4oLwRiZO9vT6yH1NS5KZ',#6,'Pset_SlabCommon',$,(#74,#78,#79,#80));
#918=IFCRELDEFINESBYPROPERTIES('0LABoEzCl_KYt2uEq$b1ZM',#6,$,$,(#912),#914);
#919=IFCRELDEFINESBYPROPERTIES('1$L2iyZ7JskiboP_QxGZOF',#6,$,$,(#912),#916);
#920=IFCRELDEFINESBYPROPERTIES('1Z5rx1TAFs9hAq3pz4rgd4',#6,$,$,(#912),#917);
#921=IFCAXIS2PLACEMENT3D(#10,$,$);
#922=IFCLOCALPLACEMENT(#28,#921);
#923=IFCCARTESIANPOINT((0.,0.));
#924=IFCAXIS2PLACEMENT2D(#923,#44);
#925=IFCRECTANGLEPROFILEDEF(.AREA.,$,#924,200.,499.99999999999898);
#926=IFCCARTESIANPOINT((29728.785745378893,-4638.6386702404488,0.));
#927=IFCAXIS2PLACEMENT3D(#926,#48,#49);
#928=IFCEXTRUDEDAREASOLID(#925,#927,#51,150.);
#929=IFCSTYLEDITEM(#928,(#56),$);
#930=IFCSHAPEREPRESENTATION(#15,'Body','SweptSolid',(#928));
#931=IFCPRODUCTDEFINITIONSHAPE($,$,(#930));
#932=IFCSLAB('3MsR0LfPbDzeWI2nZHulhb',#6,'Foundation Slab:15mm Foundation Slab:307134',$,$,#922,#931,'307134',.BASESLAB.);
#933=IFCMATERIALLAYERSETUSAGE(#72,.AXIS3.,.POSITIVE.,0.);
#934=IFCPROPERTYSET('0DSkgfC3KEk3EcUqTS3eW3',#6,'Pset_QuantityTakeOff',$,(#74));
#935=IFCPROPERTYSINGLEVALUE('Reference',$,IFCLABEL('15mm Foundation Slab'),$);
#936=IFCPROPERTYSET('1KA$tZ_DqablFzftMKuZKJ',#6,'Pset_ReinforcementBarPitchOfSlab',$,(#935));
#937=IFCPROPERTYSET('2EV7qoEjT7whBqg47vts49',#6,'Pset_SlabCommon',$,(#74,#78,#79,#80));
#938=IFCRELDEFINESBYPROPERTIES('3vRGZOeSApssDka6iDwqp$',#6,$,$,(#932),#934);
#939=IFCRELDEFINESBYPROPERTIES('0lchIWA5j7OQdNEpSufLfu',#6,$,$,(#932),#936);
#940=IFCRELDEFINESBYPROPERTIES('0iN$lUrDu$w6_b07c67Cbc',#6,$,$,(#932),#937);
#941=IFCAXIS2PLACEMENT3D(#10,$,$);
#942=IFCLOCALPLACEMENT(#28,#941);
#943=IFCCARTESIANPOINT((0.,0.));
#944=IFCAXIS2PLACEMENT2D(#943,#44);
#945=IFCRECTANGLEPROFILEDEF(.AREA.,$,#944,200.,499.99999999999898);
#946=IFCCARTESIANPOINT((29728.785745378893,-7838.638670240447,0.));
#947=IFCAXIS2PLACEMENT3D(#946,#48,#49);
#948=IFCEXTRUDEDAREASOLID(#945,#947,#51,150.);
#949=IFCSTYLEDITEM(#948,(#56),$);
#950=IFCSHAPEREPRESENTATION(#15,'Body','SweptSolid',(#948));
#951=IFCPRODUCTDEFINITIONSHAPE($,$,(#950));
#952=IFCSLAB('3MsR0LfPbDzeWI2nZHulgK',#6,'Foundation Slab:15mm Foundation Slab:307151',$,$,#942,#951,'307151',.BASESLAB.);
#953=IFCMATERIALLAYERSETUSAGE(#72,.AXIS3.,.POSITIVE.,0.);
#954=IFCPROPERTYSET('0IvyuwtTHgIo6rdZFkZVDS',#6,'Pset_QuantityTakeOff',$,(#74));
#955=IFCPROPERTYSINGLEVALUE('Reference',$,IFCLABEL('15mm Foundation Slab'),$);
#956=IFCPROPERTYSET('100IMQDnWp3o4rD03WTvbQ',#6,'Pset_ReinforcementBarPitchOfSlab',$,(#955));
#957=IFCPROPERTYSET('1VgpyHRQez5BpfobIdxPK2',#6,'Pset_SlabCommon',$,(#74,#78,#79,#80));
#958=IFCRELDEFINESBYPROPERTIES('0vTBPeaAe3QiM4hVZcSDRZ',#6,$,$,(#952),#954);
#959=IFCRELDEFINESBYPROPERTIES('0FmwqfY$Mhtw5VscPw2$X9',#6,$,$,(#952),#956);
#960=IFCRELDEFINESBYPROPERTIES('1lAc04NrENrTgdfq$EGmbs',#6,$,$,(#952),#957);
#961=IFCAXIS2PLACEMENT3D(#10,$,$);
#962=IFCLOCALPLACEMENT(#28,#961);
#963=IFCCARTESIANPOINT((1.0871303857129533E-012,0.));
#964=IFCAXIS2PLACEMENT2D(#963,#44);
#965=IFCRECTANGLEPROFILEDEF(.AREA.,$,#964,200.,499.99999999999898);
#966=IFCCARTESIANPOINT((29728.785745378893,-11038.638670240449,0.));
#967=IFCAXIS2PLACEMENT3D(#966,#48,#49);
#968=IFCEXTRUDEDAREASOLID(#965,#967,#51,150.);
#969=IFCSTYLEDITEM(#968,(#56),$);
#970=IFCSHAPEREPRESENTATION(#15,'Body','SweptSolid',(#968));
#971=IFCPRODUCTDEFINITIONSHAPE($,$,(#970));
#972=IFCSLAB('3MsR0LfPbDzeWI2nZHulg5',#6,'Foundation Slab:15mm Foundation Slab:307166',$,$,#962,#971,'307166',.BASESLAB.);
#973=IFCMATERIALLAYERSETUSAGE(#72,.AXIS3.,.POSITIVE.,0.);
#974=IFCPROPERTYSET('2Rs81PUKLjfUVEM2dI860D',#6,'Pset_QuantityTakeOff',$,(#74));
#975=IFCPROPERTYSINGLEVALUE('Reference',$,IFCLABEL('15mm Foundation Slab'),$);
#976=IFCPROPERTYSET('38pBYboXXdO6JfZHyjPHJD',#6,'Pset_ReinforcementBarPitchOfSlab',$,(#975));
#977=IFCPROPERTYSET('1lJ3CgCKBQ5$owU7fILWJJ',#6,'Pset_SlabCommon',$,(#74,#78,#79,#80));
#978=IFCRELDEFINESBYPROPERTIES('0XbvAk0Q5emSXAfHSLmymn',#6,$,$,(#972),#974);
#979=IFCRELDEFINESBYPROPERTIES('1xsDoJbSIrhNCNYPlPiekR',#6,$,$,(#972),#976);
#980=IFCRELDEFINESBYPROPERTIES('22_1MRtIAF9r13_lrybPlu',#6,$,$,(#972),#977);
#981=IFCAXIS2PLACEMENT3D(#10,$,$);
#982=IFCLOCALPLACEMENT(#28,#981);
#983=IFCCARTESIANPOINT((0.,0.));
#984=IFCAXIS2PLACEMENT2D(#983,#44);
#985=IFCRECTANGLEPROFILEDEF(.AREA.,$,#984,200.,300.00000000000108);
#986=IFCCARTESIANPOINT((20578.785745378889,8261.3613297595839,0.));
#987=IFCAXIS2PLACEMENT3D(#986,#48,#49);
#988=IFCEXTRUDEDAREASOLID(#985,#987,#51,150.);
#989=IFCSTYLEDITEM(#988,(#56),$);
#990=IFCSHAPEREPRESENTATION(#15,'Body','SweptSolid',(#988));
#991=IFCPRODUCTDEFINITIONSHAPE($,$,(#990));
#992=IFCSLAB('3MsR0LfPbDzeWI2nZHukLJ',#6,'Foundation Slab:15mm Foundation Slab:307208',$,$,#982,#991,'307208',.BASESLAB.);
#993=IFCMATERIALLAYERSETUSAGE(#72,.AXIS3.,.POSITIVE.,0.);
#994=IFCPROPERTYSET('1CJp6nnFPHPn1xjVClaJwc',#6,'Pset_QuantityTakeOff',$,(#74));
#995=IFCPROPERTYSINGLEVALUE('Reference',$,IFCLABEL('15mm Foundation Slab'),$);
#996=IFCPROPERTYSET('1GFj12s2queNgwIGjbhOWS',#6,'Pset_ReinforcementBarPitchOfSlab',$,(#995));
#997=IFCPROPERTYSET('2P_Z_xzmLLlUR3V3CFIc6e',#6,'Pset_SlabCommon',$,(#74,#78,#79,#80));
#998=IFCRELDEFINESBYPROPERTIES('1mv4GsXOcjSkDwB9nogYFL',#6,$,$,(#992),#994);
#999=IFCRELDEFINESBYPROPERTIES('1_6S_2_5cywlGevyt7I4CG',#6,$,$,(#992),#996);
#1000=IFCRELDEFINESBYPROPERTIES('1qcTewYgrgyEYy$87Bbwtm',#6,$,$,(#992),#997);
#1001=IFCAXIS2PLACEMENT3D(#10,$,$);
#1002=IFCLOCALPLACEMENT(#28,#1001);
#1003=IFCCARTESIANPOINT((0.,0.));
#1004=IFCAXIS2PLACEMENT2D(#1003,#44);
#1005=IFCRECTANGLEPROFILEDEF(.AREA.,$,#1004,200.,300.00000000000108);
#1006=IFCCARTESIANPOINT((20578.785745378889,5061.3613297595948,0.));
#1007=IFCAXIS2PLACEMENT3D(#1006,#48,#49);
#1008=IFCEXTRUDEDAREASOLID(#1005,#1007,#51,150.);
#1009=IFCSTYLEDITEM(#1008,(#56),$);
#1010=IFCSHAPEREPRESENTATION(#15,'Body','SweptSolid',(#1008));
#1011=IFCPRODUCTDEFINITIONSHAPE($,$,(#1010));
#1012=IFCSLAB('3MsR0LfPbDzeWI2nZHukM5',#6,'Foundation Slab:15mm Foundation Slab:307422',$,$,#1002,#1011,'307422',.BASESLAB.);
#1013=IFCMATERIALLAYERSETUSAGE(#72,.AXIS3.,.POSITIVE.,0.);
#1014=IFCPROPERTYSET('0uBv36a96fWhATCaXkavew',#6,'Pset_QuantityTakeOff',$,(#74));
#1015=IFCPROPERTYSINGLEVALUE('Reference',$,IFCLABEL('15mm Foundation Slab'),$);
#1016=IFCPROPERTYSET('2YtuDFEol5H5hO2Q4Ym7a4',#6,'Pset_ReinforcementBarPitchOfSlab',$,(#1015));
#1017=IFCPROPERTYSET('3InP7Co2FvLhd0vJ5DZQ4q',#6,'Pset_SlabCommon',$,(#74,#78,#79,#80));
#1018=IFCRELDEFINESBYPROPERTIES('258GbuFLYitdYzNzyIQbje',#6,$,$,(#1012),#1014);
#1019=IFCRELDEFINESBYPROPERTIES('3oRjmZlEdYWAxK5_95pR29',#6,$,$,(#1012),#1016);
#1020=IFCRELDEFINESBYPROPERTIES('1xgu$ibhouu_NIJD3laWyO',#6,$,$,(#1012),#1017);
#1021=IFCAXIS2PLACEMENT3D(#10,$,$);
#1022=IFCLOCALPLACEMENT(#28,#1021);
#1023=IFCCARTESIANPOINT((0.,0.));
#1024=IFCAXIS2PLACEMENT2D(#1023,#44);
#1025=IFCRECTANGLEPROFILEDEF(.AREA.,$,#1024,200.,300.00000000000108);
#1026=IFCCARTESIANPOINT((20578.785745378889,1861.3613297595957,0.));
#1027=IFCAXIS2PLACEMENT3D(#1026,#48,#49);
#1028=IFCEXTRUDEDAREASOLID(#1025,#1027,#51,150.);
#1029=IFCSTYLEDITEM(#1028,(#56),$);
#1030=IFCSHAPEREPRESENTATION(#15,'Body','SweptSolid',(#1028));
#1031=IFCPRODUCTDEFINITIONSHAPE($,$,(#1030));
#1032=IFCSLAB('3MsR0LfPbDzeWI2nZHukMq',#6,'Foundation Slab:15mm Foundation Slab:307439',$,$,#1022,#1031,'307439',.BASESLAB.);
#1033=IFCMATERIALLAYERSETUSAGE(#72,.AXIS3.,.POSITIVE.,0.);
#1034=IFCPROPERTYSET('0O$3z_oXJxx01At3rVia3y',#6,'Pset_QuantityTakeOff',$,(#74));
#1035=IFCPROPERTYSINGLEVALUE('Reference',$,IFCLABEL('15mm Foundation Slab'),$);
#1036=IFCPROPERTYSET('1UXBlAGs_x25w$7FANHuT5',#6,'Pset_ReinforcementBarPitchOfSlab',$,(#1035));
#1037=IFCPROPERTYSET('0SPn9ZEg$mIAEzHGAgV3PW',#6,'Pset_SlabCommon',$,(#74,#78,#79,#80));
#1038=IFCRELDEFINESBYPROPERTIES('11OjhluwZub9cWyjgvU966',#6,$,$,(#1032),#1034);
#1039=IFCRELDEFINESBYPROPERTIES('3X_9g$1PDGONkYBwU$t5VK',#6,$,$,(#1032),#1036);
#1040=IFCRELDEFINESBYPROPERTIES('1w38x4kwC$beF8AT9GIDUw',#6,$,$,(#1032),#1037);
#1041=IFCAXIS2PLACEMENT3D(#10,$,$);
#1042=IFCLOCALPLACEMENT(#28,#1041);
#1043=IFCCARTESIANPOINT((0.,0.));
#1044=IFCAXIS2PLACEMENT2D(#1043,#44);
#1045=IFCRECTANGLEPROFILEDEF(.AREA.,$,#1044,200.,300.00000000000108);
#1046=IFCCARTESIANPOINT((20578.785745378889,-1338.6386702404045,0.));
#1047=IFCAXIS2PLACEMENT3D(#1046,#48,#49);
#1048=IFCEXTRUDEDAREASOLID(#1045,#1047,#51,150.);
#1049=IFCSTYLEDITEM(#1048,(#56),$);
#1050=IFCSHAPEREPRESENTATION(#15,'Body','SweptSolid',(#1048));
#1051=IFCPRODUCTDEFINITIONSHAPE($,$,(#1050));
#1052=IFCSLAB('3MsR0LfPbDzeWI2nZHukMb',#6,'Foundation Slab:15mm Foundation Slab:307454',$,$,#1042,#1051,'307454',.BASESLAB.);
#1053=IFCMATERIALLAYERSETUSAGE(#72,.AXIS3.,.POSITIVE.,0.);
#1054=IFCPROPERTYSET('2et7OFMPllCGzA5CDTJWkh',#6,'Pset_QuantityTakeOff',$,(#74));
#1055=IFCPROPERTYSINGLEVALUE('Reference',$,IFCLABEL('15mm Foundation Slab'),$);
#1056=IFCPROPERTYSET('1KdLc2YZbJi7yHQ0OniqSY',#6,'Pset_ReinforcementBarPitchOfSlab',$,(#1055));
#1057=IFCPROPERTYSET('11GpCvbn9TC1YzVlYRllD7',#6,'Pset_SlabCommon',$,(#74,#78,#79,#80));
#1058=IFCRELDEFINESBYPROPERTIES('238SjCKhWPP4CuyARQvJ0N',#6,$,$,(#1052),#1054);
#1059=IFCRELDEFINESBYPROPERTIES('35q1wLTnfavTZQm92jXJjM',#6,$,$,(#1052),#1056);
#1060=IFCRELDEFINESBYPROPERTIES('0uJ8PR5n8DZZJ_NURLHK3k',#6,$,$,(#1052),#1057);
#1061=IFCAXIS2PLACEMENT3D(#10,$,$);
#1062=IFCLOCALPLACEMENT(#28,#1061);
#1063=IFCCARTESIANPOINT((0.,0.));
#1064=IFCAXIS2PLACEMENT2D(#1063,#44);
#1065=IFCRECTANGLEPROFILEDEF(.AREA.,$,#1064,200.,300.00000000000108);
#1066=IFCCARTESIANPOINT((20578.785745378889,-4538.6386702404043,0.));
#1067=IFCAXIS2PLACEMENT3D(#1066,#48,#49);
#1068=IFCEXTRUDEDAREASOLID(#1065,#1067,#51,150.);
#1069=IFCSTYLEDITEM(#1068,(#56),$);
#1070=IFCSHAPEREPRESENTATION(#15,'Body','SweptSolid',(#1068));
#1071=IFCPRODUCTDEFINITIONSHAPE($,$,(#1070));
#1072=IFCSLAB('3MsR0LfPbDzeWI2nZHukHM',#6,'Foundation Slab:15mm Foundation Slab:307469',$,$,#1062,#1071,'307469',.BASESLAB.);
#1073=IFCMATERIALLAYERSETUSAGE(#72,.AXIS3.,.POSITIVE.,0.);
#1074=IFCPROPERTYSET('0km3vcc8aK3ENe1TCjrkjp',#6,'Pset_QuantityTakeOff',$,(#74));
#1075=IFCPROPERTYSINGLEVALUE('Reference',$,IFCLABEL('15mm Foundation Slab'),$);
#1076=IFCPROPERTYSET('0JowJvqcj5JUdL4$pKAnUP',#6,'Pset_ReinforcementBarPitchOfSlab',$,(#1075));
#1077=IFCPROPERTYSET('1y2VTGW4TABo93QAGNKs3$',#6,'Pset_SlabCommon',$,(#74,#78,#79,#80));
#1078=IFCRELDEFINESBYPROPERTIES('2JvSFnE8BnexFHs2W2GnLR',#6,$,$,(#1072),#1074);
#1079=IFCRELDEFINESBYPROPERTIES('34kQPBEhqoBNBlN8nXOuAf',#6,$,$,(#1072),#1076);
#1080=IFCRELDEFINESBYPROPERTIES('1aNdmqGC7sKu8fwDS_v0Iv',#6,$,$,(#1072),#1077);
#1081=IFCAXIS2PLACEMENT3D(#10,$,$);
#1082=IFCLOCALPLACEMENT(#28,#1081);
#1083=IFCCARTESIANPOINT((1.0871303857129533E-012,0.));
#1084=IFCAXIS2PLACEMENT2D(#1083,#44);
#1085=IFCRECTANGLEPROFILEDEF(.AREA.,$,#1084,200.,300.00000000000108);
#1086=IFCCARTESIANPOINT((20578.785745378889,-10938.638670240407,0.));
#1087=IFCAXIS2PLACEMENT3D(#1086,#48,#49);
#1088=IFCEXTRUDEDAREASOLID(#1085,#1087,#51,150.);
#1089=IFCSTYLEDITEM(#1088,(#56),$);
#1090=IFCSHAPEREPRESENTATION(#15,'Body','SweptSolid',(#1088));
#1091=IFCPRODUCTDEFINITIONSHAPE($,$,(#1090));
#1092=IFCSLAB('3MsR0LfPbDzeWI2nZHukHm',#6,'Foundation Slab:15mm Foundation Slab:307499',$,$,#1082,#1091,'307499',.BASESLAB.);
#1093=IFCMATERIALLAYERSETUSAGE(#72,.AXIS3.,.POSITIVE.,0.);
#1094=IFCPROPERTYSET('3gErCzq_CdU33BUv5Jsxaz',#6,'Pset_QuantityTakeOff',$,(#74));
#1095=IFCPROPERTYSINGLEVALUE('Reference',$,IFCLABEL('15mm Foundation Slab'),$);
#1096=IFCPROPERTYSET('1hTIL76KZo3VJvylZxKo4p',#6,'Pset_ReinforcementBarPitchOfSlab',$,(#1095));
#1097=IFCPROPERTYSET('3mAsw22SLYQIlRfma0RY0E',#6,'Pset_SlabCommon',$,(#74,#78,#79,#80));
#1098=IFCRELDEFINESBYPROPERTIES('3J9BPK6jBTTWTN4siR6E$J',#6,$,$,(#1092),#1094);
#1099=IFCRELDEFINESBYPROPERTIES('07GVKgAHj6e2Zq6Sdie15L',#6,$,$,(#1092),#1096);
#1100=IFCRELDEFINESBYPROPERTIES('3NJS9nFYOH37jm3XdxiA10',#6,$,$,(#1092),#1097);
#1101=IFCAXIS2PLACEMENT3D(#10,$,$);
#1102=IFCLOCALPLACEMENT(#28,#1101);
#1103=IFCCARTESIANPOINT((0.,0.));
#1104=IFCAXIS2PLACEMENT2D(#1103,#44);
#1105=IFCRECTANGLEPROFILEDEF(.AREA.,$,#1104,400.,400.);
#1106=IFCCARTESIANPOINT((1623.7857453788813,-7173.638670240216,0.));
#1107=IFCAXIS2PLACEMENT3D(#1106,#48,#49);
#1108=IFCEXTRUDEDAREASOLID(#1105,#1107,#51,150.);
#1109=IFCSTYLEDITEM(#1108,(#56),$);
#1110=IFCSHAPEREPRESENTATION(#15,'Body','SweptSolid',(#1108));
#1111=IFCPRODUCTDEFINITIONSHAPE($,$,(#1110));
#1112=IFCSLAB('3MsR0LfPbDzeWI2nZHukGD',#6,'Foundation Slab:15mm Foundation Slab:307542',$,$,#1102,#1111,'307542',.BASESLAB.);
#1113=IFCMATERIALLAYERSETUSAGE(#72,.AXIS3.,.POSITIVE.,0.);
#1114=IFCPROPERTYSET('3rMRHw14r3i7FxDRWfD_TJ',#6,'Pset_QuantityTakeOff',$,(#74));
#1115=IFCPROPERTYSINGLEVALUE('Reference',$,IFCLABEL('15mm Foundation Slab'),$);
#1116=IFCPROPERTYSET('2Edqs7_Ql3ENFeHZOpnDF9',#6,'Pset_ReinforcementBarPitchOfSlab',$,(#1115));
#1117=IFCPROPERTYSET('3V3XqwxhC90YEmm$XMS049',#6,'Pset_SlabCommon',$,(#74,#78,#79,#80));
#1118=IFCRELDEFINESBYPROPERTIES('0MSLPF5dZzv5JP_bi7Us1E',#6,$,$,(#1112),#1114);
#1119=IFCRELDEFINESBYPROPERTIES('3OOpEeFnJeO2H9ejFFigRf',#6,$,$,(#1112),#1116);
#1120=IFCRELDEFINESBYPROPERTIES('3vUqSaRdvBsQA5h2aMFfT8',#6,$,$,(#1112),#1117);
#1121=IFCAXIS2PLACEMENT3D(#10,$,$);
#1122=IFCLOCALPLACEMENT(#28,#1121);
#1123=IFCCARTESIANPOINT((0.,0.));
#1124=IFCAXIS2PLACEMENT2D(#1123,#44);
#1125=IFCRECTANGLEPROFILEDEF(.AREA.,$,#1124,400.,400.00000000000438);
#1126=IFCCARTESIANPOINT((-28556.21425462114,-7173.6386702402151,0.));
#1127=IFCAXIS2PLACEMENT3D(#1126,#48,#49);
#1128=IFCEXTRUDEDAREASOLID(#1125,#1127,#51,150.);
#1129=IFCSTYLEDITEM(#1128,(#56),$);
#1130=IFCSHAPEREPRESENTATION(#15,'Body','SweptSolid',(#1128));
#1131=IFCPRODUCTDEFINITIONSHAPE($,$,(#1130));
#1132=IFCSLAB('3MsR0LfPbDzeWI2nZHukJt',#6,'Foundation Slab:15mm Foundation Slab:307628',$,$,#1122,#1131,'307628',.BASESLAB.);
#1133=IFCMATERIALLAYERSETUSAGE(#72,.AXIS3.,.POSITIVE.,0.);
#1134=IFCPROPERTYSET('08bQyukp$v25$_5xcvMd_m',#6,'Pset_QuantityTakeOff',$,(#74));
#1135=IFCPROPERTYSINGLEVALUE('Reference',$,IFCLABEL('15mm Foundation Slab'),$);
#1136=IFCPROPERTYSET('1piGFP$9NLOxlaZr5WWlso',#6,'Pset_ReinforcementBarPitchOfSlab',$,(#1135));
#1137=IFCPROPERTYSET('3g3UqJXb5y7H23zClSGwwi',#6,'Pset_SlabCommon',$,(#74,#78,#79,#80));
#1138=IFCRELDEFINESBYPROPERTIES('32$eEkiRAq8mFCDjgosjNu',#6,$,$,(#1132),#1134);
#1139=IFCRELDEFINESBYPROPERTIES('1oY4rEVIPvdlzV2EHuJ7ii',#6,$,$,(#1132),#1136);
#1140=IFCRELDEFINESBYPROPERTIES('18qISx5OY1Ux__JiX_K7yD',#6,$,$,(#1132),#1137);
#1141=IFCAXIS2PLACEMENT3D(#10,$,$);
#1142=IFCLOCALPLACEMENT(#28,#1141);
#1143=IFCCARTESIANPOINT((0.,0.));
#1144=IFCAXIS2PLACEMENT2D(#1143,#44);
#1145=IFCRECTANGLEPROFILEDEF(.AREA.,$,#1144,400.,400.00000000000438);
#1146=IFCCARTESIANPOINT((-25856.214254621129,-7173.6386702402151,0.));
#1147=IFCAXIS2PLACEMENT3D(#1146,#48,#49);
#1148=IFCEXTRUDEDAREASOLID(#1145,#1147,#51,150.);
#1149=IFCSTYLEDITEM(#1148,(#56),$);
#1150=IFCSHAPEREPRESENTATION(#15,'Body','SweptSolid',(#1148));
#1151=IFCPRODUCTDEFINITIONSHAPE($,$,(#1150));
#1152=IFCSLAB('3MsR0LfPbDzeWI2nZHukJW',#6,'Foundation Slab:15mm Foundation Slab:307643',$,$,#1142,#1151,'307643',.BASESLAB.);
#1153=IFCMATERIALLAYERSETUSAGE(#72,.AXIS3.,.POSITIVE.,0.);
#1154=IFCPROPERTYSET('36rwZMUwd6jYOcsw$z2bUt',#6,'Pset_QuantityTakeOff',$,(#74));
#1155=IFCPROPERTYSINGLEVALUE('Reference',$,IFCLABEL('15mm Foundation Slab'),$);
#1156=IFCPROPERTYSET('2AyD7dXBqh8BkatNExTBKL',#6,'Pset_ReinforcementBarPitchOfSlab',$,(#1155));
#1157=IFCPROPERTYSET('3FDORUnaUeyCbSpIwqqBll',#6,'Pset_SlabCommon',$,(#74,#78,#79,#80));
#1158=IFCRELDEFINESBYPROPERTIES('3DP0dxOCApY4YOvuaQIzwU',#6,$,$,(#1152),#1154);
#1159=IFCRELDEFINESBYPROPERTIES('1Arvh8czCLnUetzQENuxfr',#6,$,$,(#1152),#1156);
#1160=IFCRELDEFINESBYPROPERTIES('2cqxUUzbrmhGIPLi8nKrrB',#6,$,$,(#1152),#1157);
#1161=IFCAXIS2PLACEMENT3D(#10,$,$);
#1162=IFCLOCALPLACEMENT(#28,#1161);
#1163=IFCCARTESIANPOINT((0.,0.));
#1164=IFCAXIS2PLACEMENT2D(#1163,#44);
#1165=IFCRECTANGLEPROFILEDEF(.AREA.,$,#1164,400.,400.00000000000438);
#1166=IFCCARTESIANPOINT((-23156.214254621136,-7173.6386702402151,0.));
#1167=IFCAXIS2PLACEMENT3D(#1166,#48,#49);
#1168=IFCEXTRUDEDAREASOLID(#1165,#1167,#51,150.);
#1169=IFCSTYLEDITEM(#1168,(#56),$);
#1170=IFCSHAPEREPRESENTATION(#15,'Body','SweptSolid',(#1168));
#1171=IFCPRODUCTDEFINITIONSHAPE($,$,(#1170));
#1172=IFCSLAB('3MsR0LfPbDzeWI2nZHukIL',#6,'Foundation Slab:15mm Foundation Slab:307662',$,$,#1162,#1171,'307662',.BASESLAB.);
#1173=IFCMATERIALLAYERSETUSAGE(#72,.AXIS3.,.POSITIVE.,0.);
#1174=IFCPROPERTYSET('2AzVkJT$8opndo3RPuk$IU',#6,'Pset_QuantityTakeOff',$,(#74));
#1175=IFCPROPERTYSINGLEVALUE('Reference',$,IFCLABEL('15mm Foundation Slab'),$);
#1176=IFCPROPERTYSET('3i1sAsrIZFHVrrX1q1pM0T',#6,'Pset_ReinforcementBarPitchOfSlab',$,(#1175));
#1177=IFCPROPERTYSET('0XXWdIKEKAxYR4WDfR9Onx',#6,'Pset_SlabCommon',$,(#74,#78,#79,#80));
#1178=IFCRELDEFINESBYPROPERTIES('0iQiknPuX_MU_xURsgBi56',#6,$,$,(#1172),#1174);
#1179=IFCRELDEFINESBYPROPERTIES('2ceekFeBDhR2PSHFaJJHNt',#6,$,$,(#1172),#1176);
#1180=IFCRELDEFINESBYPROPERTIES('3EfZiqDRajxc9KCpJbMRpR',#6,$,$,(#1172),#1177);
#1181=IFCAXIS2PLACEMENT3D(#10,$,$);
#1182=IFCLOCALPLACEMENT(#28,#1181);
#1183=IFCCARTESIANPOINT((0.,0.));
#1184=IFCAXIS2PLACEMENT2D(#1183,#44);
#1185=IFCRECTANGLEPROFILEDEF(.AREA.,$,#1184,400.,400.00000000000438);
#1186=IFCCARTESIANPOINT((-20456.214254621125,-7173.638670240216,0.));
#1187=IFCAXIS2PLACEMENT3D(#1186,#48,#49);
#1188=IFCEXTRUDEDAREASOLID(#1185,#1187,#51,150.);
#1189=IFCSTYLEDITEM(#1188,(#56),$);
#1190=IFCSHAPEREPRESENTATION(#15,'Body','SweptSolid',(#1188));
#1191=IFCPRODUCTDEFINITIONSHAPE($,$,(#1190));
#1192=IFCSLAB('3MsR0LfPbDzeWI2nZHukI6',#6,'Foundation Slab:15mm Foundation Slab:307677',$,$,#1182,#1191,'307677',.BASESLAB.);
#1193=IFCMATERIALLAYERSETUSAGE(#72,.AXIS3.,.POSITIVE.,0.);
#1194=IFCPROPERTYSET('2QPNFNY32ndO_b0Ys2H0Vu',#6,'Pset_QuantityTakeOff',$,(#74));
#1195=IFCPROPERTYSINGLEVALUE('Reference',$,IFCLABEL('15mm Foundation Slab'),$);
#1196=IFCPROPERTYSET('2$hIiPvlMVtRlD8yXeki5s',#6,'Pset_ReinforcementBarPitchOfSlab',$,(#1195));
#1197=IFCPROPERTYSET('03SpEMusJ4qyO4or$Ql5Yb',#6,'Pset_SlabCommon',$,(#74,#78,#79,#80));
#1198=IFCRELDEFINESBYPROPERTIES('1DAE3oBQuWhSjq$X$eNTbm',#6,$,$,(#1192),#1194);
#1199=IFCRELDEFINESBYPROPERTIES('2dgTffbo4h1LOmhpFqKGqJ',#6,$,$,(#1192),#1196);
#1200=IFCRELDEFINESBYPROPERTIES('3H4wDEaxDTm9f0XCMD2vvv',#6,$,$,(#1192),#1197);
#1201=IFCAXIS2PLACEMENT3D(#10,$,$);
#1202=IFCLOCALPLACEMENT(#28,#1201);
#1203=IFCCARTESIANPOINT((0.,0.));
#1204=IFCAXIS2PLACEMENT2D(#1203,#44);
#1205=IFCRECTANGLEPROFILEDEF(.AREA.,$,#1204,400.,400.00000000000438);
#1206=IFCCARTESIANPOINT((-17576.214254621122,-7173.6386702402151,0.));
#1207=IFCAXIS2PLACEMENT3D(#1206,#48,#49);
#1208=IFCEXTRUDEDAREASOLID(#1205,#1207,#51,150.);
#1209=IFCSTYLEDITEM(#1208,(#56),$);
#1210=IFCSHAPEREPRESENTATION(#15,'Body','SweptSolid',(#1208));
#1211=IFCPRODUCTDEFINITIONSHAPE($,$,(#1210));
#1212=IFCSLAB('3MsR0LfPbDzeWI2nZHukIt',#6,'Foundation Slab:15mm Foundation Slab:307692',$,$,#1202,#1211,'307692',.BASESLAB.);
#1213=IFCMATERIALLAYERSETUSAGE(#72,.AXIS3.,.POSITIVE.,0.);
#1214=IFCPROPERTYSET('2Tt5N$_tOqusliuI5P371a',#6,'Pset_QuantityTakeOff',$,(#74));
#1215=IFCPROPERTYSINGLEVALUE('Reference',$,IFCLABEL('15mm Foundation Slab'),$);
#1216=IFCPROPERTYSET('3rORFAnToJdy8rRk74PMLM',#6,'Pset_ReinforcementBarPitchOfSlab',$,(#1215));
#1217=IFCPROPERTYSET('2j8cCwsoLKy3Nu_j1d58AX',#6,'Pset_SlabCommon',$,(#74,#78,#79,#80));
#1218=IFCRELDEFINESBYPROPERTIES('1IhRgHbnQQRB58xual22pT',#6,$,$,(#1212),#1214);
#1219=IFCRELDEFINESBYPROPERTIES('0Bu8iIgMpGcqj4s92AnOd4',#6,$,$,(#1212),#1216);
#1220=IFCRELDEFINESBYPROPERTIES('0UlLoeevVoSAX_Z_NMp8kd',#6,$,$,(#1212),#1217);
#1221=IFCAXIS2PLACEMENT3D(#10,$,$);
#1222=IFCLOCALPLACEMENT(#28,#1221);
#1223=IFCCARTESIANPOINT((0.,0.));
#1224=IFCAXIS2PLACEMENT2D(#1223,#44);
#1225=IFCRECTANGLEPROFILEDEF(.AREA.,$,#1224,400.,400.00000000000438);
#1226=IFCCARTESIANPOINT((-9356.214254621118,-7173.638670240216,0.));
#1227=IFCAXIS2PLACEMENT3D(#1226,#48,#49);
#1228=IFCEXTRUDEDAREASOLID(#1225,#1227,#51,150.);
#1229=IFCSTYLEDITEM(#1228,(#56),$);
#1230=IFCSHAPEREPRESENTATION(#15,'Body','SweptSolid',(#1228));
#1231=IFCPRODUCTDEFINITIONSHAPE($,$,(#1230));
#1232=IFCSLAB('3MsR0LfPbDzeWI2nZHukIa',#6,'Foundation Slab:15mm Foundation Slab:307711',$,$,#1222,#1231,'307711',.BASESLAB.);
#1233=IFCMATERIALLAYERSETUSAGE(#72,.AXIS3.,.POSITIVE.,0.);
#1234=IFCPROPERTYSET('0uYiSzyl3UV5uqPyt0qRdj',#6,'Pset_QuantityTakeOff',$,(#74));
#1235=IFCPROPERTYSINGLEVALUE('Reference',$,IFCLABEL('15mm Foundation Slab'),$);
#1236=IFCPROPERTYSET('0aNWKQGzThzlPJf3wrVVZC',#6,'Pset_ReinforcementBarPitchOfSlab',$,(#1235));
#1237=IFCPROPERTYSET('04Xfzuwpj9K$i2MaS1CTAU',#6,'Pset_SlabCommon',$,(#74,#78,#79,#80));
#1238=IFCRELDEFINESBYPROPERTIES('2AIXUTphPgaN9p01HEowSZ',#6,$,$,(#1232),#1234);
#1239=IFCRELDEFINESBYPROPERTIES('1ADwKeQ4rg5SH2kqhdZzg6',#6,$,$,(#1232),#1236);
#1240=IFCRELDEFINESBYPROPERTIES('2a8j8w4OGjzDgIaQr1H6uE',#6,$,$,(#1232),#1237);
#1241=IFCAXIS2PLACEMENT3D(#10,$,$);
#1242=IFCLOCALPLACEMENT(#28,#1241);
#1243=IFCCARTESIANPOINT((0.,0.));
#1244=IFCAXIS2PLACEMENT2D(#1243,#44);
#1245=IFCRECTANGLEPROFILEDEF(.AREA.,$,#1244,400.,400.00000000000438);
#1246=IFCCARTESIANPOINT((-6656.2142546211298,-7173.6386702402151,0.));
#1247=IFCAXIS2PLACEMENT3D(#1246,#48,#49);
#1248=IFCEXTRUDEDAREASOLID(#1245,#1247,#51,150.);
#1249=IFCSTYLEDITEM(#1248,(#56),$);
#1250=IFCSHAPEREPRESENTATION(#15,'Body','SweptSolid',(#1248));
#1251=IFCPRODUCTDEFINITIONSHAPE($,$,(#1250));
#1252=IFCSLAB('3MsR0LfPbDzeWI2nZHukTL',#6,'Foundation Slab:15mm Foundation Slab:307726',$,$,#1242,#1251,'307726',.BASESLAB.);
#1253=IFCMATERIALLAYERSETUSAGE(#72,.AXIS3.,.POSITIVE.,0.);
#1254=IFCPROPERTYSET('2Rhg6ApNGoGFGbgUOYxnkS',#6,'Pset_QuantityTakeOff',$,(#74));
#1255=IFCPROPERTYSINGLEVALUE('Reference',$,IFCLABEL('15mm Foundation Slab'),$);
#1256=IFCPROPERTYSET('2MachcSEnqWt2Y2b_JDZwR',#6,'Pset_ReinforcementBarPitchOfSlab',$,(#1255));
#1257=IFCPROPERTYSET('0ZyKmv5a$qLPURgSn5C6VV',#6,'Pset_SlabCommon',$,(#74,#78,#79,#80));
#1258=IFCRELDEFINESBYPROPERTIES('3d0hU_qob7_Q1wufwpS3OO',#6,$,$,(#1252),#1254);
#1259=IFCRELDEFINESBYPROPERTIES('3UpJMdog4ybm50zL6gx621',#6,$,$,(#1252),#1256);
#1260=IFCRELDEFINESBYPROPERTIES('34Q$yzTXBq7V0oJJQqG_id',#6,$,$,(#1252),#1257);
#1261=IFCAXIS2PLACEMENT3D(#10,$,$);
#1262=IFCLOCALPLACEMENT(#28,#1261);
#1263=IFCCARTESIANPOINT((0.,0.));
#1264=IFCAXIS2PLACEMENT2D(#1263,#44);
#1265=IFCRECTANGLEPROFILEDEF(.AREA.,$,#1264,400.,400.00000000000438);
#1266=IFCCARTESIANPOINT((-3956.214254621133,-7173.6386702402378,0.));
#1267=IFCAXIS2PLACEMENT3D(#1266,#48,#49);
#1268=IFCEXTRUDEDAREASOLID(#1265,#1267,#51,150.);
#1269=IFCSTYLEDITEM(#1268,(#56),$);
#1270=IFCSHAPEREPRESENTATION(#15,'Body','SweptSolid',(#1268));
#1271=IFCPRODUCTDEFINITIONSHAPE($,$,(#1270));
#1272=IFCSLAB('3MsR0LfPbDzeWI2nZHukT6',#6,'Foundation Slab:15mm Foundation Slab:307741',$,$,#1262,#1271,'307741',.BASESLAB.);
#1273=IFCMATERIALLAYERSETUSAGE(#72,.AXIS3.,.POSITIVE.,0.);
#1274=IFCPROPERTYSET('34gjmqcmhcV8E25wVG0FC5',#6,'Pset_QuantityTakeOff',$,(#74));
#1275=IFCPROPERTYSINGLEVALUE('Reference',$,IFCLABEL('15mm Foundation Slab'),$);
#1276=IFCPROPERTYSET('3urM0BozcaNlSAGwprvrwn',#6,'Pset_ReinforcementBarPitchOfSlab',$,(#1275));
#1277=IFCPROPERTYSET('1S26X98WErWAzWvAgg_xVy',#6,'Pset_SlabCommon',$,(#74,#78,#79,#80));
#1278=IFCRELDEFINESBYPROPERTIES('3EgqYjoFePdbxe_v0wiAHi',#6,$,$,(#1272),#1274);
#1279=IFCRELDEFINESBYPROPERTIES('0OyOe3kAEJN0P0YOEoYfSJ',#6,$,$,(#1272),#1276);
#1280=IFCRELDEFINESBYPROPERTIES('1qr3$tUlwRrIClHEwT3ZF2',#6,$,$,(#1272),#1277);
#1281=IFCAXIS2PLACEMENT3D(#10,$,$);
#1282=IFCLOCALPLACEMENT(#28,#1281);
#1283=IFCCARTESIANPOINT((0.,0.));
#1284=IFCAXIS2PLACEMENT2D(#1283,#44);
#1285=IFCRECTANGLEPROFILEDEF(.AREA.,$,#1284,400.,400.00000000000438);
#1286=IFCCARTESIANPOINT((-1256.2142546211101,-7173.6386702402151,0.));
#1287=IFCAXIS2PLACEMENT3D(#1286,#48,#49);
#1288=IFCEXTRUDEDAREASOLID(#1285,#1287,#51,150.);
#1289=IFCSTYLEDITEM(#1288,(#56),$);
#1290=IFCSHAPEREPRESENTATION(#15,'Body','SweptSolid',(#1288));
#1291=IFCPRODUCTDEFINITIONSHAPE($,$,(#1290));
#1292=IFCSLAB('3MsR0LfPbDzeWI2nZHukTt',#6,'Foundation Slab:15mm Foundation Slab:307756',$,$,#1282,#1291,'307756',.BASESLAB.);
#1293=IFCMATERIALLAYERSETUSAGE(#72,.AXIS3.,.POSITIVE.,0.);
#1294=IFCPROPERTYSET('0gRccQ8$PFVZ5$pr1_wRIP',#6,'Pset_QuantityTakeOff',$,(#74));
#1295=IFCPROPERTYSINGLEVALUE('Reference',$,IFCLABEL('15mm Foundation Slab'),$);
#1296=IFCPROPERTYSET('3OZzS8R$6$onbB_amum0jn',#6,'Pset_ReinforcementBarPitchOfSlab',$,(#1295));
#1297=IFCPROPERTYSET('1k3sYxwIjVMcqgy9d_$dfi',#6,'Pset_SlabCommon',$,(#74,#78,#79,#80));
#1298=IFCRELDEFINESBYPROPERTIES('0pG59NRq_i02E1romtuSKJ',#6,$,$,(#1292),#1294);
#1299=IFCRELDEFINESBYPROPERTIES('2GkVe3eJ6rTynBoYQEbyDq',#6,$,$,(#1292),#1296);
#1300=IFCRELDEFINESBYPROPERTIES('1JLMdif6DwHVnLyGMIw$JO',#6,$,$,(#1292),#1297);
#1301=IFCAXIS2PLACEMENT3D(#10,$,$);
#1302=IFCLOCALPLACEMENT(#28,#1301);
#1303=IFCCARTESIANPOINT((0.,0.));
#1304=IFCAXIS2PLACEMENT2D(#1303,#44);
#1305=IFCRECTANGLEPROFILEDEF(.AREA.,$,#1304,400.,400.00000000000438);
#1306=IFCCARTESIANPOINT((9093.7857453788802,-7173.6386702402151,0.));
#1307=IFCAXIS2PLACEMENT3D(#1306,#48,#49);
#1308=IFCEXTRUDEDAREASOLID(#1305,#1307,#51,150.);
#1309=IFCSTYLEDITEM(#1308,(#56),$);
#1310=IFCSHAPEREPRESENTATION(#15,'Body','SweptSolid',(#1308));
#1311=IFCPRODUCTDEFINITIONSHAPE($,$,(#1310));
#1312=IFCSLAB('3MsR0LfPbDzeWI2nZHukTc',#6,'Foundation Slab:15mm Foundation Slab:307773',$,$,#1302,#1311,'307773',.BASESLAB.);
#1313=IFCMATERIALLAYERSETUSAGE(#72,.AXIS3.,.POSITIVE.,0.);
#1314=IFCPROPERTYSET('0DwUGx$u0KOaBrJWqHofYJ',#6,'Pset_QuantityTakeOff',$,(#74));
#1315=IFCPROPERTYSINGLEVALUE('Reference',$,IFCLABEL('15mm Foundation Slab'),$);
#1316=IFCPROPERTYSET('3z41f3IBO1itrabcGiFrM5',#6,'Pset_ReinforcementBarPitchOfSlab',$,(#1315));
#1317=IFCPROPERTYSET('2QwDDeaXb9LbQEZJKDCmoO',#6,'Pset_SlabCommon',$,(#74,#78,#79,#80));
#1318=IFCRELDEFINESBYPROPERTIES('1CaLsb9dMAZU8T2Iogi9kp',#6,$,$,(#1312),#1314);
#1319=IFCRELDEFINESBYPROPERTIES('0XTWF3SybE4IV8IOZW7Rd9',#6,$,$,(#1312),#1316);
#1320=IFCRELDEFINESBYPROPERTIES('1nUJJzV1OVidOHYrZHnMRq',#6,$,$,(#1312),#1317);
#1321=IFCAXIS2PLACEMENT3D(#10,$,$);
#1322=IFCLOCALPLACEMENT(#28,#1321);
#1323=IFCCARTESIANPOINT((0.,0.));
#1324=IFCAXIS2PLACEMENT2D(#1323,#44);
#1325=IFCRECTANGLEPROFILEDEF(.AREA.,$,#1324,400.,400.00000000000438);
#1326=IFCCARTESIANPOINT((11793.785745378891,-7173.638670240216,0.));
#1327=IFCAXIS2PLACEMENT3D(#1326,#48,#49);
#1328=IFCEXTRUDEDAREASOLID(#1325,#1327,#51,150.);
#1329=IFCSTYLEDITEM(#1328,(#56),$);
#1330=IFCSHAPEREPRESENTATION(#15,'Body','SweptSolid',(#1328));
#1331=IFCPRODUCTDEFINITIONSHAPE($,$,(#1330));
#1332=IFCSLAB('3MsR0LfPbDzeWI2nZHukSN',#6,'Foundation Slab:15mm Foundation Slab:307788',$,$,#1322,#1331,'307788',.BASESLAB.);
#1333=IFCMATERIALLAYERSETUSAGE(#72,.AXIS3.,.POSITIVE.,0.);
#1334=IFCPROPERTYSET('0AhqnnBaVIBKXnnHHt0gP0',#6,'Pset_QuantityTakeOff',$,(#74));
#1335=IFCPROPERTYSINGLEVALUE('Reference',$,IFCLABEL('15mm Foundation Slab'),$);
#1336=IFCPROPERTYSET('1JyG_ZGn1$PI4u$GRoJeAB',#6,'Pset_ReinforcementBarPitchOfSlab',$,(#1335));
#1337=IFCPROPERTYSET('0AOgH6sO2Vk2v4GHUt_GeO',#6,'Pset_SlabCommon',$,(#74,#78,#79,#80));
#1338=IFCRELDEFINESBYPROPERTIES('3h6alEs644mO7ItocL6I7p',#6,$,$,(#1332),#1334);
#1339=IFCRELDEFINESBYPROPERTIES('19ZUXsp66fJNnN8PZ3yWlJ',#6,$,$,(#1332),#1336);
#1340=IFCRELDEFINESBYPROPERTIES('3RWpOhU0PvVDrLuARzQGTb',#6,$,$,(#1332),#1337);
#1341=IFCAXIS2PLACEMENT3D(#10,$,$);
#1342=IFCLOCALPLACEMENT(#28,#1341);
#1343=IFCCARTESIANPOINT((0.,0.));
#1344=IFCAXIS2PLACEMENT2D(#1343,#44);
#1345=IFCRECTANGLEPROFILEDEF(.AREA.,$,#1344,499.99999999999898,300.00000000000108);
#1346=IFCCARTESIANPOINT((-30821.214254621169,-20283.638670240256,0.));
#1347=IFCAXIS2PLACEMENT3D(#1346,#48,#49);
#1348=IFCEXTRUDEDAREASOLID(#1345,#1347,#51,150.);
#1349=IFCSTYLEDITEM(#1348,(#56),$);
#1350=IFCSHAPEREPRESENTATION(#15,'Body','SweptSolid',(#1348));
#1351=IFCPRODUCTDEFINITIONSHAPE($,$,(#1350));
#1352=IFCSLAB('3MsR0LfPbDzeWI2nZHukVJ',#6,'Foundation Slab:15mm Foundation Slab:307848',$,$,#1342,#1351,'307848',.BASESLAB.);
#1353=IFCMATERIALLAYERSETUSAGE(#72,.AXIS3.,.POSITIVE.,0.);
#1354=IFCPROPERTYSET('19oTM$GNzeu8nGyMb6zIUq',#6,'Pset_QuantityTakeOff',$,(#74));
#1355=IFCPROPERTYSINGLEVALUE('Reference',$,IFCLABEL('15mm Foundation Slab'),$);
#1356=IFCPROPERTYSET('2xVTwdWPz8F6B1kQmzvXsS',#6,'Pset_ReinforcementBarPitchOfSlab',$,(#1355));
#1357=IFCPROPERTYSET('2PD04IvmE851Jx6pFHpcJZ',#6,'Pset_SlabCommon',$,(#74,#78,#79,#80));
#1358=IFCRELDEFINESBYPROPERTIES('0FtZcrYdB5vS4Dvwf_wDKf',#6,$,$,(#1352),#1354);
#1359=IFCRELDEFINESBYPROPERTIES('3hsuA7PHmyvHEfy3THAxSA',#6,$,$,(#1352),#1356);
#1360=IFCRELDEFINESBYPROPERTIES('2iqIK_cxBl0l1Nk6brFqeX',#6,$,$,(#1352),#1357);
#1361=IFCAXIS2PLACEMENT3D(#10,$,$);
#1362=IFCLOCALPLACEMENT(#28,#1361);
#1363=IFCCARTESIANPOINT((0.,0.));
#1364=IFCAXIS2PLACEMENT2D(#1363,#44);
#1365=IFCRECTANGLEPROFILEDEF(.AREA.,$,#1364,499.99999999999898,300.00000000000108);
#1366=IFCCARTESIANPOINT((-27621.214254621173,-20283.638670240267,0.));
#1367=IFCAXIS2PLACEMENT3D(#1366,#48,#49);
#1368=IFCEXTRUDEDAREASOLID(#1365,#1367,#51,150.);
#1369=IFCSTYLEDITEM(#1368,(#56),$);
#1370=IFCSHAPEREPRESENTATION(#15,'Body','SweptSolid',(#1368));
#1371=IFCPRODUCTDEFINITIONSHAPE($,$,(#1370));
#1372=IFCSLAB('3MsR0LfPbDzeWI2nZHukPJ',#6,'Foundation Slab:15mm Foundation Slab:307976',$,$,#1362,#1371,'307976',.BASESLAB.);
#1373=IFCMATERIALLAYERSETUSAGE(#72,.AXIS3.,.POSITIVE.,0.);
#1374=IFCPROPERTYSET('2imnpCF_g17F__4Xkxr4$o',#6,'Pset_QuantityTakeOff',$,(#74));
#1375=IFCPROPERTYSINGLEVALUE('Reference',$,IFCLABEL('15mm Foundation Slab'),$);
#1376=IFCPROPERTYSET('0X0HC0fbX4_uwa87nVEE$b',#6,'Pset_ReinforcementBarPitchOfSlab',$,(#1375));
#1377=IFCPROPERTYSET('2VMmjHrho8BBPqkK1Lewl7',#6,'Pset_SlabCommon',$,(#74,#78,#79,#80));
#1378=IFCRELDEFINESBYPROPERTIES('38OQJDxnSQCj9iL$YDbi_F',#6,$,$,(#1372),#1374);
#1379=IFCRELDEFINESBYPROPERTIES('0_06NjTH5_nS3$8oaFGl7N',#6,$,$,(#1372),#1376);
#1380=IFCRELDEFINESBYPROPERTIES('33PCC4fXlx6qUxDMvBSiH4',#6,$,$,(#1372),#1377);
#1381=IFCAXIS2PLACEMENT3D(#10,$,$);
#1382=IFCLOCALPLACEMENT(#28,#1381);
#1383=IFCCARTESIANPOINT((0.,0.));
#1384=IFCAXIS2PLACEMENT2D(#1383,#44);
#1385=IFCRECTANGLEPROFILEDEF(.AREA.,$,#1384,499.99999999999898,300.00000000000108);
#1386=IFCCARTESIANPOINT((-24421.214254621165,-20283.638670240274,0.));
#1387=IFCAXIS2PLACEMENT3D(#1386,#48,#49);
#1388=IFCEXTRUDEDAREASOLID(#1385,#1387,#51,150.);
#1389=IFCSTYLEDITEM(#1388,(#56),$);
#1390=IFCSHAPEREPRESENTATION(#15,'Body','SweptSolid',(#1388));
#1391=IFCPRODUCTDEFINITIONSHAPE($,$,(#1390));
#1392=IFCSLAB('3MsR0LfPbDzeWI2nZHukP0',#6,'Foundation Slab:15mm Foundation Slab:307995',$,$,#1382,#1391,'307995',.BASESLAB.);
#1393=IFCMATERIALLAYERSETUSAGE(#72,.AXIS3.,.POSITIVE.,0.);
#1394=IFCPROPERTYSET('37QPGqB3BqGAehh3yWqHge',#6,'Pset_QuantityTakeOff',$,(#74));
#1395=IFCPROPERTYSINGLEVALUE('Reference',$,IFCLABEL('15mm Foundation Slab'),$);
#1396=IFCPROPERTYSET('2Em3fkpCziPrZYCoos9BJo',#6,'Pset_ReinforcementBarPitchOfSlab',$,(#1395));
#1397=IFCPROPERTYSET('0VwQhGF6MCk2Nr5N7DY_5p',#6,'Pset_SlabCommon',$,(#74,#78,#79,#80));
#1398=IFCRELDEFINESBYPROPERTIES('0TC_IZxCkQ79ZWuxATEsyw',#6,$,$,(#1392),#1394);
#1399=IFCRELDEFINESBYPROPERTIES('2kSgUWOnh5Ls04dI1_gIjD',#6,$,$,(#1392),#1396);
#1400=IFCRELDEFINESBYPROPERTIES('1$uycuM8opAb3qq5D1AAVx',#6,$,$,(#1392),#1397);
#1401=IFCAXIS2PLACEMENT3D(#10,$,$);
#1402=IFCLOCALPLACEMENT(#28,#1401);
#1403=IFCCARTESIANPOINT((0.,0.));
#1404=IFCAXIS2PLACEMENT2D(#1403,#44);
#1405=IFCRECTANGLEPROFILEDEF(.AREA.,$,#1404,499.99999999999898,300.00000000000108);
#1406=IFCCARTESIANPOINT((-21221.214254621165,-20283.638670240281,0.));
#1407=IFCAXIS2PLACEMENT3D(#1406,#48,#49);
#1408=IFCEXTRUDEDAREASOLID(#1405,#1407,#51,150.);
#1409=IFCSTYLEDITEM(#1408,(#56),$);
#1410=IFCSHAPEREPRESENTATION(#15,'Body','SweptSolid',(#1408));
#1411=IFCPRODUCTDEFINITIONSHAPE($,$,(#1410));
#1412=IFCSLAB('3MsR0LfPbDzeWI2nZHukPn',#6,'Foundation Slab:15mm Foundation Slab:308010',$,$,#1402,#1411,'308010',.BASESLAB.);
#1413=IFCMATERIALLAYERSETUSAGE(#72,.AXIS3.,.POSITIVE.,0.);
#1414=IFCPROPERTYSET('2aDSVTaTSfNwFBxOE$4Yp$',#6,'Pset_QuantityTakeOff',$,(#74));
#1415=IFCPROPERTYSINGLEVALUE('Reference',$,IFCLABEL('15mm Foundation Slab'),$);
#1416=IFCPROPERTYSET('2$DuLW5RPa3RCJdwft7l_f',#6,'Pset_ReinforcementBarPitchOfSlab',$,(#1415));
#1417=IFCPROPERTYSET('26AK5MgDUZ0jOcwkCy9hPG',#6,'Pset_SlabCommon',$,(#74,#78,#79,#80));
#1418=IFCRELDEFINESBYPROPERTIES('2EGdw8VWUlDHguqRMiut5U',#6,$,$,(#1412),#1414);
#1419=IFCRELDEFINESBYPROPERTIES('3W9bSppb1T$Dr1K0SWLKOS',#6,$,$,(#1412),#1416);
#1420=IFCRELDEFINESBYPROPERTIES('2LiyHDnLrQg6B$uBfeuz8f',#6,$,$,(#1412),#1417);
#1421=IFCAXIS2PLACEMENT3D(#10,$,$);
#1422=IFCLOCALPLACEMENT(#28,#1421);
#1423=IFCCARTESIANPOINT((0.,0.));
#1424=IFCAXIS2PLACEMENT2D(#1423,#44);
#1425=IFCRECTANGLEPROFILEDEF(.AREA.,$,#1424,499.99999999999898,300.00000000000108);
#1426=IFCCARTESIANPOINT((-18021.214254621162,-20283.638670240292,0.));
#1427=IFCAXIS2PLACEMENT3D(#1426,#48,#49);
#1428=IFCEXTRUDEDAREASOLID(#1425,#1427,#51,150.);
#1429=IFCSTYLEDITEM(#1428,(#56),$);
#1430=IFCSHAPEREPRESENTATION(#15,'Body','SweptSolid',(#1428));
#1431=IFCPRODUCTDEFINITIONSHAPE($,$,(#1430));
#1432=IFCSLAB('3MsR0LfPbDzeWI2nZHukPY',#6,'Foundation Slab:15mm Foundation Slab:308025',$,$,#1422,#1431,'308025',.BASESLAB.);
#1433=IFCMATERIALLAYERSETUSAGE(#72,.AXIS3.,.POSITIVE.,0.);
#1434=IFCPROPERTYSET('1emqUNc_CvbvkE0bvkc_Re',#6,'Pset_QuantityTakeOff',$,(#74));
#1435=IFCPROPERTYSINGLEVALUE('Reference',$,IFCLABEL('15mm Foundation Slab'),$);
#1436=IFCPROPERTYSET('2kIXl2o2B64qt2g$aoQawp',#6,'Pset_ReinforcementBarPitchOfSlab',$,(#1435));
#1437=IFCPROPERTYSET('0gjCN7umM$Fx5B1PnYX6ge',#6,'Pset_SlabCommon',$,(#74,#78,#79,#80));
#1438=IFCRELDEFINESBYPROPERTIES('0jeFV6$5RU6cRiC8y0k0XI',#6,$,$,(#1432),#1434);
#1439=IFCRELDEFINESBYPROPERTIES('1DsEKIwZ6wANPALlOPeGDF',#6,$,$,(#1432),#1436);
#1440=IFCRELDEFINESBYPROPERTIES('2teWmUTCX1lrSDZo1HtrNO',#6,$,$,(#1432),#1437);
#1441=IFCAXIS2PLACEMENT3D(#10,$,$);
#1442=IFCLOCALPLACEMENT(#28,#1441);
#1443=IFCCARTESIANPOINT((0.,0.));
#1444=IFCAXIS2PLACEMENT2D(#1443,#44);
#1445=IFCRECTANGLEPROFILEDEF(.AREA.,$,#1444,499.99999999999898,300.00000000000108);
#1446=IFCCARTESIANPOINT((-14821.214254621162,-20283.6386702403,0.));
#1447=IFCAXIS2PLACEMENT3D(#1446,#48,#49);
#1448=IFCEXTRUDEDAREASOLID(#1445,#1447,#51,150.);
#1449=IFCSTYLEDITEM(#1448,(#56),$);
#1450=IFCSHAPEREPRESENTATION(#15,'Body','SweptSolid',(#1448));
#1451=IFCPRODUCTDEFINITIONSHAPE($,$,(#1450));
#1452=IFCSLAB('3MsR0LfPbDzeWI2nZHukOJ',#6,'Foundation Slab:15mm Foundation Slab:308040',$,$,#1442,#1451,'308040',.BASESLAB.);
#1453=IFCMATERIALLAYERSETUSAGE(#72,.AXIS3.,.POSITIVE.,0.);
#1454=IFCPROPERTYSET('2hFCLi_hyi3efjBj$ql$Kh',#6,'Pset_QuantityTakeOff',$,(#74));
#1455=IFCPROPERTYSINGLEVALUE('Reference',$,IFCLABEL('15mm Foundation Slab'),$);
#1456=IFCPROPERTYSET('06F1qfmg5gCIWtHst0Wwth',#6,'Pset_ReinforcementBarPitchOfSlab',$,(#1455));
#1457=IFCPROPERTYSET('3k$LNCe_OEfUQfwqFSWPiC',#6,'Pset_SlabCommon',$,(#74,#78,#79,#80));
#1458=IFCRELDEFINESBYPROPERTIES('3ym8rQd9YitMAhs0fXBdUZ',#6,$,$,(#1452),#1454);
#1459=IFCRELDEFINESBYPROPERTIES('1icmwPjjoXRn6rLmpy1syZ',#6,$,$,(#1452),#1456);
#1460=IFCRELDEFINESBYPROPERTIES('2JPmldBP9Mk0NKWGcIV9wd',#6,$,$,(#1452),#1457);
#1461=IFCAXIS2PLACEMENT3D(#10,$,$);
#1462=IFCLOCALPLACEMENT(#28,#1461);
#1463=IFCCARTESIANPOINT((0.,0.));
#1464=IFCAXIS2PLACEMENT2D(#1463,#44);
#1465=IFCRECTANGLEPROFILEDEF(.AREA.,$,#1464,499.99999999999898,300.00000000000108);
#1466=IFCCARTESIANPOINT((-11621.214254621162,-20283.638670240311,0.));
#1467=IFCAXIS2PLACEMENT3D(#1466,#48,#49);
#1468=IFCEXTRUDEDAREASOLID(#1465,#1467,#51,150.);
#1469=IFCSTYLEDITEM(#1468,(#56),$);
#1470=IFCSHAPEREPRESENTATION(#15,'Body','SweptSolid',(#1468));
#1471=IFCPRODUCTDEFINITIONSHAPE($,$,(#1470));
#1472=IFCSLAB('3MsR0LfPbDzeWI2nZHukOC',#6,'Foundation Slab:15mm Foundation Slab:308055',$,$,#1462,#1471,'308055',.BASESLAB.);
#1473=IFCMATERIALLAYERSETUSAGE(#72,.AXIS3.,.POSITIVE.,0.);
#1474=IFCPROPERTYSET('0RJdPXWFXPaoYJjoH33GfX',#6,'Pset_QuantityTakeOff',$,(#74));
#1475=IFCPROPERTYSINGLEVALUE('Reference',$,IFCLABEL('15mm Foundation Slab'),$);
#1476=IFCPROPERTYSET('13b795yq8aUPWLHJXDX1zG',#6,'Pset_ReinforcementBarPitchOfSlab',$,(#1475));
#1477=IFCPROPERTYSET('0bEali3slA8N6C8ixDK4rC',#6,'Pset_SlabCommon',$,(#74,#78,#79,#80));
#1478=IFCRELDEFINESBYPROPERTIES('0bdXxXmkeP44dkVGgRECVx',#6,$,$,(#1472),#1474);
#1479=IFCRELDEFINESBYPROPERTIES('1vwSedWxTYabEcyBd_dpcr',#6,$,$,(#1472),#1476);
#1480=IFCRELDEFINESBYPROPERTIES('0vVASY5HgsNtGvVlAUTxt6',#6,$,$,(#1472),#1477);
#1481=IFCAXIS2PLACEMENT3D(#10,$,$);
#1482=IFCLOCALPLACEMENT(#28,#1481);
#1483=IFCCARTESIANPOINT((0.,0.));
#1484=IFCAXIS2PLACEMENT2D(#1483,#44);
#1485=IFCRECTANGLEPROFILEDEF(.AREA.,$,#1484,499.99999999999898,300.00000000000108);
#1486=IFCCARTESIANPOINT((-8421.2142546211617,-20283.638670240318,0.));
#1487=IFCAXIS2PLACEMENT3D(#1486,#48,#49);
#1488=IFCEXTRUDEDAREASOLID(#1485,#1487,#51,150.);
#1489=IFCSTYLEDITEM(#1488,(#56),$);
#1490=IFCSHAPEREPRESENTATION(#15,'Body','SweptSolid',(#1488));
#1491=IFCPRODUCTDEFINITIONSHAPE($,$,(#1490));
#1492=IFCSLAB('3MsR0LfPbDzeWI2nZHukOz',#6,'Foundation Slab:15mm Foundation Slab:308070',$,$,#1482,#1491,'308070',.BASESLAB.);
#1493=IFCMATERIALLAYERSETUSAGE(#72,.AXIS3.,.POSITIVE.,0.);
#1494=IFCPROPERTYSET('3ffyNw5Hgdc1Fq7LX92TiI',#6,'Pset_QuantityTakeOff',$,(#74));
#1495=IFCPROPERTYSINGLEVALUE('Reference',$,IFCLABEL('15mm Foundation Slab'),$);
#1496=IFCPROPERTYSET('0M7$7fYlN7Aco9kpoznmXV',#6,'Pset_ReinforcementBarPitchOfSlab',$,(#1495));
#1497=IFCPROPERTYSET('2A5kn7P337WqBTcz_tfUgd',#6,'Pset_SlabCommon',$,(#74,#78,#79,#80));
#1498=IFCRELDEFINESBYPROPERTIES('18L5EVEqaabyJ3yj6RDl4j',#6,$,$,(#1492),#1494);
#1499=IFCRELDEFINESBYPROPERTIES('3o3kw1GJ4KklkWlB0UUSoa',#6,$,$,(#1492),#1496);
#1500=IFCRELDEFINESBYPROPERTIES('1drhhLCaYDDfpShwoSzBT1',#6,$,$,(#1492),#1497);
#1501=IFCAXIS2PLACEMENT3D(#10,$,$);
#1502=IFCLOCALPLACEMENT(#28,#1501);
#1503=IFCCARTESIANPOINT((0.,0.));
#1504=IFCAXIS2PLACEMENT2D(#1503,#44);
#1505=IFCRECTANGLEPROFILEDEF(.AREA.,$,#1504,499.99999999999898,300.00000000000108);
#1506=IFCCARTESIANPOINT((-5221.2142546211526,-20283.638670240325,0.));
#1507=IFCAXIS2PLACEMENT3D(#1506,#48,#49);
#1508=IFCEXTRUDEDAREASOLID(#1505,#1507,#51,150.);
#1509=IFCSTYLEDITEM(#1508,(#56),$);
#1510=IFCSHAPEREPRESENTATION(#15,'Body','SweptSolid',(#1508));
#1511=IFCPRODUCTDEFINITIONSHAPE($,$,(#1510));
#1512=IFCSLAB('3MsR0LfPbDzeWI2nZHukOk',#6,'Foundation Slab:15mm Foundation Slab:308085',$,$,#1502,#1511,'308085',.BASESLAB.);
#1513=IFCMATERIALLAYERSETUSAGE(#72,.AXIS3.,.POSITIVE.,0.);
#1514=IFCPROPERTYSET('2_otq63pyakAZAz9CxjmpB',#6,'Pset_QuantityTakeOff',$,(#74));
#1515=IFCPROPERTYSINGLEVALUE('Reference',$,IFCLABEL('15mm Foundation Slab'),$);
#1516=IFCPROPERTYSET('08SURH3aKLamFEFh6dvM3v',#6,'Pset_ReinforcementBarPitchOfSlab',$,(#1515));
#1517=IFCPROPERTYSET('2b_JhFMrGxVnixyi0Y3U3N',#6,'Pset_SlabCommon',$,(#74,#78,#79,#80));
#1518=IFCRELDEFINESBYPROPERTIES('1O6pCQlXq_d0uSk4l8BCa2',#6,$,$,(#1512),#1514);
#1519=IFCRELDEFINESBYPROPERTIES('38Jk7muEjqCxZxZnKXqIT$',#6,$,$,(#1512),#1516);
#1520=IFCRELDEFINESBYPROPERTIES('3ny9ZSgFcHy_ZTAZ4zKodx',#6,$,$,(#1512),#1517);
#1521=IFCAXIS2PLACEMENT3D(#10,$,$);
#1522=IFCLOCALPLACEMENT(#28,#1521);
#1523=IFCCARTESIANPOINT((0.,0.));
#1524=IFCAXIS2PLACEMENT2D(#1523,#44);
#1525=IFCRECTANGLEPROFILEDEF(.AREA.,$,#1524,499.99999999999898,300.00000000000108);
#1526=IFCCARTESIANPOINT((-2021.2142546211526,-20283.638670240336,0.));
#1527=IFCAXIS2PLACEMENT3D(#1526,#48,#49);
#1528=IFCEXTRUDEDAREASOLID(#1525,#1527,#51,150.);
#1529=IFCSTYLEDITEM(#1528,(#56),$);
#1530=IFCSHAPEREPRESENTATION(#15,'Body','SweptSolid',(#1528));
#1531=IFCPRODUCTDEFINITIONSHAPE($,$,(#1530));
#1532=IFCSLAB('3MsR0LfPbDzeWI2nZHukRV',#6,'Foundation Slab:15mm Foundation Slab:308100',$,$,#1522,#1531,'308100',.BASESLAB.);
#1533=IFCMATERIALLAYERSETUSAGE(#72,.AXIS3.,.POSITIVE.,0.);
#1534=IFCPROPERTYSET('0c7bpsOxaG_9PIfDAGbqmm',#6,'Pset_QuantityTakeOff',$,(#74));
#1535=IFCPROPERTYSINGLEVALUE('Reference',$,IFCLABEL('15mm Foundation Slab'),$);
#1536=IFCPROPERTYSET('1ETatgH$KnNUZ16cVxFB9O',#6,'Pset_ReinforcementBarPitchOfSlab',$,(#1535));
#1537=IFCPROPERTYSET('2vMqjx7$fbtTQ3WbcUepXz',#6,'Pset_SlabCommon',$,(#74,#78,#79,#80));
#1538=IFCRELDEFINESBYPROPERTIES('0xJN_P8Ye2OalvOkVopQAP',#6,$,$,(#1532),#1534);
#1539=IFCRELDEFINESBYPROPERTIES('35o5J4JsnnbwpuzSsIGnxk',#6,$,$,(#1532),#1536);
#1540=IFCRELDEFINESBYPROPERTIES('1LC95MKu3SSm51HXNa4YdE',#6,$,$,(#1532),#1537);
#1541=IFCAXIS2PLACEMENT3D(#10,$,$);
#1542=IFCLOCALPLACEMENT(#28,#1541);
#1543=IFCCARTESIANPOINT((0.,0.));
#1544=IFCAXIS2PLACEMENT2D(#1543,#44);
#1545=IFCRECTANGLEPROFILEDEF(.AREA.,$,#1544,499.99999999999898,300.00000000000108);
#1546=IFCCARTESIANPOINT((1178.7857453788477,-20283.638670240343,0.));
#1547=IFCAXIS2PLACEMENT3D(#1546,#48,#49);
#1548=IFCEXTRUDEDAREASOLID(#1545,#1547,#51,150.);
#1549=IFCSTYLEDITEM(#1548,(#56),$);
#1550=IFCSHAPEREPRESENTATION(#15,'Body','SweptSolid',(#1548));
#1551=IFCPRODUCTDEFINITIONSHAPE($,$,(#1550));
#1552=IFCSLAB('3MsR0LfPbDzeWI2nZHukR8',#6,'Foundation Slab:15mm Foundation Slab:308115',$,$,#1542,#1551,'308115',.BASESLAB.);
#1553=IFCMATERIALLAYERSETUSAGE(#72,.AXIS3.,.POSITIVE.,0.);
#1554=IFCPROPERTYSET('0jRlfDcAoe4QqW03dvGPWq',#6,'Pset_QuantityTakeOff',$,(#74));
#1555=IFCPROPERTYSINGLEVALUE('Reference',$,IFCLABEL('15mm Foundation Slab'),$);
#1556=IFCPROPERTYSET('2jklP6v4zXX78SNKtNOdVr',#6,'Pset_ReinforcementBarPitchOfSlab',$,(#1555));
#1557=IFCPROPERTYSET('3FPEVrdA1AFRXsmlLvGuFT',#6,'Pset_SlabCommon',$,(#74,#78,#79,#80));
#1558=IFCRELDEFINESBYPROPERTIES('3BYtG_DbEYN$CWxlwXOY$U',#6,$,$,(#1552),#1554);
#1559=IFCRELDEFINESBYPROPERTIES('1V5PAf6jIiWPjOKW7cePfP',#6,$,$,(#1552),#1556);
#1560=IFCRELDEFINESBYPROPERTIES('3jhnb62aCvu0NoNKtrXx6l',#6,$,$,(#1552),#1557);
#1561=IFCAXIS2PLACEMENT3D(#10,$,$);
#1562=IFCLOCALPLACEMENT(#28,#1561);
#1563=IFCCARTESIANPOINT((0.,0.));
#1564=IFCAXIS2PLACEMENT2D(#1563,#44);
#1565=IFCRECTANGLEPROFILEDEF(.AREA.,$,#1564,499.99999999999898,300.00000000000108);
#1566=IFCCARTESIANPOINT((4378.7857453788556,-20283.638670240351,0.));
#1567=IFCAXIS2PLACEMENT3D(#1566,#48,#49);
#1568=IFCEXTRUDEDAREASOLID(#1565,#1567,#51,150.);
#1569=IFCSTYLEDITEM(#1568,(#56),$);
#1570=IFCSHAPEREPRESENTATION(#15,'Body','SweptSolid',(#1568));
#1571=IFCPRODUCTDEFINITIONSHAPE($,$,(#1570));
#1572=IFCSLAB('3MsR0LfPbDzeWI2nZHukRv',#6,'Foundation Slab:15mm Foundation Slab:308130',$,$,#1562,#1571,'308130',.BASESLAB.);
#1573=IFCMATERIALLAYERSETUSAGE(#72,.AXIS3.,.POSITIVE.,0.);
#1574=IFCPROPERTYSET('2QYBkhNbcr_ir$X034kR3X',#6,'Pset_QuantityTakeOff',$,(#74));
#1575=IFCPROPERTYSINGLEVALUE('Reference',$,IFCLABEL('15mm Foundation Slab'),$);
#1576=IFCPROPERTYSET('0xL0M50K2hZdLj25TKfjvi',#6,'Pset_ReinforcementBarPitchOfSlab',$,(#1575));
#1577=IFCPROPERTYSET('01oysvfHn8ICKmJyIz9pQA',#6,'Pset_SlabCommon',$,(#74,#78,#79,#80));
#1578=IFCRELDEFINESBYPROPERTIES('2x2kb6dpt5C3tCMviZu4nz',#6,$,$,(#1572),#1574);
#1579=IFCRELDEFINESBYPROPERTIES('0xNpk_UoD_ABTPK4UHsh1k',#6,$,$,(#1572),#1576);
#1580=IFCRELDEFINESBYPROPERTIES('23AUhdyNsEM1UFGpGnmPAN',#6,$,$,(#1572),#1577);
#1581=IFCAXIS2PLACEMENT3D(#10,$,$);
#1582=IFCLOCALPLACEMENT(#28,#1581);
#1583=IFCCARTESIANPOINT((0.,0.));
#1584=IFCAXIS2PLACEMENT2D(#1583,#44);
#1585=IFCRECTANGLEPROFILEDEF(.AREA.,$,#1584,499.99999999999898,300.00000000000108);
#1586=IFCCARTESIANPOINT((7578.7857453788656,-20283.638670240362,0.));
#1587=IFCAXIS2PLACEMENT3D(#1586,#48,#49);
#1588=IFCEXTRUDEDAREASOLID(#1585,#1587,#51,150.);
#1589=IFCSTYLEDITEM(#1588,(#56),$);
#1590=IFCSHAPEREPRESENTATION(#15,'Body','SweptSolid',(#1588));
#1591=IFCPRODUCTDEFINITIONSHAPE($,$,(#1590));
#1592=IFCSLAB('3MsR0LfPbDzeWI2nZHukRg',#6,'Foundation Slab:15mm Foundation Slab:308145',$,$,#1582,#1591,'308145',.BASESLAB.);
#1593=IFCMATERIALLAYERSETUSAGE(#72,.AXIS3.,.POSITIVE.,0.);
#1594=IFCPROPERTYSET('20aChvOqybEQ$a3AUeZqRx',#6,'Pset_QuantityTakeOff',$,(#74));
#1595=IFCPROPERTYSINGLEVALUE('Reference',$,IFCLABEL('15mm Foundation Slab'),$);
#1596=IFCPROPERTYSET('3Oh63tLpWR3m$_p$6qmNpP',#6,'Pset_ReinforcementBarPitchOfSlab',$,(#1595));
#1597=IFCPROPERTYSET('3$dRJvAG9AtdM3PU15HEwo',#6,'Pset_SlabCommon',$,(#74,#78,#79,#80));
#1598=IFCRELDEFINESBYPROPERTIES('2RDYx0IZzk5nJmGPpEvRSj',#6,$,$,(#1592),#1594);
#1599=IFCRELDEFINESBYPROPERTIES('3R3etagB9bceU$aTijjPWk',#6,$,$,(#1592),#1596);
#1600=IFCRELDEFINESBYPROPERTIES('1aqfn6r3hn5PjxlXgeQ5ha',#6,$,$,(#1592),#1597);
#1601=IFCAXIS2PLACEMENT3D(#10,$,$);
#1602=IFCLOCALPLACEMENT(#28,#1601);
#1603=IFCCARTESIANPOINT((0.,0.));
#1604=IFCAXIS2PLACEMENT2D(#1603,#44);
#1605=IFCRECTANGLEPROFILEDEF(.AREA.,$,#1604,499.99999999999898,300.00000000000108);
#1606=IFCCARTESIANPOINT((10778.785745378866,-20283.638670240369,0.));
#1607=IFCAXIS2PLACEMENT3D(#1606,#48,#49);
#1608=IFCEXTRUDEDAREASOLID(#1605,#1607,#51,150.);
#1609=IFCSTYLEDITEM(#1608,(#56),$);
#1610=IFCSHAPEREPRESENTATION(#15,'Body','SweptSolid',(#1608));
#1611=IFCPRODUCTDEFINITIONSHAPE($,$,(#1610));
#1612=IFCSLAB('3MsR0LfPbDzeWI2nZHukQR',#6,'Foundation Slab:15mm Foundation Slab:308160',$,$,#1602,#1611,'308160',.BASESLAB.);
#1613=IFCMATERIALLAYERSETUSAGE(#72,.AXIS3.,.POSITIVE.,0.);
#1614=IFCPROPERTYSET('0BYH8Wv2SiOq3B__Iyy9Gl',#6,'Pset_QuantityTakeOff',$,(#74));
#1615=IFCPROPERTYSINGLEVALUE('Reference',$,IFCLABEL('15mm Foundation Slab'),$);
#1616=IFCPROPERTYSET('2MGu8XwuQZtIHHtyWQ0Oty',#6,'Pset_ReinforcementBarPitchOfSlab',$,(#1615));
#1617=IFCPROPERTYSET('3pBYcdDDo8wootwSVjMoRO',#6,'Pset_SlabCommon',$,(#74,#78,#79,#80));
#1618=IFCRELDEFINESBYPROPERTIES('0WdV6ZWp6n2sU31Z_W6cmH',#6,$,$,(#1612),#1614);
#1619=IFCRELDEFINESBYPROPERTIES('0HLQXiCt6ht_MBV2Hlj7WF',#6,$,$,(#1612),#1616);
#1620=IFCRELDEFINESBYPROPERTIES('0152iB_fWeJcBlbTWGKIpD',#6,$,$,(#1612),#1617);
#1621=IFCAXIS2PLACEMENT3D(#10,$,$);
#1622=IFCLOCALPLACEMENT(#28,#1621);
#1623=IFCCARTESIANPOINT((0.,0.));
#1624=IFCAXIS2PLACEMENT2D(#1623,#44);
#1625=IFCRECTANGLEPROFILEDEF(.AREA.,$,#1624,499.99999999999898,300.00000000000108);
#1626=IFCCARTESIANPOINT((13978.785745378866,-20283.63867024038,0.));
#1627=IFCAXIS2PLACEMENT3D(#1626,#48,#49);
#1628=IFCEXTRUDEDAREASOLID(#1625,#1627,#51,150.);
#1629=IFCSTYLEDITEM(#1628,(#56),$);
#1630=IFCSHAPEREPRESENTATION(#15,'Body','SweptSolid',(#1628));
#1631=IFCPRODUCTDEFINITIONSHAPE($,$,(#1630));
#1632=IFCSLAB('3MsR0LfPbDzeWI2nZHukQK',#6,'Foundation Slab:15mm Foundation Slab:308175',$,$,#1622,#1631,'308175',.BASESLAB.);
#1633=IFCMATERIALLAYERSETUSAGE(#72,.AXIS3.,.POSITIVE.,0.);
#1634=IFCPROPERTYSET('0bbAH5oA10RHO0Vbj66ZdF',#6,'Pset_QuantityTakeOff',$,(#74));
#1635=IFCPROPERTYSINGLEVALUE('Reference',$,IFCLABEL('15mm Foundation Slab'),$);
#1636=IFCPROPERTYSET('2DV7Ckmmw2j6pjdGcS9nvx',#6,'Pset_ReinforcementBarPitchOfSlab',$,(#1635));
#1637=IFCPROPERTYSET('1oKXs9OnA8X93NMlScER9R',#6,'Pset_SlabCommon',$,(#74,#78,#79,#80));
#1638=IFCRELDEFINESBYPROPERTIES('3s68t9uT7zm_p5I$imCU3z',#6,$,$,(#1632),#1634);
#1639=IFCRELDEFINESBYPROPERTIES('03gIhX5cpcTyxe4zGFPowc',#6,$,$,(#1632),#1636);
#1640=IFCRELDEFINESBYPROPERTIES('1$VuaDR6SXAeFLTcTVuTue',#6,$,$,(#1632),#1637);
#1641=IFCAXIS2PLACEMENT3D(#10,$,$);
#1642=IFCLOCALPLACEMENT(#28,#1641);
#1643=IFCCARTESIANPOINT((0.,0.));
#1644=IFCAXIS2PLACEMENT2D(#1643,#44);
#1645=IFCRECTANGLEPROFILEDEF(.AREA.,$,#1644,499.99999999999898,300.00000000000108);
#1646=IFCCARTESIANPOINT((17178.785745378867,-20283.638670240387,0.));
#1647=IFCAXIS2PLACEMENT3D(#1646,#48,#49);
#1648=IFCEXTRUDEDAREASOLID(#1645,#1647,#51,150.);
#1649=IFCSTYLEDITEM(#1648,(#56),$);
#1650=IFCSHAPEREPRESENTATION(#15,'Body','SweptSolid',(#1648));
#1651=IFCPRODUCTDEFINITIONSHAPE($,$,(#1650));
#1652=IFCSLAB('3MsR0LfPbDzeWI2nZHukQ5',#6,'Foundation Slab:15mm Foundation Slab:308190',$,$,#1642,#1651,'308190',.BASESLAB.);
#1653=IFCMATERIALLAYERSETUSAGE(#72,.AXIS3.,.POSITIVE.,0.);
#1654=IFCPROPERTYSET('2r9c2qfSscXMH3jlBsa6D8',#6,'Pset_QuantityTakeOff',$,(#74));
#1655=IFCPROPERTYSINGLEVALUE('Reference',$,IFCLABEL('15mm Foundation Slab'),$);
#1656=IFCPROPERTYSET('1798CtxFHYyU73AN$QZqII',#6,'Pset_ReinforcementBarPitchOfSlab',$,(#1655));
#1657=IFCPROPERTYSET('18_bUc5ux6M1FPxggXVDaZ',#6,'Pset_SlabCommon',$,(#74,#78,#79,#80));
#1658=IFCRELDEFINESBYPROPERTIES('35z2O8HZVfI7F1tU7GhOex',#6,$,$,(#1652),#1654);
#1659=IFCRELDEFINESBYPROPERTIES('3esnhKIAnjORk0SpFjO3ue',#6,$,$,(#1652),#1656);
#1660=IFCRELDEFINESBYPROPERTIES('2RoAohEfzyRLcLfFr$lK01',#6,$,$,(#1652),#1657);
#1661=IFCAXIS2PLACEMENT3D(#10,$,$);
#1662=IFCLOCALPLACEMENT(#28,#1661);
#1663=IFCCARTESIANPOINT((0.,0.));
#1664=IFCAXIS2PLACEMENT2D(#1663,#44);
#1665=IFCRECTANGLEPROFILEDEF(.AREA.,$,#1664,499.99999999999898,300.00000000000108);
#1666=IFCCARTESIANPOINT((20378.785745378864,-20283.638670240394,0.));
#1667=IFCAXIS2PLACEMENT3D(#1666,#48,#49);
#1668=IFCEXTRUDEDAREASOLID(#1665,#1667,#51,150.);
#1669=IFCSTYLEDITEM(#1668,(#56),$);
#1670=IFCSHAPEREPRESENTATION(#15,'Body','SweptSolid',(#1668));
#1671=IFCPRODUCTDEFINITIONSHAPE($,$,(#1670));
#1672=IFCSLAB('3MsR0LfPbDzeWI2nZHukQs',#6,'Foundation Slab:15mm Foundation Slab:308205',$,$,#1662,#1671,'308205',.BASESLAB.);
#1673=IFCMATERIALLAYERSETUSAGE(#72,.AXIS3.,.POSITIVE.,0.);
#1674=IFCPROPERTYSET('0F4IZ62VT37gIGzMB5W4U3',#6,'Pset_QuantityTakeOff',$,(#74));
#1675=IFCPROPERTYSINGLEVALUE('Reference',$,IFCLABEL('15mm Foundation Slab'),$);
#1676=IFCPROPERTYSET('0Ix4hP8iwQS76GeLLVt3ho',#6,'Pset_ReinforcementBarPitchOfSlab',$,(#1675));
#1677=IFCPROPERTYSET('1bN3kf18uQCHQloH4ejkdm',#6,'Pset_SlabCommon',$,(#74,#78,#79,#80));
#1678=IFCRELDEFINESBYPROPERTIES('2iQHkOKA_2hvrqCYZKL9OE',#6,$,$,(#1672),#1674);
#1679=IFCRELDEFINESBYPROPERTIES('0dU4eJotZ$wtvcr$g3IobQ',#6,$,$,(#1672),#1676);
#1680=IFCRELDEFINESBYPROPERTIES('1iSplKz1wSmIGJQSsElp3j',#6,$,$,(#1672),#1677);
#1681=IFCAXIS2PLACEMENT3D(#10,$,$);
#1682=IFCLOCALPLACEMENT(#28,#1681);
#1683=IFCCARTESIANPOINT((0.,0.));
#1684=IFCAXIS2PLACEMENT2D(#1683,#44);
#1685=IFCRECTANGLEPROFILEDEF(.AREA.,$,#1684,499.99999999999898,300.00000000000108);
#1686=IFCCARTESIANPOINT((23578.785745378864,-20283.638670240405,0.));
#1687=IFCAXIS2PLACEMENT3D(#1686,#48,#49);
#1688=IFCEXTRUDEDAREASOLID(#1685,#1687,#51,150.);
#1689=IFCSTYLEDITEM(#1688,(#56),$);
#1690=IFCSHAPEREPRESENTATION(#15,'Body','SweptSolid',(#1688));
#1691=IFCPRODUCTDEFINITIONSHAPE($,$,(#1690));
#1692=IFCSLAB('3MsR0LfPbDzeWI2nZHukQd',#6,'Foundation Slab:15mm Foundation Slab:308220',$,$,#1682,#1691,'308220',.BASESLAB.);
#1693=IFCMATERIALLAYERSETUSAGE(#72,.AXIS3.,.POSITIVE.,0.);
#1694=IFCPROPERTYSET('2Yw3XjtYo8a4LTjL5X36Um',#6,'Pset_QuantityTakeOff',$,(#74));
#1695=IFCPROPERTYSINGLEVALUE('Reference',$,IFCLABEL('15mm Foundation Slab'),$);
#1696=IFCPROPERTYSET('3qj4GqgnTakb48kqDm6A5A',#6,'Pset_ReinforcementBarPitchOfSlab',$,(#1695));
#1697=IFCPROPERTYSET('3BA5PxTIAI3x_awh4C2nrT',#6,'Pset_SlabCommon',$,(#74,#78,#79,#80));
#1698=IFCRELDEFINESBYPROPERTIES('2SJU8nyc3DxZ2NY6zEUadp',#6,$,$,(#1692),#1694);
#1699=IFCRELDEFINESBYPROPERTIES('2_HC9aF7SOxfuKq78uV3X2',#6,$,$,(#1692),#1696);
#1700=IFCRELDEFINESBYPROPERTIES('3ViwD058hJrLaSEAIabfnl',#6,$,$,(#1692),#1697);
#1701=IFCAXIS2PLACEMENT3D(#10,$,$);
#1702=IFCLOCALPLACEMENT(#28,#1701);
#1703=IFCCARTESIANPOINT((0.,0.));
#1704=IFCAXIS2PLACEMENT2D(#1703,#44);
#1705=IFCRECTANGLEPROFILEDEF(.AREA.,$,#1704,499.99999999999898,300.00000000000108);
#1706=IFCCARTESIANPOINT((26778.785745378875,-20283.638670240412,0.));
#1707=IFCAXIS2PLACEMENT3D(#1706,#48,#49);
#1708=IFCEXTRUDEDAREASOLID(#1705,#1707,#51,150.);
#1709=IFCSTYLEDITEM(#1708,(#56),$);
#1710=IFCSHAPEREPRESENTATION(#15,'Body','SweptSolid',(#1708));
#1711=IFCPRODUCTDEFINITIONSHAPE($,$,(#1710));
#1712=IFCSLAB('3MsR0LfPbDzeWI2nZHuk5G',#6,'Foundation Slab:15mm Foundation Slab:308235',$,$,#1702,#1711,'308235',.BASESLAB.);
#1713=IFCMATERIALLAYERSETUSAGE(#72,.AXIS3.,.POSITIVE.,0.);
#1714=IFCPROPERTYSET('3xhUninOunkybHiUaydzKj',#6,'Pset_QuantityTakeOff',$,(#74));
#1715=IFCPROPERTYSINGLEVALUE('Reference',$,IFCLABEL('15mm Foundation Slab'),$);
#1716=IFCPROPERTYSET('3RRBk6C6UKGGhpAUT1yfT5',#6,'Pset_ReinforcementBarPitchOfSlab',$,(#1715));
#1717=IFCPROPERTYSET('1icIyRfzedf5a2DsjjhI4S',#6,'Pset_SlabCommon',$,(#74,#78,#79,#80));
#1718=IFCRELDEFINESBYPROPERTIES('1tQTPQPzd6iXL6PvbJJCCH',#6,$,$,(#1712),#1714);
#1719=IFCRELDEFINESBYPROPERTIES('2aFueHXomdS9O88MwAvZVS',#6,$,$,(#1712),#1716);
#1720=IFCRELDEFINESBYPROPERTIES('1Cu4BfFwT68tui9F1r7cdS',#6,$,$,(#1712),#1717);
#1721=IFCCARTESIANPOINT((0.,0.));
#1722=IFCAXIS2PLACEMENT2D(#1721,#44);
#1723=IFCRECTANGLEPROFILEDEF(.AREA.,'330x360',#1722,330.,359.99999999999994);
#1724=IFCCARTESIANPOINT((-65.,80.,0.));
#1725=IFCDIRECTION((-1.,0.,0.));
#1726=IFCAXIS2PLACEMENT3D(#1724,#51,#1725);
#1727=IFCEXTRUDEDAREASOLID(#1723,#1726,#51,3500.0000000000005);
#1728=IFCCOLOURRGB($,0.47058823529411764,0.47058823529411764,0.47058823529411764);
#1729=IFCSURFACESTYLERENDERING(#1728,0.,$,$,$,$,IFCNORMALISEDRATIOMEASURE(0.5),IFCSPECULAREXPONENT(64.),.NOTDEFINED.);
#1730=IFCSURFACESTYLE('Concrete, Cast-in-Place - C35',.BOTH.,(#1729));
#1731=IFCPRESENTATIONSTYLEASSIGNMENT((#1730));
#1732=IFCSTYLEDITEM(#1727,(#1731),$);
#1733=IFCSHAPEREPRESENTATION(#15,'Body','SweptSolid',(#1727));
#1734=IFCAXIS2PLACEMENT3D(#10,$,$);
#1735=IFCREPRESENTATIONMAP(#1734,#1733);
#1736=IFCCOLUMNTYPE('2pNQm$eHn1$wzB9nyPhm2y',#6,'Column:330x360',$,$,(#1758),(#1735),'310569',$,.COLUMN.);
#1737=IFCMATERIAL('Concrete, Cast-in-Place - C35');
#1738=IFCPRESENTATIONSTYLEASSIGNMENT((#1730));
#1739=IFCSTYLEDITEM($,(#1738),$);
#1740=IFCSTYLEDREPRESENTATION(#13,'Style','Material',(#1739));
#1741=IFCMATERIALDEFINITIONREPRESENTATION($,$,(#1740),#1737);
#1742=IFCCARTESIANTRANSFORMATIONOPERATOR3D($,$,#10,1.,$);
#1743=IFCMAPPEDITEM(#1735,#1742);
#1744=IFCSHAPEREPRESENTATION(#15,'Body','MappedRepresentation',(#1743));
#1745=IFCPRODUCTDEFINITIONSHAPE($,$,(#1744));
#1746=IFCCARTESIANPOINT((-34021.214254621133,-20363.63867024022,0.));
#1747=IFCAXIS2PLACEMENT3D(#1746,$,$);
#1748=IFCLOCALPLACEMENT(#28,#1747);
#1749=IFCCOLUMN('1MzzCu4tX5nAr$Y5GgwCIH',#6,'Column:330x360:310283',$,$,#1748,#1745,'310283');
#1750=IFCPROPERTYSINGLEVALUE('Reference',$,IFCIDENTIFIER('330x360'),$);
#1751=IFCPROPERTYSET('1mq7fZICThY8Hpd6qicSZT',#6,'Pset_ColumnCommon',$,(#78,#79,#1750));
#1752=IFCPROPERTYSET('1osFNhCYiVIOCIAa8lezW7',#6,'Pset_QuantityTakeOff',$,(#1750));
#1753=IFCPROPERTYSINGLEVALUE('Reference',$,IFCLABEL('330x360'),$);
#1754=IFCPROPERTYSET('2An18MLZXwE0zkadkSTwUa',#6,'Pset_ReinforcementBarPitchOfColumn',$,(#1753));
#1755=IFCRELDEFINESBYPROPERTIES('31cGgisl7vwbuvxaWXVztr',#6,$,$,(#1749),#1751);
#1756=IFCRELDEFINESBYPROPERTIES('3qBkCPKNe_W50OIqVU3Fez',#6,$,$,(#1749),#1752);
#1757=IFCRELDEFINESBYPROPERTIES('3fIzsabXI25JVSdByR0DYw',#6,$,$,(#1749),#1754);
#1758=IFCPROPERTYSET('0LzqTJuY3ZWdrY6RIYJzGn',#6,'Pset_ColumnCommon',$,(#79));
#1759=IFCCARTESIANPOINT((-2.1316282072803006E-014,0.));
#1760=IFCAXIS2PLACEMENT2D(#1759,#44);
#1761=IFCRECTANGLEPROFILEDEF(.AREA.,'200x360',#1760,200.,360.);
#1762=IFCCARTESIANPOINT((0.,80.,0.));
#1763=IFCAXIS2PLACEMENT3D(#1762,#51,#1725);
#1764=IFCEXTRUDEDAREASOLID(#1761,#1763,#51,3500.0000000000005);
#1765=IFCSTYLEDITEM(#1764,(#1731),$);
#1766=IFCSHAPEREPRESENTATION(#15,'Body','SweptSolid',(#1764));
#1767=IFCAXIS2PLACEMENT3D(#10,$,$);
#1768=IFCREPRESENTATIONMAP(#1767,#1766);
#1769=IFCCOLUMNTYPE('2pNQm$eHn1$wzB9nyPhm2z',#6,'Column:200x360',$,$,(#1785),(#1768),'310489',$,.COLUMN.);
#1770=IFCMAPPEDITEM(#1768,#1742);
#1771=IFCSHAPEREPRESENTATION(#15,'Body','MappedRepresentation',(#1770));
#1772=IFCPRODUCTDEFINITIONSHAPE($,$,(#1771));
#1773=IFCCARTESIANPOINT((-30821.214254621169,-20363.638670240256,0.));
#1774=IFCAXIS2PLACEMENT3D(#1773,$,$);
#1775=IFCLOCALPLACEMENT(#28,#1774);
#1776=IFCCOLUMN('1MzzCu4tX5nAr$Y5GgwCNi',#6,'Column:200x360:310646',$,$,#1775,#1772,'310646');
#1777=IFCPROPERTYSINGLEVALUE('Reference',$,IFCIDENTIFIER('200x360'),$);
#1778=IFCPROPERTYSET('3qS3L5SJhzpQ8R4EY77_Ou',#6,'Pset_ColumnCommon',$,(#78,#79,#1777));
#1779=IFCPROPERTYSET('1224Iwuqv5CbVHRDGjbmRI',#6,'Pset_QuantityTakeOff',$,(#1777));
#1780=IFCPROPERTYSINGLEVALUE('Reference',$,IFCLABEL('200x360'),$);
#1781=IFCPROPERTYSET('25nuuKNKFm6agQMvdMeITI',#6,'Pset_ReinforcementBarPitchOfColumn',$,(#1780));
#1782=IFCRELDEFINESBYPROPERTIES('1KsF7Dcpo9dXCHVKPeCpB1',#6,$,$,(#1776),#1778);
#1783=IFCRELDEFINESBYPROPERTIES('3yYzAkzDAdGFPF0k_ViTwR',#6,$,$,(#1776),#1779);
#1784=IFCRELDEFINESBYPROPERTIES('0HrIAvNRdh7XuaYcTKdpK2',#6,$,$,(#1776),#1781);
#1785=IFCPROPERTYSET('3g$jF3XswYbk849Gis7AOn',#6,'Pset_ColumnCommon',$,(#79));
#1786=IFCMAPPEDITEM(#1768,#1742);
#1787=IFCSHAPEREPRESENTATION(#15,'Body','MappedRepresentation',(#1786));
#1788=IFCPRODUCTDEFINITIONSHAPE($,$,(#1787));
#1789=IFCCARTESIANPOINT((-27621.214254621173,-20363.638670240263,0.));
#1790=IFCAXIS2PLACEMENT3D(#1789,$,$);
#1791=IFCLOCALPLACEMENT(#28,#1790);
#1792=IFCCOLUMN('1MzzCu4tX5nAr$Y5GgwCLR',#6,'Column:200x360:310721',$,$,#1791,#1788,'310721');
#1793=IFCPROPERTYSET('0cvUzkH6fGplxBYw0OC9Rq',#6,'Pset_ColumnCommon',$,(#78,#79,#1777));
#1794=IFCPROPERTYSET('0x8oWth9clWva_3fXsqfta',#6,'Pset_QuantityTakeOff',$,(#1777));
#1795=IFCPROPERTYSINGLEVALUE('Reference',$,IFCLABEL('200x360'),$);
#1796=IFCPROPERTYSET('2GzDPdUxBy3pKZo7E3eu2h',#6,'Pset_ReinforcementBarPitchOfColumn',$,(#1795));
#1797=IFCRELDEFINESBYPROPERTIES('1bVJjC$0gxyYc3k5YttQ6U',#6,$,$,(#1792),#1793);
#1798=IFCRELDEFINESBYPROPERTIES('3NR2SmkuWC331YNRtkzTTI',#6,$,$,(#1792),#1794);
#1799=IFCRELDEFINESBYPROPERTIES('3eu0xn4m6iqd6OWMqz3Vq3',#6,$,$,(#1792),#1796);
#1800=IFCMAPPEDITEM(#1768,#1742);
#1801=IFCSHAPEREPRESENTATION(#15,'Body','MappedRepresentation',(#1800));
#1802=IFCPRODUCTDEFINITIONSHAPE($,$,(#1801));
#1803=IFCCARTESIANPOINT((-24421.214254621165,-20363.638670240274,0.));
#1804=IFCAXIS2PLACEMENT3D(#1803,$,$);
#1805=IFCLOCALPLACEMENT(#28,#1804);
#1806=IFCCOLUMN('1MzzCu4tX5nAr$Y5GgwCLL',#6,'Column:200x360:310735',$,$,#1805,#1802,'310735');
#1807=IFCPROPERTYSET('2w0BESwJMFeQhRviYGQdQl',#6,'Pset_ColumnCommon',$,(#78,#79,#1777));
#1808=IFCPROPERTYSET('2Wrr$fK8sLNG0v5kEzhZwe',#6,'Pset_QuantityTakeOff',$,(#1777));
#1809=IFCPROPERTYSINGLEVALUE('Reference',$,IFCLABEL('200x360'),$);
#1810=IFCPROPERTYSET('1uxhur7Dy9E5or1e4ZJ6eU',#6,'Pset_ReinforcementBarPitchOfColumn',$,(#1809));
#1811=IFCRELDEFINESBYPROPERTIES('0I8GxF2ybMSVLcxjOSlQ6Q',#6,$,$,(#1806),#1807);
#1812=IFCRELDEFINESBYPROPERTIES('19j_KkFw$is_VNsv1TVaCG',#6,$,$,(#1806),#1808);
#1813=IFCRELDEFINESBYPROPERTIES('1OTgQAUbJVFH_66Yzvc3oe',#6,$,$,(#1806),#1810);
#1814=IFCMAPPEDITEM(#1768,#1742);
#1815=IFCSHAPEREPRESENTATION(#15,'Body','MappedRepresentation',(#1814));
#1816=IFCPRODUCTDEFINITIONSHAPE($,$,(#1815));
#1817=IFCCARTESIANPOINT((-21221.214254621165,-20363.638670240281,0.));
#1818=IFCAXIS2PLACEMENT3D(#1817,$,$);
#1819=IFCLOCALPLACEMENT(#28,#1818);
#1820=IFCCOLUMN('1MzzCu4tX5nAr$Y5GgwCL1',#6,'Column:200x360:310747',$,$,#1819,#1816,'310747');
#1821=IFCPROPERTYSET('1clInmr9olTU9f4oQ9Wh8x',#6,'Pset_ColumnCommon',$,(#78,#79,#1777));
#1822=IFCPROPERTYSET('2a2JJyTDpxAkQLbeEr73oi',#6,'Pset_QuantityTakeOff',$,(#1777));
#1823=IFCPROPERTYSINGLEVALUE('Reference',$,IFCLABEL('200x360'),$);
#1824=IFCPROPERTYSET('00SwsoUdvYd0DCqJzv4FBL',#6,'Pset_ReinforcementBarPitchOfColumn',$,(#1823));
#1825=IFCRELDEFINESBYPROPERTIES('2hx_sx5QEh153DnLvl_nIR',#6,$,$,(#1820),#1821);
#1826=IFCRELDEFINESBYPROPERTIES('3YnOfk_TOtfD4NZg5190ir',#6,$,$,(#1820),#1822);
#1827=IFCRELDEFINESBYPROPERTIES('1nJcpMzeFADe3obczygwj4',#6,$,$,(#1820),#1824);
#1828=IFCMAPPEDITEM(#1768,#1742);
#1829=IFCSHAPEREPRESENTATION(#15,'Body','MappedRepresentation',(#1828));
#1830=IFCPRODUCTDEFINITIONSHAPE($,$,(#1829));
#1831=IFCCARTESIANPOINT((-18021.214254621162,-20363.638670240292,0.));
#1832=IFCAXIS2PLACEMENT3D(#1831,$,$);
#1833=IFCLOCALPLACEMENT(#28,#1832);
#1834=IFCCOLUMN('1MzzCu4tX5nAr$Y5GgwCLr',#6,'Column:200x360:310767',$,$,#1833,#1830,'310767');
#1835=IFCPROPERTYSET('3iZkPETKhrwFRsXl71GQ2O',#6,'Pset_ColumnCommon',$,(#78,#79,#1777));
#1836=IFCPROPERTYSET('2ORTYW1aVcYIjhWXrCPUfw',#6,'Pset_QuantityTakeOff',$,(#1777));
#1837=IFCPROPERTYSINGLEVALUE('Reference',$,IFCLABEL('200x360'),$);
#1838=IFCPROPERTYSET('1LBKd9KH2qOajDRGjPhycP',#6,'Pset_ReinforcementBarPitchOfColumn',$,(#1837));
#1839=IFCRELDEFINESBYPROPERTIES('1NsPHDEl766iytTPeWfSnh',#6,$,$,(#1834),#1835);
#1840=IFCRELDEFINESBYPROPERTIES('1zdZyZYIkNaKvSZQZLzFTq',#6,$,$,(#1834),#1836);
#1841=IFCRELDEFINESBYPROPERTIES('2uhgH12x20eSl6jIsr9nfG',#6,$,$,(#1834),#1838);
#1842=IFCMAPPEDITEM(#1768,#1742);
#1843=IFCSHAPEREPRESENTATION(#15,'Body','MappedRepresentation',(#1842));
#1844=IFCPRODUCTDEFINITIONSHAPE($,$,(#1843));
#1845=IFCCARTESIANPOINT((-14821.214254621162,-20363.6386702403,0.));
#1846=IFCAXIS2PLACEMENT3D(#1845,$,$);
#1847=IFCLOCALPLACEMENT(#28,#1846);
#1848=IFCCOLUMN('1MzzCu4tX5nAr$Y5GgwCLZ',#6,'Column:200x360:310777',$,$,#1847,#1844,'310777');
#1849=IFCPROPERTYSET('1MKQo_2KZ7sdFNhFA$Mo7F',#6,'Pset_ColumnCommon',$,(#78,#79,#1777));
#1850=IFCPROPERTYSET('0zGCf4ZJq1WeizV75FKJIi',#6,'Pset_QuantityTakeOff',$,(#1777));
#1851=IFCPROPERTYSINGLEVALUE('Reference',$,IFCLABEL('200x360'),$);
#1852=IFCPROPERTYSET('37yyXWYZiKNdG4XQGgJcac',#6,'Pset_ReinforcementBarPitchOfColumn',$,(#1851));
#1853=IFCRELDEFINESBYPROPERTIES('229r08GMpOFZ$EBiuRVbwU',#6,$,$,(#1848),#1849);
#1854=IFCRELDEFINESBYPROPERTIES('21k_QFlZ5qEh2ay7genDTL',#6,$,$,(#1848),#1850);
#1855=IFCRELDEFINESBYPROPERTIES('2aqeEifZgADQZAMMC$wSoE',#6,$,$,(#1848),#1852);
#1856=IFCMAPPEDITEM(#1768,#1742);
#1857=IFCSHAPEREPRESENTATION(#15,'Body','MappedRepresentation',(#1856));
#1858=IFCPRODUCTDEFINITIONSHAPE($,$,(#1857));
#1859=IFCCARTESIANPOINT((-11621.214254621162,-20363.638670240307,0.));
#1860=IFCAXIS2PLACEMENT3D(#1859,$,$);
#1861=IFCLOCALPLACEMENT(#28,#1860);
#1862=IFCCOLUMN('1MzzCu4tX5nAr$Y5GgwCQV',#6,'Column:200x360:310789',$,$,#1861,#1858,'310789');
#1863=IFCPROPERTYSET('3v5Sn1aXg79zLmxIfhS4hx',#6,'Pset_ColumnCommon',$,(#78,#79,#1777));
#1864=IFCPROPERTYSET('34x4yZNeYpJu_JT0dN66fR',#6,'Pset_QuantityTakeOff',$,(#1777));
#1865=IFCPROPERTYSINGLEVALUE('Reference',$,IFCLABEL('200x360'),$);
#1866=IFCPROPERTYSET('0jNzmAUhzsIZxqU_t_wKr0',#6,'Pset_ReinforcementBarPitchOfColumn',$,(#1865));
#1867=IFCRELDEFINESBYPROPERTIES('2q8zG8JGUMiO6amIeJprC5',#6,$,$,(#1862),#1863);
#1868=IFCRELDEFINESBYPROPERTIES('3W1JWSwYXhZT8QHH59C$5g',#6,$,$,(#1862),#1864);
#1869=IFCRELDEFINESBYPROPERTIES('1ufFsUM6fFBhLvfK8FOLE1',#6,$,$,(#1862),#1866);
#1870=IFCMAPPEDITEM(#1768,#1742);
#1871=IFCSHAPEREPRESENTATION(#15,'Body','MappedRepresentation',(#1870));
#1872=IFCPRODUCTDEFINITIONSHAPE($,$,(#1871));
#1873=IFCCARTESIANPOINT((-8421.2142546211617,-20363.638670240318,0.));
#1874=IFCAXIS2PLACEMENT3D(#1873,$,$);
#1875=IFCLOCALPLACEMENT(#28,#1874);
#1876=IFCCOLUMN('1MzzCu4tX5nAr$Y5GgwCQ9',#6,'Column:200x360:310803',$,$,#1875,#1872,'310803');
#1877=IFCPROPERTYSET('1gRa4poTm_gtTL4fiQriLq',#6,'Pset_ColumnCommon',$,(#78,#79,#1777));
#1878=IFCPROPERTYSET('3efS5ko6uYCwOkPg5qZ1kn',#6,'Pset_QuantityTakeOff',$,(#1777));
#1879=IFCPROPERTYSINGLEVALUE('Reference',$,IFCLABEL('200x360'),$);
#1880=IFCPROPERTYSET('2caY0bpb4XPG0N0Mb2Sxz1',#6,'Pset_ReinforcementBarPitchOfColumn',$,(#1879));
#1881=IFCRELDEFINESBYPROPERTIES('0V0X1$_Q7zot_6ZfInF8VR',#6,$,$,(#1876),#1877);
#1882=IFCRELDEFINESBYPROPERTIES('1ecePvH0kFxFjn9Q0Xu792',#6,$,$,(#1876),#1878);
#1883=IFCRELDEFINESBYPROPERTIES('19mL4KHWbLu1DEGkbt_3dZ',#6,$,$,(#1876),#1880);
#1884=IFCMAPPEDITEM(#1768,#1742);
#1885=IFCSHAPEREPRESENTATION(#15,'Body','MappedRepresentation',(#1884));
#1886=IFCPRODUCTDEFINITIONSHAPE($,$,(#1885));
#1887=IFCCARTESIANPOINT((-5221.2142546211526,-20363.638670240325,0.));
#1888=IFCAXIS2PLACEMENT3D(#1887,$,$);
#1889=IFCLOCALPLACEMENT(#28,#1888);
#1890=IFCCOLUMN('1MzzCu4tX5nAr$Y5GgwCQ7',#6,'Column:200x360:310813',$,$,#1889,#1886,'310813');
#1891=IFCPROPERTYSET('0Vr1HaXcJrxx5euxCiIShs',#6,'Pset_ColumnCommon',$,(#78,#79,#1777));
#1892=IFCPROPERTYSET('2WPNEd_$BqO4k4O7HjdNPy',#6,'Pset_QuantityTakeOff',$,(#1777));
#1893=IFCPROPERTYSINGLEVALUE('Reference',$,IFCLABEL('200x360'),$);
#1894=IFCPROPERTYSET('2V0H6fxK5dU$w177G4eWAl',#6,'Pset_ReinforcementBarPitchOfColumn',$,(#1893));
#1895=IFCRELDEFINESBYPROPERTIES('1BR49uom62azXHQVw0N69r',#6,$,$,(#1890),#1891);
#1896=IFCRELDEFINESBYPROPERTIES('36wChxRmbX4RIw3UjWiVC1',#6,$,$,(#1890),#1892);
#1897=IFCRELDEFINESBYPROPERTIES('1GCTWlzMoxtM4529yttIQ4',#6,$,$,(#1890),#1894);
#1898=IFCMAPPEDITEM(#1768,#1742);
#1899=IFCSHAPEREPRESENTATION(#15,'Body','MappedRepresentation',(#1898));
#1900=IFCPRODUCTDEFINITIONSHAPE($,$,(#1899));
#1901=IFCCARTESIANPOINT((1178.7857453788477,-20363.638670240347,0.));
#1902=IFCAXIS2PLACEMENT3D(#1901,$,$);
#1903=IFCLOCALPLACEMENT(#28,#1902);
#1904=IFCCOLUMN('1MzzCu4tX5nAr$Y5GgwCQt',#6,'Column:200x360:310829',$,$,#1903,#1900,'310829');
#1905=IFCPROPERTYSET('0MqajOXUesQ3rDjqrjYZTr',#6,'Pset_ColumnCommon',$,(#78,#79,#1777));
#1906=IFCPROPERTYSET('0iXH8ksyOM3NQhQ9eSWVgI',#6,'Pset_QuantityTakeOff',$,(#1777));
#1907=IFCPROPERTYSINGLEVALUE('Reference',$,IFCLABEL('200x360'),$);
#1908=IFCPROPERTYSET('3X445FkcIIBei3zL57H_Ov',#6,'Pset_ReinforcementBarPitchOfColumn',$,(#1907));
#1909=IFCRELDEFINESBYPROPERTIES('1oVCHBAIlQBJfS4xPuUid2',#6,$,$,(#1904),#1905);
#1910=IFCRELDEFINESBYPROPERTIES('0swsabrf3V_0HeBWMnpTW9',#6,$,$,(#1904),#1906);
#1911=IFCRELDEFINESBYPROPERTIES('13kMSlwj0Z9iaN4IWW3$hT',#6,$,$,(#1904),#1908);
#1912=IFCMAPPEDITEM(#1768,#1742);
#1913=IFCSHAPEREPRESENTATION(#15,'Body','MappedRepresentation',(#1912));
#1914=IFCPRODUCTDEFINITIONSHAPE($,$,(#1913));
#1915=IFCCARTESIANPOINT((4378.7857453788556,-20363.638670240354,0.));
#1916=IFCAXIS2PLACEMENT3D(#1915,$,$);
#1917=IFCLOCALPLACEMENT(#28,#1916);
#1918=IFCCOLUMN('1MzzCu4tX5nAr$Y5GgwCQj',#6,'Column:200x360:310839',$,$,#1917,#1914,'310839');
#1919=IFCPROPERTYSET('2qZzcgYRv1X_APFJCwLym6',#6,'Pset_ColumnCommon',$,(#78,#79,#1777));
#1920=IFCPROPERTYSET('2NNXhMRMvUWEMsnr3tYbcv',#6,'Pset_QuantityTakeOff',$,(#1777));
#1921=IFCPROPERTYSINGLEVALUE('Reference',$,IFCLABEL('200x360'),$);
#1922=IFCPROPERTYSET('2hNdr1x_wm8Veg5StYXly4',#6,'Pset_ReinforcementBarPitchOfColumn',$,(#1921));
#1923=IFCRELDEFINESBYPROPERTIES('3aruZBGKo59c$reCDu82TZ',#6,$,$,(#1918),#1919);
#1924=IFCRELDEFINESBYPROPERTIES('1jhoLuig9ze68qeL$gM4zC',#6,$,$,(#1918),#1920);
#1925=IFCRELDEFINESBYPROPERTIES('2Up$qDRq_FWl$NO7r8xVX8',#6,$,$,(#1918),#1922);
#1926=IFCMAPPEDITEM(#1768,#1742);
#1927=IFCSHAPEREPRESENTATION(#15,'Body','MappedRepresentation',(#1926));
#1928=IFCPRODUCTDEFINITIONSHAPE($,$,(#1927));
#1929=IFCCARTESIANPOINT((7578.7857453788656,-20363.638670240365,0.));
#1930=IFCAXIS2PLACEMENT3D(#1929,$,$);
#1931=IFCLOCALPLACEMENT(#28,#1930);
#1932=IFCCOLUMN('1MzzCu4tX5nAr$Y5GgwCRR',#6,'Column:200x360:310849',$,$,#1931,#1928,'310849');
#1933=IFCPROPERTYSET('3zyAgtLH07VIa_moni9f_s',#6,'Pset_ColumnCommon',$,(#78,#79,#1777));
#1934=IFCPROPERTYSET('2ZuoUHyW0XOLutF$7VcMoo',#6,'Pset_QuantityTakeOff',$,(#1777));
#1935=IFCPROPERTYSINGLEVALUE('Reference',$,IFCLABEL('200x360'),$);
#1936=IFCPROPERTYSET('3LKpu_sa4vLEWTAQlIYUNk',#6,'Pset_ReinforcementBarPitchOfColumn',$,(#1935));
#1937=IFCRELDEFINESBYPROPERTIES('1dRFxkbnAhd7dAdlDrY0$y',#6,$,$,(#1932),#1933);
#1938=IFCRELDEFINESBYPROPERTIES('0apAlxv_OpQ5CUN0XYcpA2',#6,$,$,(#1932),#1934);
#1939=IFCRELDEFINESBYPROPERTIES('0KETOSq2zYyXihkkuEbxcK',#6,$,$,(#1932),#1936);
#1940=IFCMAPPEDITEM(#1768,#1742);
#1941=IFCSHAPEREPRESENTATION(#15,'Body','MappedRepresentation',(#1940));
#1942=IFCPRODUCTDEFINITIONSHAPE($,$,(#1941));
#1943=IFCCARTESIANPOINT((10778.785745378866,-20363.638670240372,0.));
#1944=IFCAXIS2PLACEMENT3D(#1943,$,$);
#1945=IFCLOCALPLACEMENT(#28,#1944);
#1946=IFCCOLUMN('1MzzCu4tX5nAr$Y5GgwCRL',#6,'Column:200x360:310863',$,$,#1945,#1942,'310863');
#1947=IFCPROPERTYSET('0TkqrNuckdUb_LI9aItl03',#6,'Pset_ColumnCommon',$,(#78,#79,#1777));
#1948=IFCPROPERTYSET('0sE$Dm2SghUDKTzFN_6Uyy',#6,'Pset_QuantityTakeOff',$,(#1777));
#1949=IFCPROPERTYSINGLEVALUE('Reference',$,IFCLABEL('200x360'),$);
#1950=IFCPROPERTYSET('07Re_PHus2ZE9GgoWp5875',#6,'Pset_ReinforcementBarPitchOfColumn',$,(#1949));
#1951=IFCRELDEFINESBYPROPERTIES('1ETk5mIlwDm3lN7aJzoHR0',#6,$,$,(#1946),#1947);
#1952=IFCRELDEFINESBYPROPERTIES('2WN_KEzyUPybkBYbnw_d$A',#6,$,$,(#1946),#1948);
#1953=IFCRELDEFINESBYPROPERTIES('2ina1rwl8LK14aXlpviwFy',#6,$,$,(#1946),#1950);
#1954=IFCMAPPEDITEM(#1768,#1742);
#1955=IFCSHAPEREPRESENTATION(#15,'Body','MappedRepresentation',(#1954));
#1956=IFCPRODUCTDEFINITIONSHAPE($,$,(#1955));
#1957=IFCCARTESIANPOINT((13978.785745378864,-20363.638670240383,0.));
#1958=IFCAXIS2PLACEMENT3D(#1957,$,$);
#1959=IFCLOCALPLACEMENT(#28,#1958);
#1960=IFCCOLUMN('1MzzCu4tX5nAr$Y5GgwCOt',#6,'Column:200x360:310957',$,$,#1959,#1956,'310957');
#1961=IFCPROPERTYSET('21ROqDWwjyDe_EedGzBsJX',#6,'Pset_ColumnCommon',$,(#78,#79,#1777));
#1962=IFCPROPERTYSET('217nu9mNM$faAsvn6EooYW',#6,'Pset_QuantityTakeOff',$,(#1777));
#1963=IFCPROPERTYSINGLEVALUE('Reference',$,IFCLABEL('200x360'),$);
#1964=IFCPROPERTYSET('1qRj52_UV7D899r1l0YqVv',#6,'Pset_ReinforcementBarPitchOfColumn',$,(#1963));
#1965=IFCRELDEFINESBYPROPERTIES('3SCzn5hLGx1chj6qI4gEPk',#6,$,$,(#1960),#1961);
#1966=IFCRELDEFINESBYPROPERTIES('2cjHndnzoXPTP_cYca_lY1',#6,$,$,(#1960),#1962);
#1967=IFCRELDEFINESBYPROPERTIES('1XEGsLgCfJ6W8OrdwboLVI',#6,$,$,(#1960),#1964);
#1968=IFCMAPPEDITEM(#1768,#1742);
#1969=IFCSHAPEREPRESENTATION(#15,'Body','MappedRepresentation',(#1968));
#1970=IFCPRODUCTDEFINITIONSHAPE($,$,(#1969));
#1971=IFCCARTESIANPOINT((17178.785745378864,-20363.638670240391,0.));
#1972=IFCAXIS2PLACEMENT3D(#1971,$,$);
#1973=IFCLOCALPLACEMENT(#28,#1972);
#1974=IFCCOLUMN('1MzzCu4tX5nAr$Y5GgwCOZ',#6,'Column:200x360:310969',$,$,#1973,#1970,'310969');
#1975=IFCPROPERTYSET('0XxKFZa2H90mZKyY5nUFMK',#6,'Pset_ColumnCommon',$,(#78,#79,#1777));
#1976=IFCPROPERTYSET('0zhR3qZ8dgd1wqCqHJl4D0',#6,'Pset_QuantityTakeOff',$,(#1777));
#1977=IFCPROPERTYSINGLEVALUE('Reference',$,IFCLABEL('200x360'),$);
#1978=IFCPROPERTYSET('1YmyHDTq5$Cu7tDDydCyhN',#6,'Pset_ReinforcementBarPitchOfColumn',$,(#1977));
#1979=IFCRELDEFINESBYPROPERTIES('2MD8ymxxFkPVSz6lehAHkP',#6,$,$,(#1974),#1975);
#1980=IFCRELDEFINESBYPROPERTIES('2wVD1SDhodShrJ1pjU_$mZ',#6,$,$,(#1974),#1976);
#1981=IFCRELDEFINESBYPROPERTIES('3JchgnjBiJW7PVvPAMloI0',#6,$,$,(#1974),#1978);
#1982=IFCMAPPEDITEM(#1768,#1742);
#1983=IFCSHAPEREPRESENTATION(#15,'Body','MappedRepresentation',(#1982));
#1984=IFCPRODUCTDEFINITIONSHAPE($,$,(#1983));
#1985=IFCCARTESIANPOINT((20378.785745378864,-20363.638670240398,0.));
#1986=IFCAXIS2PLACEMENT3D(#1985,$,$);
#1987=IFCLOCALPLACEMENT(#28,#1986);
#1988=IFCCOLUMN('1MzzCu4tX5nAr$Y5GgwCPJ',#6,'Column:200x360:310985',$,$,#1987,#1984,'310985');
#1989=IFCPROPERTYSET('2qacknpqJzFmTEpvryOepQ',#6,'Pset_ColumnCommon',$,(#78,#79,#1777));
#1990=IFCPROPERTYSET('137CGozCxC4tGiV1Kop9qY',#6,'Pset_QuantityTakeOff',$,(#1777));
#1991=IFCPROPERTYSINGLEVALUE('Reference',$,IFCLABEL('200x360'),$);
#1992=IFCPROPERTYSET('19svVkbRTDDVSFDkn$X3KQ',#6,'Pset_ReinforcementBarPitchOfColumn',$,(#1991));
#1993=IFCRELDEFINESBYPROPERTIES('130Y96lEDTiFqNHtIeQ1nt',#6,$,$,(#1988),#1989);
#1994=IFCRELDEFINESBYPROPERTIES('0iWDl0oynvU9JOPa0AIusK',#6,$,$,(#1988),#1990);
#1995=IFCRELDEFINESBYPROPERTIES('0CsJUOLEHi4VEztHN13Z3E',#6,$,$,(#1988),#1992);
#1996=IFCMAPPEDITEM(#1768,#1742);
#1997=IFCSHAPEREPRESENTATION(#15,'Body','MappedRepresentation',(#1996));
#1998=IFCPRODUCTDEFINITIONSHAPE($,$,(#1997));
#1999=IFCCARTESIANPOINT((23578.785745378864,-20363.638670240409,0.));
#2000=IFCAXIS2PLACEMENT3D(#1999,$,$);
#2001=IFCLOCALPLACEMENT(#28,#2000);
#2002=IFCCOLUMN('1MzzCu4tX5nAr$Y5GgwCP9',#6,'Column:200x360:310995',$,$,#2001,#1998,'310995');
#2003=IFCPROPERTYSET('1xngsc9Wc$Ty_3WR3P1CVi',#6,'Pset_ColumnCommon',$,(#78,#79,#1777));
#2004=IFCPROPERTYSET('0jeSCLd6igCyyLYmO7tXit',#6,'Pset_QuantityTakeOff',$,(#1777));
#2005=IFCPROPERTYSINGLEVALUE('Reference',$,IFCLABEL('200x360'),$);
#2006=IFCPROPERTYSET('2bcW2d_MM8hLRdklWPBSQc',#6,'Pset_ReinforcementBarPitchOfColumn',$,(#2005));
#2007=IFCRELDEFINESBYPROPERTIES('34EnUlU81G27veaVgV1w5x',#6,$,$,(#2002),#2003);
#2008=IFCRELDEFINESBYPROPERTIES('232qIO_S8LQXaTAJkyxKAW',#6,$,$,(#2002),#2004);
#2009=IFCRELDEFINESBYPROPERTIES('0kQgWaPkMH3yC2iDOO3Opu',#6,$,$,(#2002),#2006);
#2010=IFCMAPPEDITEM(#1768,#1742);
#2011=IFCSHAPEREPRESENTATION(#15,'Body','MappedRepresentation',(#2010));
#2012=IFCPRODUCTDEFINITIONSHAPE($,$,(#2011));
#2013=IFCCARTESIANPOINT((26778.785745378875,-20363.638670240416,0.));
#2014=IFCAXIS2PLACEMENT3D(#2013,$,$);
#2015=IFCLOCALPLACEMENT(#28,#2014);
#2016=IFCCOLUMN('1MzzCu4tX5nAr$Y5GgwCPx',#6,'Column:200x360:311009',$,$,#2015,#2012,'311009');
#2017=IFCPROPERTYSET('23mb0e2E38VW0eicS5gviw',#6,'Pset_ColumnCommon',$,(#78,#79,#1777));
#2018=IFCPROPERTYSET('2qigG6Gh78MU9CdgAUHlJN',#6,'Pset_QuantityTakeOff',$,(#1777));
#2019=IFCPROPERTYSINGLEVALUE('Reference',$,IFCLABEL('200x360'),$);
#2020=IFCPROPERTYSET('1mab6KboTWkK8iLgIxGn5Y',#6,'Pset_ReinforcementBarPitchOfColumn',$,(#2019));
#2021=IFCRELDEFINESBYPROPERTIES('2ec07kwbnTM_iWghLTjuer',#6,$,$,(#2016),#2017);
#2022=IFCRELDEFINESBYPROPERTIES('0IBqw_FOix$G09YpVz2bQf',#6,$,$,(#2016),#2018);
#2023=IFCRELDEFINESBYPROPERTIES('2HiWyjMhGl92YTORgq6KxS',#6,$,$,(#2016),#2020);
#2024=IFCMAPPEDITEM(#1735,#1742);
#2025=IFCSHAPEREPRESENTATION(#15,'Body','MappedRepresentation',(#2024));
#2026=IFCPRODUCTDEFINITIONSHAPE($,$,(#2025));
#2027=IFCCARTESIANPOINT((30108.785745378893,-20362.638670240238,0.));
#2028=IFCAXIS2PLACEMENT3D(#2027,$,$);
#2029=IFCLOCALPLACEMENT(#28,#2028);
#2030=IFCCOLUMN('1MzzCu4tX5nAr$Y5GgwCUV',#6,'Column:330x360:311045',$,$,#2029,#2026,'311045');
#2031=IFCPROPERTYSET('1ChNNjxdvN5VQFbz0TUlX9',#6,'Pset_ColumnCommon',$,(#78,#79,#1750));
#2032=IFCPROPERTYSET('2R7bc01PUEFJGddlUJoD4h',#6,'Pset_QuantityTakeOff',$,(#1750));
#2033=IFCPROPERTYSINGLEVALUE('Reference',$,IFCLABEL('330x360'),$);
#2034=IFCPROPERTYSET('2TipO_oTl8Qje5YPaVqjOA',#6,'Pset_ReinforcementBarPitchOfColumn',$,(#2033));
#2035=IFCRELDEFINESBYPROPERTIES('0fDyft1a0bDDWK9mIum18k',#6,$,$,(#2030),#2031);
#2036=IFCRELDEFINESBYPROPERTIES('19xABsQ0Y79o5TXLBRm3P8',#6,$,$,(#2030),#2032);
#2037=IFCRELDEFINESBYPROPERTIES('0caQJ1k6yTj3QN1AGzHllK',#6,$,$,(#2030),#2034);
#2038=IFCCARTESIANPOINT((0.,0.));
#2039=IFCAXIS2PLACEMENT2D(#2038,#44);
#2040=IFCRECTANGLEPROFILEDEF(.AREA.,'250x250',#2039,250.00000000000003,250.00000000000003);
#2041=IFCCARTESIANPOINT((-25.,25.,0.));
#2042=IFCAXIS2PLACEMENT3D(#2041,#51,#1725);
#2043=IFCEXTRUDEDAREASOLID(#2040,#2042,#51,3350.);
#2044=IFCSTYLEDITEM(#2043,(#1731),$);
#2045=IFCSHAPEREPRESENTATION(#15,'Body','SweptSolid',(#2043));
#2046=IFCAXIS2PLACEMENT3D(#10,$,$);
#2047=IFCREPRESENTATIONMAP(#2046,#2045);
#2048=IFCCOLUMNTYPE('2pNQm$eHn1$wzB9nyPhm2_',#6,'Column:250x250',$,$,(#2064),(#2047),'311193',$,.COLUMN.);
#2049=IFCMAPPEDITEM(#2047,#1742);
#2050=IFCSHAPEREPRESENTATION(#15,'Body','MappedRepresentation',(#2049));
#2051=IFCPRODUCTDEFINITIONSHAPE($,$,(#2050));
#2052=IFCCARTESIANPOINT((-25831.214254621129,-7198.638670240216,0.));
#2053=IFCAXIS2PLACEMENT3D(#2052,$,$);
#2054=IFCLOCALPLACEMENT(#28,#2053);
#2055=IFCCOLUMN('1MzzCu4tX5nAr$Y5GgwCSR',#6,'Column:250x250:311169',$,$,#2054,#2051,'311169');
#2056=IFCPROPERTYSINGLEVALUE('Reference',$,IFCIDENTIFIER('250x250'),$);
#2057=IFCPROPERTYSET('34Pg7hsTEIb4bMF5GFSEkx',#6,'Pset_ColumnCommon',$,(#78,#79,#2056));
#2058=IFCPROPERTYSET('2TBSkqvAzcPN1e6t4G3PbK',#6,'Pset_QuantityTakeOff',$,(#2056));
#2059=IFCPROPERTYSINGLEVALUE('Reference',$,IFCLABEL('250x250'),$);
#2060=IFCPROPERTYSET('1O4UPsQP46Gts5tA7eOSJI',#6,'Pset_ReinforcementBarPitchOfColumn',$,(#2059));
#2061=IFCRELDEFINESBYPROPERTIES('0v0HuMWSspB4_mxxu7JyvM',#6,$,$,(#2055),#2057);
#2062=IFCRELDEFINESBYPROPERTIES('0kNyWWM$8kmw$YEVt7khs9',#6,$,$,(#2055),#2058);
#2063=IFCRELDEFINESBYPROPERTIES('3E4HjHhke0IdG750gzBhez',#6,$,$,(#2055),#2060);
#2064=IFCPROPERTYSET('02wA1YlQmBwM_KOAI$bjg_',#6,'Pset_ColumnCommon',$,(#79));
#2065=IFCMAPPEDITEM(#2047,#1742);
#2066=IFCSHAPEREPRESENTATION(#15,'Body','MappedRepresentation',(#2065));
#2067=IFCPRODUCTDEFINITIONSHAPE($,$,(#2066));
#2068=IFCCARTESIANPOINT((-28531.21425462114,-7198.638670240216,0.));
#2069=IFCAXIS2PLACEMENT3D(#2068,$,$);
#2070=IFCLOCALPLACEMENT(#28,#2069);
#2071=IFCCOLUMN('1MzzCu4tX5nAr$Y5GgwBZJ',#6,'Column:250x250:311369',$,$,#2070,#2067,'311369');
#2072=IFCPROPERTYSET('11mPdKv8bD1o7sVdo4RkCk',#6,'Pset_ColumnCommon',$,(#78,#79,#2056));
#2073=IFCPROPERTYSET('1FvRPC3GGwWQF1TFR6mUEE',#6,'Pset_QuantityTakeOff',$,(#2056));
#2074=IFCPROPERTYSINGLEVALUE('Reference',$,IFCLABEL('250x250'),$);
#2075=IFCPROPERTYSET('2O$8McTbYqLBDbsWxmFf2X',#6,'Pset_ReinforcementBarPitchOfColumn',$,(#2074));
#2076=IFCRELDEFINESBYPROPERTIES('2vQrKGCvx5IlODvtsnDHLb',#6,$,$,(#2071),#2072);
#2077=IFCRELDEFINESBYPROPERTIES('0hsSZwjq7icFWgZyAtUv4f',#6,$,$,(#2071),#2073);
#2078=IFCRELDEFINESBYPROPERTIES('3ZgSkd6$dhnDbTD2EaNHyx',#6,$,$,(#2071),#2075);
#2079=IFCMAPPEDITEM(#2047,#1742);
#2080=IFCSHAPEREPRESENTATION(#15,'Body','MappedRepresentation',(#2079));
#2081=IFCPRODUCTDEFINITIONSHAPE($,$,(#2080));
#2082=IFCCARTESIANPOINT((-23131.214254621133,-7198.638670240216,0.));
#2083=IFCAXIS2PLACEMENT3D(#2082,$,$);
#2084=IFCLOCALPLACEMENT(#28,#2083);
#2085=IFCCOLUMN('1MzzCu4tX5nAr$Y5GgwBZD',#6,'Column:250x250:311383',$,$,#2084,#2081,'311383');
#2086=IFCPROPERTYSET('0FaIBQC0SjpmCfkYm0R0Lj',#6,'Pset_ColumnCommon',$,(#78,#79,#2056));
#2087=IFCPROPERTYSET('2IShOQChRsfelJiHkHPBbB',#6,'Pset_QuantityTakeOff',$,(#2056));
#2088=IFCPROPERTYSINGLEVALUE('Reference',$,IFCLABEL('250x250'),$);
#2089=IFCPROPERTYSET('2S9GXVsEVTGyHkF7AZd_wo',#6,'Pset_ReinforcementBarPitchOfColumn',$,(#2088));
#2090=IFCRELDEFINESBYPROPERTIES('0wYtgj6sa4pHZ3d0LUo5GY',#6,$,$,(#2085),#2086);
#2091=IFCRELDEFINESBYPROPERTIES('1z05Dd1j0ueH6CxlG8eyP$',#6,$,$,(#2085),#2087);
#2092=IFCRELDEFINESBYPROPERTIES('3aWJMC22fILjrHB7YM7NC1',#6,$,$,(#2085),#2089);
#2093=IFCMAPPEDITEM(#2047,#1742);
#2094=IFCSHAPEREPRESENTATION(#15,'Body','MappedRepresentation',(#2093));
#2095=IFCPRODUCTDEFINITIONSHAPE($,$,(#2094));
#2096=IFCCARTESIANPOINT((-20431.214254621122,-7198.6386702402169,0.));
#2097=IFCAXIS2PLACEMENT3D(#2096,$,$);
#2098=IFCLOCALPLACEMENT(#28,#2097);
#2099=IFCCOLUMN('1MzzCu4tX5nAr$Y5GgwBZx',#6,'Column:250x250:311393',$,$,#2098,#2095,'311393');
#2100=IFCPROPERTYSET('3chY4HK4ZkUjxg$C_9gZAb',#6,'Pset_ColumnCommon',$,(#78,#79,#2056));
#2101=IFCPROPERTYSET('3WeGZbZGYeP1Ek6XtBeogX',#6,'Pset_QuantityTakeOff',$,(#2056));
#2102=IFCPROPERTYSINGLEVALUE('Reference',$,IFCLABEL('250x250'),$);
#2103=IFCPROPERTYSET('2GVnLpQzOiwXOABvujP7rz',#6,'Pset_ReinforcementBarPitchOfColumn',$,(#2102));
#2104=IFCRELDEFINESBYPROPERTIES('1oN7dZ9Wkh97ufy82ioXv4',#6,$,$,(#2099),#2100);
#2105=IFCRELDEFINESBYPROPERTIES('2mx8Y2SDgNFmkA14yy3t_V',#6,$,$,(#2099),#2101);
#2106=IFCRELDEFINESBYPROPERTIES('38$8VEA2JSm3ECYy9DybXJ',#6,$,$,(#2099),#2103);
#2107=IFCMAPPEDITEM(#2047,#1742);
#2108=IFCSHAPEREPRESENTATION(#15,'Body','MappedRepresentation',(#2107));
#2109=IFCPRODUCTDEFINITIONSHAPE($,$,(#2108));
#2110=IFCCARTESIANPOINT((-17551.214254621122,-7198.638670240216,0.));
#2111=IFCAXIS2PLACEMENT3D(#2110,$,$);
#2112=IFCLOCALPLACEMENT(#28,#2111);
#2113=IFCCOLUMN('1MzzCu4tX5nAr$Y5GgwBZt',#6,'Column:250x250:311405',$,$,#2112,#2109,'311405');
#2114=IFCPROPERTYSET('2Rhet49ztTPWW6YKQSeGy5',#6,'Pset_ColumnCommon',$,(#78,#79,#2056));
#2115=IFCPROPERTYSET('320ML7oejGXmcgo5azTzhW',#6,'Pset_QuantityTakeOff',$,(#2056));
#2116=IFCPROPERTYSINGLEVALUE('Reference',$,IFCLABEL('250x250'),$);
#2117=IFCPROPERTYSET('0ONSHQVFttQLpebJ2uUt_b',#6,'Pset_ReinforcementBarPitchOfColumn',$,(#2116));
#2118=IFCRELDEFINESBYPROPERTIES('03bkLDhDnMtF1ekrsN0CeP',#6,$,$,(#2113),#2114);
#2119=IFCRELDEFINESBYPROPERTIES('3Wg8ngYLewwGGuPkjY7osj',#6,$,$,(#2113),#2115);
#2120=IFCRELDEFINESBYPROPERTIES('1NYbDhSMp_2IFzsbUfBPLd',#6,$,$,(#2113),#2117);
#2121=IFCMAPPEDITEM(#2047,#1742);
#2122=IFCSHAPEREPRESENTATION(#15,'Body','MappedRepresentation',(#2121));
#2123=IFCPRODUCTDEFINITIONSHAPE($,$,(#2122));
#2124=IFCCARTESIANPOINT((-9331.214254621118,-7198.6386702402169,0.));
#2125=IFCAXIS2PLACEMENT3D(#2124,$,$);
#2126=IFCLOCALPLACEMENT(#28,#2125);
#2127=IFCCOLUMN('1MzzCu4tX5nAr$Y5GgwBZd',#6,'Column:250x250:311421',$,$,#2126,#2123,'311421');
#2128=IFCPROPERTYSET('0sW0TTHWtLrXgZWIu56ZTO',#6,'Pset_ColumnCommon',$,(#78,#79,#2056));
#2129=IFCPROPERTYSET('2NGLdwKcBK7zwdHf48qY4O',#6,'Pset_QuantityTakeOff',$,(#2056));
#2130=IFCPROPERTYSINGLEVALUE('Reference',$,IFCLABEL('250x250'),$);
#2131=IFCPROPERTYSET('2vAiRn9j1hzOceIaRloZzV',#6,'Pset_ReinforcementBarPitchOfColumn',$,(#2130));
#2132=IFCRELDEFINESBYPROPERTIES('0dDc8uovXs1Lfkpjfg1BQx',#6,$,$,(#2127),#2128);
#2133=IFCRELDEFINESBYPROPERTIES('0$MNIiTCOSG3lV_myOLU3L',#6,$,$,(#2127),#2129);
#2134=IFCRELDEFINESBYPROPERTIES('2w1PX2TzfbXhItYAjqOUcV',#6,$,$,(#2127),#2131);
#2135=IFCMAPPEDITEM(#2047,#1742);
#2136=IFCSHAPEREPRESENTATION(#15,'Body','MappedRepresentation',(#2135));
#2137=IFCPRODUCTDEFINITIONSHAPE($,$,(#2136));
#2138=IFCCARTESIANPOINT((-6631.2142546211307,-7198.638670240216,0.));
#2139=IFCAXIS2PLACEMENT3D(#2138,$,$);
#2140=IFCLOCALPLACEMENT(#28,#2139);
#2141=IFCCOLUMN('1MzzCu4tX5nAr$Y5GgwBWJ',#6,'Column:250x250:311433',$,$,#2140,#2137,'311433');
#2142=IFCPROPERTYSET('3Ql3wsq94Y1FbTKpSlBTdn',#6,'Pset_ColumnCommon',$,(#78,#79,#2056));
#2143=IFCPROPERTYSET('33MwJjNxe45HfKpCkrz01M',#6,'Pset_QuantityTakeOff',$,(#2056));
#2144=IFCPROPERTYSINGLEVALUE('Reference',$,IFCLABEL('250x250'),$);
#2145=IFCPROPERTYSET('2MNezQ6Ed11gixIKrgR$An',#6,'Pset_ReinforcementBarPitchOfColumn',$,(#2144));
#2146=IFCRELDEFINESBYPROPERTIES('1ZIQe7M$6qU9GTBpTLDziq',#6,$,$,(#2141),#2142);
#2147=IFCRELDEFINESBYPROPERTIES('1IHjWkN0eDkQtU8WANi8lm',#6,$,$,(#2141),#2143);
#2148=IFCRELDEFINESBYPROPERTIES('1kG4vasSoWwBS5UcLNmn6u',#6,$,$,(#2141),#2145);
#2149=IFCMAPPEDITEM(#2047,#1742);
#2150=IFCSHAPEREPRESENTATION(#15,'Body','MappedRepresentation',(#2149));
#2151=IFCPRODUCTDEFINITIONSHAPE($,$,(#2150));
#2152=IFCCARTESIANPOINT((-3931.214254621133,-7198.6386702402388,0.));
#2153=IFCAXIS2PLACEMENT3D(#2152,$,$);
#2154=IFCLOCALPLACEMENT(#28,#2153);
#2155=IFCCOLUMN('1MzzCu4tX5nAr$Y5GgwBWF',#6,'Column:250x250:311445',$,$,#2154,#2151,'311445');
#2156=IFCPROPERTYSET('2LMUjGiyDZgLxzFs01M4W0',#6,'Pset_ColumnCommon',$,(#78,#79,#2056));
#2157=IFCPROPERTYSET('0pRnwfvg3aG9arBb9PAOJj',#6,'Pset_QuantityTakeOff',$,(#2056));
#2158=IFCPROPERTYSINGLEVALUE('Reference',$,IFCLABEL('250x250'),$);
#2159=IFCPROPERTYSET('2f_44IK1sixmZCuJUCN0SX',#6,'Pset_ReinforcementBarPitchOfColumn',$,(#2158));
#2160=IFCRELDEFINESBYPROPERTIES('20USMMI2Ak6GwplW9JER3h',#6,$,$,(#2155),#2156);
#2161=IFCRELDEFINESBYPROPERTIES('3SdeKYPAnUyRNAb3F5WGD7',#6,$,$,(#2155),#2157);
#2162=IFCRELDEFINESBYPROPERTIES('19QiFqDxR3WFqr6xw9v4Aw',#6,$,$,(#2155),#2159);
#2163=IFCMAPPEDITEM(#2047,#1742);
#2164=IFCSHAPEREPRESENTATION(#15,'Body','MappedRepresentation',(#2163));
#2165=IFCPRODUCTDEFINITIONSHAPE($,$,(#2164));
#2166=IFCCARTESIANPOINT((-1231.2142546211107,-7198.638670240216,0.));
#2167=IFCAXIS2PLACEMENT3D(#2166,$,$);
#2168=IFCLOCALPLACEMENT(#28,#2167);
#2169=IFCCOLUMN('1MzzCu4tX5nAr$Y5GgwBWx',#6,'Column:250x250:311457',$,$,#2168,#2165,'311457');
#2170=IFCPROPERTYSET('0RzdADkR7EBu6uOfWbHwBu',#6,'Pset_ColumnCommon',$,(#78,#79,#2056));
#2171=IFCPROPERTYSET('2cnazVB8pf7laJ9zHb49Hx',#6,'Pset_QuantityTakeOff',$,(#2056));
#2172=IFCPROPERTYSINGLEVALUE('Reference',$,IFCLABEL('250x250'),$);
#2173=IFCPROPERTYSET('3AnCuLRVES7UcT3KuoxTLu',#6,'Pset_ReinforcementBarPitchOfColumn',$,(#2172));
#2174=IFCRELDEFINESBYPROPERTIES('1mt9zaZHhP3RmQBdw_Tzlc',#6,$,$,(#2169),#2170);
#2175=IFCRELDEFINESBYPROPERTIES('1_0wrv_lG7FHddKwGOK$Qx',#6,$,$,(#2169),#2171);
#2176=IFCRELDEFINESBYPROPERTIES('1CChVVpV2vtd6Tz3zf$eo1',#6,$,$,(#2169),#2173);
#2177=IFCMAPPEDITEM(#2047,#1742);
#2178=IFCSHAPEREPRESENTATION(#15,'Body','MappedRepresentation',(#2177));
#2179=IFCPRODUCTDEFINITIONSHAPE($,$,(#2178));
#2180=IFCCARTESIANPOINT((1648.7857453788804,-7198.6386702402169,0.));
#2181=IFCAXIS2PLACEMENT3D(#2180,$,$);
#2182=IFCLOCALPLACEMENT(#28,#2181);
#2183=IFCCOLUMN('1MzzCu4tX5nAr$Y5GgwBWt',#6,'Column:250x250:311469',$,$,#2182,#2179,'311469');
#2184=IFCPROPERTYSET('3Fx2EcXGS4EqfFRhSJCxGx',#6,'Pset_ColumnCommon',$,(#78,#79,#2056));
#2185=IFCPROPERTYSET('2jyjuHbipUW7cTQ5BW_oZR',#6,'Pset_QuantityTakeOff',$,(#2056));
#2186=IFCPROPERTYSINGLEVALUE('Reference',$,IFCLABEL('250x250'),$);
#2187=IFCPROPERTYSET('1w8RTj8tQ1be8WAEU2ktn6',#6,'Pset_ReinforcementBarPitchOfColumn',$,(#2186));
#2188=IFCRELDEFINESBYPROPERTIES('2GflDOd7ELqLEtS_dZbN1b',#6,$,$,(#2183),#2184);
#2189=IFCRELDEFINESBYPROPERTIES('2v9GmdfVXYTm_7vYIWIFWM',#6,$,$,(#2183),#2185);
#2190=IFCRELDEFINESBYPROPERTIES('1qibljTmm2zsYAUuLKiP43',#6,$,$,(#2183),#2187);
#2191=IFCMAPPEDITEM(#2047,#1742);
#2192=IFCSHAPEREPRESENTATION(#15,'Body','MappedRepresentation',(#2191));
#2193=IFCPRODUCTDEFINITIONSHAPE($,$,(#2192));
#2194=IFCCARTESIANPOINT((9118.7857453788802,-7198.638670240216,0.));
#2195=IFCAXIS2PLACEMENT3D(#2194,$,$);
#2196=IFCLOCALPLACEMENT(#28,#2195);
#2197=IFCCOLUMN('1MzzCu4tX5nAr$Y5GgwBXj',#6,'Column:250x250:311543',$,$,#2196,#2193,'311543');
#2198=IFCPROPERTYSET('03WmhiJlhnNMYRz$XU5xgs',#6,'Pset_ColumnCommon',$,(#78,#79,#2056));
#2199=IFCPROPERTYSET('0dIbh_BL_Wn$n1tdmMb3Kh',#6,'Pset_QuantityTakeOff',$,(#2056));
#2200=IFCPROPERTYSINGLEVALUE('Reference',$,IFCLABEL('250x250'),$);
#2201=IFCPROPERTYSET('0CCeshOoqS9B8nLQedY88e',#6,'Pset_ReinforcementBarPitchOfColumn',$,(#2200));
#2202=IFCRELDEFINESBYPROPERTIES('34HFImdz8350PVebb4Lin3',#6,$,$,(#2197),#2198);
#2203=IFCRELDEFINESBYPROPERTIES('3r8nlmq4IaZQ3fqf$0McAh',#6,$,$,(#2197),#2199);
#2204=IFCRELDEFINESBYPROPERTIES('2vKI$U1o_agOtauGmJlPFv',#6,$,$,(#2197),#2201);
#2205=IFCMAPPEDITEM(#2047,#1742);
#2206=IFCSHAPEREPRESENTATION(#15,'Body','MappedRepresentation',(#2205));
#2207=IFCPRODUCTDEFINITIONSHAPE($,$,(#2206));
#2208=IFCCARTESIANPOINT((11818.785745378889,-7198.6386702402169,0.));
#2209=IFCAXIS2PLACEMENT3D(#2208,$,$);
#2210=IFCLOCALPLACEMENT(#28,#2209);
#2211=IFCCOLUMN('1MzzCu4tX5nAr$Y5GgwBcR',#6,'Column:250x250:311553',$,$,#2210,#2207,'311553');
#2212=IFCPROPERTYSET('2KMMIYtKKQn5JZ3efTekTW',#6,'Pset_ColumnCommon',$,(#78,#79,#2056));
#2213=IFCPROPERTYSET('1iPteZUhP3CxtocOVfOocs',#6,'Pset_QuantityTakeOff',$,(#2056));
#2214=IFCPROPERTYSINGLEVALUE('Reference',$,IFCLABEL('250x250'),$);
#2215=IFCPROPERTYSET('2JgglnJw13n$kzHPxYJ0qU',#6,'Pset_ReinforcementBarPitchOfColumn',$,(#2214));
#2216=IFCRELDEFINESBYPROPERTIES('1ePxRKMfHp4HB$R_oVAYry',#6,$,$,(#2211),#2212);
#2217=IFCRELDEFINESBYPROPERTIES('1XCXk9Gg3k8F_D6Yt1js91',#6,$,$,(#2211),#2213);
#2218=IFCRELDEFINESBYPROPERTIES('16GGAYlb23t0A4klOo6hoE',#6,$,$,(#2211),#2215);
#2219=IFCMAPPEDITEM(#2047,#1742);
#2220=IFCSHAPEREPRESENTATION(#15,'Body','MappedRepresentation',(#2219));
#2221=IFCPRODUCTDEFINITIONSHAPE($,$,(#2220));
#2222=IFCCARTESIANPOINT((14003.78574537886,-7198.638670240216,0.));
#2223=IFCAXIS2PLACEMENT3D(#2222,$,$);
#2224=IFCLOCALPLACEMENT(#28,#2223);
#2225=IFCCOLUMN('1MzzCu4tX5nAr$Y5GgwBcz',#6,'Column:250x250:311591',$,$,#2224,#2221,'311591');
#2226=IFCPROPERTYSET('2HGuN7WR7bLgB33Qmt3zo8',#6,'Pset_ColumnCommon',$,(#78,#79,#2056));
#2227=IFCPROPERTYSET('1IILEeQrht9$2P6zwhb0yD',#6,'Pset_QuantityTakeOff',$,(#2056));
#2228=IFCPROPERTYSINGLEVALUE('Reference',$,IFCLABEL('250x250'),$);
#2229=IFCPROPERTYSET('1R_p_C4nZhD7L0zY2OG4XI',#6,'Pset_ReinforcementBarPitchOfColumn',$,(#2228));
#2230=IFCRELDEFINESBYPROPERTIES('3mGxg4FvpkejkhhRPDjp5i',#6,$,$,(#2225),#2226);
#2231=IFCRELDEFINESBYPROPERTIES('0LRnuj5Zb$JiJDYSRZktvE',#6,$,$,(#2225),#2227);
#2232=IFCRELDEFINESBYPROPERTIES('2L3j9rgJ2jT4tfPMlKd3uC',#6,$,$,(#2225),#2229);
#2233=IFCMAPPEDITEM(#2047,#1742);
#2234=IFCSHAPEREPRESENTATION(#15,'Body','MappedRepresentation',(#2233));
#2235=IFCPRODUCTDEFINITIONSHAPE($,$,(#2234));
#2236=IFCCARTESIANPOINT((-5355.7818862433278,1861.3613297596683,0.));
#2237=IFCAXIS2PLACEMENT3D(#2236,$,$);
#2238=IFCLOCALPLACEMENT(#28,#2237);
#2239=IFCCOLUMN('1MzzCu4tX5nAr$Y5GgwBbT',#6,'Column:250x250:311751',$,$,#2238,#2235,'311751');
#2240=IFCPROPERTYSET('1HBlYI090kj8mf9WBnDNie',#6,'Pset_ColumnCommon',$,(#78,#79,#2056));
#2241=IFCPROPERTYSET('3kdvrNUfVWURS_eJv9BQIe',#6,'Pset_QuantityTakeOff',$,(#2056));
#2242=IFCPROPERTYSINGLEVALUE('Reference',$,IFCLABEL('250x250'),$);
#2243=IFCPROPERTYSET('15gS9glqp2e_XYijkJeVjq',#6,'Pset_ReinforcementBarPitchOfColumn',$,(#2242));
#2244=IFCRELDEFINESBYPROPERTIES('0DIWF77uqLBRG5X$G$Dk27',#6,$,$,(#2239),#2240);
#2245=IFCRELDEFINESBYPROPERTIES('3wDervH8GxQYi0QieBWEsE',#6,$,$,(#2239),#2241);
#2246=IFCRELDEFINESBYPROPERTIES('29qvvXMLi77G7aFiYesPyV',#6,$,$,(#2239),#2243);
#2247=IFCMAPPEDITEM(#2047,#1742);
#2248=IFCSHAPEREPRESENTATION(#15,'Body','MappedRepresentation',(#2247));
#2249=IFCPRODUCTDEFINITIONSHAPE($,$,(#2248));
#2250=IFCCARTESIANPOINT((-5355.7818862433223,5061.3613297596667,0.));
#2251=IFCAXIS2PLACEMENT3D(#2250,$,$);
#2252=IFCLOCALPLACEMENT(#28,#2251);
#2253=IFCCOLUMN('1MzzCu4tX5nAr$Y5GgwBbB',#6,'Column:250x250:311761',$,$,#2252,#2249,'311761');
#2254=IFCPROPERTYSET('2L9Ff5se52$q0R$rOtf5vg',#6,'Pset_ColumnCommon',$,(#78,#79,#2056));
#2255=IFCPROPERTYSET('3Bf$eI6ogKlyAWEghjc$OU',#6,'Pset_QuantityTakeOff',$,(#2056));
#2256=IFCPROPERTYSINGLEVALUE('Reference',$,IFCLABEL('250x250'),$);
#2257=IFCPROPERTYSET('2yrUDjOKBbw8LkqF7QYfLc',#6,'Pset_ReinforcementBarPitchOfColumn',$,(#2256));
#2258=IFCRELDEFINESBYPROPERTIES('22iH4hUcER19oIh8Bn_6DT',#6,$,$,(#2253),#2254);
#2259=IFCRELDEFINESBYPROPERTIES('2qhoutTWr1rmVXLul0rcbs',#6,$,$,(#2253),#2255);
#2260=IFCRELDEFINESBYPROPERTIES('1wTEfBz$6U$$1L3rMPnasC',#6,$,$,(#2253),#2257);
#2261=IFCCARTESIANPOINT((0.,0.));
#2262=IFCAXIS2PLACEMENT2D(#2261,#44);
#2263=IFCRECTANGLEPROFILEDEF(.AREA.,'200x640',#2262,640.,200.00000000000006);
#2264=IFCCARTESIANPOINT((-220.,0.,0.));
#2265=IFCAXIS2PLACEMENT3D(#2264,#51,#1725);
#2266=IFCEXTRUDEDAREASOLID(#2263,#2265,#51,3500.0000000000005);
#2267=IFCSTYLEDITEM(#2266,(#1731),$);
#2268=IFCSHAPEREPRESENTATION(#15,'Body','SweptSolid',(#2266));
#2269=IFCAXIS2PLACEMENT3D(#10,$,$);
#2270=IFCREPRESENTATIONMAP(#2269,#2268);
#2271=IFCCOLUMNTYPE('2pNQm$eHn1$wzB9nyPhm2$',#6,'Column:200x640',$,$,(#2287),(#2270),'311820',$,.COLUMN.);
#2272=IFCMAPPEDITEM(#2270,#1742);
#2273=IFCSHAPEREPRESENTATION(#15,'Body','MappedRepresentation',(#2272));
#2274=IFCPRODUCTDEFINITIONSHAPE($,$,(#2273));
#2275=IFCCARTESIANPOINT((30108.785745378871,-11038.638670240451,0.));
#2276=IFCAXIS2PLACEMENT3D(#2275,$,$);
#2277=IFCLOCALPLACEMENT(#28,#2276);
#2278=IFCCOLUMN('1MzzCu4tX5nAr$Y5GgwBbW',#6,'Column:200x640:311802',$,$,#2277,#2274,'311802');
#2279=IFCPROPERTYSINGLEVALUE('Reference',$,IFCIDENTIFIER('200x640'),$);
#2280=IFCPROPERTYSET('1FE8OSNHKvCdyy24_eQjmy',#6,'Pset_ColumnCommon',$,(#78,#79,#2279));
#2281=IFCPROPERTYSET('2Wd4h_OZWZYJWKSIQmyn3a',#6,'Pset_QuantityTakeOff',$,(#2279));
#2282=IFCPROPERTYSINGLEVALUE('Reference',$,IFCLABEL('200x640'),$);
#2283=IFCPROPERTYSET('1hWQjz0jficRKCvXg_EfOC',#6,'Pset_ReinforcementBarPitchOfColumn',$,(#2282));
#2284=IFCRELDEFINESBYPROPERTIES('3QjQ_iyBYziEBclQb9uGuo',#6,$,$,(#2278),#2280);
#2285=IFCRELDEFINESBYPROPERTIES('0qoYR$cPOuBwK2_2SSmcSn',#6,$,$,(#2278),#2281);
#2286=IFCRELDEFINESBYPROPERTIES('2nzsdw7sNbxCAzUk2HznU4',#6,$,$,(#2278),#2283);
#2287=IFCPROPERTYSET('3VoAZvLcTr4$5CDItIGMQW',#6,'Pset_ColumnCommon',$,(#79));
#2288=IFCCARTESIANPOINT((0.,0.));
#2289=IFCAXIS2PLACEMENT2D(#2288,#44);
#2290=IFCRECTANGLEPROFILEDEF(.AREA.,'200x580',#2289,580.,200.00000000000006);
#2291=IFCCARTESIANPOINT((-190.,0.,0.));
#2292=IFCAXIS2PLACEMENT3D(#2291,#51,#1725);
#2293=IFCEXTRUDEDAREASOLID(#2290,#2292,#51,3500.0000000000005);
#2294=IFCSTYLEDITEM(#2293,(#1731),$);
#2295=IFCSHAPEREPRESENTATION(#15,'Body','SweptSolid',(#2293));
#2296=IFCAXIS2PLACEMENT3D(#10,$,$);
#2297=IFCREPRESENTATIONMAP(#2296,#2295);
#2298=IFCCOLUMNTYPE('2pNQm$eHn1$wzB9nyPhm2u',#6,'Column:200x580',$,$,(#2314),(#2297),'311985',$,.COLUMN.);
#2299=IFCMAPPEDITEM(#2297,#1742);
#2300=IFCSHAPEREPRESENTATION(#15,'Body','MappedRepresentation',(#2299));
#2301=IFCPRODUCTDEFINITIONSHAPE($,$,(#2300));
#2302=IFCCARTESIANPOINT((20803.785745378889,-4638.6386702402087,0.));
#2303=IFCAXIS2PLACEMENT3D(#2302,$,$);
#2304=IFCLOCALPLACEMENT(#28,#2303);
#2305=IFCCOLUMN('1MzzCu4tX5nAr$Y5GgwBe3',#6,'Column:200x580:311961',$,$,#2304,#2301,'311961');
#2306=IFCPROPERTYSINGLEVALUE('Reference',$,IFCIDENTIFIER('200x580'),$);
#2307=IFCPROPERTYSET('1Qzo3jBprrsWLRbg76sBdc',#6,'Pset_ColumnCommon',$,(#78,#79,#2306));
#2308=IFCPROPERTYSET('2wIGVdTy0_tviasACdljVr',#6,'Pset_QuantityTakeOff',$,(#2306));
#2309=IFCPROPERTYSINGLEVALUE('Reference',$,IFCLABEL('200x580'),$);
#2310=IFCPROPERTYSET('2o4inC5M7Sj83XPCjFTDeW',#6,'Pset_ReinforcementBarPitchOfColumn',$,(#2309));
#2311=IFCRELDEFINESBYPROPERTIES('0aMdsHNSXBj4V82fslA9OJ',#6,$,$,(#2305),#2307);
#2312=IFCRELDEFINESBYPROPERTIES('2V8GCEkTchEba3EC9xaKyd',#6,$,$,(#2305),#2308);
#2313=IFCRELDEFINESBYPROPERTIES('1SfZd5w14MUrqQ5nc29eQZ',#6,$,$,(#2305),#2310);
#2314=IFCPROPERTYSET('3I_Gh6fzEprq8scQBo3cme',#6,'Pset_ColumnCommon',$,(#79));
#2315=IFCMAPPEDITEM(#2270,#1742);
#2316=IFCSHAPEREPRESENTATION(#15,'Body','MappedRepresentation',(#2315));
#2317=IFCPRODUCTDEFINITIONSHAPE($,$,(#2316));
#2318=IFCCARTESIANPOINT((30108.785745378886,-4638.6386702404461,0.));
#2319=IFCAXIS2PLACEMENT3D(#2318,$,$);
#2320=IFCLOCALPLACEMENT(#28,#2319);
#2321=IFCCOLUMN('1MzzCu4tX5nAr$Y5GgwBlA',#6,'Column:200x640:312144',$,$,#2320,#2317,'312144');
#2322=IFCPROPERTYSET('0B2RpAFu9MoqDOqxFpiLGt',#6,'Pset_ColumnCommon',$,(#78,#79,#2279));
#2323=IFCPROPERTYSET('3h28Rk1AcrTeK4yeWfmx6w',#6,'Pset_QuantityTakeOff',$,(#2279));
#2324=IFCPROPERTYSINGLEVALUE('Reference',$,IFCLABEL('200x640'),$);
#2325=IFCPROPERTYSET('0fcFYSCxLxCurq6IAIqXYV',#6,'Pset_ReinforcementBarPitchOfColumn',$,(#2324));
#2326=IFCRELDEFINESBYPROPERTIES('3zWrTfRxHTZ$iXtqnHrYAY',#6,$,$,(#2321),#2322);
#2327=IFCRELDEFINESBYPROPERTIES('3AqAsRmmHvYbLfl7IJEKx0',#6,$,$,(#2321),#2323);
#2328=IFCRELDEFINESBYPROPERTIES('3y4RvW2xWA9wXE2UchAsDX',#6,$,$,(#2321),#2325);
#2329=IFCMAPPEDITEM(#2297,#1742);
#2330=IFCSHAPEREPRESENTATION(#15,'Body','MappedRepresentation',(#2329));
#2331=IFCPRODUCTDEFINITIONSHAPE($,$,(#2330));
#2332=IFCCARTESIANPOINT((20803.785745378889,-11038.638670240211,0.));
#2333=IFCAXIS2PLACEMENT3D(#2332,$,$);
#2334=IFCLOCALPLACEMENT(#28,#2333);
#2335=IFCCOLUMN('1MzzCu4tX5nAr$Y5GgwBjB',#6,'Column:200x580:312273',$,$,#2334,#2331,'312273');
#2336=IFCPROPERTYSET('3kyoZvgeYIMmKaSiwZbX1W',#6,'Pset_ColumnCommon',$,(#78,#79,#2306));
#2337=IFCPROPERTYSET('2NL87Vco4Spo14Yghwdh$4',#6,'Pset_QuantityTakeOff',$,(#2306));
#2338=IFCPROPERTYSINGLEVALUE('Reference',$,IFCLABEL('200x580'),$);
#2339=IFCPROPERTYSET('3oTB4GvPorOqrR1Gp7HXys',#6,'Pset_ReinforcementBarPitchOfColumn',$,(#2338));
#2340=IFCRELDEFINESBYPROPERTIES('3mLO0_12idXVhOeJA4Jclk',#6,$,$,(#2335),#2336);
#2341=IFCRELDEFINESBYPROPERTIES('0vxDV7Q1lumz9jmyUj$CeE',#6,$,$,(#2335),#2337);
#2342=IFCRELDEFINESBYPROPERTIES('1M3YIrAKySQITRUpLEJN8X',#6,$,$,(#2335),#2339);
#2343=IFCMAPPEDITEM(#2297,#1742);
#2344=IFCSHAPEREPRESENTATION(#15,'Body','MappedRepresentation',(#2343));
#2345=IFCPRODUCTDEFINITIONSHAPE($,$,(#2344));
#2346=IFCCARTESIANPOINT((20803.785745378889,-7838.6386702402779,0.));
#2347=IFCAXIS2PLACEMENT3D(#2346,$,$);
#2348=IFCLOCALPLACEMENT(#28,#2347);
#2349=IFCCOLUMN('1MzzCu4tX5nAr$Y5GgwBj1',#6,'Column:200x580:312283',$,$,#2348,#2345,'312283');
#2350=IFCPROPERTYSET('2xEWFYO1HDhmfUIfpypNyN',#6,'Pset_ColumnCommon',$,(#78,#79,#2306));
#2351=IFCPROPERTYSET('2pl6VzFpPygVxygy6_tH1v',#6,'Pset_QuantityTakeOff',$,(#2306));
#2352=IFCPROPERTYSINGLEVALUE('Reference',$,IFCLABEL('200x580'),$);
#2353=IFCPROPERTYSET('0eYN6Lqg5Xbw0dR3r3qzwl',#6,'Pset_ReinforcementBarPitchOfColumn',$,(#2352));
#2354=IFCRELDEFINESBYPROPERTIES('0qt1NbZ3GhfX8ZxUi3Kvzs',#6,$,$,(#2349),#2350);
#2355=IFCRELDEFINESBYPROPERTIES('3I7M_v8pDZJRLJX2seZu4T',#6,$,$,(#2349),#2351);
#2356=IFCRELDEFINESBYPROPERTIES('2_DV4pM$g1yJY$n4TTFCSW',#6,$,$,(#2349),#2353);
#2357=IFCCARTESIANPOINT((0.,0.));
#2358=IFCAXIS2PLACEMENT2D(#2357,#44);
#2359=IFCRECTANGLEPROFILEDEF(.AREA.,'200x300',#2358,300.,200.00000000000006);
#2360=IFCCARTESIANPOINT((-50.,0.,0.));
#2361=IFCAXIS2PLACEMENT3D(#2360,#51,#1725);
#2362=IFCEXTRUDEDAREASOLID(#2359,#2361,#51,3500.0000000000005);
#2363=IFCSTYLEDITEM(#2362,(#1731),$);
#2364=IFCSHAPEREPRESENTATION(#15,'Body','SweptSolid',(#2362));
#2365=IFCAXIS2PLACEMENT3D(#10,$,$);
#2366=IFCREPRESENTATIONMAP(#2365,#2364);
#2367=IFCCOLUMNTYPE('2pNQm$eHn1$wzB9nyPhm2v',#6,'Column:200x300',$,$,(#2383),(#2366),'312317',$,.COLUMN.);
#2368=IFCMAPPEDITEM(#2366,#1742);
#2369=IFCSHAPEREPRESENTATION(#15,'Body','MappedRepresentation',(#2368));
#2370=IFCPRODUCTDEFINITIONSHAPE($,$,(#2369));
#2371=IFCCARTESIANPOINT((29768.785745378875,-1438.6386702404423,0.));
#2372=IFCAXIS2PLACEMENT3D(#2371,$,$);
#2373=IFCLOCALPLACEMENT(#28,#2372);
#2374=IFCCOLUMN('1MzzCu4tX5nAr$Y5GgwBpj',#6,'Column:200x300:312439',$,$,#2373,#2370,'312439');
#2375=IFCPROPERTYSINGLEVALUE('Reference',$,IFCIDENTIFIER('200x300'),$);
#2376=IFCPROPERTYSET('1TExrgpRMhNZ97csBSBF2A',#6,'Pset_ColumnCommon',$,(#78,#79,#2375));
#2377=IFCPROPERTYSET('11i_$QXKgcxqs_soOlqbTE',#6,'Pset_QuantityTakeOff',$,(#2375));
#2378=IFCPROPERTYSINGLEVALUE('Reference',$,IFCLABEL('200x300'),$);
#2379=IFCPROPERTYSET('3CYWctrpbSkMtNuYw4Nfre',#6,'Pset_ReinforcementBarPitchOfColumn',$,(#2378));
#2380=IFCRELDEFINESBYPROPERTIES('2q7yZRsDH6LNAczHk8RDB3',#6,$,$,(#2374),#2376);
#2381=IFCRELDEFINESBYPROPERTIES('2VS_kFqdf0AyrhgG96U1xs',#6,$,$,(#2374),#2377);
#2382=IFCRELDEFINESBYPROPERTIES('0H6c5Un5a6CH$6FsYB5kjm',#6,$,$,(#2374),#2379);
#2383=IFCPROPERTYSET('0HLiJ8p2faGVy0YKFY2Q5d',#6,'Pset_ColumnCommon',$,(#79));
#2384=IFCMAPPEDITEM(#2366,#1742);
#2385=IFCSHAPEREPRESENTATION(#15,'Body','MappedRepresentation',(#2384));
#2386=IFCPRODUCTDEFINITIONSHAPE($,$,(#2385));
#2387=IFCCARTESIANPOINT((29768.785745378882,1761.3613297595573,0.));
#2388=IFCAXIS2PLACEMENT3D(#2387,$,$);
#2389=IFCLOCALPLACEMENT(#28,#2388);
#2390=IFCCOLUMN('1MzzCu4tX5nAr$Y5GgwBmR',#6,'Column:200x300:312449',$,$,#2389,#2386,'312449');
#2391=IFCPROPERTYSET('0GTXslFD$_osbrrIEa6dIX',#6,'Pset_ColumnCommon',$,(#78,#79,#2375));
#2392=IFCPROPERTYSET('0tdwsvTBpAQJ7k4lq2skst',#6,'Pset_QuantityTakeOff',$,(#2375));
#2393=IFCPROPERTYSINGLEVALUE('Reference',$,IFCLABEL('200x300'),$);
#2394=IFCPROPERTYSET('1lw8JbNRcJ7UflCZg4UgcV',#6,'Pset_ReinforcementBarPitchOfColumn',$,(#2393));
#2395=IFCRELDEFINESBYPROPERTIES('1Dqx55blB2LlgnKmUiueXr',#6,$,$,(#2390),#2391);
#2396=IFCRELDEFINESBYPROPERTIES('3Sk5B1kuhkc_kxUkjjkqbh',#6,$,$,(#2390),#2392);
#2397=IFCRELDEFINESBYPROPERTIES('0XdPL9PKtYluLfs9gHtfOp',#6,$,$,(#2390),#2394);
#2398=IFCMAPPEDITEM(#2366,#1742);
#2399=IFCSHAPEREPRESENTATION(#15,'Body','MappedRepresentation',(#2398));
#2400=IFCPRODUCTDEFINITIONSHAPE($,$,(#2399));
#2401=IFCCARTESIANPOINT((29768.785745378886,4961.3613297595566,0.));
#2402=IFCAXIS2PLACEMENT3D(#2401,$,$);
#2403=IFCLOCALPLACEMENT(#28,#2402);
#2404=IFCCOLUMN('1MzzCu4tX5nAr$Y5GgwBmH',#6,'Column:200x300:312459',$,$,#2403,#2400,'312459');
#2405=IFCPROPERTYSET('2cWgk1AzgM2TEl8DLydYgM',#6,'Pset_ColumnCommon',$,(#78,#79,#2375));
#2406=IFCPROPERTYSET('04qqaI$P8m2YvhHpWYDBOT',#6,'Pset_QuantityTakeOff',$,(#2375));
#2407=IFCPROPERTYSINGLEVALUE('Reference',$,IFCLABEL('200x300'),$);
#2408=IFCPROPERTYSET('3BefsdZUOCJiXt_$EVhTmQ',#6,'Pset_ReinforcementBarPitchOfColumn',$,(#2407));
#2409=IFCRELDEFINESBYPROPERTIES('2nbratBnOg7zdpqDmIH17K',#6,$,$,(#2404),#2405);
#2410=IFCRELDEFINESBYPROPERTIES('0MgDhoMwSumCgkNaLyDgpa',#6,$,$,(#2404),#2406);
#2411=IFCRELDEFINESBYPROPERTIES('1rPfuLnv$GzdI5V8Fi$Vjh',#6,$,$,(#2404),#2408);
#2412=IFCMAPPEDITEM(#2366,#1742);
#2413=IFCSHAPEREPRESENTATION(#15,'Body','MappedRepresentation',(#2412));
#2414=IFCPRODUCTDEFINITIONSHAPE($,$,(#2413));
#2415=IFCCARTESIANPOINT((29768.785745378889,8161.3613297595575,0.));
#2416=IFCAXIS2PLACEMENT3D(#2415,$,$);
#2417=IFCLOCALPLACEMENT(#28,#2416);
#2418=IFCCOLUMN('1MzzCu4tX5nAr$Y5GgwBmF',#6,'Column:200x300:312469',$,$,#2417,#2414,'312469');
#2419=IFCPROPERTYSET('02lFMlxDnuKrVN8iij2Wx$',#6,'Pset_ColumnCommon',$,(#78,#79,#2375));
#2420=IFCPROPERTYSET('3R1VZ$OscfBJzWXiSDDQrc',#6,'Pset_QuantityTakeOff',$,(#2375));
#2421=IFCPROPERTYSINGLEVALUE('Reference',$,IFCLABEL('200x300'),$);
#2422=IFCPROPERTYSET('18630ndc1BYO_CWDgArgwc',#6,'Pset_ReinforcementBarPitchOfColumn',$,(#2421));
#2423=IFCRELDEFINESBYPROPERTIES('2w__fK9Fj$u0g7YpfeRoPt',#6,$,$,(#2418),#2419);
#2424=IFCRELDEFINESBYPROPERTIES('0hVpQLTKt_hBd9Lkwh0O4M',#6,$,$,(#2418),#2420);
#2425=IFCRELDEFINESBYPROPERTIES('1RV1epqYuD3bn_HTc9cMXJ',#6,$,$,(#2418),#2422);
#2426=IFCMAPPEDITEM(#2366,#1742);
#2427=IFCSHAPEREPRESENTATION(#15,'Body','MappedRepresentation',(#2426));
#2428=IFCPRODUCTDEFINITIONSHAPE($,$,(#2427));
#2429=IFCCARTESIANPOINT((29768.785745378897,11361.361329759557,0.));
#2430=IFCAXIS2PLACEMENT3D(#2429,$,$);
#2431=IFCLOCALPLACEMENT(#28,#2430);
#2432=IFCCOLUMN('1MzzCu4tX5nAr$Y5GgwBmx',#6,'Column:200x300:312481',$,$,#2431,#2428,'312481');
#2433=IFCPROPERTYSET('1y7mzTT5YfPJiC1Y9Pj$2m',#6,'Pset_ColumnCommon',$,(#78,#79,#2375));
#2434=IFCPROPERTYSET('2qkLONy$sdHmMGhmn95Ykg',#6,'Pset_QuantityTakeOff',$,(#2375));
#2435=IFCPROPERTYSINGLEVALUE('Reference',$,IFCLABEL('200x300'),$);
#2436=IFCPROPERTYSET('3S5Hw7zBq0b6ZSLf_BGXeB',#6,'Pset_ReinforcementBarPitchOfColumn',$,(#2435));
#2437=IFCRELDEFINESBYPROPERTIES('0QcSFGzjHLk8OoY6LNxFvl',#6,$,$,(#2432),#2433);
#2438=IFCRELDEFINESBYPROPERTIES('3pROntjCW0TQmoBCtA004j',#6,$,$,(#2432),#2434);
#2439=IFCRELDEFINESBYPROPERTIES('3k7wWs9QcDkaCIyfaUoOiY',#6,$,$,(#2432),#2436);
#2440=IFCMAPPEDITEM(#2366,#1742);
#2441=IFCSHAPEREPRESENTATION(#15,'Body','MappedRepresentation',(#2440));
#2442=IFCPRODUCTDEFINITIONSHAPE($,$,(#2441));
#2443=IFCCARTESIANPOINT((29768.7857453789,14561.36132975956,0.));
#2444=IFCAXIS2PLACEMENT3D(#2443,$,$);
#2445=IFCLOCALPLACEMENT(#28,#2444);
#2446=IFCCOLUMN('1MzzCu4tX5nAr$Y5GgwBmn',#6,'Column:200x300:312491',$,$,#2445,#2442,'312491');
#2447=IFCPROPERTYSET('1jSMzigjwSTRw2B6EFMgVi',#6,'Pset_ColumnCommon',$,(#78,#79,#2375));
#2448=IFCPROPERTYSET('1DEDfZW4CDtTdPY$66Q8Br',#6,'Pset_QuantityTakeOff',$,(#2375));
#2449=IFCPROPERTYSINGLEVALUE('Reference',$,IFCLABEL('200x300'),$);
#2450=IFCPROPERTYSET('2pEOzYrbeRRVzJyUhmKrhf',#6,'Pset_ReinforcementBarPitchOfColumn',$,(#2449));
#2451=IFCRELDEFINESBYPROPERTIES('2VOaOUy_0UZIrmx7hVFXtm',#6,$,$,(#2446),#2447);
#2452=IFCRELDEFINESBYPROPERTIES('2OkPv4qdUY8oV9GhbAGpVp',#6,$,$,(#2446),#2448);
#2453=IFCRELDEFINESBYPROPERTIES('3fP4qGB5vwYKbS6cdSV5fP',#6,$,$,(#2446),#2450);
#2454=IFCMAPPEDITEM(#2366,#1742);
#2455=IFCSHAPEREPRESENTATION(#15,'Body','MappedRepresentation',(#2454));
#2456=IFCPRODUCTDEFINITIONSHAPE($,$,(#2455));
#2457=IFCCARTESIANPOINT((20803.78574537886,-1438.6386702402317,0.));
#2458=IFCAXIS2PLACEMENT3D(#2457,$,$);
#2459=IFCLOCALPLACEMENT(#28,#2458);
#2460=IFCCOLUMN('1MzzCu4tX5nAr$Y5GgwBna',#6,'Column:200x300:312574',$,$,#2459,#2456,'312574');
#2461=IFCPROPERTYSET('0ch6tS2aJ87nQq6s01QahB',#6,'Pset_ColumnCommon',$,(#78,#79,#2375));
#2462=IFCPROPERTYSET('1u4L6vZwX0BN7FIKUf2cUX',#6,'Pset_QuantityTakeOff',$,(#2375));
#2463=IFCPROPERTYSINGLEVALUE('Reference',$,IFCLABEL('200x300'),$);
#2464=IFCPROPERTYSET('14_oMq88q_msq2mzwA$LHu',#6,'Pset_ReinforcementBarPitchOfColumn',$,(#2463));
#2465=IFCRELDEFINESBYPROPERTIES('1z4IUIte7FyL$zPRtuvtyT',#6,$,$,(#2460),#2461);
#2466=IFCRELDEFINESBYPROPERTIES('2gFkJMCu43tHjWQgj5nhge',#6,$,$,(#2460),#2462);
#2467=IFCRELDEFINESBYPROPERTIES('0PieWy1kgXJp_ooiOBOGt0',#6,$,$,(#2460),#2464);
#2468=IFCMAPPEDITEM(#2366,#1742);
#2469=IFCSHAPEREPRESENTATION(#15,'Body','MappedRepresentation',(#2468));
#2470=IFCPRODUCTDEFINITIONSHAPE($,$,(#2469));
#2471=IFCCARTESIANPOINT((20803.785745378864,1761.3613297597685,0.));
#2472=IFCAXIS2PLACEMENT3D(#2471,$,$);
#2473=IFCLOCALPLACEMENT(#28,#2472);
#2474=IFCCOLUMN('1MzzCu4tX5nAr$Y5GgwBsI',#6,'Column:200x300:312584',$,$,#2473,#2470,'312584');
#2475=IFCPROPERTYSET('0PQ5LnGoPoLXawWC0GLc_t',#6,'Pset_ColumnCommon',$,(#78,#79,#2375));
#2476=IFCPROPERTYSET('1yvVjP_FZDJkKLlKcCprtA',#6,'Pset_QuantityTakeOff',$,(#2375));
#2477=IFCPROPERTYSINGLEVALUE('Reference',$,IFCLABEL('200x300'),$);
#2478=IFCPROPERTYSET('3$3IdrLolU5gRfmWPIwbKa',#6,'Pset_ReinforcementBarPitchOfColumn',$,(#2477));
#2479=IFCRELDEFINESBYPROPERTIES('1VNKuLU8zg4E5GNe7RM7lM',#6,$,$,(#2474),#2475);
#2480=IFCRELDEFINESBYPROPERTIES('3G$r$X6V_U0aIKm32Z_bMp',#6,$,$,(#2474),#2476);
#2481=IFCRELDEFINESBYPROPERTIES('2bQW_k6XPDhPckuSP4jSqH',#6,$,$,(#2474),#2478);
#2482=IFCMAPPEDITEM(#2366,#1742);
#2483=IFCSHAPEREPRESENTATION(#15,'Body','MappedRepresentation',(#2482));
#2484=IFCPRODUCTDEFINITIONSHAPE($,$,(#2483));
#2485=IFCCARTESIANPOINT((20803.785745378867,4961.3613297597685,0.));
#2486=IFCAXIS2PLACEMENT3D(#2485,$,$);
#2487=IFCLOCALPLACEMENT(#28,#2486);
#2488=IFCCOLUMN('1MzzCu4tX5nAr$Y5GgwBs8',#6,'Column:200x300:312594',$,$,#2487,#2484,'312594');
#2489=IFCPROPERTYSET('0uWH0Riy614WOxMLWs7AoV',#6,'Pset_ColumnCommon',$,(#78,#79,#2375));
#2490=IFCPROPERTYSET('3Dg0qWwYkZiQQIhDTcyZzh',#6,'Pset_QuantityTakeOff',$,(#2375));
#2491=IFCPROPERTYSINGLEVALUE('Reference',$,IFCLABEL('200x300'),$);
#2492=IFCPROPERTYSET('3J19O5aka8CxK5wf93v193',#6,'Pset_ReinforcementBarPitchOfColumn',$,(#2491));
#2493=IFCRELDEFINESBYPROPERTIES('3tMyt2bRVYQkWpacaTXXVQ',#6,$,$,(#2488),#2489);
#2494=IFCRELDEFINESBYPROPERTIES('0ftHRymZ_dWk4Tj$_JYFdv',#6,$,$,(#2488),#2490);
#2495=IFCRELDEFINESBYPROPERTIES('1sMVRZ4vBnlCZ8IQy68tHr',#6,$,$,(#2488),#2492);
#2496=IFCMAPPEDITEM(#2366,#1742);
#2497=IFCSHAPEREPRESENTATION(#15,'Body','MappedRepresentation',(#2496));
#2498=IFCPRODUCTDEFINITIONSHAPE($,$,(#2497));
#2499=IFCCARTESIANPOINT((20803.785745378871,8161.3613297597576,0.));
#2500=IFCAXIS2PLACEMENT3D(#2499,$,$);
#2501=IFCLOCALPLACEMENT(#28,#2500);
#2502=IFCCOLUMN('1MzzCu4tX5nAr$Y5GgwBs4',#6,'Column:200x300:312606',$,$,#2501,#2498,'312606');
#2503=IFCPROPERTYSET('0OQzGjZ38vyyUZp7Wk87oy',#6,'Pset_ColumnCommon',$,(#78,#79,#2375));
#2504=IFCPROPERTYSET('1WC4J_alQhvXZEqmaVCDs9',#6,'Pset_QuantityTakeOff',$,(#2375));
#2505=IFCPROPERTYSINGLEVALUE('Reference',$,IFCLABEL('200x300'),$);
#2506=IFCPROPERTYSET('2GHZgBZ4dTUfLTqlR_gujy',#6,'Pset_ReinforcementBarPitchOfColumn',$,(#2505));
#2507=IFCRELDEFINESBYPROPERTIES('240FuSKfL8X7TX_TuWany1',#6,$,$,(#2502),#2503);
#2508=IFCRELDEFINESBYPROPERTIES('1ocLQwQKc7QGm4Cpl0aC6S',#6,$,$,(#2502),#2504);
#2509=IFCRELDEFINESBYPROPERTIES('3cdZmcZyb84i2P1$69RfWk',#6,$,$,(#2502),#2506);
#2510=IFCMAPPEDITEM(#2366,#1742);
#2511=IFCSHAPEREPRESENTATION(#15,'Body','MappedRepresentation',(#2510));
#2512=IFCPRODUCTDEFINITIONSHAPE($,$,(#2511));
#2513=IFCCARTESIANPOINT((20193.785745378867,11361.361329759575,0.));
#2514=IFCAXIS2PLACEMENT3D(#2513,$,$);
#2515=IFCLOCALPLACEMENT(#28,#2514);
#2516=IFCCOLUMN('1MzzCu4tX5nAr$Y5GgwBso',#6,'Column:200x300:312616',$,$,#2515,#2512,'312616');
#2517=IFCPROPERTYSET('0lR1__q5G0czpZzF$ADE8C',#6,'Pset_ColumnCommon',$,(#78,#79,#2375));
#2518=IFCPROPERTYSET('2BG3dxk39n0Xotc6lkkBAo',#6,'Pset_QuantityTakeOff',$,(#2375));
#2519=IFCPROPERTYSINGLEVALUE('Reference',$,IFCLABEL('200x300'),$);
#2520=IFCPROPERTYSET('3PUfmXfCslgqfF9kVp6FzU',#6,'Pset_ReinforcementBarPitchOfColumn',$,(#2519));
#2521=IFCRELDEFINESBYPROPERTIES('2LB1wfNoICRSTTJhg0wyYO',#6,$,$,(#2516),#2517);
#2522=IFCRELDEFINESBYPROPERTIES('3nQZssehtcZd1Hng8VCQvT',#6,$,$,(#2516),#2518);
#2523=IFCRELDEFINESBYPROPERTIES('2asXi67DShdfILX4ABVhgX',#6,$,$,(#2516),#2520);
#2524=IFCMAPPEDITEM(#2366,#1742);
#2525=IFCSHAPEREPRESENTATION(#15,'Body','MappedRepresentation',(#2524));
#2526=IFCPRODUCTDEFINITIONSHAPE($,$,(#2525));
#2527=IFCCARTESIANPOINT((20803.785745378867,14561.361329759575,0.));
#2528=IFCAXIS2PLACEMENT3D(#2527,$,$);
#2529=IFCLOCALPLACEMENT(#28,#2528);
#2530=IFCCOLUMN('1MzzCu4tX5nAr$Y5GgwBsi',#6,'Column:200x300:312630',$,$,#2529,#2526,'312630');
#2531=IFCPROPERTYSET('2MPSI5iN5Yg46N4l5Xw5OI',#6,'Pset_ColumnCommon',$,(#78,#79,#2375));
#2532=IFCPROPERTYSET('0LtcVApX_vt6WErYn24D8V',#6,'Pset_QuantityTakeOff',$,(#2375));
#2533=IFCPROPERTYSINGLEVALUE('Reference',$,IFCLABEL('200x300'),$);
#2534=IFCPROPERTYSET('1QFF9zoE3hL4uzeindObQf',#6,'Pset_ReinforcementBarPitchOfColumn',$,(#2533));
#2535=IFCRELDEFINESBYPROPERTIES('3lBVH1GR7uErcz_Fm1GhBQ',#6,$,$,(#2530),#2531);
#2536=IFCRELDEFINESBYPROPERTIES('2TvGNWuD6SSs_vp_IJfwm5',#6,$,$,(#2530),#2532);
#2537=IFCRELDEFINESBYPROPERTIES('1D6qNYd3RoE70U6m1WAqkf',#6,$,$,(#2530),#2534);
#2538=IFCCARTESIANPOINT((0.,0.));
#2539=IFCAXIS2PLACEMENT2D(#2538,#44);
#2540=IFCRECTANGLEPROFILEDEF(.AREA.,'200x380',#2539,380.00000000000006,200.00000000000006);
#2541=IFCCARTESIANPOINT((-90.,0.,0.));
#2542=IFCAXIS2PLACEMENT3D(#2541,#51,#1725);
#2543=IFCEXTRUDEDAREASOLID(#2540,#2542,#51,3500.0000000000005);
#2544=IFCSTYLEDITEM(#2543,(#1731),$);
#2545=IFCSHAPEREPRESENTATION(#15,'Body','SweptSolid',(#2543));
#2546=IFCAXIS2PLACEMENT3D(#10,$,$);
#2547=IFCREPRESENTATIONMAP(#2546,#2545);
#2548=IFCCOLUMNTYPE('2pNQm$eHn1$wzB9nyPhm2w',#6,'Column:200x380',$,$,(#2564),(#2547),'312710',$,.COLUMN.);
#2549=IFCMAPPEDITEM(#2547,#1742);
#2550=IFCSHAPEREPRESENTATION(#15,'Body','MappedRepresentation',(#2549));
#2551=IFCPRODUCTDEFINITIONSHAPE($,$,(#2550));
#2552=IFCCARTESIANPOINT((30158.785745378875,19681.361329759777,0.));
#2553=IFCAXIS2PLACEMENT3D(#2552,$,$);
#2554=IFCLOCALPLACEMENT(#28,#2553);
#2555=IFCCOLUMN('1MzzCu4tX5nAr$Y5GgwBts',#6,'Column:200x380:312684',$,$,#2554,#2551,'312684');
#2556=IFCPROPERTYSINGLEVALUE('Reference',$,IFCIDENTIFIER('200x380'),$);
#2557=IFCPROPERTYSET('0xlZougQprlsaBOWHLTCcI',#6,'Pset_ColumnCommon',$,(#78,#79,#2556));
#2558=IFCPROPERTYSET('0v68Kk5DxRZZQxLttyfwd3',#6,'Pset_QuantityTakeOff',$,(#2556));
#2559=IFCPROPERTYSINGLEVALUE('Reference',$,IFCLABEL('200x380'),$);
#2560=IFCPROPERTYSET('2zQ2ypBuUbRJtXIdC_CveQ',#6,'Pset_ReinforcementBarPitchOfColumn',$,(#2559));
#2561=IFCRELDEFINESBYPROPERTIES('2qnIpyiUxujekATAwOVNyK',#6,$,$,(#2555),#2557);
#2562=IFCRELDEFINESBYPROPERTIES('1vViuUHjd_QIO209YpMw0M',#6,$,$,(#2555),#2558);
#2563=IFCRELDEFINESBYPROPERTIES('3en4hizJxtFjF$4kPiABzY',#6,$,$,(#2555),#2560);
#2564=IFCPROPERTYSET('0XMD6F1mpigNUFIfuOTKaW',#6,'Pset_ColumnCommon',$,(#79));
#2565=IFCCARTESIANPOINT((1.4210854715202004E-014,0.));
#2566=IFCAXIS2PLACEMENT2D(#2565,#44);
#2567=IFCRECTANGLEPROFILEDEF(.AREA.,'200x200',#2566,200.,200.);
#2568=IFCAXIS2PLACEMENT3D(#10,#51,#1725);
#2569=IFCEXTRUDEDAREASOLID(#2567,#2568,#51,3500.0000000000005);
#2570=IFCSTYLEDITEM(#2569,(#1731),$);
#2571=IFCSHAPEREPRESENTATION(#15,'Body','SweptSolid',(#2569));
#2572=IFCAXIS2PLACEMENT3D(#10,$,$);
#2573=IFCREPRESENTATIONMAP(#2572,#2571);
#2574=IFCCOLUMNTYPE('2pNQm$eHn1$wzB9nyPhm2x',#6,'Column:200x200',$,$,(#2590),(#2573),'310266',$,.COLUMN.);
#2575=IFCMAPPEDITEM(#2573,#1742);
#2576=IFCSHAPEREPRESENTATION(#15,'Body','MappedRepresentation',(#2575));
#2577=IFCPRODUCTDEFINITIONSHAPE($,$,(#2576));
#2578=IFCCARTESIANPOINT((26778.785745378947,19681.361329759759,0.));
#2579=IFCAXIS2PLACEMENT3D(#2578,$,$);
#2580=IFCLOCALPLACEMENT(#28,#2579);
#2581=IFCCOLUMN('1MzzCu4tX5nAr$Y5GgwBrf',#6,'Column:200x200:312819',$,$,#2580,#2577,'312819');
#2582=IFCPROPERTYSINGLEVALUE('Reference',$,IFCIDENTIFIER('200x200'),$);
#2583=IFCPROPERTYSET('1Zg1B$nofnkw0uq5JMRx5Q',#6,'Pset_ColumnCommon',$,(#78,#79,#2582));
#2584=IFCPROPERTYSET('0kSpNRf889zQsuXS_AY6K8',#6,'Pset_QuantityTakeOff',$,(#2582));
#2585=IFCPROPERTYSINGLEVALUE('Reference',$,IFCLABEL('200x200'),$);
#2586=IFCPROPERTYSET('35rZP7hn7SSv6RICiZ6K6X',#6,'Pset_ReinforcementBarPitchOfColumn',$,(#2585));
#2587=IFCRELDEFINESBYPROPERTIES('2thWa$bYjwe0e9ptMk8IDj',#6,$,$,(#2581),#2583);
#2588=IFCRELDEFINESBYPROPERTIES('1fJRoEszCP0eBB_Ov9npdG',#6,$,$,(#2581),#2584);
#2589=IFCRELDEFINESBYPROPERTIES('1WKxAqPkdZZRFPUCvUtaHT',#6,$,$,(#2581),#2586);
#2590=IFCPROPERTYSET('1_F_qCenO6ktrBuCE9iqfN',#6,'Pset_ColumnCommon',$,(#79));
#2591=IFCMAPPEDITEM(#2573,#1742);
#2592=IFCSHAPEREPRESENTATION(#15,'Body','MappedRepresentation',(#2591));
#2593=IFCPRODUCTDEFINITIONSHAPE($,$,(#2592));
#2594=IFCCARTESIANPOINT((23578.785745378937,19681.361329759759,0.));
#2595=IFCAXIS2PLACEMENT3D(#2594,$,$);
#2596=IFCLOCALPLACEMENT(#28,#2595);
#2597=IFCCOLUMN('1MzzCu4tX5nAr$Y5GgwBwk',#6,'Column:200x200:312884',$,$,#2596,#2593,'312884');
#2598=IFCPROPERTYSET('15GnL6AiyABazC2jxcRmlp',#6,'Pset_ColumnCommon',$,(#78,#79,#2582));
#2599=IFCPROPERTYSET('1tn$UB1$J0zvkKnyDRUtT_',#6,'Pset_QuantityTakeOff',$,(#2582));
#2600=IFCPROPERTYSINGLEVALUE('Reference',$,IFCLABEL('200x200'),$);
#2601=IFCPROPERTYSET('1OapB216QJThSvWhp53laR',#6,'Pset_ReinforcementBarPitchOfColumn',$,(#2600));
#2602=IFCRELDEFINESBYPROPERTIES('0_7uQWKpqkqlsB4E8ejWDR',#6,$,$,(#2597),#2598);
#2603=IFCRELDEFINESBYPROPERTIES('2FohIBMn$r4dHtYDrD92zs',#6,$,$,(#2597),#2599);
#2604=IFCRELDEFINESBYPROPERTIES('2kxAgByz4Lu0$wUfMdoNut',#6,$,$,(#2597),#2601);
#2605=IFCMAPPEDITEM(#2573,#1742);
#2606=IFCSHAPEREPRESENTATION(#15,'Body','MappedRepresentation',(#2605));
#2607=IFCPRODUCTDEFINITIONSHAPE($,$,(#2606));
#2608=IFCCARTESIANPOINT((20378.785745378937,19681.361329759762,0.));
#2609=IFCAXIS2PLACEMENT3D(#2608,$,$);
#2610=IFCLOCALPLACEMENT(#28,#2609);
#2611=IFCCOLUMN('1MzzCu4tX5nAr$Y5GgwBx2',#6,'Column:200x200:312920',$,$,#2610,#2607,'312920');
#2612=IFCPROPERTYSET('3cckD$jIDBYRJ$a8yA7kC$',#6,'Pset_ColumnCommon',$,(#78,#79,#2582));
#2613=IFCPROPERTYSET('0Y8Rh6l1SvsbWbEjBST3yA',#6,'Pset_QuantityTakeOff',$,(#2582));
#2614=IFCPROPERTYSINGLEVALUE('Reference',$,IFCLABEL('200x200'),$);
#2615=IFCPROPERTYSET('2xy4sNVEHnRxnfDApwlaXY',#6,'Pset_ReinforcementBarPitchOfColumn',$,(#2614));
#2616=IFCRELDEFINESBYPROPERTIES('2q2gLMKrC1TXxrf0EHURll',#6,$,$,(#2611),#2612);
#2617=IFCRELDEFINESBYPROPERTIES('2snb5H4cxouslp8_GDDD_C',#6,$,$,(#2611),#2613);
#2618=IFCRELDEFINESBYPROPERTIES('208Z5G_h4FFulMxDaAyx3t',#6,$,$,(#2611),#2615);
#2619=IFCMAPPEDITEM(#2573,#1742);
#2620=IFCSHAPEREPRESENTATION(#15,'Body','MappedRepresentation',(#2619));
#2621=IFCPRODUCTDEFINITIONSHAPE($,$,(#2620));
#2622=IFCCARTESIANPOINT((17178.785745378933,19681.361329759762,0.));
#2623=IFCAXIS2PLACEMENT3D(#2622,$,$);
#2624=IFCLOCALPLACEMENT(#28,#2623);
#2625=IFCCOLUMN('1MzzCu4tX5nAr$Y5GgwBxu',#6,'Column:200x200:312930',$,$,#2624,#2621,'312930');
#2626=IFCPROPERTYSET('0Y_8I0vkYZK0Gkm6C5lGko',#6,'Pset_ColumnCommon',$,(#78,#79,#2582));
#2627=IFCPROPERTYSET('1iFIg0p1_ZmHB5f6kB5CTx',#6,'Pset_QuantityTakeOff',$,(#2582));
#2628=IFCPROPERTYSINGLEVALUE('Reference',$,IFCLABEL('200x200'),$);
#2629=IFCPROPERTYSET('1ZTBk4$rBJ89Y7txNKO0ow',#6,'Pset_ReinforcementBarPitchOfColumn',$,(#2628));
#2630=IFCRELDEFINESBYPROPERTIES('33a_nR3IfPp6Uji8_4iO9R',#6,$,$,(#2625),#2626);
#2631=IFCRELDEFINESBYPROPERTIES('0sLVNFyzdSoAbsI4OWxEQt',#6,$,$,(#2625),#2627);
#2632=IFCRELDEFINESBYPROPERTIES('3aRpHAzD9gydMAtSIrwGHU',#6,$,$,(#2625),#2629);
#2633=IFCMAPPEDITEM(#2573,#1742);
#2634=IFCSHAPEREPRESENTATION(#15,'Body','MappedRepresentation',(#2633));
#2635=IFCPRODUCTDEFINITIONSHAPE($,$,(#2634));
#2636=IFCCARTESIANPOINT((13978.785745378933,19681.361329759777,0.));
#2637=IFCAXIS2PLACEMENT3D(#2636,$,$);
#2638=IFCLOCALPLACEMENT(#28,#2637);
#2639=IFCCOLUMN('1MzzCu4tX5nAr$Y5GgwBxg',#6,'Column:200x200:312944',$,$,#2638,#2635,'312944');
#2640=IFCPROPERTYSET('1QRx1SpPEUAVw4rg6S5qSj',#6,'Pset_ColumnCommon',$,(#78,#79,#2582));
#2641=IFCPROPERTYSET('3c5RxDJoIOll5ckX4nM3L5',#6,'Pset_QuantityTakeOff',$,(#2582));
#2642=IFCPROPERTYSINGLEVALUE('Reference',$,IFCLABEL('200x200'),$);
#2643=IFCPROPERTYSET('0rddsn1Ltl2pSDoiNVz5dH',#6,'Pset_ReinforcementBarPitchOfColumn',$,(#2642));
#2644=IFCRELDEFINESBYPROPERTIES('2wSIkS85$A2yRy3dvQ7brQ',#6,$,$,(#2639),#2640);
#2645=IFCRELDEFINESBYPROPERTIES('3lVws9dSg8xVsOvVKHqUk3',#6,$,$,(#2639),#2641);
#2646=IFCRELDEFINESBYPROPERTIES('2TRlQX1NBQ1EkbUpj4f4lS',#6,$,$,(#2639),#2643);
#2647=IFCMAPPEDITEM(#2573,#1742);
#2648=IFCSHAPEREPRESENTATION(#15,'Body','MappedRepresentation',(#2647));
#2649=IFCPRODUCTDEFINITIONSHAPE($,$,(#2648));
#2650=IFCCARTESIANPOINT((10778.785745378933,19681.361329759784,0.));
#2651=IFCAXIS2PLACEMENT3D(#2650,$,$);
#2652=IFCLOCALPLACEMENT(#28,#2651);
#2653=IFCCOLUMN('1MzzCu4tX5nAr$Y5GgwBxW',#6,'Column:200x200:312954',$,$,#2652,#2649,'312954');
#2654=IFCPROPERTYSET('2gWkZeZulLIOeTdOsZEgKy',#6,'Pset_ColumnCommon',$,(#78,#79,#2582));
#2655=IFCPROPERTYSET('25RbHiBJH01LnxPWTSlepC',#6,'Pset_QuantityTakeOff',$,(#2582));
#2656=IFCPROPERTYSINGLEVALUE('Reference',$,IFCLABEL('200x200'),$);
#2657=IFCPROPERTYSET('1Wu5MwPVmd2wN1i6fBpOuV',#6,'Pset_ReinforcementBarPitchOfColumn',$,(#2656));
#2658=IFCRELDEFINESBYPROPERTIES('0aF_ZikiXTTkjJIXtawcN3',#6,$,$,(#2653),#2654);
#2659=IFCRELDEFINESBYPROPERTIES('1n9MP2_jlOBIwKCYPkkn6Z',#6,$,$,(#2653),#2655);
#2660=IFCRELDEFINESBYPROPERTIES('0OUZZnxuEnaMooQiF$Sc9U',#6,$,$,(#2653),#2657);
#2661=IFCMAPPEDITEM(#2573,#1742);
#2662=IFCSHAPEREPRESENTATION(#15,'Body','MappedRepresentation',(#2661));
#2663=IFCPRODUCTDEFINITIONSHAPE($,$,(#2662));
#2664=IFCCARTESIANPOINT((7578.785745378932,19681.361329759791,0.));
#2665=IFCAXIS2PLACEMENT3D(#2664,$,$);
#2666=IFCLOCALPLACEMENT(#28,#2665);
#2667=IFCCOLUMN('1MzzCu4tX5nAr$Y5GgwBuU',#6,'Column:200x200:312964',$,$,#2666,#2663,'312964');
#2668=IFCPROPERTYSET('19K23FjJWZrQqj$$pRzr1k',#6,'Pset_ColumnCommon',$,(#78,#79,#2582));
#2669=IFCPROPERTYSET('0euY979RUiA5s7FRZuacos',#6,'Pset_QuantityTakeOff',$,(#2582));
#2670=IFCPROPERTYSINGLEVALUE('Reference',$,IFCLABEL('200x200'),$);
#2671=IFCPROPERTYSET('0tsZ8OzXeuAfXY9Ms0mhtk',#6,'Pset_ReinforcementBarPitchOfColumn',$,(#2670));
#2672=IFCRELDEFINESBYPROPERTIES('3HovQJcDo3gC7HQVWvdDRp',#6,$,$,(#2667),#2668);
#2673=IFCRELDEFINESBYPROPERTIES('3yNHPpM3Fuowd59gPswl6O',#6,$,$,(#2667),#2669);
#2674=IFCRELDEFINESBYPROPERTIES('02sxy9hRTKJzAYri64uiff',#6,$,$,(#2667),#2671);
#2675=IFCMAPPEDITEM(#2573,#1742);
#2676=IFCSHAPEREPRESENTATION(#15,'Body','MappedRepresentation',(#2675));
#2677=IFCPRODUCTDEFINITIONSHAPE($,$,(#2676));
#2678=IFCCARTESIANPOINT((4378.7857453789229,19681.361329759806,0.));
#2679=IFCAXIS2PLACEMENT3D(#2678,$,$);
#2680=IFCLOCALPLACEMENT(#28,#2679);
#2681=IFCCOLUMN('1MzzCu4tX5nAr$Y5GgwBuA',#6,'Column:200x200:312976',$,$,#2680,#2677,'312976');
#2682=IFCPROPERTYSET('2QnhKWMTAKtamO58AMDV26',#6,'Pset_ColumnCommon',$,(#78,#79,#2582));
#2683=IFCPROPERTYSET('0sD0P5SfOC8lywG9XCJjb3',#6,'Pset_QuantityTakeOff',$,(#2582));
#2684=IFCPROPERTYSINGLEVALUE('Reference',$,IFCLABEL('200x200'),$);
#2685=IFCPROPERTYSET('0edDdGcwtiYD9LN4XAPZfq',#6,'Pset_ReinforcementBarPitchOfColumn',$,(#2684));
#2686=IFCRELDEFINESBYPROPERTIES('0xperktqSDBtK8d3m5UzEo',#6,$,$,(#2681),#2682);
#2687=IFCRELDEFINESBYPROPERTIES('24me1aVEe$VYQWRkzL9D$y',#6,$,$,(#2681),#2683);
#2688=IFCRELDEFINESBYPROPERTIES('0ixt7zDBMOniFI92UGhioz',#6,$,$,(#2681),#2685);
#2689=IFCMAPPEDITEM(#2573,#1742);
#2690=IFCSHAPEREPRESENTATION(#15,'Body','MappedRepresentation',(#2689));
#2691=IFCPRODUCTDEFINITIONSHAPE($,$,(#2690));
#2692=IFCCARTESIANPOINT((1178.7857453789152,19681.36132975982,0.));
#2693=IFCAXIS2PLACEMENT3D(#2692,$,$);
#2694=IFCLOCALPLACEMENT(#28,#2693);
#2695=IFCCOLUMN('1MzzCu4tX5nAr$Y5GgwBu0',#6,'Column:200x200:312986',$,$,#2694,#2691,'312986');
#2696=IFCPROPERTYSET('3GAYWPFKSeNtQQmflN5W34',#6,'Pset_ColumnCommon',$,(#78,#79,#2582));
#2697=IFCPROPERTYSET('1vzEOFFXifoanJDD5Rx4iW',#6,'Pset_QuantityTakeOff',$,(#2582));
#2698=IFCPROPERTYSINGLEVALUE('Reference',$,IFCLABEL('200x200'),$);
#2699=IFCPROPERTYSET('3$WFTkFazydYOWqDKC81mR',#6,'Pset_ReinforcementBarPitchOfColumn',$,(#2698));
#2700=IFCRELDEFINESBYPROPERTIES('3TCguMIt$a80eTPSVm2NtY',#6,$,$,(#2695),#2696);
#2701=IFCRELDEFINESBYPROPERTIES('0P6lm1xQzqEzVk7zAfRnWs',#6,$,$,(#2695),#2697);
#2702=IFCRELDEFINESBYPROPERTIES('27ESrOPBpQ6aotXXVLfiNd',#6,$,$,(#2695),#2699);
#2703=IFCMAPPEDITEM(#2573,#1742);
#2704=IFCSHAPEREPRESENTATION(#15,'Body','MappedRepresentation',(#2703));
#2705=IFCPRODUCTDEFINITIONSHAPE($,$,(#2704));
#2706=IFCCARTESIANPOINT((-2021.214254621085,19681.361329759828,0.));
#2707=IFCAXIS2PLACEMENT3D(#2706,$,$);
#2708=IFCLOCALPLACEMENT(#28,#2707);
#2709=IFCCOLUMN('1MzzCu4tX5nAr$Y5GgwBu_',#6,'Column:200x200:312996',$,$,#2708,#2705,'312996');
#2710=IFCPROPERTYSET('18jxepyLniA5RUgAieHwlO',#6,'Pset_ColumnCommon',$,(#78,#79,#2582));
#2711=IFCPROPERTYSET('0wfAYDt3mum3UxOc5ReUa0',#6,'Pset_QuantityTakeOff',$,(#2582));
#2712=IFCPROPERTYSINGLEVALUE('Reference',$,IFCLABEL('200x200'),$);
#2713=IFCPROPERTYSET('2b6mt9n3IubJURXed0xYmB',#6,'Pset_ReinforcementBarPitchOfColumn',$,(#2712));
#2714=IFCRELDEFINESBYPROPERTIES('2ugAqY3TCIynfAcFDXRluF',#6,$,$,(#2709),#2710);
#2715=IFCRELDEFINESBYPROPERTIES('1nFNYagxqYutP5q0WnTLPf',#6,$,$,(#2709),#2711);
#2716=IFCRELDEFINESBYPROPERTIES('2$VKDC2iHHoWR$iyavq4Sr',#6,$,$,(#2709),#2713);
#2717=IFCMAPPEDITEM(#2573,#1742);
#2718=IFCSHAPEREPRESENTATION(#15,'Body','MappedRepresentation',(#2717));
#2719=IFCPRODUCTDEFINITIONSHAPE($,$,(#2718));
#2720=IFCCARTESIANPOINT((-5221.2142546210853,19681.361329759835,0.));
#2721=IFCAXIS2PLACEMENT3D(#2720,$,$);
#2722=IFCLOCALPLACEMENT(#28,#2721);
#2723=IFCCOLUMN('1MzzCu4tX5nAr$Y5GgwBuq',#6,'Column:200x200:313006',$,$,#2722,#2719,'313006');
#2724=IFCPROPERTYSET('09lzFDCdEYVrxFcvE1x1Rd',#6,'Pset_ColumnCommon',$,(#78,#79,#2582));
#2725=IFCPROPERTYSET('1o28ZwGzezTaaMgzTTG7gJ',#6,'Pset_QuantityTakeOff',$,(#2582));
#2726=IFCPROPERTYSINGLEVALUE('Reference',$,IFCLABEL('200x200'),$);
#2727=IFCPROPERTYSET('37kgQcraIoe1uZZicfr0jg',#6,'Pset_ReinforcementBarPitchOfColumn',$,(#2726));
#2728=IFCRELDEFINESBYPROPERTIES('3goDmnw_Dg5ecKjUgxK6Bq',#6,$,$,(#2723),#2724);
#2729=IFCRELDEFINESBYPROPERTIES('2L_IfGCUPHsusU0_TFdC7q',#6,$,$,(#2723),#2725);
#2730=IFCRELDEFINESBYPROPERTIES('1PjTSWHDlBCviD3_us6hkw',#6,$,$,(#2723),#2727);
#2731=IFCMAPPEDITEM(#2573,#1742);
#2732=IFCSHAPEREPRESENTATION(#15,'Body','MappedRepresentation',(#2731));
#2733=IFCPRODUCTDEFINITIONSHAPE($,$,(#2732));
#2734=IFCCARTESIANPOINT((-8421.2142546210944,19681.361329759849,0.));
#2735=IFCAXIS2PLACEMENT3D(#2734,$,$);
#2736=IFCLOCALPLACEMENT(#28,#2735);
#2737=IFCCOLUMN('1MzzCu4tX5nAr$Y5GgwBuY',#6,'Column:200x200:313016',$,$,#2736,#2733,'313016');
#2738=IFCPROPERTYSET('08Tpos6kUZ$wVnqlnapweD',#6,'Pset_ColumnCommon',$,(#78,#79,#2582));
#2739=IFCPROPERTYSET('297YOFRPEk505slAWBpVri',#6,'Pset_QuantityTakeOff',$,(#2582));
#2740=IFCPROPERTYSINGLEVALUE('Reference',$,IFCLABEL('200x200'),$);
#2741=IFCPROPERTYSET('3$IbXE7WRMiQp0$X4yXWIj',#6,'Pset_ReinforcementBarPitchOfColumn',$,(#2740));
#2742=IFCRELDEFINESBYPROPERTIES('3UOMjs4GLD5zImVMQCcYcM',#6,$,$,(#2737),#2738);
#2743=IFCRELDEFINESBYPROPERTIES('2Aq6kKreS9_GC$GxVLr$TP',#6,$,$,(#2737),#2739);
#2744=IFCRELDEFINESBYPROPERTIES('3HKQCKDd599dn3bZ6PcH1e',#6,$,$,(#2737),#2741);
#2745=IFCMAPPEDITEM(#2573,#1742);
#2746=IFCSHAPEREPRESENTATION(#15,'Body','MappedRepresentation',(#2745));
#2747=IFCPRODUCTDEFINITIONSHAPE($,$,(#2746));
#2748=IFCCARTESIANPOINT((-11621.214254621094,19681.36132975986,0.));
#2749=IFCAXIS2PLACEMENT3D(#2748,$,$);
#2750=IFCLOCALPLACEMENT(#28,#2749);
#2751=IFCCOLUMN('1MzzCu4tX5nAr$Y5GgwBvO',#6,'Column:200x200:313026',$,$,#2750,#2747,'313026');
#2752=IFCPROPERTYSET('1mNJvS95VzQcKAqMARGDeC',#6,'Pset_ColumnCommon',$,(#78,#79,#2582));
#2753=IFCPROPERTYSET('2qxPjizOT7mmeU9PSf3DeV',#6,'Pset_QuantityTakeOff',$,(#2582));
#2754=IFCPROPERTYSINGLEVALUE('Reference',$,IFCLABEL('200x200'),$);
#2755=IFCPROPERTYSET('0ET9kRG5FCTeOc$zf9EnZE',#6,'Pset_ReinforcementBarPitchOfColumn',$,(#2754));
#2756=IFCRELDEFINESBYPROPERTIES('0fa5GLw6n70cENrpWw1bHs',#6,$,$,(#2751),#2752);
#2757=IFCRELDEFINESBYPROPERTIES('38egovqKbYV2oY2gmAnK$i',#6,$,$,(#2751),#2753);
#2758=IFCRELDEFINESBYPROPERTIES('3dZa41EFpwM4BkbMsFB0YM',#6,$,$,(#2751),#2755);
#2759=IFCMAPPEDITEM(#2573,#1742);
#2760=IFCSHAPEREPRESENTATION(#15,'Body','MappedRepresentation',(#2759));
#2761=IFCPRODUCTDEFINITIONSHAPE($,$,(#2760));
#2762=IFCCARTESIANPOINT((-14821.214254621094,19681.361329759871,0.));
#2763=IFCAXIS2PLACEMENT3D(#2762,$,$);
#2764=IFCLOCALPLACEMENT(#28,#2763);
#2765=IFCCOLUMN('1MzzCu4tX5nAr$Y5GgwBvK',#6,'Column:200x200:313038',$,$,#2764,#2761,'313038');
#2766=IFCPROPERTYSET('2l2TcZ44TaazkiNPnJnZsB',#6,'Pset_ColumnCommon',$,(#78,#79,#2582));
#2767=IFCPROPERTYSET('1oILw3pRMxvVeDoE3kgYTP',#6,'Pset_QuantityTakeOff',$,(#2582));
#2768=IFCPROPERTYSINGLEVALUE('Reference',$,IFCLABEL('200x200'),$);
#2769=IFCPROPERTYSET('1_7Saa8$YrqOP7$xobWF_T',#6,'Pset_ReinforcementBarPitchOfColumn',$,(#2768));
#2770=IFCRELDEFINESBYPROPERTIES('3mncgaOuLMtkKLQgcHx4pG',#6,$,$,(#2765),#2766);
#2771=IFCRELDEFINESBYPROPERTIES('0YG$cYjf$f_t_3GR$1NtPN',#6,$,$,(#2765),#2767);
#2772=IFCRELDEFINESBYPROPERTIES('38$4dfT6bcs7_A6z70_9Ru',#6,$,$,(#2765),#2769);
#2773=IFCMAPPEDITEM(#2573,#1742);
#2774=IFCSHAPEREPRESENTATION(#15,'Body','MappedRepresentation',(#2773));
#2775=IFCPRODUCTDEFINITIONSHAPE($,$,(#2774));
#2776=IFCCARTESIANPOINT((-18021.214254621096,19681.361329759879,0.));
#2777=IFCAXIS2PLACEMENT3D(#2776,$,$);
#2778=IFCLOCALPLACEMENT(#28,#2777);
#2779=IFCCOLUMN('1MzzCu4tX5nAr$Y5GgwBv2',#6,'Column:200x200:313048',$,$,#2778,#2775,'313048');
#2780=IFCPROPERTYSET('0FNQu62p4_qjPWQZSGwixK',#6,'Pset_ColumnCommon',$,(#78,#79,#2582));
#2781=IFCPROPERTYSET('2MvIuXyXNneSVj5L0wmwCR',#6,'Pset_QuantityTakeOff',$,(#2582));
#2782=IFCPROPERTYSINGLEVALUE('Reference',$,IFCLABEL('200x200'),$);
#2783=IFCPROPERTYSET('0deMNTzqmBo0ZcS_9$FhHe',#6,'Pset_ReinforcementBarPitchOfColumn',$,(#2782));
#2784=IFCRELDEFINESBYPROPERTIES('14OqNnC_WTn9JFwwjgxumd',#6,$,$,(#2779),#2780);
#2785=IFCRELDEFINESBYPROPERTIES('1cd5MCR1KQVYmg9oN4ptaY',#6,$,$,(#2779),#2781);
#2786=IFCRELDEFINESBYPROPERTIES('2pQ5MnCdX8jIYoYnUa3Z$P',#6,$,$,(#2779),#2783);
#2787=IFCMAPPEDITEM(#2573,#1742);
#2788=IFCSHAPEREPRESENTATION(#15,'Body','MappedRepresentation',(#2787));
#2789=IFCPRODUCTDEFINITIONSHAPE($,$,(#2788));
#2790=IFCCARTESIANPOINT((-21221.214254621093,19681.361329759893,0.));
#2791=IFCAXIS2PLACEMENT3D(#2790,$,$);
#2792=IFCLOCALPLACEMENT(#28,#2791);
#2793=IFCCOLUMN('1MzzCu4tX5nAr$Y5GgwBvu',#6,'Column:200x200:313058',$,$,#2792,#2789,'313058');
#2794=IFCPROPERTYSET('32naqKs31kWKl9n0DpWTUG',#6,'Pset_ColumnCommon',$,(#78,#79,#2582));
#2795=IFCPROPERTYSET('0C8$6ktB2PWblYqrRa9Jlz',#6,'Pset_QuantityTakeOff',$,(#2582));
#2796=IFCPROPERTYSINGLEVALUE('Reference',$,IFCLABEL('200x200'),$);
#2797=IFCPROPERTYSET('2DLoaJbMZ6nSqNGM8ZadeA',#6,'Pset_ReinforcementBarPitchOfColumn',$,(#2796));
#2798=IFCRELDEFINESBYPROPERTIES('0HAxiOxHi4Ws97eZV019Vh',#6,$,$,(#2793),#2794);
#2799=IFCRELDEFINESBYPROPERTIES('3RAqlcQPcGuql7gWvbttQg',#6,$,$,(#2793),#2795);
#2800=IFCRELDEFINESBYPROPERTIES('0lyCPqMHkfcYMA_HXTvzWd',#6,$,$,(#2793),#2797);
#2801=IFCMAPPEDITEM(#2573,#1742);
#2802=IFCSHAPEREPRESENTATION(#15,'Body','MappedRepresentation',(#2801));
#2803=IFCPRODUCTDEFINITIONSHAPE($,$,(#2802));
#2804=IFCCARTESIANPOINT((-24421.214254621093,19681.361329759904,0.));
#2805=IFCAXIS2PLACEMENT3D(#2804,$,$);
#2806=IFCLOCALPLACEMENT(#28,#2805);
#2807=IFCCOLUMN('1MzzCu4tX5nAr$Y5GgwBvs',#6,'Column:200x200:313068',$,$,#2806,#2803,'313068');
#2808=IFCPROPERTYSET('1Q43vc6H8HqF0q59kU1_hS',#6,'Pset_ColumnCommon',$,(#78,#79,#2582));
#2809=IFCPROPERTYSET('27GPHfRs3c_d8VMmNILjoy',#6,'Pset_QuantityTakeOff',$,(#2582));
#2810=IFCPROPERTYSINGLEVALUE('Reference',$,IFCLABEL('200x200'),$);
#2811=IFCPROPERTYSET('37uz3xoioiXUGAvHwhScl4',#6,'Pset_ReinforcementBarPitchOfColumn',$,(#2810));
#2812=IFCRELDEFINESBYPROPERTIES('3SlBwbvpUcNTl0FgrxKnLF',#6,$,$,(#2807),#2808);
#2813=IFCRELDEFINESBYPROPERTIES('3uV18CX_5ravwYYrRS4lve',#6,$,$,(#2807),#2809);
#2814=IFCRELDEFINESBYPROPERTIES('2XXBYTad7741TaPzfPzZ7M',#6,$,$,(#2807),#2811);
#2815=IFCMAPPEDITEM(#2573,#1742);
#2816=IFCSHAPEREPRESENTATION(#15,'Body','MappedRepresentation',(#2815));
#2817=IFCPRODUCTDEFINITIONSHAPE($,$,(#2816));
#2818=IFCCARTESIANPOINT((-27621.2142546211,19681.361329759915,0.));
#2819=IFCAXIS2PLACEMENT3D(#2818,$,$);
#2820=IFCLOCALPLACEMENT(#28,#2819);
#2821=IFCCOLUMN('1MzzCu4tX5nAr$Y5GgwBvi',#6,'Column:200x200:313078',$,$,#2820,#2817,'313078');
#2822=IFCPROPERTYSET('0WKu437_Xd1Y30IJEu7GBQ',#6,'Pset_ColumnCommon',$,(#78,#79,#2582));
#2823=IFCPROPERTYSET('2zDFy7RylbfjFD0Amrxk7g',#6,'Pset_QuantityTakeOff',$,(#2582));
#2824=IFCPROPERTYSINGLEVALUE('Reference',$,IFCLABEL('200x200'),$);
#2825=IFCPROPERTYSET('2wbRquCmGUROzNoUGneFMa',#6,'Pset_ReinforcementBarPitchOfColumn',$,(#2824));
#2826=IFCRELDEFINESBYPROPERTIES('2GxVT45A6AkllG9jySSK4m',#6,$,$,(#2821),#2822);
#2827=IFCRELDEFINESBYPROPERTIES('0$rwW6sUPgiaj6I4JJs$nC',#6,$,$,(#2821),#2823);
#2828=IFCRELDEFINESBYPROPERTIES('0YogZfajwqzPHbZyS4$WW8',#6,$,$,(#2821),#2825);
#2829=IFCMAPPEDITEM(#2573,#1742);
#2830=IFCSHAPEREPRESENTATION(#15,'Body','MappedRepresentation',(#2829));
#2831=IFCPRODUCTDEFINITIONSHAPE($,$,(#2830));
#2832=IFCCARTESIANPOINT((-30821.2142546211,19681.361329759922,0.));
#2833=IFCAXIS2PLACEMENT3D(#2832,$,$);
#2834=IFCLOCALPLACEMENT(#28,#2833);
#2835=IFCCOLUMN('1MzzCu4tX5nAr$Y5GgwB_Q',#6,'Column:200x200:313088',$,$,#2834,#2831,'313088');
#2836=IFCPROPERTYSET('0whq1VRGzHNVxfMkv40WyY',#6,'Pset_ColumnCommon',$,(#78,#79,#2582));
#2837=IFCPROPERTYSET('3Vg_tU7JzX5xTFrTWYc6Gr',#6,'Pset_QuantityTakeOff',$,(#2582));
#2838=IFCPROPERTYSINGLEVALUE('Reference',$,IFCLABEL('200x200'),$);
#2839=IFCPROPERTYSET('1XdKBXIPl6H7Lzv8zLqb6q',#6,'Pset_ReinforcementBarPitchOfColumn',$,(#2838));
#2840=IFCRELDEFINESBYPROPERTIES('3NavaEabjg_OGZse0_Aqm$',#6,$,$,(#2835),#2836);
#2841=IFCRELDEFINESBYPROPERTIES('0OFFlvcH83IDqP7_GtHnkZ',#6,$,$,(#2835),#2837);
#2842=IFCRELDEFINESBYPROPERTIES('350ZPh17P0wEKjqrklWNsE',#6,$,$,(#2835),#2839);
#2843=IFCCARTESIANPOINT((8.5265128291212022E-014,0.));
#2844=IFCAXIS2PLACEMENT2D(#2843,#44);
#2845=IFCRECTANGLEPROFILEDEF(.AREA.,'200x760',#2844,760.,200.00000000000006);
#2846=IFCCARTESIANPOINT((-280.,0.,0.));
#2847=IFCAXIS2PLACEMENT3D(#2846,#51,#1725);
#2848=IFCEXTRUDEDAREASOLID(#2845,#2847,#51,3500.0000000000005);
#2849=IFCSTYLEDITEM(#2848,(#1731),$);
#2850=IFCSHAPEREPRESENTATION(#15,'Body','SweptSolid',(#2848));
#2851=IFCAXIS2PLACEMENT3D(#10,$,$);
#2852=IFCREPRESENTATIONMAP(#2851,#2850);
#2853=IFCCOLUMNTYPE('2pNQm$eHn1$wzB9nyPhm2q',#6,'Column:200x760',$,$,(#2869),(#2852),'313122',$,.COLUMN.);
#2854=IFCMAPPEDITEM(#2852,#1742);
#2855=IFCSHAPEREPRESENTATION(#15,'Body','MappedRepresentation',(#2854));
#2856=IFCPRODUCTDEFINITIONSHAPE($,$,(#2855));
#2857=IFCCARTESIANPOINT((-33641.221969465121,19681.361329759762,0.));
#2858=IFCAXIS2PLACEMENT3D(#2857,$,$);
#2859=IFCLOCALPLACEMENT(#28,#2858);
#2860=IFCCOLUMN('1MzzCu4tX5nAr$Y5GgwB_G',#6,'Column:200x760:313098',$,$,#2859,#2856,'313098');
#2861=IFCPROPERTYSINGLEVALUE('Reference',$,IFCIDENTIFIER('200x760'),$);
#2862=IFCPROPERTYSET('3UOmHo8$F$O6wmu2MnLRBT',#6,'Pset_ColumnCommon',$,(#78,#79,#2861));
#2863=IFCPROPERTYSET('2dMBMs_hfN3WMr6B_e3Fls',#6,'Pset_QuantityTakeOff',$,(#2861));
#2864=IFCPROPERTYSINGLEVALUE('Reference',$,IFCLABEL('200x760'),$);
#2865=IFCPROPERTYSET('21HbaY9NcEDbw$$YaatiEi',#6,'Pset_ReinforcementBarPitchOfColumn',$,(#2864));
#2866=IFCRELDEFINESBYPROPERTIES('1tun6U0Osq3jubIZrb9c6J',#6,$,$,(#2860),#2862);
#2867=IFCRELDEFINESBYPROPERTIES('1dHj9EXVqTpT0BQJV6LLkJ',#6,$,$,(#2860),#2863);
#2868=IFCRELDEFINESBYPROPERTIES('08vghtZhi8IafGL_oLehhh',#6,$,$,(#2860),#2865);
#2869=IFCPROPERTYSET('1mOhUq5ebVA5cLYcA6tOgk',#6,'Pset_ColumnCommon',$,(#79));
#2870=IFCMAPPEDITEM(#2366,#1742);
#2871=IFCSHAPEREPRESENTATION(#15,'Body','MappedRepresentation',(#2870));
#2872=IFCPRODUCTDEFINITIONSHAPE($,$,(#2871));
#2873=IFCCARTESIANPOINT((-30771.214254621122,11361.361329759748,0.));
#2874=IFCAXIS2PLACEMENT3D(#2873,$,$);
#2875=IFCLOCALPLACEMENT(#28,#2874);
#2876=IFCCOLUMN('1MzzCu4tX5nAr$Y5GgwByj',#6,'Column:200x300:313271',$,$,#2875,#2872,'313271');
#2877=IFCPROPERTYSET('3ipmkmEEnRMjXVLnb6y23$',#6,'Pset_ColumnCommon',$,(#78,#79,#2375));
#2878=IFCPROPERTYSET('0d6LuajPnkFj2rpy55nALH',#6,'Pset_QuantityTakeOff',$,(#2375));
#2879=IFCPROPERTYSINGLEVALUE('Reference',$,IFCLABEL('200x300'),$);
#2880=IFCPROPERTYSET('1q2RER5RTaXKBtwT25mhK7',#6,'Pset_ReinforcementBarPitchOfColumn',$,(#2879));
#2881=IFCRELDEFINESBYPROPERTIES('2MXLW7lvBQTp4xH5GZcrzp',#6,$,$,(#2876),#2877);
#2882=IFCRELDEFINESBYPROPERTIES('0lvy7Aa9fzR1neW9cBJE9w',#6,$,$,(#2876),#2878);
#2883=IFCRELDEFINESBYPROPERTIES('12me$AaIk0stIBHq4cxZhS',#6,$,$,(#2876),#2880);
#2884=IFCMAPPEDITEM(#2366,#1742);
#2885=IFCSHAPEREPRESENTATION(#15,'Body','MappedRepresentation',(#2884));
#2886=IFCPRODUCTDEFINITIONSHAPE($,$,(#2885));
#2887=IFCCARTESIANPOINT((-27571.214254621122,11361.361329759737,0.));
#2888=IFCAXIS2PLACEMENT3D(#2887,$,$);
#2889=IFCLOCALPLACEMENT(#28,#2888);
#2890=IFCCOLUMN('1MzzCu4tX5nAr$Y5GgwBzj',#6,'Column:200x300:313335',$,$,#2889,#2886,'313335');
#2891=IFCPROPERTYSET('1AC5VR42zSgJhBFzJa3VJg',#6,'Pset_ColumnCommon',$,(#78,#79,#2375));
#2892=IFCPROPERTYSET('1bYy0e2CSkMnG8sGFGRko2',#6,'Pset_QuantityTakeOff',$,(#2375));
#2893=IFCPROPERTYSINGLEVALUE('Reference',$,IFCLABEL('200x300'),$);
#2894=IFCPROPERTYSET('0t5v4VCHeRahJI0mvFgU98',#6,'Pset_ReinforcementBarPitchOfColumn',$,(#2893));
#2895=IFCRELDEFINESBYPROPERTIES('2QFnJbIlW9A4_6nBFSdM$3',#6,$,$,(#2890),#2891);
#2896=IFCRELDEFINESBYPROPERTIES('2_hWraKaWLXrrnOFBNm883',#6,$,$,(#2890),#2892);
#2897=IFCRELDEFINESBYPROPERTIES('1YzuK1YzeJ5H4VlkIenH3Y',#6,$,$,(#2890),#2894);
#2898=IFCMAPPEDITEM(#2366,#1742);
#2899=IFCSHAPEREPRESENTATION(#15,'Body','MappedRepresentation',(#2898));
#2900=IFCPRODUCTDEFINITIONSHAPE($,$,(#2899));
#2901=IFCCARTESIANPOINT((-21171.214254621111,11361.361329759715,0.));
#2902=IFCAXIS2PLACEMENT3D(#2901,$,$);
#2903=IFCLOCALPLACEMENT(#28,#2902);
#2904=IFCCOLUMN('1MzzCu4tX5nAr$Y5GgwB2V',#6,'Column:200x300:313349',$,$,#2903,#2900,'313349');
#2905=IFCPROPERTYSET('0K78RRZCEvnt8dHPrMWe_w',#6,'Pset_ColumnCommon',$,(#78,#79,#2375));
#2906=IFCPROPERTYSET('2fsxScWNtjafm3cj4oKcGW',#6,'Pset_QuantityTakeOff',$,(#2375));
#2907=IFCPROPERTYSINGLEVALUE('Reference',$,IFCLABEL('200x300'),$);
#2908=IFCPROPERTYSET('3e6_qIIASTQ45U2XnX6cMc',#6,'Pset_ReinforcementBarPitchOfColumn',$,(#2907));
#2909=IFCRELDEFINESBYPROPERTIES('0qVEhVrvKETOKXtsfx0lXR',#6,$,$,(#2904),#2905);
#2910=IFCRELDEFINESBYPROPERTIES('0YnHrg_Ni6MT6VEuwnX9Hj',#6,$,$,(#2904),#2906);
#2911=IFCRELDEFINESBYPROPERTIES('1gEtJFFZF$P2sUn5xmndCA',#6,$,$,(#2904),#2908);
#2912=IFCMAPPEDITEM(#2366,#1742);
#2913=IFCSHAPEREPRESENTATION(#15,'Body','MappedRepresentation',(#2912));
#2914=IFCPRODUCTDEFINITIONSHAPE($,$,(#2913));
#2915=IFCCARTESIANPOINT((-17971.214254621111,11361.361329759704,0.));
#2916=IFCAXIS2PLACEMENT3D(#2915,$,$);
#2917=IFCLOCALPLACEMENT(#28,#2916);
#2918=IFCCOLUMN('1MzzCu4tX5nAr$Y5GgwB2L',#6,'Column:200x300:313359',$,$,#2917,#2914,'313359');
#2919=IFCPROPERTYSET('1FhLGXnWeZ3muh93V1Sijm',#6,'Pset_ColumnCommon',$,(#78,#79,#2375));
#2920=IFCPROPERTYSET('3cqMd_fS3incHd_QeCS30b',#6,'Pset_QuantityTakeOff',$,(#2375));
#2921=IFCPROPERTYSINGLEVALUE('Reference',$,IFCLABEL('200x300'),$);
#2922=IFCPROPERTYSET('2U4qPHntCIJLwHmQJB0G5h',#6,'Pset_ReinforcementBarPitchOfColumn',$,(#2921));
#2923=IFCRELDEFINESBYPROPERTIES('2ug0$cHWK2YUz_cL2KVhy5',#6,$,$,(#2918),#2919);
#2924=IFCRELDEFINESBYPROPERTIES('1aCVdbdA41U2urws14OUhd',#6,$,$,(#2918),#2920);
#2925=IFCRELDEFINESBYPROPERTIES('0WjVO3eBO_20h46exfD7pY',#6,$,$,(#2918),#2922);
#2926=IFCMAPPEDITEM(#2366,#1742);
#2927=IFCSHAPEREPRESENTATION(#15,'Body','MappedRepresentation',(#2926));
#2928=IFCPRODUCTDEFINITIONSHAPE($,$,(#2927));
#2929=IFCCARTESIANPOINT((-14771.214254621111,11361.361329759693,0.));
#2930=IFCAXIS2PLACEMENT3D(#2929,$,$);
#2931=IFCLOCALPLACEMENT(#28,#2930);
#2932=IFCCOLUMN('1MzzCu4tX5nAr$Y5GgwB2D',#6,'Column:200x300:313367',$,$,#2931,#2928,'313367');
#2933=IFCPROPERTYSET('1lp$WugraXq1Z__f_ekRaD',#6,'Pset_ColumnCommon',$,(#78,#79,#2375));
#2934=IFCPROPERTYSET('3RRRl0ucv_ObnxzdTmH8C_',#6,'Pset_QuantityTakeOff',$,(#2375));
#2935=IFCPROPERTYSINGLEVALUE('Reference',$,IFCLABEL('200x300'),$);
#2936=IFCPROPERTYSET('1VSKatVghprk25hsLtQO0H',#6,'Pset_ReinforcementBarPitchOfColumn',$,(#2935));
#2937=IFCRELDEFINESBYPROPERTIES('22n8k2tmrbmbNxetJ1D96W',#6,$,$,(#2932),#2933);
#2938=IFCRELDEFINESBYPROPERTIES('2umMjXEbhyzJcWrlvgVL9_',#6,$,$,(#2932),#2934);
#2939=IFCRELDEFINESBYPROPERTIES('15VtLh3J3W2jUk0y7w3oMw',#6,$,$,(#2932),#2936);
#2940=IFCMAPPEDITEM(#2366,#1742);
#2941=IFCSHAPEREPRESENTATION(#15,'Body','MappedRepresentation',(#2940));
#2942=IFCPRODUCTDEFINITIONSHAPE($,$,(#2941));
#2943=IFCCARTESIANPOINT((-8371.2142546211107,11361.361329759673,0.));
#2944=IFCAXIS2PLACEMENT3D(#2943,$,$);
#2945=IFCLOCALPLACEMENT(#28,#2944);
#2946=IFCCOLUMN('1MzzCu4tX5nAr$Y5GgwB2v',#6,'Column:200x300:313379',$,$,#2945,#2942,'313379');
#2947=IFCPROPERTYSET('3KpIG8XsbDYvVUqbbhUtG0',#6,'Pset_ColumnCommon',$,(#78,#79,#2375));
#2948=IFCPROPERTYSET('19luGVhPvhR$PA6wIchcAj',#6,'Pset_QuantityTakeOff',$,(#2375));
#2949=IFCPROPERTYSINGLEVALUE('Reference',$,IFCLABEL('200x300'),$);
#2950=IFCPROPERTYSET('0zllzThl23pWEkC7lAjU9B',#6,'Pset_ReinforcementBarPitchOfColumn',$,(#2949));
#2951=IFCRELDEFINESBYPROPERTIES('2W72vvKE8dTTSqzdXPfRo3',#6,$,$,(#2946),#2947);
#2952=IFCRELDEFINESBYPROPERTIES('2LRZjBFUoTZNXS3y91dLzc',#6,$,$,(#2946),#2948);
#2953=IFCRELDEFINESBYPROPERTIES('1Yw7TEdK2wnUlJ3GxZXdyU',#6,$,$,(#2946),#2950);
#2954=IFCMAPPEDITEM(#2366,#1742);
#2955=IFCSHAPEREPRESENTATION(#15,'Body','MappedRepresentation',(#2954));
#2956=IFCPRODUCTDEFINITIONSHAPE($,$,(#2955));
#2957=IFCCARTESIANPOINT((-5171.2142546211016,11361.361329759662,0.));
#2958=IFCAXIS2PLACEMENT3D(#2957,$,$);
#2959=IFCLOCALPLACEMENT(#28,#2958);
#2960=IFCCOLUMN('1MzzCu4tX5nAr$Y5GgwB2t',#6,'Column:200x300:313389',$,$,#2959,#2956,'313389');
#2961=IFCPROPERTYSET('1eobK3SRpm0Uyx4$FAUSi_',#6,'Pset_ColumnCommon',$,(#78,#79,#2375));
#2962=IFCPROPERTYSET('2v$1kqafLn6C98QSKrYx8J',#6,'Pset_QuantityTakeOff',$,(#2375));
#2963=IFCPROPERTYSINGLEVALUE('Reference',$,IFCLABEL('200x300'),$);
#2964=IFCPROPERTYSET('0okLIF$iEYczC$VS7WMoLO',#6,'Pset_ReinforcementBarPitchOfColumn',$,(#2963));
#2965=IFCRELDEFINESBYPROPERTIES('3XFo6pzJg0qX_vwM8QP8W_',#6,$,$,(#2960),#2961);
#2966=IFCRELDEFINESBYPROPERTIES('2z73aLHnnHXqFrsxcLaK9N',#6,$,$,(#2960),#2962);
#2967=IFCRELDEFINESBYPROPERTIES('379o0Pcjr5dJrZyg2Q$CRT',#6,$,$,(#2960),#2964);
#2968=IFCMAPPEDITEM(#2366,#1742);
#2969=IFCSHAPEREPRESENTATION(#15,'Body','MappedRepresentation',(#2968));
#2970=IFCPRODUCTDEFINITIONSHAPE($,$,(#2969));
#2971=IFCCARTESIANPOINT((-1971.2142546211012,11361.361329759651,0.));
#2972=IFCAXIS2PLACEMENT3D(#2971,$,$);
#2973=IFCLOCALPLACEMENT(#28,#2972);
#2974=IFCCOLUMN('1MzzCu4tX5nAr$Y5GgwB2l',#6,'Column:200x300:313397',$,$,#2973,#2970,'313397');
#2975=IFCPROPERTYSET('2XUJ2nCaCv_uxKjQhaKRSu',#6,'Pset_ColumnCommon',$,(#78,#79,#2375));
#2976=IFCPROPERTYSET('2Gb4KJi8X6gjM0mtPmhZS6',#6,'Pset_QuantityTakeOff',$,(#2375));
#2977=IFCPROPERTYSINGLEVALUE('Reference',$,IFCLABEL('200x300'),$);
#2978=IFCPROPERTYSET('17ROqUElrpJ4KaqsHo0tXM',#6,'Pset_ReinforcementBarPitchOfColumn',$,(#2977));
#2979=IFCRELDEFINESBYPROPERTIES('3r6gFBVyThJ2yA9b9KwhWJ',#6,$,$,(#2974),#2975);
#2980=IFCRELDEFINESBYPROPERTIES('1zjsxNNl8rOEmzfArRKZhD',#6,$,$,(#2974),#2976);
#2981=IFCRELDEFINESBYPROPERTIES('2$CqljPyCoI$7JEfgXdKuM',#6,$,$,(#2974),#2978);
#2982=IFCMAPPEDITEM(#2366,#1742);
#2983=IFCSHAPEREPRESENTATION(#15,'Body','MappedRepresentation',(#2982));
#2984=IFCPRODUCTDEFINITIONSHAPE($,$,(#2983));
#2985=IFCCARTESIANPOINT((4428.7857453788993,11361.361329759629,0.));
#2986=IFCAXIS2PLACEMENT3D(#2985,$,$);
#2987=IFCLOCALPLACEMENT(#28,#2986);
#2988=IFCCOLUMN('1MzzCu4tX5nAr$Y5GgwB3R',#6,'Column:200x300:313409',$,$,#2987,#2984,'313409');
#2989=IFCPROPERTYSET('1piYYYNEp07GTxL9lqypqB',#6,'Pset_ColumnCommon',$,(#78,#79,#2375));
#2990=IFCPROPERTYSET('0CJwKBHESCYdYzVG5KK8bY',#6,'Pset_QuantityTakeOff',$,(#2375));
#2991=IFCPROPERTYSINGLEVALUE('Reference',$,IFCLABEL('200x300'),$);
#2992=IFCPROPERTYSET('2zdThQGB6MXlgFvN5n_RVc',#6,'Pset_ReinforcementBarPitchOfColumn',$,(#2991));
#2993=IFCRELDEFINESBYPROPERTIES('0P9JgxmDA_qG1WrX24FV9C',#6,$,$,(#2988),#2989);
#2994=IFCRELDEFINESBYPROPERTIES('2xfiYdXoHuBOg3OQM88l5o',#6,$,$,(#2988),#2990);
#2995=IFCRELDEFINESBYPROPERTIES('2GmmR5JeB7fw6OIzb4QDzC',#6,$,$,(#2988),#2992);
#2996=IFCMAPPEDITEM(#2366,#1742);
#2997=IFCSHAPEREPRESENTATION(#15,'Body','MappedRepresentation',(#2996));
#2998=IFCPRODUCTDEFINITIONSHAPE($,$,(#2997));
#2999=IFCCARTESIANPOINT((7628.7857453789084,11361.361329759618,0.));
#3000=IFCAXIS2PLACEMENT3D(#2999,$,$);
#3001=IFCLOCALPLACEMENT(#28,#3000);
#3002=IFCCOLUMN('1MzzCu4tX5nAr$Y5GgwB3H',#6,'Column:200x300:313419',$,$,#3001,#2998,'313419');
#3003=IFCPROPERTYSET('04lgjOKLEburqE0LmBNRyD',#6,'Pset_ColumnCommon',$,(#78,#79,#2375));
#3004=IFCPROPERTYSET('3tFGeRpSgPsY5zBreK_yVv',#6,'Pset_QuantityTakeOff',$,(#2375));
#3005=IFCPROPERTYSINGLEVALUE('Reference',$,IFCLABEL('200x300'),$);
#3006=IFCPROPERTYSET('1tU6FRCYsl6U5k58jSIXHj',#6,'Pset_ReinforcementBarPitchOfColumn',$,(#3005));
#3007=IFCRELDEFINESBYPROPERTIES('057nWgol4tWOG19TQaBKQg',#6,$,$,(#3002),#3003);
#3008=IFCRELDEFINESBYPROPERTIES('1cezScHxOaltE08FNru_xa',#6,$,$,(#3002),#3004);
#3009=IFCRELDEFINESBYPROPERTIES('3bPlKl2v4CIGd7$xgV3TOS',#6,$,$,(#3002),#3006);
#3010=IFCMAPPEDITEM(#2366,#1742);
#3011=IFCSHAPEREPRESENTATION(#15,'Body','MappedRepresentation',(#3010));
#3012=IFCPRODUCTDEFINITIONSHAPE($,$,(#3011));
#3013=IFCCARTESIANPOINT((10828.785745378907,11361.361329759608,0.));
#3014=IFCAXIS2PLACEMENT3D(#3013,$,$);
#3015=IFCLOCALPLACEMENT(#28,#3014);
#3016=IFCCOLUMN('1MzzCu4tX5nAr$Y5GgwB39',#6,'Column:200x300:313427',$,$,#3015,#3012,'313427');
#3017=IFCPROPERTYSET('2eXn2TM0IqTdpZXckFV$dm',#6,'Pset_ColumnCommon',$,(#78,#79,#2375));
#3018=IFCPROPERTYSET('1D0ImUW3tF6zYrdkBeZ_XG',#6,'Pset_QuantityTakeOff',$,(#2375));
#3019=IFCPROPERTYSINGLEVALUE('Reference',$,IFCLABEL('200x300'),$);
#3020=IFCPROPERTYSET('1qy12dn3M$B5hjcNZOUSs8',#6,'Pset_ReinforcementBarPitchOfColumn',$,(#3019));
#3021=IFCRELDEFINESBYPROPERTIES('3uBN_9c5QKRuPpVU0hh34O',#6,$,$,(#3016),#3017);
#3022=IFCRELDEFINESBYPROPERTIES('0jDYciZazGXpjY5_trlmy3',#6,$,$,(#3016),#3018);
#3023=IFCRELDEFINESBYPROPERTIES('3XSmKfAFs1zOMhMNNkqnIb',#6,$,$,(#3016),#3020);
#3024=IFCMAPPEDITEM(#2366,#1742);
#3025=IFCSHAPEREPRESENTATION(#15,'Body','MappedRepresentation',(#3024));
#3026=IFCPRODUCTDEFINITIONSHAPE($,$,(#3025));
#3027=IFCCARTESIANPOINT((17228.785745378907,11361.361329759586,0.));
#3028=IFCAXIS2PLACEMENT3D(#3027,$,$);
#3029=IFCLOCALPLACEMENT(#28,#3028);
#3030=IFCCOLUMN('1MzzCu4tX5nAr$Y5GgwB35',#6,'Column:200x300:313439',$,$,#3029,#3026,'313439');
#3031=IFCPROPERTYSET('1P9MCWkeqycC3SNMa81wPS',#6,'Pset_ColumnCommon',$,(#78,#79,#2375));
#3032=IFCPROPERTYSET('0uQDOULKfnkw6UgwuQlyNy',#6,'Pset_QuantityTakeOff',$,(#2375));
#3033=IFCPROPERTYSINGLEVALUE('Reference',$,IFCLABEL('200x300'),$);
#3034=IFCPROPERTYSET('1Y1SLRLHxZfDO3zQ0rVXIW',#6,'Pset_ReinforcementBarPitchOfColumn',$,(#3033));
#3035=IFCRELDEFINESBYPROPERTIES('01q9UdSS1rAfLAk5KnZ0n3',#6,$,$,(#3030),#3031);
#3036=IFCRELDEFINESBYPROPERTIES('3sEMZH_L6QV92cAJ_bDfOo',#6,$,$,(#3030),#3032);
#3037=IFCRELDEFINESBYPROPERTIES('3IBhk3nAJd$KEJiyx$tRth',#6,$,$,(#3030),#3034);
#3038=IFCCARTESIANPOINT((5.6843418860808015E-014,0.));
#3039=IFCAXIS2PLACEMENT2D(#3038,#44);
#3040=IFCRECTANGLEPROFILEDEF(.AREA.,'200x1090',#3039,1090.,200.00000000000006);
#3041=IFCCARTESIANPOINT((-445.,0.,0.));
#3042=IFCAXIS2PLACEMENT3D(#3041,#51,#1725);
#3043=IFCEXTRUDEDAREASOLID(#3040,#3042,#51,3500.0000000000005);
#3044=IFCSTYLEDITEM(#3043,(#1731),$);
#3045=IFCSHAPEREPRESENTATION(#15,'Body','SweptSolid',(#3043));
#3046=IFCAXIS2PLACEMENT3D(#10,$,$);
#3047=IFCREPRESENTATIONMAP(#3046,#3045);
#3048=IFCCOLUMNTYPE('2pNQm$eHn1$wzB9nyPhm2r',#6,'Column:200x1090',$,$,(#3064),(#3047),'313511',$,.COLUMN.);
#3049=IFCMAPPEDITEM(#3047,#1742);
#3050=IFCSHAPEREPRESENTATION(#15,'Body','MappedRepresentation',(#3049));
#3051=IFCPRODUCTDEFINITIONSHAPE($,$,(#3050));
#3052=IFCCARTESIANPOINT((-10781.214254621116,11361.36132975968,0.));
#3053=IFCAXIS2PLACEMENT3D(#3052,$,$);
#3054=IFCLOCALPLACEMENT(#28,#3053);
#3055=IFCCOLUMN('1MzzCu4tX5nAr$Y5GgwB6s',#6,'Column:200x1090:313644',$,$,#3054,#3051,'313644');
#3056=IFCPROPERTYSINGLEVALUE('Reference',$,IFCIDENTIFIER('200x1090'),$);
#3057=IFCPROPERTYSET('2pm5TPn25fZs9w7MEMtZpm',#6,'Pset_ColumnCommon',$,(#78,#79,#3056));
#3058=IFCPROPERTYSET('2vRWulGgcStvFN1wZSRR0m',#6,'Pset_QuantityTakeOff',$,(#3056));
#3059=IFCPROPERTYSINGLEVALUE('Reference',$,IFCLABEL('200x1090'),$);
#3060=IFCPROPERTYSET('2Z7bhmU40fEbGrqp3iNV07',#6,'Pset_ReinforcementBarPitchOfColumn',$,(#3059));
#3061=IFCRELDEFINESBYPROPERTIES('3kkVVeCdzb0yIua2QGD$gL',#6,$,$,(#3055),#3057);
#3062=IFCRELDEFINESBYPROPERTIES('0x7NpLGSXpejUO01YwNdAn',#6,$,$,(#3055),#3058);
#3063=IFCRELDEFINESBYPROPERTIES('21flx_9Y1h9qjudxB3M9_L',#6,$,$,(#3055),#3060);
#3064=IFCPROPERTYSET('3yZW5K3EVQb9dDgmC9oLfU',#6,'Pset_ColumnCommon',$,(#79));
#3065=IFCMAPPEDITEM(#3047,#1742);
#3066=IFCSHAPEREPRESENTATION(#15,'Body','MappedRepresentation',(#3065));
#3067=IFCPRODUCTDEFINITIONSHAPE($,$,(#3066));
#3068=IFCCARTESIANPOINT((2018.7857453788836,11361.36132975964,0.));
#3069=IFCAXIS2PLACEMENT3D(#3068,$,$);
#3070=IFCLOCALPLACEMENT(#28,#3069);
#3071=IFCCOLUMN('1MzzCu4tX5nAr$Y5GgwB6c',#6,'Column:200x1090:313660',$,$,#3070,#3067,'313660');
#3072=IFCPROPERTYSET('35PmWnxkhMTPuJm$LsGBnp',#6,'Pset_ColumnCommon',$,(#78,#79,#3056));
#3073=IFCPROPERTYSET('1Oy2fC6i_ePwYoyaUqs$0m',#6,'Pset_QuantityTakeOff',$,(#3056));
#3074=IFCPROPERTYSINGLEVALUE('Reference',$,IFCLABEL('200x1090'),$);
#3075=IFCPROPERTYSET('2yOmCGDlB8J_HGdurFtEv_',#6,'Pset_ReinforcementBarPitchOfColumn',$,(#3074));
#3076=IFCRELDEFINESBYPROPERTIES('0QvOwNlnZt_weylAnk47Xs',#6,$,$,(#3071),#3072);
#3077=IFCRELDEFINESBYPROPERTIES('2uMTqdXzXplrkpzSoqmw4A',#6,$,$,(#3071),#3073);
#3078=IFCRELDEFINESBYPROPERTIES('01aR8C01ZBgmqgvfcgSaEK',#6,$,$,(#3071),#3075);
#3079=IFCMAPPEDITEM(#3047,#1742);
#3080=IFCSHAPEREPRESENTATION(#15,'Body','MappedRepresentation',(#3079));
#3081=IFCPRODUCTDEFINITIONSHAPE($,$,(#3080));
#3082=IFCCARTESIANPOINT((14818.785745378867,11361.361329759598,0.));
#3083=IFCAXIS2PLACEMENT3D(#3082,$,$);
#3084=IFCLOCALPLACEMENT(#28,#3083);
#3085=IFCCOLUMN('1MzzCu4tX5nAr$Y5GgwB7S',#6,'Column:200x1090:313670',$,$,#3084,#3081,'313670');
#3086=IFCPROPERTYSET('2ICiLgKYL3iRrEQiKE$1MI',#6,'Pset_ColumnCommon',$,(#78,#79,#3056));
#3087=IFCPROPERTYSET('2LryFGoEhe8foqcFUTF36P',#6,'Pset_QuantityTakeOff',$,(#3056));
#3088=IFCPROPERTYSINGLEVALUE('Reference',$,IFCLABEL('200x1090'),$);
#3089=IFCPROPERTYSET('3zDhJWrW2J2myfMl$l3wra',#6,'Pset_ReinforcementBarPitchOfColumn',$,(#3088));
#3090=IFCRELDEFINESBYPROPERTIES('2MTQl5LsY1aOBi8V6XtYy2',#6,$,$,(#3085),#3086);
#3091=IFCRELDEFINESBYPROPERTIES('3HDO3PtMu_xzLedUbttCe2',#6,$,$,(#3085),#3087);
#3092=IFCRELDEFINESBYPROPERTIES('1FdRqmup5QzAxC7KV08A6c',#6,$,$,(#3085),#3089);
#3093=IFCMAPPEDITEM(#1768,#1742);
#3094=IFCSHAPEREPRESENTATION(#15,'Body','MappedRepresentation',(#3093));
#3095=IFCPRODUCTDEFINITIONSHAPE($,$,(#3094));
#3096=IFCCARTESIANPOINT((-2021.2142546211537,-20363.638670240332,0.));
#3097=IFCAXIS2PLACEMENT3D(#3096,$,$);
#3098=IFCLOCALPLACEMENT(#28,#3097);
#3099=IFCCOLUMN('1MzzCu4tX5nAr$Y5GgwB5z',#6,'Column:200x360:313831',$,$,#3098,#3095,'313831');
#3100=IFCPROPERTYSET('2l28_sl3w4tQ2ogKCp5iQ_',#6,'Pset_ColumnCommon',$,(#78,#79,#1777));
#3101=IFCPROPERTYSET('15f4W7AkkaP3B8Y3scLsos',#6,'Pset_QuantityTakeOff',$,(#1777));
#3102=IFCPROPERTYSINGLEVALUE('Reference',$,IFCLABEL('200x360'),$);
#3103=IFCPROPERTYSET('2cqhDDw_Am0zWdtrbAxIVB',#6,'Pset_ReinforcementBarPitchOfColumn',$,(#3102));
#3104=IFCRELDEFINESBYPROPERTIES('3XaIoxZw9QEPYNz0FWr7$E',#6,$,$,(#3099),#3100);
#3105=IFCRELDEFINESBYPROPERTIES('2OdjPDSc3jkDA3RdNMIDWZ',#6,$,$,(#3099),#3101);
#3106=IFCRELDEFINESBYPROPERTIES('2uqjEN$wV6W41VuVTiyX6_',#6,$,$,(#3099),#3103);
#3107=IFCCARTESIANPOINT((0.,0.));
#3108=IFCAXIS2PLACEMENT2D(#3107,#44);
#3109=IFCRECTANGLEPROFILEDEF(.AREA.,'360x200',#3108,360.,200.00000000000006);
#3110=IFCCARTESIANPOINT((-80.,0.,0.));
#3111=IFCAXIS2PLACEMENT3D(#3110,#51,#1725);
#3112=IFCEXTRUDEDAREASOLID(#3109,#3111,#51,3500.0000000000005);
#3113=IFCSTYLEDITEM(#3112,(#1731),$);
#3114=IFCSHAPEREPRESENTATION(#15,'Body','SweptSolid',(#3112));
#3115=IFCAXIS2PLACEMENT3D(#10,$,$);
#3116=IFCREPRESENTATIONMAP(#3115,#3114);
#3117=IFCCOLUMNTYPE('2pNQm$eHn1$wzB9nyPhm2s',#6,'Column:360x200',$,$,(#3133),(#3116),'313905',$,.COLUMN.);
#3118=IFCMAPPEDITEM(#3116,#1742);
#3119=IFCSHAPEREPRESENTATION(#15,'Body','MappedRepresentation',(#3118));
#3120=IFCPRODUCTDEFINITIONSHAPE($,$,(#3119));
#3121=IFCCARTESIANPOINT((-33651.214254621118,11361.361329759759,0.));
#3122=IFCAXIS2PLACEMENT3D(#3121,$,$);
#3123=IFCLOCALPLACEMENT(#28,#3122);
#3124=IFCCOLUMN('1MzzCu4tX5nAr$Y5GgwBAN',#6,'Column:360x200:313869',$,$,#3123,#3120,'313869');
#3125=IFCPROPERTYSINGLEVALUE('Reference',$,IFCIDENTIFIER('360x200'),$);
#3126=IFCPROPERTYSET('05nw7Pp0_uI_c3IFDYicUs',#6,'Pset_ColumnCommon',$,(#78,#79,#3125));
#3127=IFCPROPERTYSET('3IOBE$tK$ggo0wgYxaEm_5',#6,'Pset_QuantityTakeOff',$,(#3125));
#3128=IFCPROPERTYSINGLEVALUE('Reference',$,IFCLABEL('360x200'),$);
#3129=IFCPROPERTYSET('2RF92HGW1f6UOYhIxYUVO1',#6,'Pset_ReinforcementBarPitchOfColumn',$,(#3128));
#3130=IFCRELDEFINESBYPROPERTIES('31KKdWhgTTnkPThb4n7FNk',#6,$,$,(#3124),#3126);
#3131=IFCRELDEFINESBYPROPERTIES('1749HaDFrqwP$XnsvwSAgk',#6,$,$,(#3124),#3127);
#3132=IFCRELDEFINESBYPROPERTIES('0zm$pdeNW7CVdZ$zU1aJK5',#6,$,$,(#3124),#3129);
#3133=IFCPROPERTYSET('3RhlOzYw7fw5MZdKcuweGG',#6,'Pset_ColumnCommon',$,(#79));
#3134=IFCMAPPEDITEM(#3047,#1742);
#3135=IFCSHAPEREPRESENTATION(#15,'Body','MappedRepresentation',(#3134));
#3136=IFCPRODUCTDEFINITIONSHAPE($,$,(#3135));
#3137=IFCCARTESIANPOINT((-23581.214254621118,11361.361329759722,0.));
#3138=IFCAXIS2PLACEMENT3D(#3137,$,$);
#3139=IFCLOCALPLACEMENT(#28,#3138);
#3140=IFCCOLUMN('35YAWf9bH39hTsvmRiuqSZ',#6,'Column:200x1090:314247',$,$,#3139,#3136,'314247');
#3141=IFCPROPERTYSET('2oYXDc6Zfzd5_ag9EbrztO',#6,'Pset_ColumnCommon',$,(#78,#79,#3056));
#3142=IFCPROPERTYSET('1SyzqQiDVdv$Ck5bMdpg0g',#6,'Pset_QuantityTakeOff',$,(#3056));
#3143=IFCPROPERTYSINGLEVALUE('Reference',$,IFCLABEL('200x1090'),$);
#3144=IFCPROPERTYSET('2bz3gyqYPSE9koQxRdumKj',#6,'Pset_ReinforcementBarPitchOfColumn',$,(#3143));
#3145=IFCRELDEFINESBYPROPERTIES('0WHdsAVV_yWbK7WE_AujN2',#6,$,$,(#3140),#3141);
#3146=IFCRELDEFINESBYPROPERTIES('1X26BcaewjrAZvW$a6gJhD',#6,$,$,(#3140),#3142);
#3147=IFCRELDEFINESBYPROPERTIES('0hvKIIVkTqzYhpGDGtzMz4',#6,$,$,(#3140),#3144);
#3148=IFCMAPPEDITEM(#2366,#1742);
#3149=IFCSHAPEREPRESENTATION(#15,'Body','MappedRepresentation',(#3148));
#3150=IFCPRODUCTDEFINITIONSHAPE($,$,(#3149));
#3151=IFCCARTESIANPOINT((20803.785745378867,11361.361329759573,0.));
#3152=IFCAXIS2PLACEMENT3D(#3151,$,$);
#3153=IFCLOCALPLACEMENT(#28,#3152);
#3154=IFCCOLUMN('35YAWf9bH39hTsvmRiuq2D',#6,'Column:200x300:314409',$,$,#3153,#3150,'314409');
#3155=IFCPROPERTYSET('0GztwJtu1ijmf5pOWj5AGB',#6,'Pset_ColumnCommon',$,(#78,#79,#2375));
#3156=IFCPROPERTYSET('0g73AuONmHSHEc$qlJ4Jac',#6,'Pset_QuantityTakeOff',$,(#2375));
#3157=IFCPROPERTYSINGLEVALUE('Reference',$,IFCLABEL('200x300'),$);
#3158=IFCPROPERTYSET('3ce$YyPJimwsk$SkjV7Ovi',#6,'Pset_ReinforcementBarPitchOfColumn',$,(#3157));
#3159=IFCRELDEFINESBYPROPERTIES('12u0Fji9FUkiK2wmZAKH2Y',#6,$,$,(#3154),#3155);
#3160=IFCRELDEFINESBYPROPERTIES('1oFOZIvwDrRKJl6Ba1822L',#6,$,$,(#3154),#3156);
#3161=IFCRELDEFINESBYPROPERTIES('2uNL5NiNgB5aaIrvxgN_5i',#6,$,$,(#3154),#3158);
#3162=IFCMAPPEDITEM(#2270,#1742);
#3163=IFCSHAPEREPRESENTATION(#15,'Body','MappedRepresentation',(#3162));
#3164=IFCPRODUCTDEFINITIONSHAPE($,$,(#3163));
#3165=IFCCARTESIANPOINT((30108.785745378882,-7838.6386702404507,0.));
#3166=IFCAXIS2PLACEMENT3D(#3165,$,$);
#3167=IFCLOCALPLACEMENT(#28,#3166);
#3168=IFCCOLUMN('3Sks_JQaL5Nukng6ka6YkS',#6,'Column:200x640:315722',$,$,#3167,#3164,'315722');
#3169=IFCPROPERTYSET('3sYcvCMPa6zBWXystYYcM0',#6,'Pset_ColumnCommon',$,(#78,#79,#2279));
#3170=IFCPROPERTYSET('01ZWP2_D3wmfHn0ralfrAm',#6,'Pset_QuantityTakeOff',$,(#2279));
#3171=IFCPROPERTYSINGLEVALUE('Reference',$,IFCLABEL('200x640'),$);
#3172=IFCPROPERTYSET('1X$P_UnveAipEPqazOZNw5',#6,'Pset_ReinforcementBarPitchOfColumn',$,(#3171));
#3173=IFCRELDEFINESBYPROPERTIES('1ybdp69ikMffI0We_uqWXB',#6,$,$,(#3168),#3169);
#3174=IFCRELDEFINESBYPROPERTIES('1E4lQlcB4WFP3reRoNRF_p',#6,$,$,(#3168),#3170);
#3175=IFCRELDEFINESBYPROPERTIES('2og$Vl5AiYy$UX_l4bFNhG',#6,$,$,(#3168),#3172);
#3176=IFCCARTESIANPOINT((-28531.214254621143,-6978.6386702403815,-150.));
#3177=IFCAXIS2PLACEMENT3D(#3176,#51,#49);
#3178=IFCLOCALPLACEMENT(#32,#3177);
#3179=IFCCARTESIANPOINT((-2.7000623958883807E-013,4.3343106881366111E-012));
#3180=IFCAXIS2PLACEMENT2D(#3179,#44);
#3181=IFCRECTANGLEPROFILEDEF(.AREA.,'Beam',#3180,400.,199.99999999999784);
#3182=IFCCARTESIANPOINT((-5430.,25.,-200.));
#3183=IFCDIRECTION((1.,0.,0.));
#3184=IFCAXIS2PLACEMENT3D(#3182,#3183,#48);
#3185=IFCEXTRUDEDAREASOLID(#3181,#3184,#51,10670.000000000015);
#3186=IFCCOLOURRGB($,0.75294117647058822,0.75294117647058822,0.75294117647058822);
#3187=IFCSURFACESTYLERENDERING(#3186,0.,$,$,$,$,IFCNORMALISEDRATIOMEASURE(0.5),IFCSPECULAREXPONENT(128.),.NOTDEFINED.);
#3188=IFCSURFACESTYLE('Concrete - Cast-in-Place Concrete',.BOTH.,(#3187));
#3189=IFCPRESENTATIONSTYLEASSIGNMENT((#3188));
#3190=IFCSTYLEDITEM(#3185,(#3189),$);
#3191=IFCSHAPEREPRESENTATION(#15,'Body','SweptSolid',(#3185));
#3192=IFCCARTESIANPOINT((0.,0.));
#3193=IFCCARTESIANPOINT((5240.,0.));
#3194=IFCPOLYLINE((#3192,#3193));
#3195=IFCSHAPEREPRESENTATION(#14,'Axis','Curve2D',(#3194));
#3196=IFCPRODUCTDEFINITIONSHAPE($,$,(#3195,#3191));
#3197=IFCBEAM('20yiJc8Gv2EBT1x$GoM0j5',#6,'Beam:Beam:319949',$,$,#3178,#3196,'319949');
#3198=IFCBEAMTYPE('20yiJc8Gv2EBT1x$GoM3QL',#6,'Beam:Beam',$,$,(#3214),$,'318493',$,.BEAM.);
#3199=IFCMATERIAL('Concrete - Cast-in-Place Concrete');
#3200=IFCPRESENTATIONSTYLEASSIGNMENT((#3188));
#3201=IFCSTYLEDITEM($,(#3200),$);
#3202=IFCSTYLEDREPRESENTATION(#13,'Style','Material',(#3201));
#3203=IFCMATERIALDEFINITIONREPRESENTATION($,$,(#3202),#3199);
#3204=IFCPROPERTYSINGLEVALUE('Reference',$,IFCIDENTIFIER('Beam'),$);
#3205=IFCPROPERTYSINGLEVALUE('Span',$,IFCPOSITIVELENGTHMEASURE(5240.),$);
#3206=IFCPROPERTYSINGLEVALUE('Slope',$,IFCPLANEANGLEMEASURE(0.),$);
#3207=IFCPROPERTYSET('0RGa3m9KBsIFU42oSV1hQC',#6,'Pset_BeamCommon',$,(#78,#79,#3204,#3205,#3206));
#3208=IFCPROPERTYSET('1EHGZDv94pEMA_gYs0izQs',#6,'Pset_QuantityTakeOff',$,(#3204));
#3209=IFCPROPERTYSINGLEVALUE('Reference',$,IFCLABEL('Beam'),$);
#3210=IFCPROPERTYSET('1pxYwchfdFuTSeYYvZk30V',#6,'Pset_ReinforcementBarPitchOfBeam',$,(#3209));
#3211=IFCRELDEFINESBYPROPERTIES('2vnbiGZ0qPYivMKylFO5p4',#6,$,$,(#3197),#3207);
#3212=IFCRELDEFINESBYPROPERTIES('3RZ5DogiJ8ggT6kaJNwlA9',#6,$,$,(#3197),#3208);
#3213=IFCRELDEFINESBYPROPERTIES('1KgiRED4s8PQMPGmdwluv_',#6,$,$,(#3197),#3210);
#3214=IFCPROPERTYSET('0xvvUaD_RC6$C083MeC6Vt',#6,'Pset_BeamCommon',$,(#79));
#3215=IFCCARTESIANPOINT((-30846.214254621154,-14413.638670240458,-150.));
#3216=IFCDIRECTION((0.,-1.,0.));
#3217=IFCAXIS2PLACEMENT3D(#3215,#51,#3216);
#3218=IFCLOCALPLACEMENT(#32,#3217);
#3219=IFCCARTESIANPOINT((-2.7000623958883807E-013,2.1671553440683056E-012));
#3220=IFCAXIS2PLACEMENT2D(#3219,#44);
#3221=IFCRECTANGLEPROFILEDEF(.AREA.,'Beam',#3220,400.,200.00000000000216);
#3222=IFCCARTESIANPOINT((0.,25.,-200.));
#3223=IFCAXIS2PLACEMENT3D(#3222,#3183,#48);
#3224=IFCEXTRUDEDAREASOLID(#3221,#3223,#51,8699.9999999997272);
#3225=IFCSHAPEREPRESENTATION(#15,'Body','SweptSolid',(#3224));
#3226=IFCCARTESIANPOINT((8700.,0.));
#3227=IFCPOLYLINE((#3192,#3226));
#3228=IFCSHAPEREPRESENTATION(#14,'Axis','Curve2D',(#3227));
#3229=IFCPRODUCTDEFINITIONSHAPE($,$,(#3228,#3225));
#3230=IFCBEAM('20yiJc8Gv2EBT1x$GoM0y4',#6,'Beam:Beam:320908',$,$,#3218,#3229,'320908');
#3231=IFCPROPERTYSINGLEVALUE('Span',$,IFCPOSITIVELENGTHMEASURE(8700.),$);
#3232=IFCPROPERTYSET('3SfSMWc30i5zAeQDHy_V6x',#6,'Pset_BeamCommon',$,(#78,#79,#3204,#3206,#3231));
#3233=IFCPROPERTYSET('2mAv3bpy3awdW1jP0KEpvm',#6,'Pset_QuantityTakeOff',$,(#3204));
#3234=IFCPROPERTYSINGLEVALUE('Reference',$,IFCLABEL('Beam'),$);
#3235=IFCPROPERTYSET('30JELhIAYe8FFVK2f$Ipo4',#6,'Pset_ReinforcementBarPitchOfBeam',$,(#3234));
#3236=IFCRELDEFINESBYPROPERTIES('2lBaZC67cdmDYioYrZ6PLQ',#6,$,$,(#3230),#3232);
#3237=IFCRELDEFINESBYPROPERTIES('1L51NeZseOMSZzEw$KECjf',#6,$,$,(#3230),#3233);
#3238=IFCRELDEFINESBYPROPERTIES('2Pl6ZYyvz9$lPK_4jPlbdn',#6,$,$,(#3230),#3235);
#3239=IFCCARTESIANPOINT((-27646.214254621158,-14413.638670240467,-150.));
#3240=IFCAXIS2PLACEMENT3D(#3239,#51,#3216);
#3241=IFCLOCALPLACEMENT(#32,#3240);
#3242=IFCCARTESIANPOINT((-2.7000623958883807E-013,-2.1671553440683056E-012));
#3243=IFCAXIS2PLACEMENT2D(#3242,#44);
#3244=IFCRECTANGLEPROFILEDEF(.AREA.,'Beam',#3243,400.,200.00000000000216);
#3245=IFCCARTESIANPOINT((0.,25.,-200.));
#3246=IFCAXIS2PLACEMENT3D(#3245,#3183,#48);
#3247=IFCEXTRUDEDAREASOLID(#3244,#3246,#51,8699.9999999997272);
#3248=IFCSHAPEREPRESENTATION(#15,'Body','SweptSolid',(#3247));
#3249=IFCCARTESIANPOINT((8700.,0.));
#3250=IFCPOLYLINE((#3192,#3249));
#3251=IFCSHAPEREPRESENTATION(#14,'Axis','Curve2D',(#3250));
#3252=IFCPRODUCTDEFINITIONSHAPE($,$,(#3251,#3248));
#3253=IFCBEAM('20yiJc8Gv2EBT1x$GoM0rI',#6,'Beam:Beam:321498',$,$,#3241,#3252,'321498');
#3254=IFCPROPERTYSET('177VvBCtgkk50oBUJxnpn$',#6,'Pset_BeamCommon',$,(#78,#79,#3204,#3206,#3231));
#3255=IFCPROPERTYSET('3tzVkuABwXeQaEPMTEmAoq',#6,'Pset_QuantityTakeOff',$,(#3204));
#3256=IFCPROPERTYSINGLEVALUE('Reference',$,IFCLABEL('Beam'),$);
#3257=IFCPROPERTYSET('0hTIWvQZW05cMFuKa_DeUK',#6,'Pset_ReinforcementBarPitchOfBeam',$,(#3256));
#3258=IFCRELDEFINESBYPROPERTIES('2ipZfsY9o2YEfc7W7bLuYn',#6,$,$,(#3253),#3254);
#3259=IFCRELDEFINESBYPROPERTIES('1q6usSKecA5WJ1rGZ5EXMb',#6,$,$,(#3253),#3255);
#3260=IFCRELDEFINESBYPROPERTIES('0NgNQAuDwgPQWrgF5VsSyB',#6,$,$,(#3253),#3257);
#3261=IFCCARTESIANPOINT((-24446.214254621151,-14413.638670240476,-150.));
#3262=IFCAXIS2PLACEMENT3D(#3261,#51,#3216);
#3263=IFCLOCALPLACEMENT(#32,#3262);
#3264=IFCCARTESIANPOINT((-2.7000623958883807E-013,2.1671553440683056E-012));
#3265=IFCAXIS2PLACEMENT2D(#3264,#44);
#3266=IFCRECTANGLEPROFILEDEF(.AREA.,'Beam',#3265,400.,200.00000000000216);
#3267=IFCCARTESIANPOINT((0.,25.,-200.));
#3268=IFCAXIS2PLACEMENT3D(#3267,#3183,#48);
#3269=IFCEXTRUDEDAREASOLID(#3266,#3268,#51,8699.9999999997272);
#3270=IFCSHAPEREPRESENTATION(#15,'Body','SweptSolid',(#3269));
#3271=IFCCARTESIANPOINT((8700.,0.));
#3272=IFCPOLYLINE((#3192,#3271));
#3273=IFCSHAPEREPRESENTATION(#14,'Axis','Curve2D',(#3272));
#3274=IFCPRODUCTDEFINITIONSHAPE($,$,(#3273,#3270));
#3275=IFCBEAM('20yiJc8Gv2EBT1x$GoM0rW',#6,'Beam:Beam:321512',$,$,#3263,#3274,'321512');
#3276=IFCPROPERTYSET('3ktqOs9fXF50JMYWzmoG9v',#6,'Pset_BeamCommon',$,(#78,#79,#3204,#3206,#3231));
#3277=IFCPROPERTYSET('0eQCo0IrFLGwWVGfcxo4U0',#6,'Pset_QuantityTakeOff',$,(#3204));
#3278=IFCPROPERTYSINGLEVALUE('Reference',$,IFCLABEL('Beam'),$);
#3279=IFCPROPERTYSET('0CPVLv2ACA$uVkXN68Agra',#6,'Pset_ReinforcementBarPitchOfBeam',$,(#3278));
#3280=IFCRELDEFINESBYPROPERTIES('2$$TIqOC0KHGWs$ehOPt11',#6,$,$,(#3275),#3276);
#3281=IFCRELDEFINESBYPROPERTIES('3hwOk$$eQTBxA5NFyfEM2K',#6,$,$,(#3275),#3277);
#3282=IFCRELDEFINESBYPROPERTIES('2W8FTEF2EDSogUknoKcIt$',#6,$,$,(#3275),#3279);
#3283=IFCCARTESIANPOINT((-21246.214254621151,-14413.638670240485,-150.));
#3284=IFCAXIS2PLACEMENT3D(#3283,#51,#3216);
#3285=IFCLOCALPLACEMENT(#32,#3284);
#3286=IFCCARTESIANPOINT((-2.7000623958883807E-013,2.1671553440683056E-012));
#3287=IFCAXIS2PLACEMENT2D(#3286,#44);
#3288=IFCRECTANGLEPROFILEDEF(.AREA.,'Beam',#3287,400.,200.00000000000216);
#3289=IFCCARTESIANPOINT((0.,25.,-200.));
#3290=IFCAXIS2PLACEMENT3D(#3289,#3183,#48);
#3291=IFCEXTRUDEDAREASOLID(#3288,#3290,#51,8699.9999999997272);
#3292=IFCSHAPEREPRESENTATION(#15,'Body','SweptSolid',(#3291));
#3293=IFCCARTESIANPOINT((8700.,0.));
#3294=IFCPOLYLINE((#3192,#3293));
#3295=IFCSHAPEREPRESENTATION(#14,'Axis','Curve2D',(#3294));
#3296=IFCPRODUCTDEFINITIONSHAPE($,$,(#3295,#3292));
#3297=IFCBEAM('20yiJc8Gv2EBT1x$GoM0ru',#6,'Beam:Beam:321520',$,$,#3285,#3296,'321520');
#3298=IFCPROPERTYSET('1Hwu8rPIDY8KqfaGeavluI',#6,'Pset_BeamCommon',$,(#78,#79,#3204,#3206,#3231));
#3299=IFCPROPERTYSET('14GfrgLK6Hap2V5StzdTPs',#6,'Pset_QuantityTakeOff',$,(#3204));
#3300=IFCPROPERTYSINGLEVALUE('Reference',$,IFCLABEL('Beam'),$);
#3301=IFCPROPERTYSET('32dIwf3StSo5fsWb43Zjrk',#6,'Pset_ReinforcementBarPitchOfBeam',$,(#3300));
#3302=IFCRELDEFINESBYPROPERTIES('3rAdAeALp_SfPtK7Y_Tj7Z',#6,$,$,(#3297),#3298);
#3303=IFCRELDEFINESBYPROPERTIES('3Jmnh6_DEETCsi57z7ZJIz',#6,$,$,(#3297),#3299);
#3304=IFCRELDEFINESBYPROPERTIES('3gzwg9Am4e0gtcVqWo2Xno',#6,$,$,(#3297),#3301);
#3305=IFCCARTESIANPOINT((-18046.214254621147,-14413.638670240493,-150.));
#3306=IFCAXIS2PLACEMENT3D(#3305,#51,#3216);
#3307=IFCLOCALPLACEMENT(#32,#3306);
#3308=IFCCARTESIANPOINT((-2.7000623958883807E-013,1.0871303857129533E-012));
#3309=IFCAXIS2PLACEMENT2D(#3308,#44);
#3310=IFCRECTANGLEPROFILEDEF(.AREA.,'Beam',#3309,400.,200.);
#3311=IFCCARTESIANPOINT((0.,25.,-200.));
#3312=IFCAXIS2PLACEMENT3D(#3311,#3183,#48);
#3313=IFCEXTRUDEDAREASOLID(#3310,#3312,#51,8699.9999999997272);
#3314=IFCSHAPEREPRESENTATION(#15,'Body','SweptSolid',(#3313));
#3315=IFCCARTESIANPOINT((8700.,0.));
#3316=IFCPOLYLINE((#3192,#3315));
#3317=IFCSHAPEREPRESENTATION(#14,'Axis','Curve2D',(#3316));
#3318=IFCPRODUCTDEFINITIONSHAPE($,$,(#3317,#3314));
#3319=IFCBEAM('20yiJc8Gv2EBT1x$GoM0rm',#6,'Beam:Beam:321528',$,$,#3307,#3318,'321528');
#3320=IFCPROPERTYSET('0s05dt6rzdjAJ2ztmM7fsK',#6,'Pset_BeamCommon',$,(#78,#79,#3204,#3206,#3231));
#3321=IFCPROPERTYSET('2jtJo1q10xTm47nrUCjzch',#6,'Pset_QuantityTakeOff',$,(#3204));
#3322=IFCPROPERTYSINGLEVALUE('Reference',$,IFCLABEL('Beam'),$);
#3323=IFCPROPERTYSET('1f9h9OxTf2$3xYzXzsTVq2',#6,'Pset_ReinforcementBarPitchOfBeam',$,(#3322));
#3324=IFCRELDEFINESBYPROPERTIES('0I03q$AGgPqa4Ls2_nua89',#6,$,$,(#3319),#3320);
#3325=IFCRELDEFINESBYPROPERTIES('0PFqIHcg6HdhSA03rVo$8F',#6,$,$,(#3319),#3321);
#3326=IFCRELDEFINESBYPROPERTIES('2kLp54wlUG$swvai1oFLEC',#6,$,$,(#3319),#3323);
#3327=IFCCARTESIANPOINT((-14846.214254621145,-14413.638670240502,-150.));
#3328=IFCAXIS2PLACEMENT3D(#3327,#51,#3216);
#3329=IFCLOCALPLACEMENT(#32,#3328);
#3330=IFCCARTESIANPOINT((-2.7000623958883807E-013,1.0871303857129533E-012));
#3331=IFCAXIS2PLACEMENT2D(#3330,#44);
#3332=IFCRECTANGLEPROFILEDEF(.AREA.,'Beam',#3331,400.,200.);
#3333=IFCCARTESIANPOINT((0.,25.,-200.));
#3334=IFCAXIS2PLACEMENT3D(#3333,#3183,#48);
#3335=IFCEXTRUDEDAREASOLID(#3332,#3334,#51,8699.9999999997272);
#3336=IFCSHAPEREPRESENTATION(#15,'Body','SweptSolid',(#3335));
#3337=IFCCARTESIANPOINT((8700.,0.));
#3338=IFCPOLYLINE((#3192,#3337));
#3339=IFCSHAPEREPRESENTATION(#14,'Axis','Curve2D',(#3338));
#3340=IFCPRODUCTDEFINITIONSHAPE($,$,(#3339,#3336));
#3341=IFCBEAM('20yiJc8Gv2EBT1x$GoM0AC',#6,'Beam:Beam:321540',$,$,#3329,#3340,'321540');
#3342=IFCPROPERTYSET('1gy$3s2Yd1oOgphpwMKKI7',#6,'Pset_BeamCommon',$,(#78,#79,#3204,#3206,#3231));
#3343=IFCPROPERTYSET('0RWebBGmtf$wD101rUjByx',#6,'Pset_QuantityTakeOff',$,(#3204));
#3344=IFCPROPERTYSINGLEVALUE('Reference',$,IFCLABEL('Beam'),$);
#3345=IFCPROPERTYSET('2MOWsa4EW7GsezuFVbS2yu',#6,'Pset_ReinforcementBarPitchOfBeam',$,(#3344));
#3346=IFCRELDEFINESBYPROPERTIES('2hTjWONKj0ji4mQth8GaTB',#6,$,$,(#3341),#3342);
#3347=IFCRELDEFINESBYPROPERTIES('2HsGfa1mRCouqPEzq9BcgL',#6,$,$,(#3341),#3343);
#3348=IFCRELDEFINESBYPROPERTIES('0KkTrzj_h_UyjGxxC$5GwV',#6,$,$,(#3341),#3345);
#3349=IFCCARTESIANPOINT((-11646.214254621145,-14413.638670240511,-150.));
#3350=IFCAXIS2PLACEMENT3D(#3349,#51,#3216);
#3351=IFCLOCALPLACEMENT(#32,#3350);
#3352=IFCCARTESIANPOINT((-2.7000623958883807E-013,-1.0871303857129533E-012));
#3353=IFCAXIS2PLACEMENT2D(#3352,#44);
#3354=IFCRECTANGLEPROFILEDEF(.AREA.,'Beam',#3353,400.,200.);
#3355=IFCCARTESIANPOINT((0.,25.,-200.));
#3356=IFCAXIS2PLACEMENT3D(#3355,#3183,#48);
#3357=IFCEXTRUDEDAREASOLID(#3354,#3356,#51,8699.9999999997272);
#3358=IFCSHAPEREPRESENTATION(#15,'Body','SweptSolid',(#3357));
#3359=IFCCARTESIANPOINT((8700.,0.));
#3360=IFCPOLYLINE((#3192,#3359));
#3361=IFCSHAPEREPRESENTATION(#14,'Axis','Curve2D',(#3360));
#3362=IFCPRODUCTDEFINITIONSHAPE($,$,(#3361,#3358));
#3363=IFCBEAM('20yiJc8Gv2EBT1x$GoM0A6',#6,'Beam:Beam:321550',$,$,#3351,#3362,'321550');
#3364=IFCPROPERTYSET('2oyhqLNEcWiwS3yKVoneO7',#6,'Pset_BeamCommon',$,(#78,#79,#3204,#3206,#3231));
#3365=IFCPROPERTYSET('26QeuzTs4vJITi1yeIzFCw',#6,'Pset_QuantityTakeOff',$,(#3204));
#3366=IFCPROPERTYSINGLEVALUE('Reference',$,IFCLABEL('Beam'),$);
#3367=IFCPROPERTYSET('2p9NBqWOdH77ckvjrEjSRg',#6,'Pset_ReinforcementBarPitchOfBeam',$,(#3366));
#3368=IFCRELDEFINESBYPROPERTIES('1reLQJACl48feoEPgPB36y',#6,$,$,(#3363),#3364);
#3369=IFCRELDEFINESBYPROPERTIES('2q39Q1D3eWxg5CoS5i4pRU',#6,$,$,(#3363),#3365);
#3370=IFCRELDEFINESBYPROPERTIES('0BR52cii_d8Vn9EUpPJ0ce',#6,$,$,(#3363),#3367);
#3371=IFCCARTESIANPOINT((-8446.2142546211453,-14413.63867024052,-150.));
#3372=IFCAXIS2PLACEMENT3D(#3371,#51,#3216);
#3373=IFCLOCALPLACEMENT(#32,#3372);
#3374=IFCCARTESIANPOINT((-2.7000623958883807E-013,0.));
#3375=IFCAXIS2PLACEMENT2D(#3374,#44);
#3376=IFCRECTANGLEPROFILEDEF(.AREA.,'Beam',#3375,400.,200.);
#3377=IFCCARTESIANPOINT((0.,25.,-200.));
#3378=IFCAXIS2PLACEMENT3D(#3377,#3183,#48);
#3379=IFCEXTRUDEDAREASOLID(#3376,#3378,#51,8699.9999999997272);
#3380=IFCSHAPEREPRESENTATION(#15,'Body','SweptSolid',(#3379));
#3381=IFCCARTESIANPOINT((8700.,0.));
#3382=IFCPOLYLINE((#3192,#3381));
#3383=IFCSHAPEREPRESENTATION(#14,'Axis','Curve2D',(#3382));
#3384=IFCPRODUCTDEFINITIONSHAPE($,$,(#3383,#3380));
#3385=IFCBEAM('20yiJc8Gv2EBT1x$GoM0AU',#6,'Beam:Beam:321558',$,$,#3373,#3384,'321558');
#3386=IFCPROPERTYSET('3cmoBnA2Wx2BO9iDymAqc0',#6,'Pset_BeamCommon',$,(#78,#79,#3204,#3206,#3231));
#3387=IFCPROPERTYSET('0OS_bASzvGydIGqpdDsHgn',#6,'Pset_QuantityTakeOff',$,(#3204));
#3388=IFCPROPERTYSINGLEVALUE('Reference',$,IFCLABEL('Beam'),$);
#3389=IFCPROPERTYSET('27i39sAsaLe06Hc$A1HJWE',#6,'Pset_ReinforcementBarPitchOfBeam',$,(#3388));
#3390=IFCRELDEFINESBYPROPERTIES('3xehJjtBAbi_l5b2VyzEVZ',#6,$,$,(#3385),#3386);
#3391=IFCRELDEFINESBYPROPERTIES('0mNuFuCH4xLhjDvi6JC10V',#6,$,$,(#3385),#3387);
#3392=IFCRELDEFINESBYPROPERTIES('2J6iXv$wlxWLbWGb9kdEQr',#6,$,$,(#3385),#3389);
#3393=IFCCARTESIANPOINT((-5246.2142546211362,-14413.638670240527,-150.));
#3394=IFCAXIS2PLACEMENT3D(#3393,#51,#3216);
#3395=IFCLOCALPLACEMENT(#32,#3394);
#3396=IFCCARTESIANPOINT((-2.7000623958883807E-013,0.));
#3397=IFCAXIS2PLACEMENT2D(#3396,#44);
#3398=IFCRECTANGLEPROFILEDEF(.AREA.,'Beam',#3397,400.,200.);
#3399=IFCCARTESIANPOINT((0.,25.,-200.));
#3400=IFCAXIS2PLACEMENT3D(#3399,#3183,#48);
#3401=IFCEXTRUDEDAREASOLID(#3398,#3400,#51,8699.9999999997272);
#3402=IFCSHAPEREPRESENTATION(#15,'Body','SweptSolid',(#3401));
#3403=IFCCARTESIANPOINT((8700.,0.));
#3404=IFCPOLYLINE((#3192,#3403));
#3405=IFCSHAPEREPRESENTATION(#14,'Axis','Curve2D',(#3404));
#3406=IFCPRODUCTDEFINITIONSHAPE($,$,(#3405,#3402));
#3407=IFCBEAM('20yiJc8Gv2EBT1x$GoM0Ai',#6,'Beam:Beam:321572',$,$,#3395,#3406,'321572');
#3408=IFCPROPERTYSET('3uK6Zj9uWU_9O__34W_yaw',#6,'Pset_BeamCommon',$,(#78,#79,#3204,#3206,#3231));
#3409=IFCPROPERTYSET('0GkMS4pekwq8We4Oniq7JK',#6,'Pset_QuantityTakeOff',$,(#3204));
#3410=IFCPROPERTYSINGLEVALUE('Reference',$,IFCLABEL('Beam'),$);
#3411=IFCPROPERTYSET('1PXnL07Um9oaZvlShS8PKf',#6,'Pset_ReinforcementBarPitchOfBeam',$,(#3410));
#3412=IFCRELDEFINESBYPROPERTIES('1Qp06Jg53G6MasbuFtmt6I',#6,$,$,(#3407),#3408);
#3413=IFCRELDEFINESBYPROPERTIES('21Fb6MMnWiZ$aLeJyXj3vz',#6,$,$,(#3407),#3409);
#3414=IFCRELDEFINESBYPROPERTIES('0T0X2xFWm4OPJuL9pj4IpV',#6,$,$,(#3407),#3411);
#3415=IFCCARTESIANPOINT((-2046.2142546211378,-14413.638670240536,-150.));
#3416=IFCAXIS2PLACEMENT3D(#3415,#51,#3216);
#3417=IFCLOCALPLACEMENT(#32,#3416);
#3418=IFCCARTESIANPOINT((-2.7000623958883807E-013,1.4210854715202004E-013));
#3419=IFCAXIS2PLACEMENT2D(#3418,#44);
#3420=IFCRECTANGLEPROFILEDEF(.AREA.,'Beam',#3419,400.,200.00000000000028);
#3421=IFCCARTESIANPOINT((0.,25.,-200.));
#3422=IFCAXIS2PLACEMENT3D(#3421,#3183,#48);
#3423=IFCEXTRUDEDAREASOLID(#3420,#3422,#51,8699.9999999997272);
#3424=IFCSHAPEREPRESENTATION(#15,'Body','SweptSolid',(#3423));
#3425=IFCCARTESIANPOINT((8700.,0.));
#3426=IFCPOLYLINE((#3192,#3425));
#3427=IFCSHAPEREPRESENTATION(#14,'Axis','Curve2D',(#3426));
#3428=IFCPRODUCTDEFINITIONSHAPE($,$,(#3427,#3424));
#3429=IFCBEAM('20yiJc8Gv2EBT1x$GoM0Ac',#6,'Beam:Beam:321582',$,$,#3417,#3428,'321582');
#3430=IFCPROPERTYSET('06G_V2jV8xQQQk7bOXVFMx',#6,'Pset_BeamCommon',$,(#78,#79,#3204,#3206,#3231));
#3431=IFCPROPERTYSET('0UUmbpwvq7l_r02G2jfpsz',#6,'Pset_QuantityTakeOff',$,(#3204));
#3432=IFCPROPERTYSINGLEVALUE('Reference',$,IFCLABEL('Beam'),$);
#3433=IFCPROPERTYSET('3KdkAnardYjBGftow5ZqqS',#6,'Pset_ReinforcementBarPitchOfBeam',$,(#3432));
#3434=IFCRELDEFINESBYPROPERTIES('3i0WLrqfsAnDlwtyDIDK7Q',#6,$,$,(#3429),#3430);
#3435=IFCRELDEFINESBYPROPERTIES('3YIElMZEizgHV0UVF2S3mY',#6,$,$,(#3429),#3431);
#3436=IFCRELDEFINESBYPROPERTIES('0T1cL1lxjVbErfDZ1T0Mi8',#6,$,$,(#3429),#3433);
#3437=IFCCARTESIANPOINT((1153.7857453788636,-14413.638670240545,-150.));
#3438=IFCAXIS2PLACEMENT3D(#3437,#51,#3216);
#3439=IFCLOCALPLACEMENT(#32,#3438);
#3440=IFCCARTESIANPOINT((-2.7000623958883807E-013,0.));
#3441=IFCAXIS2PLACEMENT2D(#3440,#44);
#3442=IFCRECTANGLEPROFILEDEF(.AREA.,'Beam',#3441,400.,200.00000000000028);
#3443=IFCCARTESIANPOINT((0.,25.,-200.));
#3444=IFCAXIS2PLACEMENT3D(#3443,#3183,#48);
#3445=IFCEXTRUDEDAREASOLID(#3442,#3444,#51,8699.9999999997272);
#3446=IFCSHAPEREPRESENTATION(#15,'Body','SweptSolid',(#3445));
#3447=IFCCARTESIANPOINT((8700.,0.));
#3448=IFCPOLYLINE((#3192,#3447));
#3449=IFCSHAPEREPRESENTATION(#14,'Axis','Curve2D',(#3448));
#3450=IFCPRODUCTDEFINITIONSHAPE($,$,(#3449,#3446));
#3451=IFCBEAM('20yiJc8Gv2EBT1x$GoM0Am',#6,'Beam:Beam:321592',$,$,#3439,#3450,'321592');
#3452=IFCPROPERTYSET('3nFOz2CFe4XV$Cgx$PuYow',#6,'Pset_BeamCommon',$,(#78,#79,#3204,#3206,#3231));
#3453=IFCPROPERTYSET('0l3jdRsPbwK67Sb4zIY46L',#6,'Pset_QuantityTakeOff',$,(#3204));
#3454=IFCPROPERTYSINGLEVALUE('Reference',$,IFCLABEL('Beam'),$);
#3455=IFCPROPERTYSET('0lRVc94HxCY7akYppBzqbM',#6,'Pset_ReinforcementBarPitchOfBeam',$,(#3454));
#3456=IFCRELDEFINESBYPROPERTIES('1_q6XsCa61YAHjWdm6bKC_',#6,$,$,(#3451),#3452);
#3457=IFCRELDEFINESBYPROPERTIES('0p7CjBkcIKHzLJSf5Nm5qI',#6,$,$,(#3451),#3453);
#3458=IFCRELDEFINESBYPROPERTIES('1g25rNBhyKg7nNhp2vgrOu',#6,$,$,(#3451),#3455);
#3459=IFCCARTESIANPOINT((4353.7857453788711,-14413.638670240554,-150.));
#3460=IFCAXIS2PLACEMENT3D(#3459,#51,#3216);
#3461=IFCLOCALPLACEMENT(#32,#3460);
#3462=IFCCARTESIANPOINT((-2.7000623958883807E-013,0.));
#3463=IFCAXIS2PLACEMENT2D(#3462,#44);
#3464=IFCRECTANGLEPROFILEDEF(.AREA.,'Beam',#3463,400.,200.00000000000057);
#3465=IFCCARTESIANPOINT((0.,25.,-200.));
#3466=IFCAXIS2PLACEMENT3D(#3465,#3183,#48);
#3467=IFCEXTRUDEDAREASOLID(#3464,#3466,#51,8699.9999999997272);
#3468=IFCSHAPEREPRESENTATION(#15,'Body','SweptSolid',(#3467));
#3469=IFCCARTESIANPOINT((8700.,0.));
#3470=IFCPOLYLINE((#3192,#3469));
#3471=IFCSHAPEREPRESENTATION(#14,'Axis','Curve2D',(#3470));
#3472=IFCPRODUCTDEFINITIONSHAPE($,$,(#3471,#3468));
#3473=IFCBEAM('20yiJc8Gv2EBT1x$GoM0BC',#6,'Beam:Beam:321604',$,$,#3461,#3472,'321604');
#3474=IFCPROPERTYSET('3NlW8V1krZ94l8b3zJk5jN',#6,'Pset_BeamCommon',$,(#78,#79,#3204,#3206,#3231));
#3475=IFCPROPERTYSET('1B08wb45nwO0Sk$SdlQs6W',#6,'Pset_QuantityTakeOff',$,(#3204));
#3476=IFCPROPERTYSINGLEVALUE('Reference',$,IFCLABEL('Beam'),$);
#3477=IFCPROPERTYSET('0DOTTsHgMgEIXRO1ETykPA',#6,'Pset_ReinforcementBarPitchOfBeam',$,(#3476));
#3478=IFCRELDEFINESBYPROPERTIES('3HjkFzCSgQkz2jOfeEmTld',#6,$,$,(#3473),#3474);
#3479=IFCRELDEFINESBYPROPERTIES('1BByANi78YITEsBMzE9y$c',#6,$,$,(#3473),#3475);
#3480=IFCRELDEFINESBYPROPERTIES('0Ix57kLvsMY6SOMrgEpEYo',#6,$,$,(#3473),#3477);
#3481=IFCCARTESIANPOINT((7553.785745378882,-14413.638670240563,-150.));
#3482=IFCAXIS2PLACEMENT3D(#3481,#51,#3216);
#3483=IFCLOCALPLACEMENT(#32,#3482);
#3484=IFCCARTESIANPOINT((-2.7000623958883807E-013,0.));
#3485=IFCAXIS2PLACEMENT2D(#3484,#44);
#3486=IFCRECTANGLEPROFILEDEF(.AREA.,'Beam',#3485,400.,200.);
#3487=IFCCARTESIANPOINT((0.,25.,-200.));
#3488=IFCAXIS2PLACEMENT3D(#3487,#3183,#48);
#3489=IFCEXTRUDEDAREASOLID(#3486,#3488,#51,8699.9999999997272);
#3490=IFCSHAPEREPRESENTATION(#15,'Body','SweptSolid',(#3489));
#3491=IFCCARTESIANPOINT((8700.,0.));
#3492=IFCPOLYLINE((#3192,#3491));
#3493=IFCSHAPEREPRESENTATION(#14,'Axis','Curve2D',(#3492));
#3494=IFCPRODUCTDEFINITIONSHAPE($,$,(#3493,#3490));
#3495=IFCBEAM('20yiJc8Gv2EBT1x$GoM0B4',#6,'Beam:Beam:321612',$,$,#3483,#3494,'321612');
#3496=IFCPROPERTYSET('0kDr7QJ3DP5Fss1GgPblsc',#6,'Pset_BeamCommon',$,(#78,#79,#3204,#3206,#3231));
#3497=IFCPROPERTYSET('2V1YdGesB129Ev25lFOq$0',#6,'Pset_QuantityTakeOff',$,(#3204));
#3498=IFCPROPERTYSINGLEVALUE('Reference',$,IFCLABEL('Beam'),$);
#3499=IFCPROPERTYSET('0j4QrBPLTJmlxQtlDwm958',#6,'Pset_ReinforcementBarPitchOfBeam',$,(#3498));
#3500=IFCRELDEFINESBYPROPERTIES('0JHF47nwmKeuXv2NXz7UHy',#6,$,$,(#3495),#3496);
#3501=IFCRELDEFINESBYPROPERTIES('0nX1Rm1k2irx6obFMUMN9A',#6,$,$,(#3495),#3497);
#3502=IFCRELDEFINESBYPROPERTIES('1mQL5QiIXKDG3z2gHsjZ5E',#6,$,$,(#3495),#3499);
#3503=IFCCARTESIANPOINT((10753.785745378882,-14413.638670240571,-150.));
#3504=IFCAXIS2PLACEMENT3D(#3503,#51,#3216);
#3505=IFCLOCALPLACEMENT(#32,#3504);
#3506=IFCCARTESIANPOINT((-2.7000623958883807E-013,-1.0871303857129533E-012));
#3507=IFCAXIS2PLACEMENT2D(#3506,#44);
#3508=IFCRECTANGLEPROFILEDEF(.AREA.,'Beam',#3507,400.,200.);
#3509=IFCCARTESIANPOINT((0.,25.,-200.));
#3510=IFCAXIS2PLACEMENT3D(#3509,#3183,#48);
#3511=IFCEXTRUDEDAREASOLID(#3508,#3510,#51,8699.9999999997272);
#3512=IFCSHAPEREPRESENTATION(#15,'Body','SweptSolid',(#3511));
#3513=IFCCARTESIANPOINT((8700.,0.));
#3514=IFCPOLYLINE((#3192,#3513));
#3515=IFCSHAPEREPRESENTATION(#14,'Axis','Curve2D',(#3514));
#3516=IFCPRODUCTDEFINITIONSHAPE($,$,(#3515,#3512));
#3517=IFCBEAM('20yiJc8Gv2EBT1x$GoM0BM',#6,'Beam:Beam:321630',$,$,#3505,#3516,'321630');
#3518=IFCPROPERTYSET('1bWZ_ve64x1iGFR5lba3na',#6,'Pset_BeamCommon',$,(#78,#79,#3204,#3206,#3231));
#3519=IFCPROPERTYSET('3Qo9E4JC6qw37Yq5lSSf_F',#6,'Pset_QuantityTakeOff',$,(#3204));
#3520=IFCPROPERTYSINGLEVALUE('Reference',$,IFCLABEL('Beam'),$);
#3521=IFCPROPERTYSET('0GOD1GFBzbYPNe7yuM5xO8',#6,'Pset_ReinforcementBarPitchOfBeam',$,(#3520));
#3522=IFCRELDEFINESBYPROPERTIES('0g5xytYXfTh50mDh$FqAtm',#6,$,$,(#3517),#3518);
#3523=IFCRELDEFINESBYPROPERTIES('0QT12aaP1jgaSHFKuGTkH7',#6,$,$,(#3517),#3519);
#3524=IFCRELDEFINESBYPROPERTIES('2W470FxPcICFF$W7SRjX1q',#6,$,$,(#3517),#3521);
#3525=IFCCARTESIANPOINT((13953.78574537888,-14413.63867024058,-150.));
#3526=IFCAXIS2PLACEMENT3D(#3525,#51,#3216);
#3527=IFCLOCALPLACEMENT(#32,#3526);
#3528=IFCCARTESIANPOINT((-2.7000623958883807E-013,-1.0871303857129533E-012));
#3529=IFCAXIS2PLACEMENT2D(#3528,#44);
#3530=IFCRECTANGLEPROFILEDEF(.AREA.,'Beam',#3529,400.,200.);
#3531=IFCCARTESIANPOINT((0.,25.,-200.));
#3532=IFCAXIS2PLACEMENT3D(#3531,#3183,#48);
#3533=IFCEXTRUDEDAREASOLID(#3530,#3532,#51,8699.9999999997272);
#3534=IFCSHAPEREPRESENTATION(#15,'Body','SweptSolid',(#3533));
#3535=IFCCARTESIANPOINT((8700.,0.));
#3536=IFCPOLYLINE((#3192,#3535));
#3537=IFCSHAPEREPRESENTATION(#14,'Axis','Curve2D',(#3536));
#3538=IFCPRODUCTDEFINITIONSHAPE($,$,(#3537,#3534));
#3539=IFCBEAM('20yiJc8Gv2EBT1x$GoM0BW',#6,'Beam:Beam:321640',$,$,#3527,#3538,'321640');
#3540=IFCPROPERTYSET('2S77ZMYdq0tsjdjyVuIrIw',#6,'Pset_BeamCommon',$,(#78,#79,#3204,#3206,#3231));
#3541=IFCPROPERTYSET('2ZO5y$6bp5p4_FAvO1yMj_',#6,'Pset_QuantityTakeOff',$,(#3204));
#3542=IFCPROPERTYSINGLEVALUE('Reference',$,IFCLABEL('Beam'),$);
#3543=IFCPROPERTYSET('00vMzO70k4pbUo3HvV5dkD',#6,'Pset_ReinforcementBarPitchOfBeam',$,(#3542));
#3544=IFCRELDEFINESBYPROPERTIES('0fRon5sc79O25zaAKAx1HG',#6,$,$,(#3539),#3540);
#3545=IFCRELDEFINESBYPROPERTIES('0qLn0pNiS_Y_qotYs1lI2N',#6,$,$,(#3539),#3541);
#3546=IFCRELDEFINESBYPROPERTIES('26Reif4OQdbqMtrxZQJ3nd',#6,$,$,(#3539),#3543);
#3547=IFCCARTESIANPOINT((17153.785745378882,-14413.638670240589,-150.));
#3548=IFCAXIS2PLACEMENT3D(#3547,#51,#3216);
#3549=IFCLOCALPLACEMENT(#32,#3548);
#3550=IFCCARTESIANPOINT((-2.7000623958883807E-013,-1.0871303857129533E-012));
#3551=IFCAXIS2PLACEMENT2D(#3550,#44);
#3552=IFCRECTANGLEPROFILEDEF(.AREA.,'Beam',#3551,400.,200.);
#3553=IFCCARTESIANPOINT((0.,25.,-200.));
#3554=IFCAXIS2PLACEMENT3D(#3553,#3183,#48);
#3555=IFCEXTRUDEDAREASOLID(#3552,#3554,#51,8699.9999999997272);
#3556=IFCSHAPEREPRESENTATION(#15,'Body','SweptSolid',(#3555));
#3557=IFCCARTESIANPOINT((8700.,0.));
#3558=IFCPOLYLINE((#3192,#3557));
#3559=IFCSHAPEREPRESENTATION(#14,'Axis','Curve2D',(#3558));
#3560=IFCPRODUCTDEFINITIONSHAPE($,$,(#3559,#3556));
#3561=IFCBEAM('20yiJc8Gv2EBT1x$GoM0Bw',#6,'Beam:Beam:321650',$,$,#3549,#3560,'321650');
#3562=IFCPROPERTYSET('3zbgtPgQ6jePhDdWgmN$Yi',#6,'Pset_BeamCommon',$,(#78,#79,#3204,#3206,#3231));
#3563=IFCPROPERTYSET('0FK8$Tv9zEozHKFWqmV16p',#6,'Pset_QuantityTakeOff',$,(#3204));
#3564=IFCPROPERTYSINGLEVALUE('Reference',$,IFCLABEL('Beam'),$);
#3565=IFCPROPERTYSET('2Crnzm97Iu78LEJa6bW82F',#6,'Pset_ReinforcementBarPitchOfBeam',$,(#3564));
#3566=IFCRELDEFINESBYPROPERTIES('19nJ_ktYLf459_4NwP_SW0',#6,$,$,(#3561),#3562);
#3567=IFCRELDEFINESBYPROPERTIES('0pkn$1jkMwf5ViGa2xBrnL',#6,$,$,(#3561),#3563);
#3568=IFCRELDEFINESBYPROPERTIES('0U0j2RIejEXqTJZHGdhvLT',#6,$,$,(#3561),#3565);
#3569=IFCCARTESIANPOINT((20353.785745378878,-14413.638670240598,-150.));
#3570=IFCAXIS2PLACEMENT3D(#3569,#51,#3216);
#3571=IFCLOCALPLACEMENT(#32,#3570);
#3572=IFCCARTESIANPOINT((-2.7000623958883807E-013,-2.1671553440683056E-012));
#3573=IFCAXIS2PLACEMENT2D(#3572,#44);
#3574=IFCRECTANGLEPROFILEDEF(.AREA.,'Beam',#3573,400.,200.00000000000216);
#3575=IFCCARTESIANPOINT((0.,25.,-200.));
#3576=IFCAXIS2PLACEMENT3D(#3575,#3183,#48);
#3577=IFCEXTRUDEDAREASOLID(#3574,#3576,#51,8699.9999999997272);
#3578=IFCSHAPEREPRESENTATION(#15,'Body','SweptSolid',(#3577));
#3579=IFCCARTESIANPOINT((8700.,0.));
#3580=IFCPOLYLINE((#3192,#3579));
#3581=IFCSHAPEREPRESENTATION(#14,'Axis','Curve2D',(#3580));
#3582=IFCPRODUCTDEFINITIONSHAPE($,$,(#3581,#3578));
#3583=IFCBEAM('20yiJc8Gv2EBT1x$GoM08C',#6,'Beam:Beam:321668',$,$,#3571,#3582,'321668');
#3584=IFCPROPERTYSET('0FFA8tlAxjLiKhRVJs3Wtb',#6,'Pset_BeamCommon',$,(#78,#79,#3204,#3206,#3231));
#3585=IFCPROPERTYSET('1_304S1MYwNkdmuJkKXT_I',#6,'Pset_QuantityTakeOff',$,(#3204));
#3586=IFCPROPERTYSINGLEVALUE('Reference',$,IFCLABEL('Beam'),$);
#3587=IFCPROPERTYSET('1o1bVAK8YOHt8NBfDndDw5',#6,'Pset_ReinforcementBarPitchOfBeam',$,(#3586));
#3588=IFCRELDEFINESBYPROPERTIES('3xoVv7MQPmSHP3GXFvLrs7',#6,$,$,(#3583),#3584);
#3589=IFCRELDEFINESBYPROPERTIES('2GnPpahJqp6zjM8zsMhUjD',#6,$,$,(#3583),#3585);
#3590=IFCRELDEFINESBYPROPERTIES('1YxCv8$cVQ4lqlDQf7pyqc',#6,$,$,(#3583),#3587);
#3591=IFCCARTESIANPOINT((23553.785745378878,-14413.638670240605,-150.));
#3592=IFCAXIS2PLACEMENT3D(#3591,#51,#3216);
#3593=IFCLOCALPLACEMENT(#32,#3592);
#3594=IFCCARTESIANPOINT((-2.7000623958883807E-013,-2.1671553440683056E-012));
#3595=IFCAXIS2PLACEMENT2D(#3594,#44);
#3596=IFCRECTANGLEPROFILEDEF(.AREA.,'Beam',#3595,400.,200.00000000000216);
#3597=IFCCARTESIANPOINT((0.,25.,-200.));
#3598=IFCAXIS2PLACEMENT3D(#3597,#3183,#48);
#3599=IFCEXTRUDEDAREASOLID(#3596,#3598,#51,8699.9999999997272);
#3600=IFCSHAPEREPRESENTATION(#15,'Body','SweptSolid',(#3599));
#3601=IFCCARTESIANPOINT((8700.,0.));
#3602=IFCPOLYLINE((#3192,#3601));
#3603=IFCSHAPEREPRESENTATION(#14,'Axis','Curve2D',(#3602));
#3604=IFCPRODUCTDEFINITIONSHAPE($,$,(#3603,#3600));
#3605=IFCBEAM('20yiJc8Gv2EBT1x$GoM086',#6,'Beam:Beam:321678',$,$,#3593,#3604,'321678');
#3606=IFCPROPERTYSET('2lbtuNbxrkBxzhtzIYuhps',#6,'Pset_BeamCommon',$,(#78,#79,#3204,#3206,#3231));
#3607=IFCPROPERTYSET('1umN1gPjDlDq0lpd2hHg2D',#6,'Pset_QuantityTakeOff',$,(#3204));
#3608=IFCPROPERTYSINGLEVALUE('Reference',$,IFCLABEL('Beam'),$);
#3609=IFCPROPERTYSET('0NUvpZnoIp2gWJ0GRWax61',#6,'Pset_ReinforcementBarPitchOfBeam',$,(#3608));
#3610=IFCRELDEFINESBYPROPERTIES('2f0l_QwCnq7455Mf4_jCX$',#6,$,$,(#3605),#3606);
#3611=IFCRELDEFINESBYPROPERTIES('2d5iLiXdstDx9qNukMoCNP',#6,$,$,(#3605),#3607);
#3612=IFCRELDEFINESBYPROPERTIES('0EYTUZhTqVi9R62ZQw1XN$',#6,$,$,(#3605),#3609);
#3613=IFCCARTESIANPOINT((26753.785745378886,-14413.638670240614,-150.));
#3614=IFCAXIS2PLACEMENT3D(#3613,#51,#3216);
#3615=IFCLOCALPLACEMENT(#32,#3614);
#3616=IFCCARTESIANPOINT((-2.7000623958883807E-013,2.1671553440683056E-012));
#3617=IFCAXIS2PLACEMENT2D(#3616,#44);
#3618=IFCRECTANGLEPROFILEDEF(.AREA.,'Beam',#3617,400.,200.00000000000216);
#3619=IFCCARTESIANPOINT((0.,25.,-200.));
#3620=IFCAXIS2PLACEMENT3D(#3619,#3183,#48);
#3621=IFCEXTRUDEDAREASOLID(#3618,#3620,#51,8699.9999999997272);
#3622=IFCSHAPEREPRESENTATION(#15,'Body','SweptSolid',(#3621));
#3623=IFCCARTESIANPOINT((8700.,0.));
#3624=IFCPOLYLINE((#3192,#3623));
#3625=IFCSHAPEREPRESENTATION(#14,'Axis','Curve2D',(#3624));
#3626=IFCPRODUCTDEFINITIONSHAPE($,$,(#3625,#3622));
#3627=IFCBEAM('20yiJc8Gv2EBT1x$GoM08U',#6,'Beam:Beam:321686',$,$,#3615,#3626,'321686');
#3628=IFCPROPERTYSET('0VELLGP2ysLT3tk1uufRlG',#6,'Pset_BeamCommon',$,(#78,#79,#3204,#3206,#3231));
#3629=IFCPROPERTYSET('1_pRf4yH5W75nTbKnE$pW5',#6,'Pset_QuantityTakeOff',$,(#3204));
#3630=IFCPROPERTYSINGLEVALUE('Reference',$,IFCLABEL('Beam'),$);
#3631=IFCPROPERTYSET('37d_jQ$7jvI7y1vKMZtyWS',#6,'Pset_ReinforcementBarPitchOfBeam',$,(#3630));
#3632=IFCRELDEFINESBYPROPERTIES('0nb5pdg3DFss_dwbSl6FVS',#6,$,$,(#3627),#3628);
#3633=IFCRELDEFINESBYPROPERTIES('1sAcT3K8SQ$O0Mu5YGn3hH',#6,$,$,(#3627),#3629);
#3634=IFCRELDEFINESBYPROPERTIES('1vsgXvsWfBRpBupPnF3Bc0',#6,$,$,(#3627),#3631);
#3635=IFCCARTESIANPOINT((-30846.2142546211,19431.361329759922,-150.));
#3636=IFCAXIS2PLACEMENT3D(#3635,#51,#3216);
#3637=IFCLOCALPLACEMENT(#32,#3636);
#3638=IFCCARTESIANPOINT((-2.7000623958883807E-013,2.1671553440683056E-012));
#3639=IFCAXIS2PLACEMENT2D(#3638,#44);
#3640=IFCRECTANGLEPROFILEDEF(.AREA.,'Beam',#3639,400.,200.00000000000216);
#3641=IFCCARTESIANPOINT((-150.,25.,-200.));
#3642=IFCAXIS2PLACEMENT3D(#3641,#3183,#48);
#3643=IFCEXTRUDEDAREASOLID(#3640,#3642,#51,8120.0000000001728);
#3644=IFCSHAPEREPRESENTATION(#15,'Body','SweptSolid',(#3643));
#3645=IFCCARTESIANPOINT((7970.,0.));
#3646=IFCPOLYLINE((#3192,#3645));
#3647=IFCSHAPEREPRESENTATION(#14,'Axis','Curve2D',(#3646));
#3648=IFCPRODUCTDEFINITIONSHAPE($,$,(#3647,#3644));
#3649=IFCBEAM('20yiJc8Gv2EBT1x$GoM03K',#6,'Beam:Beam:322140',$,$,#3637,#3648,'322140');
#3650=IFCPROPERTYSINGLEVALUE('Span',$,IFCPOSITIVELENGTHMEASURE(7970.),$);
#3651=IFCPROPERTYSET('24G73rXcu3muPgsakXxlsq',#6,'Pset_BeamCommon',$,(#78,#79,#3204,#3206,#3650));
#3652=IFCPROPERTYSET('3dFU4F97pWztDbjqoy7Ni_',#6,'Pset_QuantityTakeOff',$,(#3204));
#3653=IFCPROPERTYSINGLEVALUE('Reference',$,IFCLABEL('Beam'),$);
#3654=IFCPROPERTYSET('3FtKozdswBLo7RiTEezwqz',#6,'Pset_ReinforcementBarPitchOfBeam',$,(#3653));
#3655=IFCRELDEFINESBYPROPERTIES('0pa$rHMOcsOnhrkgUrBpAL',#6,$,$,(#3649),#3651);
#3656=IFCRELDEFINESBYPROPERTIES('11lOk$zP0NrtZulaCEx0dv',#6,$,$,(#3649),#3652);
#3657=IFCRELDEFINESBYPROPERTIES('10zvuAivkrrWSOLQwkU4ln',#6,$,$,(#3649),#3654);
#3658=IFCCARTESIANPOINT((29563.785745378864,14586.361329759555,-150.));
#3659=IFCAXIS2PLACEMENT3D(#3658,#51,#1725);
#3660=IFCLOCALPLACEMENT(#32,#3659);
#3661=IFCCARTESIANPOINT((-2.7000623958883807E-013,1.0871303857129533E-012));
#3662=IFCAXIS2PLACEMENT2D(#3661,#44);
#3663=IFCRECTANGLEPROFILEDEF(.AREA.,'Beam',#3662,400.,200.);
#3664=IFCCARTESIANPOINT((-5.,25.,-200.));
#3665=IFCAXIS2PLACEMENT3D(#3664,#3183,#48);
#3666=IFCEXTRUDEDAREASOLID(#3663,#3665,#51,8665.0000000000455);
#3667=IFCSHAPEREPRESENTATION(#15,'Body','SweptSolid',(#3666));
#3668=IFCCARTESIANPOINT((8660.,0.));
#3669=IFCPOLYLINE((#3192,#3668));
#3670=IFCSHAPEREPRESENTATION(#14,'Axis','Curve2D',(#3669));
#3671=IFCPRODUCTDEFINITIONSHAPE($,$,(#3670,#3667));
#3672=IFCBEAM('3Jcm064Vn2iOWhSW$Adug8',#6,'Beam:Beam:322662',$,$,#3660,#3671,'322662');
#3673=IFCPROPERTYSINGLEVALUE('Span',$,IFCPOSITIVELENGTHMEASURE(8660.),$);
#3674=IFCPROPERTYSET('1Lg_U8vN3bLqnXrCmRni7$',#6,'Pset_BeamCommon',$,(#78,#79,#3204,#3206,#3673));
#3675=IFCPROPERTYSET('09uBlOR_zPp0bdkJwbe_xg',#6,'Pset_QuantityTakeOff',$,(#3204));
#3676=IFCPROPERTYSINGLEVALUE('Reference',$,IFCLABEL('Beam'),$);
#3677=IFCPROPERTYSET('0ALGYLRypfCmSiL5n0VZXt',#6,'Pset_ReinforcementBarPitchOfBeam',$,(#3676));
#3678=IFCRELDEFINESBYPROPERTIES('2Ys4XBySv3pUCWw7DqNpGM',#6,$,$,(#3672),#3674);
#3679=IFCRELDEFINESBYPROPERTIES('3vvkvS$x$7s_PZzAcjwqhV',#6,$,$,(#3672),#3675);
#3680=IFCRELDEFINESBYPROPERTIES('0wKF2AeAsxYiE$MTaKdaTX',#6,$,$,(#3672),#3677);
#3681=IFCCARTESIANPOINT((29568.785745378853,11386.361329759551,-150.));
#3682=IFCAXIS2PLACEMENT3D(#3681,#51,#1725);
#3683=IFCLOCALPLACEMENT(#32,#3682);
#3684=IFCCARTESIANPOINT((0.,0.));
#3685=IFCAXIS2PLACEMENT2D(#3684,#44);
#3686=IFCRECTANGLEPROFILEDEF(.AREA.,'Beam',#3685,400.,200.);
#3687=IFCCARTESIANPOINT((-0.,25.,-200.));
#3688=IFCAXIS2PLACEMENT3D(#3687,#3183,#48);
#3689=IFCEXTRUDEDAREASOLID(#3686,#3688,#51,8965.0000000000291);
#3690=IFCSHAPEREPRESENTATION(#15,'Body','SweptSolid',(#3689));
#3691=IFCCARTESIANPOINT((8665.,0.));
#3692=IFCPOLYLINE((#3192,#3691));
#3693=IFCSHAPEREPRESENTATION(#14,'Axis','Curve2D',(#3692));
#3694=IFCPRODUCTDEFINITIONSHAPE($,$,(#3693,#3690));
#3695=IFCBEAM('3Jcm064Vn2iOWhSW$Adul2',#6,'Beam:Beam:322860',$,$,#3683,#3694,'322860');
#3696=IFCPROPERTYSINGLEVALUE('Span',$,IFCPOSITIVELENGTHMEASURE(8665.),$);
#3697=IFCPROPERTYSET('3lbamqVMoT5XknTDpa5g5O',#6,'Pset_BeamCommon',$,(#78,#79,#3204,#3206,#3696));
#3698=IFCPROPERTYSET('3f74xJv8eC8XzjxnNHAJFE',#6,'Pset_QuantityTakeOff',$,(#3204));
#3699=IFCPROPERTYSINGLEVALUE('Reference',$,IFCLABEL('Beam'),$);
#3700=IFCPROPERTYSET('2YTttdHn7Fq_gN98tabuhG',#6,'Pset_ReinforcementBarPitchOfBeam',$,(#3699));
#3701=IFCRELDEFINESBYPROPERTIES('11isXgt2w98JDwuJDXHGyo',#6,$,$,(#3695),#3697);
#3702=IFCRELDEFINESBYPROPERTIES('1SaFDHdwEGhyqJ7z7n3X1r',#6,$,$,(#3695),#3698);
#3703=IFCRELDEFINESBYPROPERTIES('0SIRrxmmqEwZS_R1il1_H1',#6,$,$,(#3695),#3700);
#3704=IFCCARTESIANPOINT((29568.785745378849,8186.3613297595512,-150.));
#3705=IFCAXIS2PLACEMENT3D(#3704,#51,#1725);
#3706=IFCLOCALPLACEMENT(#32,#3705);
#3707=IFCCARTESIANPOINT((-2.7000623958883807E-013,0.));
#3708=IFCAXIS2PLACEMENT2D(#3707,#44);
#3709=IFCRECTANGLEPROFILEDEF(.AREA.,'Beam',#3708,400.,200.);
#3710=IFCCARTESIANPOINT((0.,25.,-200.));
#3711=IFCAXIS2PLACEMENT3D(#3710,#3183,#48);
#3712=IFCEXTRUDEDAREASOLID(#3709,#3711,#51,8665.0000000000273);
#3713=IFCSHAPEREPRESENTATION(#15,'Body','SweptSolid',(#3712));
#3714=IFCCARTESIANPOINT((8680.,0.));
#3715=IFCPOLYLINE((#3192,#3714));
#3716=IFCSHAPEREPRESENTATION(#14,'Axis','Curve2D',(#3715));
#3717=IFCPRODUCTDEFINITIONSHAPE($,$,(#3716,#3713));
#3718=IFCBEAM('3Jcm064Vn2iOWhSW$AdulQ',#6,'Beam:Beam:322868',$,$,#3706,#3717,'322868');
#3719=IFCPROPERTYSINGLEVALUE('Span',$,IFCPOSITIVELENGTHMEASURE(8680.),$);
#3720=IFCPROPERTYSET('3RgOPubR_rZMlmpi$lhtVa',#6,'Pset_BeamCommon',$,(#78,#79,#3204,#3206,#3719));
#3721=IFCPROPERTYSET('16RAL7WQzxvQLvv3UDqGGt',#6,'Pset_QuantityTakeOff',$,(#3204));
#3722=IFCPROPERTYSINGLEVALUE('Reference',$,IFCLABEL('Beam'),$);
#3723=IFCPROPERTYSET('2MGc$66_jzxT7OT6SoQtH9',#6,'Pset_ReinforcementBarPitchOfBeam',$,(#3722));
#3724=IFCRELDEFINESBYPROPERTIES('0r$k4FgBeRRg4yAkDDvH1U',#6,$,$,(#3718),#3720);
#3725=IFCRELDEFINESBYPROPERTIES('2Q93i3dzpGfv$p$tF1a1ZR',#6,$,$,(#3718),#3721);
#3726=IFCRELDEFINESBYPROPERTIES('3kXMl$URxqKh9lGqomOku8',#6,$,$,(#3718),#3723);
#3727=IFCCARTESIANPOINT((29568.785745378831,-1413.6386702404488,-150.));
#3728=IFCAXIS2PLACEMENT3D(#3727,#51,#1725);
#3729=IFCLOCALPLACEMENT(#32,#3728);
#3730=IFCCARTESIANPOINT((-2.7000623958883807E-013,0.));
#3731=IFCAXIS2PLACEMENT2D(#3730,#44);
#3732=IFCRECTANGLEPROFILEDEF(.AREA.,'Beam',#3731,400.,200.00000000000028);
#3733=IFCCARTESIANPOINT((-0.,25.,-200.));
#3734=IFCAXIS2PLACEMENT3D(#3733,#3183,#48);
#3735=IFCEXTRUDEDAREASOLID(#3732,#3734,#51,8665.00000000002);
#3736=IFCSHAPEREPRESENTATION(#15,'Body','SweptSolid',(#3735));
#3737=IFCCARTESIANPOINT((8665.,0.));
#3738=IFCPOLYLINE((#3192,#3737));
#3739=IFCSHAPEREPRESENTATION(#14,'Axis','Curve2D',(#3738));
#3740=IFCPRODUCTDEFINITIONSHAPE($,$,(#3739,#3736));
#3741=IFCBEAM('3Jcm064Vn2iOWhSW$AdukR',#6,'Beam:Beam:322933',$,$,#3729,#3740,'322933');
#3742=IFCPROPERTYSET('3VUOehyGX2X6A5PSaTkXsK',#6,'Pset_BeamCommon',$,(#78,#79,#3204,#3206,#3696));
#3743=IFCPROPERTYSET('0POJcbFUXnBSj_l$BW4e29',#6,'Pset_QuantityTakeOff',$,(#3204));
#3744=IFCPROPERTYSINGLEVALUE('Reference',$,IFCLABEL('Beam'),$);
#3745=IFCPROPERTYSET('1WIh2BvZs1AfiqbfLTGZsg',#6,'Pset_ReinforcementBarPitchOfBeam',$,(#3744));
#3746=IFCRELDEFINESBYPROPERTIES('06qquo2XWe33FgJigyu8If',#6,$,$,(#3741),#3742);
#3747=IFCRELDEFINESBYPROPERTIES('0NQZbpNnKJyvge7hZkdvQd',#6,$,$,(#3741),#3743);
#3748=IFCRELDEFINESBYPROPERTIES('1m$WboFl6zJxmDg78BGZQ4',#6,$,$,(#3741),#3745);
#3749=IFCCARTESIANPOINT((29568.785745378838,1786.3613297595516,-150.));
#3750=IFCAXIS2PLACEMENT3D(#3749,#51,#1725);
#3751=IFCLOCALPLACEMENT(#32,#3750);
#3752=IFCCARTESIANPOINT((-2.7000623958883807E-013,1.4210854715202004E-013));
#3753=IFCAXIS2PLACEMENT2D(#3752,#44);
#3754=IFCRECTANGLEPROFILEDEF(.AREA.,'Beam',#3753,400.,200.00000000000028);
#3755=IFCCARTESIANPOINT((5990.,25.,-200.));
#3756=IFCAXIS2PLACEMENT3D(#3755,#3183,#48);
#3757=IFCEXTRUDEDAREASOLID(#3754,#3756,#51,2675.0000000000468);
#3758=IFCSHAPEREPRESENTATION(#15,'Body','SweptSolid',(#3757));
#3759=IFCCARTESIANPOINT((8665.,0.));
#3760=IFCPOLYLINE((#3192,#3759));
#3761=IFCSHAPEREPRESENTATION(#14,'Axis','Curve2D',(#3760));
#3762=IFCPRODUCTDEFINITIONSHAPE($,$,(#3761,#3758));
#3763=IFCBEAM('3Jcm064Vn2iOWhSW$Aduig',#6,'Beam:Beam:323012',$,$,#3751,#3762,'323012');
#3764=IFCPROPERTYSET('3YdBvZPSdgM4mCLvxfaq8y',#6,'Pset_BeamCommon',$,(#78,#79,#3204,#3206,#3696));
#3765=IFCPROPERTYSET('0I8F8m5nkBXNLPGDPTBEPu',#6,'Pset_QuantityTakeOff',$,(#3204));
#3766=IFCPROPERTYSINGLEVALUE('Reference',$,IFCLABEL('Beam'),$);
#3767=IFCPROPERTYSET('1Jchas5mbAv5KL8JbAC1N1',#6,'Pset_ReinforcementBarPitchOfBeam',$,(#3766));
#3768=IFCRELDEFINESBYPROPERTIES('3ITWY6h1Q$SyxOro0jWrKH',#6,$,$,(#3763),#3764);
#3769=IFCRELDEFINESBYPROPERTIES('1zmnmgWT_syXJg_33E5el1',#6,$,$,(#3763),#3765);
#3770=IFCRELDEFINESBYPROPERTIES('3FOGbmHiWTBxDQjlIzp4AI',#6,$,$,(#3763),#3767);
#3771=IFCCARTESIANPOINT((29568.785745378842,4986.3613297595521,-150.));
#3772=IFCAXIS2PLACEMENT3D(#3771,#51,#1725);
#3773=IFCLOCALPLACEMENT(#32,#3772);
#3774=IFCCARTESIANPOINT((-2.7000623958883807E-013,2.7711166694643907E-013));
#3775=IFCAXIS2PLACEMENT2D(#3774,#44);
#3776=IFCRECTANGLEPROFILEDEF(.AREA.,'Beam',#3775,400.,200.);
#3777=IFCCARTESIANPOINT((5990.,25.,-200.));
#3778=IFCAXIS2PLACEMENT3D(#3777,#3183,#48);
#3779=IFCEXTRUDEDAREASOLID(#3776,#3778,#51,2675.0000000000468);
#3780=IFCSHAPEREPRESENTATION(#15,'Body','SweptSolid',(#3779));
#3781=IFCCARTESIANPOINT((8665.,0.));
#3782=IFCPOLYLINE((#3192,#3781));
#3783=IFCSHAPEREPRESENTATION(#14,'Axis','Curve2D',(#3782));
#3784=IFCPRODUCTDEFINITIONSHAPE($,$,(#3783,#3780));
#3785=IFCBEAM('3Jcm064Vn2iOWhSW$AduiY',#6,'Beam:Beam:323020',$,$,#3773,#3784,'323020');
#3786=IFCPROPERTYSET('2f29YVoUbo4DSFjl3neYTq',#6,'Pset_BeamCommon',$,(#78,#79,#3204,#3206,#3696));
#3787=IFCPROPERTYSET('3cWJKFKM4nVFew6UtBa4Zm',#6,'Pset_QuantityTakeOff',$,(#3204));
#3788=IFCPROPERTYSINGLEVALUE('Reference',$,IFCLABEL('Beam'),$);
#3789=IFCPROPERTYSET('1Rq3Ci6VCMfPjWsrU4fpZf',#6,'Pset_ReinforcementBarPitchOfBeam',$,(#3788));
#3790=IFCRELDEFINESBYPROPERTIES('0C_aVJkszX942xVGKna60V',#6,$,$,(#3785),#3786);
#3791=IFCRELDEFINESBYPROPERTIES('128U6rEqsvikAEh786lgeI',#6,$,$,(#3785),#3787);
#3792=IFCRELDEFINESBYPROPERTIES('3L1$oxrauGztOdq_YfQ$e7',#6,$,$,(#3785),#3789);
#3793=IFCCARTESIANPOINT((35443.785745378911,4986.3613297595339,-150.));
#3794=IFCAXIS2PLACEMENT3D(#3793,#51,#1725);
#3795=IFCLOCALPLACEMENT(#32,#3794);
#3796=IFCCARTESIANPOINT((0.,0.));
#3797=IFCAXIS2PLACEMENT2D(#3796,#44);
#3798=IFCRECTANGLEPROFILEDEF(.AREA.,'Beam',#3797,400.,200.00000000000057);
#3799=IFCCARTESIANPOINT((5875.,25.,-200.));
#3800=IFCAXIS2PLACEMENT3D(#3799,#3183,#48);
#3801=IFCEXTRUDEDAREASOLID(#3798,#3800,#51,2789.9999999999254);
#3802=IFCSHAPEREPRESENTATION(#15,'Body','SweptSolid',(#3801));
#3803=IFCCARTESIANPOINT((8665.,0.));
#3804=IFCPOLYLINE((#3192,#3803));
#3805=IFCSHAPEREPRESENTATION(#14,'Axis','Curve2D',(#3804));
#3806=IFCPRODUCTDEFINITIONSHAPE($,$,(#3805,#3802));
#3807=IFCBEAM('3Jcm064Vn2iOWhSW$AducL',#6,'Beam:Beam:323451',$,$,#3795,#3806,'323451');
#3808=IFCPROPERTYSET('0wkgxaJCmuI$6qBjeQzenw',#6,'Pset_BeamCommon',$,(#78,#79,#3204,#3206,#3696));
#3809=IFCPROPERTYSET('14wmzNchRIa$Jy3sd2QD_M',#6,'Pset_QuantityTakeOff',$,(#3204));
#3810=IFCPROPERTYSINGLEVALUE('Reference',$,IFCLABEL('Beam'),$);
#3811=IFCPROPERTYSET('1XO1YBMchUVPlR3fMI3YC2',#6,'Pset_ReinforcementBarPitchOfBeam',$,(#3810));
#3812=IFCRELDEFINESBYPROPERTIES('26OuJtEQR7JzR8ov6q7LFV',#6,$,$,(#3807),#3808);
#3813=IFCRELDEFINESBYPROPERTIES('0h6KDuuROW6VvsfDFDs2b4',#6,$,$,(#3807),#3809);
#3814=IFCRELDEFINESBYPROPERTIES('38LtNV2Eth7TU9SdtpMnDz',#6,$,$,(#3807),#3811);
#3815=IFCCARTESIANPOINT((35443.785745378911,1786.3613297595366,-150.));
#3816=IFCAXIS2PLACEMENT3D(#3815,#51,#1725);
#3817=IFCLOCALPLACEMENT(#32,#3816);
#3818=IFCCARTESIANPOINT((-2.7000623958883807E-013,-1.3500311979441904E-013));
#3819=IFCAXIS2PLACEMENT2D(#3818,#44);
#3820=IFCRECTANGLEPROFILEDEF(.AREA.,'Beam',#3819,400.,199.99999999999974);
#3821=IFCCARTESIANPOINT((5875.,25.,-200.));
#3822=IFCAXIS2PLACEMENT3D(#3821,#3183,#48);
#3823=IFCEXTRUDEDAREASOLID(#3820,#3822,#51,2789.9999999999254);
#3824=IFCSHAPEREPRESENTATION(#15,'Body','SweptSolid',(#3823));
#3825=IFCCARTESIANPOINT((8665.,0.));
#3826=IFCPOLYLINE((#3192,#3825));
#3827=IFCSHAPEREPRESENTATION(#14,'Axis','Curve2D',(#3826));
#3828=IFCPRODUCTDEFINITIONSHAPE($,$,(#3827,#3824));
#3829=IFCBEAM('3Jcm064Vn2iOWhSW$Adubj',#6,'Beam:Beam:323459',$,$,#3817,#3828,'323459');
#3830=IFCPROPERTYSET('068fZQMcvtRROqlEXmmute',#6,'Pset_BeamCommon',$,(#78,#79,#3204,#3206,#3696));
#3831=IFCPROPERTYSET('1TbwaAar$Roh7AAI4iWrLK',#6,'Pset_QuantityTakeOff',$,(#3204));
#3832=IFCPROPERTYSINGLEVALUE('Reference',$,IFCLABEL('Beam'),$);
#3833=IFCPROPERTYSET('2sXT3Pe5RVH5rWhRbWH6zx',#6,'Pset_ReinforcementBarPitchOfBeam',$,(#3832));
#3834=IFCRELDEFINESBYPROPERTIES('1Nb$oKnNab8Ipre2kyn$AB',#6,$,$,(#3829),#3830);
#3835=IFCRELDEFINESBYPROPERTIES('2zzeNy2njdk6lP$dObySul',#6,$,$,(#3829),#3831);
#3836=IFCRELDEFINESBYPROPERTIES('2eatzkkcCANzLi4hB3nhcU',#6,$,$,(#3829),#3833);
#3837=IFCCARTESIANPOINT((-25831.214254621136,-6978.6386702403906,-150.));
#3838=IFCAXIS2PLACEMENT3D(#3837,#51,#49);
#3839=IFCLOCALPLACEMENT(#32,#3838);
#3840=IFCCARTESIANPOINT((-2.7000623958883807E-013,4.3343106881366111E-012));
#3841=IFCAXIS2PLACEMENT2D(#3840,#44);
#3842=IFCRECTANGLEPROFILEDEF(.AREA.,'Beam',#3841,400.,199.99999999999784);
#3843=IFCCARTESIANPOINT((-5430.,25.,-200.));
#3844=IFCAXIS2PLACEMENT3D(#3843,#3183,#48);
#3845=IFCEXTRUDEDAREASOLID(#3842,#3844,#51,10670.000000000015);
#3846=IFCSTYLEDITEM(#3845,(#3189),$);
#3847=IFCSHAPEREPRESENTATION(#15,'Body','SweptSolid',(#3845));
#3848=IFCCARTESIANPOINT((5240.,0.));
#3849=IFCPOLYLINE((#3192,#3848));
#3850=IFCSHAPEREPRESENTATION(#14,'Axis','Curve2D',(#3849));
#3851=IFCPRODUCTDEFINITIONSHAPE($,$,(#3850,#3847));
#3852=IFCBEAM('3E_vhdbv52u81LR2Ne1uj4',#6,'Beam:Beam:325352',$,$,#3839,#3851,'325352');
#3853=IFCPROPERTYSET('1cr0BaoDWYkbNQMBNxI5qC',#6,'Pset_BeamCommon',$,(#78,#79,#3204,#3205,#3206));
#3854=IFCPROPERTYSET('24zA3_JYmUaQZYi1Y6Txq2',#6,'Pset_QuantityTakeOff',$,(#3204));
#3855=IFCPROPERTYSINGLEVALUE('Reference',$,IFCLABEL('Beam'),$);
#3856=IFCPROPERTYSET('0_EQaqoqRPNJlUWtrzsweU',#6,'Pset_ReinforcementBarPitchOfBeam',$,(#3855));
#3857=IFCRELDEFINESBYPROPERTIES('0$x273Kill0M1_JUgdBVow',#6,$,$,(#3852),#3853);
#3858=IFCRELDEFINESBYPROPERTIES('1gpixWSqf3JBbPGdzlKb7y',#6,$,$,(#3852),#3854);
#3859=IFCRELDEFINESBYPROPERTIES('01p1KqauLrOZdnegvYI1kw',#6,$,$,(#3852),#3856);
#3860=IFCCARTESIANPOINT((-23131.214254621136,-6978.6386702403988,-150.));
#3861=IFCAXIS2PLACEMENT3D(#3860,#51,#49);
#3862=IFCLOCALPLACEMENT(#32,#3861);
#3863=IFCCARTESIANPOINT((-2.7000623958883807E-013,4.3343106881366111E-012));
#3864=IFCAXIS2PLACEMENT2D(#3863,#44);
#3865=IFCRECTANGLEPROFILEDEF(.AREA.,'Beam',#3864,400.,199.99999999999784);
#3866=IFCCARTESIANPOINT((-5430.,25.,-200.));
#3867=IFCAXIS2PLACEMENT3D(#3866,#3183,#48);
#3868=IFCEXTRUDEDAREASOLID(#3865,#3867,#51,10670.000000000015);
#3869=IFCSTYLEDITEM(#3868,(#3189),$);
#3870=IFCSHAPEREPRESENTATION(#15,'Body','SweptSolid',(#3868));
#3871=IFCCARTESIANPOINT((5240.,0.));
#3872=IFCPOLYLINE((#3192,#3871));
#3873=IFCSHAPEREPRESENTATION(#14,'Axis','Curve2D',(#3872));
#3874=IFCPRODUCTDEFINITIONSHAPE($,$,(#3873,#3870));
#3875=IFCBEAM('3E_vhdbv52u81LR2Ne1ujT',#6,'Beam:Beam:325361',$,$,#3862,#3874,'325361');
#3876=IFCPROPERTYSET('2eCBgILz0dCeeWLxgNFfGn',#6,'Pset_BeamCommon',$,(#78,#79,#3204,#3205,#3206));
#3877=IFCPROPERTYSET('1ZxGoVciy9W_EC9GTSx7sQ',#6,'Pset_QuantityTakeOff',$,(#3204));
#3878=IFCPROPERTYSINGLEVALUE('Reference',$,IFCLABEL('Beam'),$);
#3879=IFCPROPERTYSET('3L7HfxQVdIy410eao_Hzdz',#6,'Pset_ReinforcementBarPitchOfBeam',$,(#3878));
#3880=IFCRELDEFINESBYPROPERTIES('2w5$mWmKTL1jZ$QrFlke16',#6,$,$,(#3875),#3876);
#3881=IFCRELDEFINESBYPROPERTIES('27VUaxL$DBHkUoaRNVLcmM',#6,$,$,(#3875),#3877);
#3882=IFCRELDEFINESBYPROPERTIES('0y408NQh8QQiSgQUxTs8zM',#6,$,$,(#3875),#3879);
#3883=IFCCARTESIANPOINT((-20431.214254621129,-6978.6386702404079,-150.));
#3884=IFCAXIS2PLACEMENT3D(#3883,#51,#49);
#3885=IFCLOCALPLACEMENT(#32,#3884);
#3886=IFCCARTESIANPOINT((-2.7000623958883807E-013,4.3343106881366111E-012));
#3887=IFCAXIS2PLACEMENT2D(#3886,#44);
#3888=IFCRECTANGLEPROFILEDEF(.AREA.,'Beam',#3887,400.,199.99999999999784);
#3889=IFCCARTESIANPOINT((-5430.,25.,-200.));
#3890=IFCAXIS2PLACEMENT3D(#3889,#3183,#48);
#3891=IFCEXTRUDEDAREASOLID(#3888,#3890,#51,10670.000000000015);
#3892=IFCSTYLEDITEM(#3891,(#3189),$);
#3893=IFCSHAPEREPRESENTATION(#15,'Body','SweptSolid',(#3891));
#3894=IFCCARTESIANPOINT((5240.,0.));
#3895=IFCPOLYLINE((#3192,#3894));
#3896=IFCSHAPEREPRESENTATION(#14,'Axis','Curve2D',(#3895));
#3897=IFCPRODUCTDEFINITIONSHAPE($,$,(#3896,#3893));
#3898=IFCBEAM('3E_vhdbv52u81LR2Ne1ujI',#6,'Beam:Beam:325374',$,$,#3885,#3897,'325374');
#3899=IFCPROPERTYSET('2vm3FbhGCtiZllB0IcEwMx',#6,'Pset_BeamCommon',$,(#78,#79,#3204,#3205,#3206));
#3900=IFCPROPERTYSET('2W8NnE7f8eFYkv7icOA_9x',#6,'Pset_QuantityTakeOff',$,(#3204));
#3901=IFCPROPERTYSINGLEVALUE('Reference',$,IFCLABEL('Beam'),$);
#3902=IFCPROPERTYSET('3KTcRLwsyvSp6HPy_RZhwT',#6,'Pset_ReinforcementBarPitchOfBeam',$,(#3901));
#3903=IFCRELDEFINESBYPROPERTIES('21UltcgrT3Hx$OPvNa41V$',#6,$,$,(#3898),#3899);
#3904=IFCRELDEFINESBYPROPERTIES('1i4frno$Jz3_3kjpt5KhZ5',#6,$,$,(#3898),#3900);
#3905=IFCRELDEFINESBYPROPERTIES('3wwGTXjZZLTBzwVpxDcEV1',#6,$,$,(#3898),#3902);
#3906=IFCCARTESIANPOINT((-17551.214254621125,-6978.638670240417,-150.));
#3907=IFCAXIS2PLACEMENT3D(#3906,#51,#49);
#3908=IFCLOCALPLACEMENT(#32,#3907);
#3909=IFCCARTESIANPOINT((-2.7000623958883807E-013,-1.0871303857129533E-012));
#3910=IFCAXIS2PLACEMENT2D(#3909,#44);
#3911=IFCRECTANGLEPROFILEDEF(.AREA.,'Beam',#3910,400.,200.);
#3912=IFCCARTESIANPOINT((-5430.,25.,-200.));
#3913=IFCAXIS2PLACEMENT3D(#3912,#3183,#48);
#3914=IFCEXTRUDEDAREASOLID(#3911,#3913,#51,10670.000000000013);
#3915=IFCSTYLEDITEM(#3914,(#3189),$);
#3916=IFCSHAPEREPRESENTATION(#15,'Body','SweptSolid',(#3914));
#3917=IFCCARTESIANPOINT((5240.,0.));
#3918=IFCPOLYLINE((#3192,#3917));
#3919=IFCSHAPEREPRESENTATION(#14,'Axis','Curve2D',(#3918));
#3920=IFCPRODUCTDEFINITIONSHAPE($,$,(#3919,#3916));
#3921=IFCBEAM('3E_vhdbv52u81LR2Ne1ugh',#6,'Beam:Beam:325383',$,$,#3908,#3920,'325383');
#3922=IFCPROPERTYSET('3LlcJaCLKMFm0$I5pUg1YA',#6,'Pset_BeamCommon',$,(#78,#79,#3204,#3205,#3206));
#3923=IFCPROPERTYSET('17QHJsUMWz9eopGuuHY9u7',#6,'Pset_QuantityTakeOff',$,(#3204));
#3924=IFCPROPERTYSINGLEVALUE('Reference',$,IFCLABEL('Beam'),$);
#3925=IFCPROPERTYSET('2Q0tXbK8XOuopy0_G_cL3u',#6,'Pset_ReinforcementBarPitchOfBeam',$,(#3924));
#3926=IFCRELDEFINESBYPROPERTIES('2Oh5fs7jLCP5OWfGRYNhNS',#6,$,$,(#3921),#3922);
#3927=IFCRELDEFINESBYPROPERTIES('33PUrKMmj6jXCEXGnqbr6D',#6,$,$,(#3921),#3923);
#3928=IFCRELDEFINESBYPROPERTIES('3Vyrsrc2OAOzqoGeDtkqWY',#6,$,$,(#3921),#3925);
#3929=IFCCARTESIANPOINT((-9331.2142546211235,-6978.6386702404443,-150.));
#3930=IFCAXIS2PLACEMENT3D(#3929,#51,#49);
#3931=IFCLOCALPLACEMENT(#32,#3930);
#3932=IFCCARTESIANPOINT((-2.7000623958883807E-013,5.4711790653527714E-013));
#3933=IFCAXIS2PLACEMENT2D(#3932,#44);
#3934=IFCRECTANGLEPROFILEDEF(.AREA.,'Beam',#3933,400.,200.);
#3935=IFCCARTESIANPOINT((-5430.,25.,-200.));
#3936=IFCAXIS2PLACEMENT3D(#3935,#3183,#48);
#3937=IFCEXTRUDEDAREASOLID(#3934,#3936,#51,10670.000000000015);
#3938=IFCSTYLEDITEM(#3937,(#3189),$);
#3939=IFCSHAPEREPRESENTATION(#15,'Body','SweptSolid',(#3937));
#3940=IFCCARTESIANPOINT((5240.,0.));
#3941=IFCPOLYLINE((#3192,#3940));
#3942=IFCSHAPEREPRESENTATION(#14,'Axis','Curve2D',(#3941));
#3943=IFCPRODUCTDEFINITIONSHAPE($,$,(#3942,#3939));
#3944=IFCBEAM('3E_vhdbv52u81LR2Ne1ugq',#6,'Beam:Beam:325400',$,$,#3931,#3943,'325400');
#3945=IFCPROPERTYSET('3fKlVtvmK56jubf1HvScOb',#6,'Pset_BeamCommon',$,(#78,#79,#3204,#3205,#3206));
#3946=IFCPROPERTYSET('38DH3AEH7mwHdufBF6mQpw',#6,'Pset_QuantityTakeOff',$,(#3204));
#3947=IFCPROPERTYSINGLEVALUE('Reference',$,IFCLABEL('Beam'),$);
#3948=IFCPROPERTYSET('1GaB4fTV4G$HPQZzViN3_v',#6,'Pset_ReinforcementBarPitchOfBeam',$,(#3947));
#3949=IFCRELDEFINESBYPROPERTIES('19b3JA1O69ygH6uwNFagXP',#6,$,$,(#3944),#3945);
#3950=IFCRELDEFINESBYPROPERTIES('1QPp5ifbDVIqVaOmOL33dN',#6,$,$,(#3944),#3946);
#3951=IFCRELDEFINESBYPROPERTIES('1Z1He0i4i9PiH6y4Mwi3Cn',#6,$,$,(#3944),#3948);
#3952=IFCCARTESIANPOINT((-6631.2142546211353,-6978.6386702404534,-150.));
#3953=IFCAXIS2PLACEMENT3D(#3952,#51,#49);
#3954=IFCLOCALPLACEMENT(#32,#3953);
#3955=IFCCARTESIANPOINT((-2.7000623958883807E-013,1.6271428648906294E-012));
#3956=IFCAXIS2PLACEMENT2D(#3955,#44);
#3957=IFCRECTANGLEPROFILEDEF(.AREA.,'Beam',#3956,400.,200.);
#3958=IFCCARTESIANPOINT((-5430.,25.,-200.));
#3959=IFCAXIS2PLACEMENT3D(#3958,#3183,#48);
#3960=IFCEXTRUDEDAREASOLID(#3957,#3959,#51,10670.000000000015);
#3961=IFCSTYLEDITEM(#3960,(#3189),$);
#3962=IFCSHAPEREPRESENTATION(#15,'Body','SweptSolid',(#3960));
#3963=IFCCARTESIANPOINT((5240.,0.));
#3964=IFCPOLYLINE((#3192,#3963));
#3965=IFCSHAPEREPRESENTATION(#14,'Axis','Curve2D',(#3964));
#3966=IFCPRODUCTDEFINITIONSHAPE($,$,(#3965,#3962));
#3967=IFCBEAM('3E_vhdbv52u81LR2Ne1ug9',#6,'Beam:Beam:325413',$,$,#3954,#3966,'325413');
#3968=IFCPROPERTYSET('1BznIx$XiBt8HF$$TFI4uT',#6,'Pset_BeamCommon',$,(#78,#79,#3204,#3205,#3206));
#3969=IFCPROPERTYSET('04oFV3mk1F592rvwppC_lY',#6,'Pset_QuantityTakeOff',$,(#3204));
#3970=IFCPROPERTYSINGLEVALUE('Reference',$,IFCLABEL('Beam'),$);
#3971=IFCPROPERTYSET('3vGXILq6t9ZLWxSqG6whLB',#6,'Pset_ReinforcementBarPitchOfBeam',$,(#3970));
#3972=IFCRELDEFINESBYPROPERTIES('0$XE1f4Pa1j4CUus8G40Pg',#6,$,$,(#3967),#3968);
#3973=IFCRELDEFINESBYPROPERTIES('3SkoUWZ$uVW5QfaaqHfk0a',#6,$,$,(#3967),#3969);
#3974=IFCRELDEFINESBYPROPERTIES('0T5g_4s8JfpRSMrpdvrAdb',#6,$,$,(#3967),#3971);
#3975=IFCCARTESIANPOINT((-3931.2142546211376,-6978.6386702404616,-150.));
#3976=IFCAXIS2PLACEMENT3D(#3975,#51,#49);
#3977=IFCLOCALPLACEMENT(#32,#3976);
#3978=IFCCARTESIANPOINT((-2.7000623958883807E-013,-5.4711790653527714E-013));
#3979=IFCAXIS2PLACEMENT2D(#3978,#44);
#3980=IFCRECTANGLEPROFILEDEF(.AREA.,'Beam',#3979,400.,200.00000000000057);
#3981=IFCCARTESIANPOINT((-5430.,25.,-200.));
#3982=IFCAXIS2PLACEMENT3D(#3981,#3183,#48);
#3983=IFCEXTRUDEDAREASOLID(#3980,#3982,#51,10670.000000000015);
#3984=IFCSTYLEDITEM(#3983,(#3189),$);
#3985=IFCSHAPEREPRESENTATION(#15,'Body','SweptSolid',(#3983));
#3986=IFCCARTESIANPOINT((5240.,0.));
#3987=IFCPOLYLINE((#3192,#3986));
#3988=IFCSHAPEREPRESENTATION(#14,'Axis','Curve2D',(#3987));
#3989=IFCPRODUCTDEFINITIONSHAPE($,$,(#3988,#3985));
#3990=IFCBEAM('3E_vhdbv52u81LR2Ne1ugO',#6,'Beam:Beam:325428',$,$,#3977,#3989,'325428');
#3991=IFCPROPERTYSET('1gRJWSvhCfOsvoQugGP7kj',#6,'Pset_BeamCommon',$,(#78,#79,#3204,#3205,#3206));
#3992=IFCPROPERTYSET('2bnc_Sl46gXYn9OZdrN37o',#6,'Pset_QuantityTakeOff',$,(#3204));
#3993=IFCPROPERTYSINGLEVALUE('Reference',$,IFCLABEL('Beam'),$);
#3994=IFCPROPERTYSET('3M1EwDWKk36xvZ_4Um2kSI',#6,'Pset_ReinforcementBarPitchOfBeam',$,(#3993));
#3995=IFCRELDEFINESBYPROPERTIES('1Fn1GMDq4MxImPA4$gIKqt',#6,$,$,(#3990),#3991);
#3996=IFCRELDEFINESBYPROPERTIES('2OjUY$r3kRojRjer2WJ9e5',#6,$,$,(#3990),#3992);
#3997=IFCRELDEFINESBYPROPERTIES('2S00xYma5VQ6r9IKu$HmOW',#6,$,$,(#3990),#3994);
#3998=IFCCARTESIANPOINT((-1231.2142546211376,-6978.6386702404707,-150.));
#3999=IFCAXIS2PLACEMENT3D(#3998,#51,#49);
#4000=IFCLOCALPLACEMENT(#32,#3999);
#4001=IFCCARTESIANPOINT((-2.7000623958883807E-013,0.));
#4002=IFCAXIS2PLACEMENT2D(#4001,#44);
#4003=IFCRECTANGLEPROFILEDEF(.AREA.,'Beam',#4002,400.,200.00000000000028);
#4004=IFCCARTESIANPOINT((-5430.,25.,-200.));
#4005=IFCAXIS2PLACEMENT3D(#4004,#3183,#48);
#4006=IFCEXTRUDEDAREASOLID(#4003,#4005,#51,10670.000000000015);
#4007=IFCSTYLEDITEM(#4006,(#3189),$);
#4008=IFCSHAPEREPRESENTATION(#15,'Body','SweptSolid',(#4006));
#4009=IFCCARTESIANPOINT((5240.,0.));
#4010=IFCPOLYLINE((#3192,#4009));
#4011=IFCSHAPEREPRESENTATION(#14,'Axis','Curve2D',(#4010));
#4012=IFCPRODUCTDEFINITIONSHAPE($,$,(#4011,#4008));
#4013=IFCBEAM('3E_vhdbv52u81LR2Ne1ugH',#6,'Beam:Beam:325437',$,$,#4000,#4012,'325437');
#4014=IFCPROPERTYSET('32495lpHlFn5zi2O_IMff$',#6,'Pset_BeamCommon',$,(#78,#79,#3204,#3205,#3206));
#4015=IFCPROPERTYSET('0yACDm804eg$8xII$ZyEFf',#6,'Pset_QuantityTakeOff',$,(#3204));
#4016=IFCPROPERTYSINGLEVALUE('Reference',$,IFCLABEL('Beam'),$);
#4017=IFCPROPERTYSET('1ubrnhsxtPf438qHBNNF2K',#6,'Pset_ReinforcementBarPitchOfBeam',$,(#4016));
#4018=IFCRELDEFINESBYPROPERTIES('3hQ0lDUX0j0POpawx234fq',#6,$,$,(#4013),#4014);
#4019=IFCRELDEFINESBYPROPERTIES('1auYnxqJdOchVPk$lC5TBB',#6,$,$,(#4013),#4015);
#4020=IFCRELDEFINESBYPROPERTIES('1iawC_OX704jFJXvEKjIcR',#6,$,$,(#4013),#4017);
#4021=IFCCARTESIANPOINT((1648.7857453788758,-6978.6386702404798,-150.));
#4022=IFCAXIS2PLACEMENT3D(#4021,#51,#49);
#4023=IFCLOCALPLACEMENT(#32,#4022);
#4024=IFCCARTESIANPOINT((-2.7000623958883807E-013,2.7711166694643907E-013));
#4025=IFCAXIS2PLACEMENT2D(#4024,#44);
#4026=IFCRECTANGLEPROFILEDEF(.AREA.,'Beam',#4025,400.,200.00000000000028);
#4027=IFCCARTESIANPOINT((-5430.,25.,-200.));
#4028=IFCAXIS2PLACEMENT3D(#4027,#3183,#48);
#4029=IFCEXTRUDEDAREASOLID(#4026,#4028,#51,10670.000000000016);
#4030=IFCSTYLEDITEM(#4029,(#3189),$);
#4031=IFCSHAPEREPRESENTATION(#15,'Body','SweptSolid',(#4029));
#4032=IFCCARTESIANPOINT((5240.,0.));
#4033=IFCPOLYLINE((#3192,#4032));
#4034=IFCSHAPEREPRESENTATION(#14,'Axis','Curve2D',(#4033));
#4035=IFCPRODUCTDEFINITIONSHAPE($,$,(#4034,#4031));
#4036=IFCBEAM('3E_vhdbv52u81LR2Ne1uhW',#6,'Beam:Beam:325452',$,$,#4023,#4035,'325452');
#4037=IFCPROPERTYSET('1PyjzPMFyET_GOdvEn3SrQ',#6,'Pset_BeamCommon',$,(#78,#79,#3204,#3205,#3206));
#4038=IFCPROPERTYSET('038$DxyBKZCewiYJvwXx8J',#6,'Pset_QuantityTakeOff',$,(#3204));
#4039=IFCPROPERTYSINGLEVALUE('Reference',$,IFCLABEL('Beam'),$);
#4040=IFCPROPERTYSET('2cEZ0khfSapJWD$Y45dUY3',#6,'Pset_ReinforcementBarPitchOfBeam',$,(#4039));
#4041=IFCRELDEFINESBYPROPERTIES('3ObDBgri46qZvzFb04y03y',#6,$,$,(#4036),#4037);
#4042=IFCRELDEFINESBYPROPERTIES('0qx2hoQP0_DTngLF7fVT3W',#6,$,$,(#4036),#4038);
#4043=IFCRELDEFINESBYPROPERTIES('0809u67mN2P_XJBHs98QIF',#6,$,$,(#4036),#4040);
#4044=IFCCARTESIANPOINT((9118.7857453788747,-6978.6386702405043,-150.));
#4045=IFCAXIS2PLACEMENT3D(#4044,#51,#49);
#4046=IFCLOCALPLACEMENT(#32,#4045);
#4047=IFCCARTESIANPOINT((-2.7000623958883807E-013,-5.4711790653527714E-013));
#4048=IFCAXIS2PLACEMENT2D(#4047,#44);
#4049=IFCRECTANGLEPROFILEDEF(.AREA.,'Beam',#4048,400.,200.);
#4050=IFCCARTESIANPOINT((-5430.,25.,-200.));
#4051=IFCAXIS2PLACEMENT3D(#4050,#3183,#48);
#4052=IFCEXTRUDEDAREASOLID(#4049,#4051,#51,10670.000000000013);
#4053=IFCSTYLEDITEM(#4052,(#3189),$);
#4054=IFCSHAPEREPRESENTATION(#15,'Body','SweptSolid',(#4052));
#4055=IFCCARTESIANPOINT((5240.,0.));
#4056=IFCPOLYLINE((#3192,#4055));
#4057=IFCSHAPEREPRESENTATION(#14,'Axis','Curve2D',(#4056));
#4058=IFCPRODUCTDEFINITIONSHAPE($,$,(#4057,#4054));
#4059=IFCBEAM('3E_vhdbv52u81LR2Ne1uhn',#6,'Beam:Beam:325469',$,$,#4046,#4058,'325469');
#4060=IFCPROPERTYSET('1iHCmcc6vbRlvMDT9tMtBx',#6,'Pset_BeamCommon',$,(#78,#79,#3204,#3205,#3206));
#4061=IFCPROPERTYSET('2rx8so4ICJ$ylgthvO8sVc',#6,'Pset_QuantityTakeOff',$,(#3204));
#4062=IFCPROPERTYSINGLEVALUE('Reference',$,IFCLABEL('Beam'),$);
#4063=IFCPROPERTYSET('2Di1nofl1HL0YuALS_8Cnh',#6,'Pset_ReinforcementBarPitchOfBeam',$,(#4062));
#4064=IFCRELDEFINESBYPROPERTIES('06_Mbc1IRqXuXf_pWrayPd',#6,$,$,(#4059),#4060);
#4065=IFCRELDEFINESBYPROPERTIES('1k6P9ZNGXnSHAu9axTuIjx',#6,$,$,(#4059),#4061);
#4066=IFCRELDEFINESBYPROPERTIES('0ZsvbFJ3GbJwtNw0DEm9Yz',#6,$,$,(#4059),#4063);
#4067=IFCCARTESIANPOINT((11818.785745378884,-6978.6386702405125,-150.));
#4068=IFCAXIS2PLACEMENT3D(#4067,#51,#49);
#4069=IFCLOCALPLACEMENT(#32,#4068);
#4070=IFCCARTESIANPOINT((-2.7000623958883807E-013,-1.0871303857129533E-012));
#4071=IFCAXIS2PLACEMENT2D(#4070,#44);
#4072=IFCRECTANGLEPROFILEDEF(.AREA.,'Beam',#4071,400.,200.);
#4073=IFCCARTESIANPOINT((-5430.,25.,-200.));
#4074=IFCAXIS2PLACEMENT3D(#4073,#3183,#48);
#4075=IFCEXTRUDEDAREASOLID(#4072,#4074,#51,10670.000000000013);
#4076=IFCSTYLEDITEM(#4075,(#3189),$);
#4077=IFCSHAPEREPRESENTATION(#15,'Body','SweptSolid',(#4075));
#4078=IFCCARTESIANPOINT((5240.,0.));
#4079=IFCPOLYLINE((#3192,#4078));
#4080=IFCSHAPEREPRESENTATION(#14,'Axis','Curve2D',(#4079));
#4081=IFCPRODUCTDEFINITIONSHAPE($,$,(#4080,#4077));
#4082=IFCBEAM('3E_vhdbv52u81LR2Ne1uh4',#6,'Beam:Beam:325480',$,$,#4069,#4081,'325480');
#4083=IFCPROPERTYSET('2kJhyqc2wUg5PUt9Jej16j',#6,'Pset_BeamCommon',$,(#78,#79,#3204,#3205,#3206));
#4084=IFCPROPERTYSET('1J_Uqb5wHuUarhRoAVv1Qd',#6,'Pset_QuantityTakeOff',$,(#3204));
#4085=IFCPROPERTYSINGLEVALUE('Reference',$,IFCLABEL('Beam'),$);
#4086=IFCPROPERTYSET('1rteeCaEU_ThoJYgU9A$L2',#6,'Pset_ReinforcementBarPitchOfBeam',$,(#4085));
#4087=IFCRELDEFINESBYPROPERTIES('3tNpud7txLhy51i_yBZ61O',#6,$,$,(#4082),#4083);
#4088=IFCRELDEFINESBYPROPERTIES('3b56xfJ8nNEe09gpOGLgob',#6,$,$,(#4082),#4084);
#4089=IFCRELDEFINESBYPROPERTIES('0lU8qHx3IfZi0g7jyFbOkt',#6,$,$,(#4082),#4086);
#4090=IFCCARTESIANPOINT((14003.785745378857,-6978.6386702405198,-150.));
#4091=IFCAXIS2PLACEMENT3D(#4090,#51,#49);
#4092=IFCLOCALPLACEMENT(#32,#4091);
#4093=IFCCARTESIANPOINT((-2.7000623958883807E-013,-1.0871303857129533E-012));
#4094=IFCAXIS2PLACEMENT2D(#4093,#44);
#4095=IFCRECTANGLEPROFILEDEF(.AREA.,'Beam',#4094,400.,200.);
#4096=IFCCARTESIANPOINT((-5430.,25.,-200.));
#4097=IFCAXIS2PLACEMENT3D(#4096,#3183,#48);
#4098=IFCEXTRUDEDAREASOLID(#4095,#4097,#51,10670.000000000015);
#4099=IFCSTYLEDITEM(#4098,(#3189),$);
#4100=IFCSHAPEREPRESENTATION(#15,'Body','SweptSolid',(#4098));
#4101=IFCCARTESIANPOINT((5240.,0.));
#4102=IFCPOLYLINE((#3192,#4101));
#4103=IFCSHAPEREPRESENTATION(#14,'Axis','Curve2D',(#4102));
#4104=IFCPRODUCTDEFINITIONSHAPE($,$,(#4103,#4100));
#4105=IFCBEAM('3E_vhdbv52u81LR2Ne1uhP',#6,'Beam:Beam:325493',$,$,#4092,#4104,'325493');
#4106=IFCPROPERTYSET('13sVQ4Os35H0Crey2nn_dX',#6,'Pset_BeamCommon',$,(#78,#79,#3204,#3205,#3206));
#4107=IFCPROPERTYSET('3Xm82PiInid8drlYdG9hHr',#6,'Pset_QuantityTakeOff',$,(#3204));
#4108=IFCPROPERTYSINGLEVALUE('Reference',$,IFCLABEL('Beam'),$);
#4109=IFCPROPERTYSET('0Ts4upa2k2g6OnQzwEzJuY',#6,'Pset_ReinforcementBarPitchOfBeam',$,(#4108));
#4110=IFCRELDEFINESBYPROPERTIES('0KdhAZ3M6rFmRrqMjLwVVU',#6,$,$,(#4105),#4106);
#4111=IFCRELDEFINESBYPROPERTIES('0nNFneEURelMD4$wfK0c90',#6,$,$,(#4105),#4107);
#4112=IFCRELDEFINESBYPROPERTIES('0BhFWwKwHpesuIGoTv1E7A',#6,$,$,(#4105),#4109);
#4113=IFCCARTESIANPOINT((-27646.214254621096,19431.361329759915,-150.));
#4114=IFCAXIS2PLACEMENT3D(#4113,#51,#3216);
#4115=IFCLOCALPLACEMENT(#32,#4114);
#4116=IFCCARTESIANPOINT((-2.7000623958883807E-013,-2.1671553440683056E-012));
#4117=IFCAXIS2PLACEMENT2D(#4116,#44);
#4118=IFCRECTANGLEPROFILEDEF(.AREA.,'Beam',#4117,400.,200.00000000000216);
#4119=IFCCARTESIANPOINT((-150.,25.,-200.));
#4120=IFCAXIS2PLACEMENT3D(#4119,#3183,#48);
#4121=IFCEXTRUDEDAREASOLID(#4118,#4120,#51,8120.0000000001728);
#4122=IFCSHAPEREPRESENTATION(#15,'Body','SweptSolid',(#4121));
#4123=IFCCARTESIANPOINT((7970.,0.));
#4124=IFCPOLYLINE((#3192,#4123));
#4125=IFCSHAPEREPRESENTATION(#14,'Axis','Curve2D',(#4124));
#4126=IFCPRODUCTDEFINITIONSHAPE($,$,(#4125,#4122));
#4127=IFCBEAM('3E_vhdbv52u81LR2Ne1uVF',#6,'Beam:Beam:326243',$,$,#4115,#4126,'326243');
#4128=IFCPROPERTYSET('1B8yfH48UOdiHt75MgHLBW',#6,'Pset_BeamCommon',$,(#78,#79,#3204,#3206,#3650));
#4129=IFCPROPERTYSET('3jUtrG3d9w9fHvlJJe0xb3',#6,'Pset_QuantityTakeOff',$,(#3204));
#4130=IFCPROPERTYSINGLEVALUE('Reference',$,IFCLABEL('Beam'),$);
#4131=IFCPROPERTYSET('2ttydzGNBORzdrJKDb7E4r',#6,'Pset_ReinforcementBarPitchOfBeam',$,(#4130));
#4132=IFCRELDEFINESBYPROPERTIES('1Kqbaeg4_l8_lMvWT3QHvt',#6,$,$,(#4127),#4128);
#4133=IFCRELDEFINESBYPROPERTIES('0S1yBfRZA1373GKiguK4A1',#6,$,$,(#4127),#4129);
#4134=IFCRELDEFINESBYPROPERTIES('0nPsQUC7BOE7BAvsV9KVAF',#6,$,$,(#4127),#4131);
#4135=IFCCARTESIANPOINT((-24446.214254621085,19431.361329759908,-150.));
#4136=IFCAXIS2PLACEMENT3D(#4135,#51,#3216);
#4137=IFCLOCALPLACEMENT(#32,#4136);
#4138=IFCCARTESIANPOINT((-2.7000623958883807E-013,2.1671553440683056E-012));
#4139=IFCAXIS2PLACEMENT2D(#4138,#44);
#4140=IFCRECTANGLEPROFILEDEF(.AREA.,'Beam',#4139,400.,200.00000000000216);
#4141=IFCCARTESIANPOINT((-150.,25.,-200.));
#4142=IFCAXIS2PLACEMENT3D(#4141,#3183,#48);
#4143=IFCEXTRUDEDAREASOLID(#4140,#4142,#51,8120.0000000001728);
#4144=IFCSHAPEREPRESENTATION(#15,'Body','SweptSolid',(#4143));
#4145=IFCCARTESIANPOINT((7970.,0.));
#4146=IFCPOLYLINE((#3192,#4145));
#4147=IFCSHAPEREPRESENTATION(#14,'Axis','Curve2D',(#4146));
#4148=IFCPRODUCTDEFINITIONSHAPE($,$,(#4147,#4144));
#4149=IFCBEAM('3E_vhdbv52u81LR2Ne1uV0',#6,'Beam:Beam:326252',$,$,#4137,#4148,'326252');
#4150=IFCPROPERTYSET('1OJ6v5EM8BH8TbGJwgBEyn',#6,'Pset_BeamCommon',$,(#78,#79,#3204,#3206,#3650));
#4151=IFCPROPERTYSET('0YEOeimADOcNk7DYx5AfCs',#6,'Pset_QuantityTakeOff',$,(#3204));
#4152=IFCPROPERTYSINGLEVALUE('Reference',$,IFCLABEL('Beam'),$);
#4153=IFCPROPERTYSET('2MOXpsAxJTJGNdvKTsqVoO',#6,'Pset_ReinforcementBarPitchOfBeam',$,(#4152));
#4154=IFCRELDEFINESBYPROPERTIES('0nWdKhS0ZYecymiwPm2Zp5',#6,$,$,(#4149),#4150);
#4155=IFCRELDEFINESBYPROPERTIES('1e9Q7y5rvZqEQR$pK6BzMk',#6,$,$,(#4149),#4151);
#4156=IFCRELDEFINESBYPROPERTIES('34QUafmKm9x5X3YCVw1VqU',#6,$,$,(#4149),#4153);
#4157=IFCCARTESIANPOINT((-21246.214254621085,19431.361329759897,-150.));
#4158=IFCAXIS2PLACEMENT3D(#4157,#51,#3216);
#4159=IFCLOCALPLACEMENT(#32,#4158);
#4160=IFCCARTESIANPOINT((-2.7000623958883807E-013,2.1671553440683056E-012));
#4161=IFCAXIS2PLACEMENT2D(#4160,#44);
#4162=IFCRECTANGLEPROFILEDEF(.AREA.,'Beam',#4161,400.,200.00000000000216);
#4163=IFCCARTESIANPOINT((-150.,25.,-200.));
#4164=IFCAXIS2PLACEMENT3D(#4163,#3183,#48);
#4165=IFCEXTRUDEDAREASOLID(#4162,#4164,#51,8120.0000000001728);
#4166=IFCSHAPEREPRESENTATION(#15,'Body','SweptSolid',(#4165));
#4167=IFCCARTESIANPOINT((7970.,0.));
#4168=IFCPOLYLINE((#3192,#4167));
#4169=IFCSHAPEREPRESENTATION(#14,'Axis','Curve2D',(#4168));
#4170=IFCPRODUCTDEFINITIONSHAPE($,$,(#4169,#4166));
#4171=IFCBEAM('3E_vhdbv52u81LR2Ne1uVP',#6,'Beam:Beam:326261',$,$,#4159,#4170,'326261');
#4172=IFCPROPERTYSET('0q8A2IfYXcZCnLtN3Iw42c',#6,'Pset_BeamCommon',$,(#78,#79,#3204,#3206,#3650));
#4173=IFCPROPERTYSET('31UnL06k976aQH0vm5P2z7',#6,'Pset_QuantityTakeOff',$,(#3204));
#4174=IFCPROPERTYSINGLEVALUE('Reference',$,IFCLABEL('Beam'),$);
#4175=IFCPROPERTYSET('1JgoNETDByYjxU0pAEVj8Z',#6,'Pset_ReinforcementBarPitchOfBeam',$,(#4174));
#4176=IFCRELDEFINESBYPROPERTIES('2glL2LwUHbisZ5hHX66eNs',#6,$,$,(#4171),#4172);
#4177=IFCRELDEFINESBYPROPERTIES('3AF362CQIbKXnUzi69IvNw',#6,$,$,(#4171),#4173);
#4178=IFCRELDEFINESBYPROPERTIES('2SJOyuSfZeKRbhfAZC9gNV',#6,$,$,(#4171),#4175);
#4179=IFCCARTESIANPOINT((-18046.214254621089,19431.361329759889,-150.));
#4180=IFCAXIS2PLACEMENT3D(#4179,#51,#3216);
#4181=IFCLOCALPLACEMENT(#32,#4180);
#4182=IFCCARTESIANPOINT((-2.7000623958883807E-013,-1.0871303857129533E-012));
#4183=IFCAXIS2PLACEMENT2D(#4182,#44);
#4184=IFCRECTANGLEPROFILEDEF(.AREA.,'Beam',#4183,400.,200.);
#4185=IFCCARTESIANPOINT((-150.,25.,-200.));
#4186=IFCAXIS2PLACEMENT3D(#4185,#3183,#48);
#4187=IFCEXTRUDEDAREASOLID(#4184,#4186,#51,8120.0000000001728);
#4188=IFCSHAPEREPRESENTATION(#15,'Body','SweptSolid',(#4187));
#4189=IFCCARTESIANPOINT((7970.,0.));
#4190=IFCPOLYLINE((#3192,#4189));
#4191=IFCSHAPEREPRESENTATION(#14,'Axis','Curve2D',(#4190));
#4192=IFCPRODUCTDEFINITIONSHAPE($,$,(#4191,#4188));
#4193=IFCBEAM('3E_vhdbv52u81LR2Ne1uVI',#6,'Beam:Beam:326270',$,$,#4181,#4192,'326270');
#4194=IFCPROPERTYSET('0GLxr96FNSLooyEOeJZf0G',#6,'Pset_BeamCommon',$,(#78,#79,#3204,#3206,#3650));
#4195=IFCPROPERTYSET('1zQsZ6owkAnQhaS_rG6rCT',#6,'Pset_QuantityTakeOff',$,(#3204));
#4196=IFCPROPERTYSINGLEVALUE('Reference',$,IFCLABEL('Beam'),$);
#4197=IFCPROPERTYSET('0EyjJzlOLYZJECTguVl5Lt',#6,'Pset_ReinforcementBarPitchOfBeam',$,(#4196));
#4198=IFCRELDEFINESBYPROPERTIES('1TTRzxahYQwzSavtRddy9z',#6,$,$,(#4193),#4194);
#4199=IFCRELDEFINESBYPROPERTIES('31dL6djvau6K76gpp$QxKv',#6,$,$,(#4193),#4195);
#4200=IFCRELDEFINESBYPROPERTIES('3xd9SX1OLyj2SlrOmYLv9L',#6,$,$,(#4193),#4197);
#4201=IFCCARTESIANPOINT((-14846.214254621087,19431.361329759879,-150.));
#4202=IFCAXIS2PLACEMENT3D(#4201,#51,#3216);
#4203=IFCLOCALPLACEMENT(#32,#4202);
#4204=IFCCARTESIANPOINT((-2.7000623958883807E-013,-1.0871303857129533E-012));
#4205=IFCAXIS2PLACEMENT2D(#4204,#44);
#4206=IFCRECTANGLEPROFILEDEF(.AREA.,'Beam',#4205,400.,200.);
#4207=IFCCARTESIANPOINT((-150.,25.,-200.));
#4208=IFCAXIS2PLACEMENT3D(#4207,#3183,#48);
#4209=IFCEXTRUDEDAREASOLID(#4206,#4208,#51,8120.0000000001728);
#4210=IFCSHAPEREPRESENTATION(#15,'Body','SweptSolid',(#4209));
#4211=IFCCARTESIANPOINT((7970.,0.));
#4212=IFCPOLYLINE((#3192,#4211));
#4213=IFCSHAPEREPRESENTATION(#14,'Axis','Curve2D',(#4212));
#4214=IFCPRODUCTDEFINITIONSHAPE($,$,(#4213,#4210));
#4215=IFCBEAM('3E_vhdbv52u81LR2Ne1uSh',#6,'Beam:Beam:326279',$,$,#4203,#4214,'326279');
#4216=IFCPROPERTYSET('1S45yCe$ytkNQXsv2azUnZ',#6,'Pset_BeamCommon',$,(#78,#79,#3204,#3206,#3650));
#4217=IFCPROPERTYSET('29kKqimKFctZGW5H9cPRFc',#6,'Pset_QuantityTakeOff',$,(#3204));
#4218=IFCPROPERTYSINGLEVALUE('Reference',$,IFCLABEL('Beam'),$);
#4219=IFCPROPERTYSET('3k3AaPWlw2mlUbaQDXsZQ6',#6,'Pset_ReinforcementBarPitchOfBeam',$,(#4218));
#4220=IFCRELDEFINESBYPROPERTIES('3oym3V0W5vzhXiQ66LZu8H',#6,$,$,(#4215),#4216);
#4221=IFCRELDEFINESBYPROPERTIES('0C6ZvxO0A8_7i2OJlI90gA',#6,$,$,(#4215),#4217);
#4222=IFCRELDEFINESBYPROPERTIES('3QimzdQNwuUe5AhDxOM8VO',#6,$,$,(#4215),#4219);
#4223=IFCCARTESIANPOINT((-11646.214254621087,19431.361329759871,-150.));
#4224=IFCAXIS2PLACEMENT3D(#4223,#51,#3216);
#4225=IFCLOCALPLACEMENT(#32,#4224);
#4226=IFCCARTESIANPOINT((-2.7000623958883807E-013,-1.0871303857129533E-012));
#4227=IFCAXIS2PLACEMENT2D(#4226,#44);
#4228=IFCRECTANGLEPROFILEDEF(.AREA.,'Beam',#4227,400.,200.);
#4229=IFCCARTESIANPOINT((-150.,25.,-200.));
#4230=IFCAXIS2PLACEMENT3D(#4229,#3183,#48);
#4231=IFCEXTRUDEDAREASOLID(#4228,#4230,#51,8120.0000000001728);
#4232=IFCSHAPEREPRESENTATION(#15,'Body','SweptSolid',(#4231));
#4233=IFCCARTESIANPOINT((7970.,0.));
#4234=IFCPOLYLINE((#3192,#4233));
#4235=IFCSHAPEREPRESENTATION(#14,'Axis','Curve2D',(#4234));
#4236=IFCPRODUCTDEFINITIONSHAPE($,$,(#4235,#4232));
#4237=IFCBEAM('3E_vhdbv52u81LR2Ne1uSy',#6,'Beam:Beam:326288',$,$,#4225,#4236,'326288');
#4238=IFCPROPERTYSET('0x9Vk9jQHP5sg2TpGMrB$b',#6,'Pset_BeamCommon',$,(#78,#79,#3204,#3206,#3650));
#4239=IFCPROPERTYSET('0r3INc8LthZslT3LteEuFd',#6,'Pset_QuantityTakeOff',$,(#3204));
#4240=IFCPROPERTYSINGLEVALUE('Reference',$,IFCLABEL('Beam'),$);
#4241=IFCPROPERTYSET('1$dt3yFqXmbTvO1xmELNb7',#6,'Pset_ReinforcementBarPitchOfBeam',$,(#4240));
#4242=IFCRELDEFINESBYPROPERTIES('2VvcvRi83yKIgV9fsPD_0c',#6,$,$,(#4237),#4238);
#4243=IFCRELDEFINESBYPROPERTIES('0wVQUVW8lzGT3oNebvBThd',#6,$,$,(#4237),#4239);
#4244=IFCRELDEFINESBYPROPERTIES('0UMogYq1rxryhS1tjlga4A',#6,$,$,(#4237),#4241);
#4245=IFCCARTESIANPOINT((-8446.2142546210871,19431.361329759864,-150.));
#4246=IFCAXIS2PLACEMENT3D(#4245,#51,#3216);
#4247=IFCLOCALPLACEMENT(#32,#4246);
#4248=IFCCARTESIANPOINT((-2.7000623958883807E-013,-1.0871303857129533E-012));
#4249=IFCAXIS2PLACEMENT2D(#4248,#44);
#4250=IFCRECTANGLEPROFILEDEF(.AREA.,'Beam',#4249,400.,200.);
#4251=IFCCARTESIANPOINT((-150.,25.,-200.));
#4252=IFCAXIS2PLACEMENT3D(#4251,#3183,#48);
#4253=IFCEXTRUDEDAREASOLID(#4250,#4252,#51,8120.0000000001728);
#4254=IFCSHAPEREPRESENTATION(#15,'Body','SweptSolid',(#4253));
#4255=IFCCARTESIANPOINT((7970.,0.));
#4256=IFCPOLYLINE((#3192,#4255));
#4257=IFCSHAPEREPRESENTATION(#14,'Axis','Curve2D',(#4256));
#4258=IFCPRODUCTDEFINITIONSHAPE($,$,(#4257,#4254));
#4259=IFCBEAM('3E_vhdbv52u81LR2Ne1uSr',#6,'Beam:Beam:326297',$,$,#4247,#4258,'326297');
#4260=IFCPROPERTYSET('0c1GcMshwf0s0WIXe$Evzg',#6,'Pset_BeamCommon',$,(#78,#79,#3204,#3206,#3650));
#4261=IFCPROPERTYSET('207pU$xVuj5tvAOHeH3H0w',#6,'Pset_QuantityTakeOff',$,(#3204));
#4262=IFCPROPERTYSINGLEVALUE('Reference',$,IFCLABEL('Beam'),$);
#4263=IFCPROPERTYSET('0ELr7l2o$5gybq1Sc9h762',#6,'Pset_ReinforcementBarPitchOfBeam',$,(#4262));
#4264=IFCRELDEFINESBYPROPERTIES('0o4TMm48ho6z1THCl3NQFH',#6,$,$,(#4259),#4260);
#4265=IFCRELDEFINESBYPROPERTIES('2KZfMQeMkWZG404Dx_UP8g',#6,$,$,(#4259),#4261);
#4266=IFCRELDEFINESBYPROPERTIES('0cm4GMPv36VC_fQYMrISYm',#6,$,$,(#4259),#4263);
#4267=IFCCARTESIANPOINT((-5246.214254621078,19431.361329759853,-150.));
#4268=IFCAXIS2PLACEMENT3D(#4267,#51,#3216);
#4269=IFCLOCALPLACEMENT(#32,#4268);
#4270=IFCCARTESIANPOINT((-2.7000623958883807E-013,0.));
#4271=IFCAXIS2PLACEMENT2D(#4270,#44);
#4272=IFCRECTANGLEPROFILEDEF(.AREA.,'Beam',#4271,400.,200.);
#4273=IFCCARTESIANPOINT((-150.,25.,-200.));
#4274=IFCAXIS2PLACEMENT3D(#4273,#3183,#48);
#4275=IFCEXTRUDEDAREASOLID(#4272,#4274,#51,8120.0000000001728);
#4276=IFCSHAPEREPRESENTATION(#15,'Body','SweptSolid',(#4275));
#4277=IFCCARTESIANPOINT((7970.,0.));
#4278=IFCPOLYLINE((#3192,#4277));
#4279=IFCSHAPEREPRESENTATION(#14,'Axis','Curve2D',(#4278));
#4280=IFCPRODUCTDEFINITIONSHAPE($,$,(#4279,#4276));
#4281=IFCBEAM('3E_vhdbv52u81LR2Ne1uSE',#6,'Beam:Beam:326306',$,$,#4269,#4280,'326306');
#4282=IFCPROPERTYSET('3KPqZWzbwhg5$1dqFXIRSL',#6,'Pset_BeamCommon',$,(#78,#79,#3204,#3206,#3650));
#4283=IFCPROPERTYSET('1M0EedJfxyn17h0$UXvQEt',#6,'Pset_QuantityTakeOff',$,(#3204));
#4284=IFCPROPERTYSINGLEVALUE('Reference',$,IFCLABEL('Beam'),$);
#4285=IFCPROPERTYSET('0QstPg89oAE_i97mpgj636',#6,'Pset_ReinforcementBarPitchOfBeam',$,(#4284));
#4286=IFCRELDEFINESBYPROPERTIES('1L6OoSRrxu2vZBgnnWFY_l',#6,$,$,(#4281),#4282);
#4287=IFCRELDEFINESBYPROPERTIES('1orpvdTXRX3PqMYQdewCHM',#6,$,$,(#4281),#4283);
#4288=IFCRELDEFINESBYPROPERTIES('2Za0sM$92wPlXIxJBDBT_e',#6,$,$,(#4281),#4285);
#4289=IFCCARTESIANPOINT((-2046.2142546210766,19431.361329759846,-150.));
#4290=IFCAXIS2PLACEMENT3D(#4289,#51,#3216);
#4291=IFCLOCALPLACEMENT(#32,#4290);
#4292=IFCCARTESIANPOINT((-2.7000623958883807E-013,1.4210854715202004E-013));
#4293=IFCAXIS2PLACEMENT2D(#4292,#44);
#4294=IFCRECTANGLEPROFILEDEF(.AREA.,'Beam',#4293,400.,200.00000000000028);
#4295=IFCCARTESIANPOINT((-150.,25.,-200.));
#4296=IFCAXIS2PLACEMENT3D(#4295,#3183,#48);
#4297=IFCEXTRUDEDAREASOLID(#4294,#4296,#51,8120.0000000001728);
#4298=IFCSHAPEREPRESENTATION(#15,'Body','SweptSolid',(#4297));
#4299=IFCCARTESIANPOINT((7970.,0.));
#4300=IFCPOLYLINE((#3192,#4299));
#4301=IFCSHAPEREPRESENTATION(#14,'Axis','Curve2D',(#4300));
#4302=IFCPRODUCTDEFINITIONSHAPE($,$,(#4301,#4298));
#4303=IFCBEAM('3E_vhdbv52u81LR2Ne1uTQ',#6,'Beam:Beam:326390',$,$,#4291,#4302,'326390');
#4304=IFCPROPERTYSET('3LlKpNqBKO1u8y$ebW9q$T',#6,'Pset_BeamCommon',$,(#78,#79,#3204,#3206,#3650));
#4305=IFCPROPERTYSET('37fn0xuF3EGk3cuk_Jobog',#6,'Pset_QuantityTakeOff',$,(#3204));
#4306=IFCPROPERTYSINGLEVALUE('Reference',$,IFCLABEL('Beam'),$);
#4307=IFCPROPERTYSET('28aMEskDH5zbsRj_N3VdtT',#6,'Pset_ReinforcementBarPitchOfBeam',$,(#4306));
#4308=IFCRELDEFINESBYPROPERTIES('26Yt7Ul2R$V3HrYUy3m2bG',#6,$,$,(#4303),#4304);
#4309=IFCRELDEFINESBYPROPERTIES('2WEUE$QU_lAy1HBnr9fQfX',#6,$,$,(#4303),#4305);
#4310=IFCRELDEFINESBYPROPERTIES('3loj5NoBZaW4BfMdTtQeyv',#6,$,$,(#4303),#4307);
#4311=IFCCARTESIANPOINT((1153.7857453789236,19431.361329759835,-150.));
#4312=IFCAXIS2PLACEMENT3D(#4311,#51,#3216);
#4313=IFCLOCALPLACEMENT(#32,#4312);
#4314=IFCCARTESIANPOINT((-2.7000623958883807E-013,-1.4210854715202004E-013));
#4315=IFCAXIS2PLACEMENT2D(#4314,#44);
#4316=IFCRECTANGLEPROFILEDEF(.AREA.,'Beam',#4315,400.,200.00000000000028);
#4317=IFCCARTESIANPOINT((-150.,25.,-200.));
#4318=IFCAXIS2PLACEMENT3D(#4317,#3183,#48);
#4319=IFCEXTRUDEDAREASOLID(#4316,#4318,#51,8120.0000000001728);
#4320=IFCSHAPEREPRESENTATION(#15,'Body','SweptSolid',(#4319));
#4321=IFCCARTESIANPOINT((7970.,0.));
#4322=IFCPOLYLINE((#3192,#4321));
#4323=IFCSHAPEREPRESENTATION(#14,'Axis','Curve2D',(#4322));
#4324=IFCPRODUCTDEFINITIONSHAPE($,$,(#4323,#4320));
#4325=IFCBEAM('3E_vhdbv52u81LR2Ne1uTI',#6,'Beam:Beam:326398',$,$,#4313,#4324,'326398');
#4326=IFCPROPERTYSET('0EWyZ1Ce3FL3zYFHZRLVYJ',#6,'Pset_BeamCommon',$,(#78,#79,#3204,#3206,#3650));
#4327=IFCPROPERTYSET('2ZYjJmG_m3A76U17OBvdWn',#6,'Pset_QuantityTakeOff',$,(#3204));
#4328=IFCPROPERTYSINGLEVALUE('Reference',$,IFCLABEL('Beam'),$);
#4329=IFCPROPERTYSET('0Rw$4ZTpDGYyHe20NSz1pK',#6,'Pset_ReinforcementBarPitchOfBeam',$,(#4328));
#4330=IFCRELDEFINESBYPROPERTIES('1eS3EJbcUcOlCayz6DcOIm',#6,$,$,(#4325),#4326);
#4331=IFCRELDEFINESBYPROPERTIES('2IOCSxwvO18pffCmCpPXVT',#6,$,$,(#4325),#4327);
#4332=IFCRELDEFINESBYPROPERTIES('2NepCiQm_KXmb5np7SPmIl',#6,$,$,(#4325),#4329);
#4333=IFCCARTESIANPOINT((4353.7857453789311,19431.361329759828,-150.));
#4334=IFCAXIS2PLACEMENT3D(#4333,#51,#3216);
#4335=IFCLOCALPLACEMENT(#32,#4334);
#4336=IFCCARTESIANPOINT((-2.7000623958883807E-013,5.4711790653527714E-013));
#4337=IFCAXIS2PLACEMENT2D(#4336,#44);
#4338=IFCRECTANGLEPROFILEDEF(.AREA.,'Beam',#4337,400.,200.);
#4339=IFCCARTESIANPOINT((-150.,25.,-200.));
#4340=IFCAXIS2PLACEMENT3D(#4339,#3183,#48);
#4341=IFCEXTRUDEDAREASOLID(#4338,#4340,#51,8120.0000000001728);
#4342=IFCSHAPEREPRESENTATION(#15,'Body','SweptSolid',(#4341));
#4343=IFCCARTESIANPOINT((7970.,0.));
#4344=IFCPOLYLINE((#3192,#4343));
#4345=IFCSHAPEREPRESENTATION(#14,'Axis','Curve2D',(#4344));
#4346=IFCPRODUCTDEFINITIONSHAPE($,$,(#4345,#4342));
#4347=IFCBEAM('3E_vhdbv52u81LR2Ne1uQh',#6,'Beam:Beam:326407',$,$,#4335,#4346,'326407');
#4348=IFCPROPERTYSET('30raVwetdqgC7F6L1xlA$4',#6,'Pset_BeamCommon',$,(#78,#79,#3204,#3206,#3650));
#4349=IFCPROPERTYSET('1LKAI_VN4svtVbEOIjF$CL',#6,'Pset_QuantityTakeOff',$,(#3204));
#4350=IFCPROPERTYSINGLEVALUE('Reference',$,IFCLABEL('Beam'),$);
#4351=IFCPROPERTYSET('1zzzUh1O8Iqf7VaCSJ0zQV',#6,'Pset_ReinforcementBarPitchOfBeam',$,(#4350));
#4352=IFCRELDEFINESBYPROPERTIES('3Vf_Xp5Djk3v98eGacd_m7',#6,$,$,(#4347),#4348);
#4353=IFCRELDEFINESBYPROPERTIES('0abVTn3cL4WjIDWGGktaK2',#6,$,$,(#4347),#4349);
#4354=IFCRELDEFINESBYPROPERTIES('0OOwKLprg3_gkGxtRiKBFJ',#6,$,$,(#4347),#4351);
#4355=IFCCARTESIANPOINT((7553.7857453789411,19431.36132975982,-150.));
#4356=IFCAXIS2PLACEMENT3D(#4355,#51,#3216);
#4357=IFCLOCALPLACEMENT(#32,#4356);
#4358=IFCCARTESIANPOINT((-2.7000623958883807E-013,0.));
#4359=IFCAXIS2PLACEMENT2D(#4358,#44);
#4360=IFCRECTANGLEPROFILEDEF(.AREA.,'Beam',#4359,400.,200.);
#4361=IFCCARTESIANPOINT((-150.,25.,-200.));
#4362=IFCAXIS2PLACEMENT3D(#4361,#3183,#48);
#4363=IFCEXTRUDEDAREASOLID(#4360,#4362,#51,8120.0000000001728);
#4364=IFCSHAPEREPRESENTATION(#15,'Body','SweptSolid',(#4363));
#4365=IFCCARTESIANPOINT((7970.,0.));
#4366=IFCPOLYLINE((#3192,#4365));
#4367=IFCSHAPEREPRESENTATION(#14,'Axis','Curve2D',(#4366));
#4368=IFCPRODUCTDEFINITIONSHAPE($,$,(#4367,#4364));
#4369=IFCBEAM('3E_vhdbv52u81LR2Ne1uQy',#6,'Beam:Beam:326416',$,$,#4357,#4368,'326416');
#4370=IFCPROPERTYSET('3hR2HgyeuczjA8EWQ8mX3J',#6,'Pset_BeamCommon',$,(#78,#79,#3204,#3206,#3650));
#4371=IFCPROPERTYSET('1IFcOZbjXxO4tlOxvqz$Vt',#6,'Pset_QuantityTakeOff',$,(#3204));
#4372=IFCPROPERTYSINGLEVALUE('Reference',$,IFCLABEL('Beam'),$);
#4373=IFCPROPERTYSET('2_fNDVdzDYImfCfDlw19Vm',#6,'Pset_ReinforcementBarPitchOfBeam',$,(#4372));
#4374=IFCRELDEFINESBYPROPERTIES('05ioxc2T6jUkHv$_Ho1ylC',#6,$,$,(#4369),#4370);
#4375=IFCRELDEFINESBYPROPERTIES('2gfHtPKMBbZRJjoxWHnCEm',#6,$,$,(#4369),#4371);
#4376=IFCRELDEFINESBYPROPERTIES('1kI5m2FtLfRNL8y3wkWhuZ',#6,$,$,(#4369),#4373);
#4377=IFCCARTESIANPOINT((10753.785745378942,19431.361329759809,-150.));
#4378=IFCAXIS2PLACEMENT3D(#4377,#51,#3216);
#4379=IFCLOCALPLACEMENT(#32,#4378);
#4380=IFCCARTESIANPOINT((-2.7000623958883807E-013,-1.0871303857129533E-012));
#4381=IFCAXIS2PLACEMENT2D(#4380,#44);
#4382=IFCRECTANGLEPROFILEDEF(.AREA.,'Beam',#4381,400.,200.);
#4383=IFCCARTESIANPOINT((-150.,25.,-200.));
#4384=IFCAXIS2PLACEMENT3D(#4383,#3183,#48);
#4385=IFCEXTRUDEDAREASOLID(#4382,#4384,#51,8120.0000000001728);
#4386=IFCSHAPEREPRESENTATION(#15,'Body','SweptSolid',(#4385));
#4387=IFCCARTESIANPOINT((7970.,0.));
#4388=IFCPOLYLINE((#3192,#4387));
#4389=IFCSHAPEREPRESENTATION(#14,'Axis','Curve2D',(#4388));
#4390=IFCPRODUCTDEFINITIONSHAPE($,$,(#4389,#4386));
#4391=IFCBEAM('3E_vhdbv52u81LR2Ne1uQr',#6,'Beam:Beam:326425',$,$,#4379,#4390,'326425');
#4392=IFCPROPERTYSET('1cqXHlck37fbeHuBoIG1Yr',#6,'Pset_BeamCommon',$,(#78,#79,#3204,#3206,#3650));
#4393=IFCPROPERTYSET('1oaU29E$EMQB3aVCKMqz9B',#6,'Pset_QuantityTakeOff',$,(#3204));
#4394=IFCPROPERTYSINGLEVALUE('Reference',$,IFCLABEL('Beam'),$);
#4395=IFCPROPERTYSET('33s3hM26oC5N$P$D6mB2Pu',#6,'Pset_ReinforcementBarPitchOfBeam',$,(#4394));
#4396=IFCRELDEFINESBYPROPERTIES('1Ss5dkJrZoftABpRg8YBGE',#6,$,$,(#4391),#4392);
#4397=IFCRELDEFINESBYPROPERTIES('2IrAc1J5F6zGLAeF_FsNfj',#6,$,$,(#4391),#4393);
#4398=IFCRELDEFINESBYPROPERTIES('3MS42Lw6x75FmwosEzRlSg',#6,$,$,(#4391),#4395);
#4399=IFCCARTESIANPOINT((13953.785745378942,19431.361329759802,-150.));
#4400=IFCAXIS2PLACEMENT3D(#4399,#51,#3216);
#4401=IFCLOCALPLACEMENT(#32,#4400);
#4402=IFCCARTESIANPOINT((-2.7000623958883807E-013,1.0871303857129533E-012));
#4403=IFCAXIS2PLACEMENT2D(#4402,#44);
#4404=IFCRECTANGLEPROFILEDEF(.AREA.,'Beam',#4403,400.,200.);
#4405=IFCCARTESIANPOINT((-150.,25.,-200.));
#4406=IFCAXIS2PLACEMENT3D(#4405,#3183,#48);
#4407=IFCEXTRUDEDAREASOLID(#4404,#4406,#51,8120.0000000001728);
#4408=IFCSHAPEREPRESENTATION(#15,'Body','SweptSolid',(#4407));
#4409=IFCCARTESIANPOINT((7970.,0.));
#4410=IFCPOLYLINE((#3192,#4409));
#4411=IFCSHAPEREPRESENTATION(#14,'Axis','Curve2D',(#4410));
#4412=IFCPRODUCTDEFINITIONSHAPE($,$,(#4411,#4408));
#4413=IFCBEAM('3E_vhdbv52u81LR2Ne1uQE',#6,'Beam:Beam:326434',$,$,#4401,#4412,'326434');
#4414=IFCPROPERTYSET('1H9vsJZn2KJJdUbUGF161S',#6,'Pset_BeamCommon',$,(#78,#79,#3204,#3206,#3650));
#4415=IFCPROPERTYSET('2l7$ijSMKWcC5lSvBD8rI_',#6,'Pset_QuantityTakeOff',$,(#3204));
#4416=IFCPROPERTYSINGLEVALUE('Reference',$,IFCLABEL('Beam'),$);
#4417=IFCPROPERTYSET('2mjvZAucHPNIGGviq_4Dc9',#6,'Pset_ReinforcementBarPitchOfBeam',$,(#4416));
#4418=IFCRELDEFINESBYPROPERTIES('0ZemtpKTGAxNFU2s4z13DJ',#6,$,$,(#4413),#4414);
#4419=IFCRELDEFINESBYPROPERTIES('1zi1UZ4Ctm13jsnctlZSkv',#6,$,$,(#4413),#4415);
#4420=IFCRELDEFINESBYPROPERTIES('0Y7t_9xRKHLWMudNhK9gOZ',#6,$,$,(#4413),#4417);
#4421=IFCCARTESIANPOINT((17153.785745378944,19431.361329759795,-150.));
#4422=IFCAXIS2PLACEMENT3D(#4421,#51,#3216);
#4423=IFCLOCALPLACEMENT(#32,#4422);
#4424=IFCCARTESIANPOINT((-2.7000623958883807E-013,1.0871303857129533E-012));
#4425=IFCAXIS2PLACEMENT2D(#4424,#44);
#4426=IFCRECTANGLEPROFILEDEF(.AREA.,'Beam',#4425,400.,200.);
#4427=IFCCARTESIANPOINT((-150.,25.,-200.));
#4428=IFCAXIS2PLACEMENT3D(#4427,#3183,#48);
#4429=IFCEXTRUDEDAREASOLID(#4426,#4428,#51,8120.0000000001728);
#4430=IFCSHAPEREPRESENTATION(#15,'Body','SweptSolid',(#4429));
#4431=IFCCARTESIANPOINT((7970.,0.));
#4432=IFCPOLYLINE((#3192,#4431));
#4433=IFCSHAPEREPRESENTATION(#14,'Axis','Curve2D',(#4432));
#4434=IFCPRODUCTDEFINITIONSHAPE($,$,(#4433,#4430));
#4435=IFCBEAM('3E_vhdbv52u81LR2Ne1uQ7',#6,'Beam:Beam:326443',$,$,#4423,#4434,'326443');
#4436=IFCPROPERTYSET('19ucLnWKA1pbqW8YGRzwNA',#6,'Pset_BeamCommon',$,(#78,#79,#3204,#3206,#3650));
#4437=IFCPROPERTYSET('3bRarSUrMYgDhPk8tDgmEP',#6,'Pset_QuantityTakeOff',$,(#3204));
#4438=IFCPROPERTYSINGLEVALUE('Reference',$,IFCLABEL('Beam'),$);
#4439=IFCPROPERTYSET('3RX$6rNdJekmKX7IxW89dx',#6,'Pset_ReinforcementBarPitchOfBeam',$,(#4438));
#4440=IFCRELDEFINESBYPROPERTIES('3f3GZpMnTv1qHv7dLIZ$01',#6,$,$,(#4435),#4436);
#4441=IFCRELDEFINESBYPROPERTIES('3emzgqwEly5dxkOr5aVEkX',#6,$,$,(#4435),#4437);
#4442=IFCRELDEFINESBYPROPERTIES('2q7_MX0jWz32g1d2PNVOGm',#6,$,$,(#4435),#4439);
#4443=IFCCARTESIANPOINT((20353.785745378944,19431.361329759784,-150.));
#4444=IFCAXIS2PLACEMENT3D(#4443,#51,#3216);
#4445=IFCLOCALPLACEMENT(#32,#4444);
#4446=IFCCARTESIANPOINT((-2.7000623958883807E-013,-2.1671553440683056E-012));
#4447=IFCAXIS2PLACEMENT2D(#4446,#44);
#4448=IFCRECTANGLEPROFILEDEF(.AREA.,'Beam',#4447,400.,200.00000000000216);
#4449=IFCCARTESIANPOINT((-150.,25.,-200.));
#4450=IFCAXIS2PLACEMENT3D(#4449,#3183,#48);
#4451=IFCEXTRUDEDAREASOLID(#4448,#4450,#51,8120.0000000001728);
#4452=IFCSHAPEREPRESENTATION(#15,'Body','SweptSolid',(#4451));
#4453=IFCCARTESIANPOINT((7970.,0.));
#4454=IFCPOLYLINE((#3192,#4453));
#4455=IFCSHAPEREPRESENTATION(#14,'Axis','Curve2D',(#4454));
#4456=IFCPRODUCTDEFINITIONSHAPE($,$,(#4455,#4452));
#4457=IFCBEAM('3E_vhdbv52u81LR2Ne1uQO',#6,'Beam:Beam:326452',$,$,#4445,#4456,'326452');
#4458=IFCPROPERTYSET('1I4ZIVG25Mrl9kQttg1QU3',#6,'Pset_BeamCommon',$,(#78,#79,#3204,#3206,#3650));
#4459=IFCPROPERTYSET('0eM4Jb_brqUaLggbr0hk86',#6,'Pset_QuantityTakeOff',$,(#3204));
#4460=IFCPROPERTYSINGLEVALUE('Reference',$,IFCLABEL('Beam'),$);
#4461=IFCPROPERTYSET('3MDJWOZ9Es_geqOdaWAEoN',#6,'Pset_ReinforcementBarPitchOfBeam',$,(#4460));
#4462=IFCRELDEFINESBYPROPERTIES('2p1IL6KvM4i$p3lynRyLjT',#6,$,$,(#4457),#4458);
#4463=IFCRELDEFINESBYPROPERTIES('3j3TRFWI$a4O4Eo2qTpWRD',#6,$,$,(#4457),#4459);
#4464=IFCRELDEFINESBYPROPERTIES('3PPXA$UjSthMx1piepKpKH',#6,$,$,(#4457),#4461);
#4465=IFCAXIS2PLACEMENT3D(#10,$,$);
#4466=IFCLOCALPLACEMENT(#32,#4465);
#4467=IFCCARTESIANPOINT((0.,1.8189894035458565E-012));
#4468=IFCAXIS2PLACEMENT2D(#4467,#44);
#4469=IFCRECTANGLEPROFILEDEF(.AREA.,$,#4468,42554.999999999942,63999.999999999971);
#4470=IFCCARTESIANPOINT((-2021.2142546211192,-1836.1386702402156,0.));
#4471=IFCAXIS2PLACEMENT3D(#4470,#48,#49);
#4472=IFCEXTRUDEDAREASOLID(#4469,#4471,#51,119.99999999999979);
#4473=IFCCARTESIANPOINT((0.,0.));
#4474=IFCAXIS2PLACEMENT2D(#4473,#44);
#4475=IFCRECTANGLEPROFILEDEF(.AREA.,$,#4474,9400.0000000000036,3200.);
#4476=IFCCARTESIANPOINT((25178.785745378907,3361.3613297595657,-120.));
#4477=IFCAXIS2PLACEMENT3D(#4476,#51,#49);
#4478=IFCEXTRUDEDAREASOLID(#4475,#4477,#51,119.99999999999979);
#4479=IFCBOOLEANRESULT(.DIFFERENCE.,#4472,#4478);
#4480=IFCCOLOURRGB($,0.49803921568627452,0.49803921568627452,0.49803921568627452);
#4481=IFCSURFACESTYLERENDERING(#4480,0.,$,$,$,$,IFCNORMALISEDRATIOMEASURE(0.5),IFCSPECULAREXPONENT(64.),.NOTDEFINED.);
#4482=IFCSURFACESTYLE('Default Floor',.BOTH.,(#4481));
#4483=IFCPRESENTATIONSTYLEASSIGNMENT((#4482));
#4484=IFCSTYLEDITEM(#4472,(#4483),$);
#4485=IFCSHAPEREPRESENTATION(#15,'Body','CSG',(#4479));
#4486=IFCPRODUCTDEFINITIONSHAPE($,$,(#4485));
#4487=IFCSLAB('2pNQm$eHn1$wzB9nyPhlAo',#6,'Floor:Generic 150mm:326478',$,$,#4466,#4486,'326478',.FLOOR.);
#4488=IFCCARTESIANPOINT((25178.785745378907,3361.3613297595648));
#4489=IFCDIRECTION((0.,-1.));
#4490=IFCAXIS2PLACEMENT2D(#4488,#4489);
#4491=IFCRECTANGLEPROFILEDEF(.AREA.,$,#4490,9400.0000000000018,3200.);
#4492=IFCAXIS2PLACEMENT3D(#10,$,$);
#4493=IFCEXTRUDEDAREASOLID(#4491,#4492,#48,119.99999999999979);
#4494=IFCSHAPEREPRESENTATION(#15,'Body','SweptSolid',(#4493));
#4495=IFCPRODUCTDEFINITIONSHAPE($,$,(#4494));
#4496=IFCAXIS2PLACEMENT3D(#10,$,$);
#4497=IFCLOCALPLACEMENT(#4466,#4496);
#4498=IFCOPENINGELEMENT('3VJ8$b__h7P6Ij0gH2Lk$l',#6,'Floor:Generic 150mm:1238',$,'Opening',#4497,#4495,'326527');
#4499=IFCRELVOIDSELEMENT('3Zoy39sLUM1hU4EX$4Slg7',#6,$,$,#4487,#4498);
#4500=IFCSLABTYPE('3kSL0VGKv3gxJCujeqtueK',#6,'Floor:Generic 150mm',$,$,$,$,'1238',$,.FLOOR.);
#4501=IFCMATERIAL('Default Floor');
#4502=IFCPRESENTATIONSTYLEASSIGNMENT((#4482));
#4503=IFCSTYLEDITEM($,(#4502),$);
#4504=IFCSTYLEDREPRESENTATION(#13,'Style','Material',(#4503));
#4505=IFCMATERIALDEFINITIONREPRESENTATION($,$,(#4504),#4501);
#4506=IFCMATERIALLAYER(#4501,120.,$);
#4507=IFCMATERIALLAYERSET((#4506),'Floor:Generic 150mm');
#4508=IFCMATERIALLAYERSETUSAGE(#4507,.AXIS3.,.POSITIVE.,0.);
#4509=IFCPROPERTYSINGLEVALUE('Reference',$,IFCIDENTIFIER('Generic 150mm'),$);
#4510=IFCPROPERTYSET('2zpsUJ2tAYAowae8gAHT6j',#6,'Pset_QuantityTakeOff',$,(#4509));
#4511=IFCPROPERTYSINGLEVALUE('Reference',$,IFCLABEL('Generic 150mm'),$);
#4512=IFCPROPERTYSET('1yvj3qtxlZEoVm0SFfMvhg',#6,'Pset_ReinforcementBarPitchOfSlab',$,(#4511));
#4513=IFCPROPERTYSINGLEVALUE('LoadBearing',$,IFCBOOLEAN(.F.),$);
#4514=IFCPROPERTYSET('388blq8mz0e0oozQMQSKzU',#6,'Pset_SlabCommon',$,(#78,#80,#4509,#4513));
#4515=IFCPROPERTYSET('0z8rBhWmV06BA3$FfHpAgz',#6,'Pset_OpeningElementCommon',$,(#4509));
#4516=IFCPROPERTYSET('0Q1QZgULEGy5TWfltLX8hz',#6,'Pset_QuantityTakeOff',$,(#4509));
#4517=IFCRELDEFINESBYPROPERTIES('3pVS76KszRiqTyFSmT7_qb',#6,$,$,(#4487),#4510);
#4518=IFCRELDEFINESBYPROPERTIES('3F8L7GNG0cGV4cWwC0I6lC',#6,$,$,(#4487),#4512);
#4519=IFCRELDEFINESBYPROPERTIES('3yxgWuP9I4D5ZyINrczhue',#6,$,$,(#4487),#4514);
#4520=IFCRELDEFINESBYPROPERTIES('3_TUGuRL135Q7BMZS1mFQx',#6,$,$,(#4498),#4515);
#4521=IFCRELDEFINESBYPROPERTIES('3G12qPWgN5R$2JUad8w3NT',#6,$,$,(#4498),#4516);
#4522=IFCCARTESIANPOINT((0.,0.));
#4523=IFCAXIS2PLACEMENT2D(#4522,#44);
#4524=IFCRECTANGLEPROFILEDEF(.AREA.,'330x360',#4523,330.,359.99999999999994);
#4525=IFCCARTESIANPOINT((-65.,80.,3500.));
#4526=IFCAXIS2PLACEMENT3D(#4525,#51,#1725);
#4527=IFCEXTRUDEDAREASOLID(#4524,#4526,#51,3500.0000000000005);
#4528=IFCSTYLEDITEM(#4527,(#1731),$);
#4529=IFCSHAPEREPRESENTATION(#15,'Body','SweptSolid',(#4527));
#4530=IFCAXIS2PLACEMENT3D(#10,$,$);
#4531=IFCREPRESENTATIONMAP(#4530,#4529);
#4532=IFCCOLUMNTYPE('2pNQm$eHn1$wzB9nyPhm2m',#6,'Column:330x360',$,$,(#4547),(#4531),'310569',$,.COLUMN.);
#4533=IFCMAPPEDITEM(#4531,#1742);
#4534=IFCSHAPEREPRESENTATION(#15,'Body','MappedRepresentation',(#4533));
#4535=IFCPRODUCTDEFINITIONSHAPE($,$,(#4534));
#4536=IFCCARTESIANPOINT((-34021.214254621133,-20363.63867024022,-3500.));
#4537=IFCAXIS2PLACEMENT3D(#4536,$,$);
#4538=IFCLOCALPLACEMENT(#32,#4537);
#4539=IFCCOLUMN('2pNQm$eHn1$wzB9nyPhlNH',#6,'Column:330x360:326701',$,$,#4538,#4535,'326701');
#4540=IFCPROPERTYSET('1HJB4ozX5zZHVx3ykBCLsI',#6,'Pset_ColumnCommon',$,(#78,#79,#1750));
#4541=IFCPROPERTYSET('2Wy1GqoDye8XEawSktSL9$',#6,'Pset_QuantityTakeOff',$,(#1750));
#4542=IFCPROPERTYSINGLEVALUE('Reference',$,IFCLABEL('330x360'),$);
#4543=IFCPROPERTYSET('16tsQ_uHjhBA3wM8lKGkR5',#6,'Pset_ReinforcementBarPitchOfColumn',$,(#4542));
#4544=IFCRELDEFINESBYPROPERTIES('2Ln6IOpfNrokN6hTIQhNIr',#6,$,$,(#4539),#4540);
#4545=IFCRELDEFINESBYPROPERTIES('0iyk9K8TOOuW10pvN0otCb',#6,$,$,(#4539),#4541);
#4546=IFCRELDEFINESBYPROPERTIES('2feuKGs_u8UXPFdRzJVLRy',#6,$,$,(#4539),#4543);
#4547=IFCPROPERTYSET('2SAKAbe1NVjKsxMhPGDUcR',#6,'Pset_ColumnCommon',$,(#79));
#4548=IFCCARTESIANPOINT((-7.1054273576010019E-015,0.));
#4549=IFCAXIS2PLACEMENT2D(#4548,#44);
#4550=IFCRECTANGLEPROFILEDEF(.AREA.,'200x360',#4549,200.,359.99999999999994);
#4551=IFCCARTESIANPOINT((0.,80.,3500.));
#4552=IFCAXIS2PLACEMENT3D(#4551,#51,#1725);
#4553=IFCEXTRUDEDAREASOLID(#4550,#4552,#51,3500.0000000000005);
#4554=IFCSTYLEDITEM(#4553,(#1731),$);
#4555=IFCSHAPEREPRESENTATION(#15,'Body','SweptSolid',(#4553));
#4556=IFCAXIS2PLACEMENT3D(#10,$,$);
#4557=IFCREPRESENTATIONMAP(#4556,#4555);
#4558=IFCCOLUMNTYPE('2pNQm$eHn1$wzB9nyPhm2n',#6,'Column:200x360',$,$,(#4573),(#4557),'310489',$,.COLUMN.);
#4559=IFCMAPPEDITEM(#4557,#1742);
#4560=IFCSHAPEREPRESENTATION(#15,'Body','MappedRepresentation',(#4559));
#4561=IFCPRODUCTDEFINITIONSHAPE($,$,(#4560));
#4562=IFCCARTESIANPOINT((-30821.214254621169,-20363.638670240256,-3500.));
#4563=IFCAXIS2PLACEMENT3D(#4562,$,$);
#4564=IFCLOCALPLACEMENT(#32,#4563);
#4565=IFCCOLUMN('2pNQm$eHn1$wzB9nyPhlNI',#6,'Column:200x360:326702',$,$,#4564,#4561,'326702');
#4566=IFCPROPERTYSET('2mVAWrF4C2t6mYUq8O2OWB',#6,'Pset_ColumnCommon',$,(#78,#79,#1777));
#4567=IFCPROPERTYSET('1Ts$9g3wD3ZX$3xN9tI9my',#6,'Pset_QuantityTakeOff',$,(#1777));
#4568=IFCPROPERTYSINGLEVALUE('Reference',$,IFCLABEL('200x360'),$);
#4569=IFCPROPERTYSET('21HKCf0_ymv8pc42uf2bhg',#6,'Pset_ReinforcementBarPitchOfColumn',$,(#4568));
#4570=IFCRELDEFINESBYPROPERTIES('3RsF3KtN6folPnWKr$RPU3',#6,$,$,(#4565),#4566);
#4571=IFCRELDEFINESBYPROPERTIES('1$8R6Oxi1aWT8KhPlUeLad',#6,$,$,(#4565),#4567);
#4572=IFCRELDEFINESBYPROPERTIES('1cqOIgeE5mfrDDJ5wQKVmu',#6,$,$,(#4565),#4569);
#4573=IFCPROPERTYSET('0iFL_7utsjnub239SmQTYN',#6,'Pset_ColumnCommon',$,(#79));
#4574=IFCMAPPEDITEM(#4557,#1742);
#4575=IFCSHAPEREPRESENTATION(#15,'Body','MappedRepresentation',(#4574));
#4576=IFCPRODUCTDEFINITIONSHAPE($,$,(#4575));
#4577=IFCCARTESIANPOINT((-27621.214254621173,-20363.638670240263,-3500.));
#4578=IFCAXIS2PLACEMENT3D(#4577,$,$);
#4579=IFCLOCALPLACEMENT(#32,#4578);
#4580=IFCCOLUMN('2pNQm$eHn1$wzB9nyPhlNJ',#6,'Column:200x360:326703',$,$,#4579,#4576,'326703');
#4581=IFCPROPERTYSET('3IMoAzRjQJ9uYpAiGkOdGk',#6,'Pset_ColumnCommon',$,(#78,#79,#1777));
#4582=IFCPROPERTYSET('3WCY_jfMtLe9fs$Efq2aAK',#6,'Pset_QuantityTakeOff',$,(#1777));
#4583=IFCPROPERTYSINGLEVALUE('Reference',$,IFCLABEL('200x360'),$);
#4584=IFCPROPERTYSET('0LDIwFZOv7Fvkw_CZP2Avu',#6,'Pset_ReinforcementBarPitchOfColumn',$,(#4583));
#4585=IFCRELDEFINESBYPROPERTIES('04OEXmWtM06Im0tmOdHHZ2',#6,$,$,(#4580),#4581);
#4586=IFCRELDEFINESBYPROPERTIES('0sZ6HXVm9Mtq2p82ebzK7A',#6,$,$,(#4580),#4582);
#4587=IFCRELDEFINESBYPROPERTIES('0YTgtApHJwWDgbOfzUk3uu',#6,$,$,(#4580),#4584);
#4588=IFCMAPPEDITEM(#4557,#1742);
#4589=IFCSHAPEREPRESENTATION(#15,'Body','MappedRepresentation',(#4588));
#4590=IFCPRODUCTDEFINITIONSHAPE($,$,(#4589));
#4591=IFCCARTESIANPOINT((-24421.214254621165,-20363.638670240274,-3500.));
#4592=IFCAXIS2PLACEMENT3D(#4591,$,$);
#4593=IFCLOCALPLACEMENT(#32,#4592);
#4594=IFCCOLUMN('2pNQm$eHn1$wzB9nyPhlNC',#6,'Column:200x360:326704',$,$,#4593,#4590,'326704');
#4595=IFCPROPERTYSET('1D03AoIJQz8kYRyVFcGbwp',#6,'Pset_ColumnCommon',$,(#78,#79,#1777));
#4596=IFCPROPERTYSET('3OvyO935LJSPvSSbdwdyIy',#6,'Pset_QuantityTakeOff',$,(#1777));
#4597=IFCPROPERTYSINGLEVALUE('Reference',$,IFCLABEL('200x360'),$);
#4598=IFCPROPERTYSET('2e3hfd8CGg1VWheuylzgR8',#6,'Pset_ReinforcementBarPitchOfColumn',$,(#4597));
#4599=IFCRELDEFINESBYPROPERTIES('3YzouJPjuDAZcoagNaQHbF',#6,$,$,(#4594),#4595);
#4600=IFCRELDEFINESBYPROPERTIES('3nDGFy_c4g9e43i6ygxbtI',#6,$,$,(#4594),#4596);
#4601=IFCRELDEFINESBYPROPERTIES('1Nf$8GyVzQuYPx7uilNZze',#6,$,$,(#4594),#4598);
#4602=IFCMAPPEDITEM(#4557,#1742);
#4603=IFCSHAPEREPRESENTATION(#15,'Body','MappedRepresentation',(#4602));
#4604=IFCPRODUCTDEFINITIONSHAPE($,$,(#4603));
#4605=IFCCARTESIANPOINT((-21221.214254621165,-20363.638670240281,-3500.));
#4606=IFCAXIS2PLACEMENT3D(#4605,$,$);
#4607=IFCLOCALPLACEMENT(#32,#4606);
#4608=IFCCOLUMN('2pNQm$eHn1$wzB9nyPhlND',#6,'Column:200x360:326705',$,$,#4607,#4604,'326705');
#4609=IFCPROPERTYSET('1zsaTv2WhH3qbyVJMcuj$e',#6,'Pset_ColumnCommon',$,(#78,#79,#1777));
#4610=IFCPROPERTYSET('188gvFpvemvhb_j9NCohJg',#6,'Pset_QuantityTakeOff',$,(#1777));
#4611=IFCPROPERTYSINGLEVALUE('Reference',$,IFCLABEL('200x360'),$);
#4612=IFCPROPERTYSET('3BxL8ellUU36tBtmWnD5ju',#6,'Pset_ReinforcementBarPitchOfColumn',$,(#4611));
#4613=IFCRELDEFINESBYPROPERTIES('1KsmED_AWXrAaeK6gM3nw9',#6,$,$,(#4608),#4609);
#4614=IFCRELDEFINESBYPROPERTIES('1Jem8A7mkaIXHjyS7B$Gis',#6,$,$,(#4608),#4610);
#4615=IFCRELDEFINESBYPROPERTIES('0qQJqRN7_twFAVBpcgluM_',#6,$,$,(#4608),#4612);
#4616=IFCMAPPEDITEM(#4557,#1742);
#4617=IFCSHAPEREPRESENTATION(#15,'Body','MappedRepresentation',(#4616));
#4618=IFCPRODUCTDEFINITIONSHAPE($,$,(#4617));
#4619=IFCCARTESIANPOINT((-18021.214254621162,-20363.638670240292,-3500.));
#4620=IFCAXIS2PLACEMENT3D(#4619,$,$);
#4621=IFCLOCALPLACEMENT(#32,#4620);
#4622=IFCCOLUMN('2pNQm$eHn1$wzB9nyPhlNE',#6,'Column:200x360:326706',$,$,#4621,#4618,'326706');
#4623=IFCPROPERTYSET('0BSEG3cj3N$QCjUc_ud09F',#6,'Pset_ColumnCommon',$,(#78,#79,#1777));
#4624=IFCPROPERTYSET('2_$brN98kkqJ5wq2uQ7ps0',#6,'Pset_QuantityTakeOff',$,(#1777));
#4625=IFCPROPERTYSINGLEVALUE('Reference',$,IFCLABEL('200x360'),$);
#4626=IFCPROPERTYSET('2Xvq0TE2mk16gYSptyVxmW',#6,'Pset_ReinforcementBarPitchOfColumn',$,(#4625));
#4627=IFCRELDEFINESBYPROPERTIES('3yXhNWaqaV2tjgkFqQa5ri',#6,$,$,(#4622),#4623);
#4628=IFCRELDEFINESBYPROPERTIES('1WvO$yM13eoVbeT$E8eWz$',#6,$,$,(#4622),#4624);
#4629=IFCRELDEFINESBYPROPERTIES('0q1_mF8ZInOcTqyzenQ1oO',#6,$,$,(#4622),#4626);
#4630=IFCMAPPEDITEM(#4557,#1742);
#4631=IFCSHAPEREPRESENTATION(#15,'Body','MappedRepresentation',(#4630));
#4632=IFCPRODUCTDEFINITIONSHAPE($,$,(#4631));
#4633=IFCCARTESIANPOINT((-14821.214254621162,-20363.6386702403,-3500.));
#4634=IFCAXIS2PLACEMENT3D(#4633,$,$);
#4635=IFCLOCALPLACEMENT(#32,#4634);
#4636=IFCCOLUMN('2pNQm$eHn1$wzB9nyPhlNF',#6,'Column:200x360:326707',$,$,#4635,#4632,'326707');
#4637=IFCPROPERTYSET('1ei7Q$NcZMUYr7T2GiVYnU',#6,'Pset_ColumnCommon',$,(#78,#79,#1777));
#4638=IFCPROPERTYSET('0n5L1dwyF1$ZrRAzAJBhRn',#6,'Pset_QuantityTakeOff',$,(#1777));
#4639=IFCPROPERTYSINGLEVALUE('Reference',$,IFCLABEL('200x360'),$);
#4640=IFCPROPERTYSET('3SSQ6LUo3Hvo$X$gcg4ksQ',#6,'Pset_ReinforcementBarPitchOfColumn',$,(#4639));
#4641=IFCRELDEFINESBYPROPERTIES('3$7sfugkthLoBS3ZxAI6P0',#6,$,$,(#4636),#4637);
#4642=IFCRELDEFINESBYPROPERTIES('2SoUUsyar$P7vTIho9rvaN',#6,$,$,(#4636),#4638);
#4643=IFCRELDEFINESBYPROPERTIES('1gZvq7TgOQtTgT38vjV7Aq',#6,$,$,(#4636),#4640);
#4644=IFCMAPPEDITEM(#4557,#1742);
#4645=IFCSHAPEREPRESENTATION(#15,'Body','MappedRepresentation',(#4644));
#4646=IFCPRODUCTDEFINITIONSHAPE($,$,(#4645));
#4647=IFCCARTESIANPOINT((-11621.214254621162,-20363.638670240307,-3500.));
#4648=IFCAXIS2PLACEMENT3D(#4647,$,$);
#4649=IFCLOCALPLACEMENT(#32,#4648);
#4650=IFCCOLUMN('2pNQm$eHn1$wzB9nyPhlN8',#6,'Column:200x360:326708',$,$,#4649,#4646,'326708');
#4651=IFCPROPERTYSET('1wQxYGrYtZuS_FOByKNK8k',#6,'Pset_ColumnCommon',$,(#78,#79,#1777));
#4652=IFCPROPERTYSET('2mPs1Yr1o$kxoWAnPo6ESA',#6,'Pset_QuantityTakeOff',$,(#1777));
#4653=IFCPROPERTYSINGLEVALUE('Reference',$,IFCLABEL('200x360'),$);
#4654=IFCPROPERTYSET('0s8K4K_NjzLfqwo4pI8CG3',#6,'Pset_ReinforcementBarPitchOfColumn',$,(#4653));
#4655=IFCRELDEFINESBYPROPERTIES('2VetEeYTOgVJ4PdzDVJhKs',#6,$,$,(#4650),#4651);
#4656=IFCRELDEFINESBYPROPERTIES('2TKmbGe$ibAENqlumb6VBO',#6,$,$,(#4650),#4652);
#4657=IFCRELDEFINESBYPROPERTIES('1iMtTkysjfD3ZGLZl2TBCd',#6,$,$,(#4650),#4654);
#4658=IFCMAPPEDITEM(#4557,#1742);
#4659=IFCSHAPEREPRESENTATION(#15,'Body','MappedRepresentation',(#4658));
#4660=IFCPRODUCTDEFINITIONSHAPE($,$,(#4659));
#4661=IFCCARTESIANPOINT((-8421.2142546211617,-20363.638670240318,-3500.));
#4662=IFCAXIS2PLACEMENT3D(#4661,$,$);
#4663=IFCLOCALPLACEMENT(#32,#4662);
#4664=IFCCOLUMN('2pNQm$eHn1$wzB9nyPhlN9',#6,'Column:200x360:326709',$,$,#4663,#4660,'326709');
#4665=IFCPROPERTYSET('0f_oDIkh4uRYqJtMOEdCFi',#6,'Pset_ColumnCommon',$,(#78,#79,#1777));
#4666=IFCPROPERTYSET('222gOG5jpxz8JJ6ye$bHnV',#6,'Pset_QuantityTakeOff',$,(#1777));
#4667=IFCPROPERTYSINGLEVALUE('Reference',$,IFCLABEL('200x360'),$);
#4668=IFCPROPERTYSET('2MjKU5LuIC6YQIznyZYxVs',#6,'Pset_ReinforcementBarPitchOfColumn',$,(#4667));
#4669=IFCRELDEFINESBYPROPERTIES('0UbVydF6Z3bBLznqBVmja6',#6,$,$,(#4664),#4665);
#4670=IFCRELDEFINESBYPROPERTIES('0pDdi8lTuGvcXyeCo1sBsn',#6,$,$,(#4664),#4666);
#4671=IFCRELDEFINESBYPROPERTIES('2C3NOD2X8ciHWTt1Vul12a',#6,$,$,(#4664),#4668);
#4672=IFCMAPPEDITEM(#4557,#1742);
#4673=IFCSHAPEREPRESENTATION(#15,'Body','MappedRepresentation',(#4672));
#4674=IFCPRODUCTDEFINITIONSHAPE($,$,(#4673));
#4675=IFCCARTESIANPOINT((-5221.2142546211526,-20363.638670240325,-3500.));
#4676=IFCAXIS2PLACEMENT3D(#4675,$,$);
#4677=IFCLOCALPLACEMENT(#32,#4676);
#4678=IFCCOLUMN('2pNQm$eHn1$wzB9nyPhlNA',#6,'Column:200x360:326710',$,$,#4677,#4674,'326710');
#4679=IFCPROPERTYSET('2X8LWwob4FrOyKp9sSO7Tb',#6,'Pset_ColumnCommon',$,(#78,#79,#1777));
#4680=IFCPROPERTYSET('1QuokVp831asAAKyOOcJv5',#6,'Pset_QuantityTakeOff',$,(#1777));
#4681=IFCPROPERTYSINGLEVALUE('Reference',$,IFCLABEL('200x360'),$);
#4682=IFCPROPERTYSET('0tO7lyYpJtZ72ohDSNdzkh',#6,'Pset_ReinforcementBarPitchOfColumn',$,(#4681));
#4683=IFCRELDEFINESBYPROPERTIES('3snozhP$xO52HzRiXXUPEb',#6,$,$,(#4678),#4679);
#4684=IFCRELDEFINESBYPROPERTIES('3VRAkb_D9V$YDk8UXssNmG',#6,$,$,(#4678),#4680);
#4685=IFCRELDEFINESBYPROPERTIES('3KZAuj_cql86jnSfKlLFwU',#6,$,$,(#4678),#4682);
#4686=IFCMAPPEDITEM(#4557,#1742);
#4687=IFCSHAPEREPRESENTATION(#15,'Body','MappedRepresentation',(#4686));
#4688=IFCPRODUCTDEFINITIONSHAPE($,$,(#4687));
#4689=IFCCARTESIANPOINT((1178.7857453788477,-20363.638670240347,-3500.));
#4690=IFCAXIS2PLACEMENT3D(#4689,$,$);
#4691=IFCLOCALPLACEMENT(#32,#4690);
#4692=IFCCOLUMN('2pNQm$eHn1$wzB9nyPhlNB',#6,'Column:200x360:326711',$,$,#4691,#4688,'326711');
#4693=IFCPROPERTYSET('3eWoW_F_g$0GdAtXIE7udy',#6,'Pset_ColumnCommon',$,(#78,#79,#1777));
#4694=IFCPROPERTYSET('0CCMJ4Jr1e7IEWqVwBrWwQ',#6,'Pset_QuantityTakeOff',$,(#1777));
#4695=IFCPROPERTYSINGLEVALUE('Reference',$,IFCLABEL('200x360'),$);
#4696=IFCPROPERTYSET('398CdfVjcoH$N2aOkEbUXN',#6,'Pset_ReinforcementBarPitchOfColumn',$,(#4695));
#4697=IFCRELDEFINESBYPROPERTIES('0lbp8URkYx4U75APg$fIJ0',#6,$,$,(#4692),#4693);
#4698=IFCRELDEFINESBYPROPERTIES('02SjxjWaV7WNAaEO$PUmev',#6,$,$,(#4692),#4694);
#4699=IFCRELDEFINESBYPROPERTIES('1k3$sp1Zmx5AP_axM20kn4',#6,$,$,(#4692),#4696);
#4700=IFCMAPPEDITEM(#4557,#1742);
#4701=IFCSHAPEREPRESENTATION(#15,'Body','MappedRepresentation',(#4700));
#4702=IFCPRODUCTDEFINITIONSHAPE($,$,(#4701));
#4703=IFCCARTESIANPOINT((4378.7857453788556,-20363.638670240354,-3500.));
#4704=IFCAXIS2PLACEMENT3D(#4703,$,$);
#4705=IFCLOCALPLACEMENT(#32,#4704);
#4706=IFCCOLUMN('2pNQm$eHn1$wzB9nyPhlN4',#6,'Column:200x360:326712',$,$,#4705,#4702,'326712');
#4707=IFCPROPERTYSET('1ia$GQVCkbZ6c3uGrYSFtD',#6,'Pset_ColumnCommon',$,(#78,#79,#1777));
#4708=IFCPROPERTYSET('2o5IqYDggBGQJqXP6oEYWo',#6,'Pset_QuantityTakeOff',$,(#1777));
#4709=IFCPROPERTYSINGLEVALUE('Reference',$,IFCLABEL('200x360'),$);
#4710=IFCPROPERTYSET('3H2KMshK4r45IaZzlebIe8',#6,'Pset_ReinforcementBarPitchOfColumn',$,(#4709));
#4711=IFCRELDEFINESBYPROPERTIES('2k_nS7labNuy804YL8RyaG',#6,$,$,(#4706),#4707);
#4712=IFCRELDEFINESBYPROPERTIES('2PkJ0HzkD2zFVa8$ZD$6t5',#6,$,$,(#4706),#4708);
#4713=IFCRELDEFINESBYPROPERTIES('28rYAnEtfvg7Wnke5n95DF',#6,$,$,(#4706),#4710);
#4714=IFCMAPPEDITEM(#4557,#1742);
#4715=IFCSHAPEREPRESENTATION(#15,'Body','MappedRepresentation',(#4714));
#4716=IFCPRODUCTDEFINITIONSHAPE($,$,(#4715));
#4717=IFCCARTESIANPOINT((7578.7857453788656,-20363.638670240365,-3500.));
#4718=IFCAXIS2PLACEMENT3D(#4717,$,$);
#4719=IFCLOCALPLACEMENT(#32,#4718);
#4720=IFCCOLUMN('2pNQm$eHn1$wzB9nyPhlN5',#6,'Column:200x360:326713',$,$,#4719,#4716,'326713');
#4721=IFCPROPERTYSET('0aBabZkONYNs5Ktzo6YPO3',#6,'Pset_ColumnCommon',$,(#78,#79,#1777));
#4722=IFCPROPERTYSET('2UZK0mcEjERib2xcnyogtS',#6,'Pset_QuantityTakeOff',$,(#1777));
#4723=IFCPROPERTYSINGLEVALUE('Reference',$,IFCLABEL('200x360'),$);
#4724=IFCPROPERTYSET('1tnMgSwmZ8Mjl$FUrMNYb8',#6,'Pset_ReinforcementBarPitchOfColumn',$,(#4723));
#4725=IFCRELDEFINESBYPROPERTIES('39Bl0o3TuqVVtpOluk$Eng',#6,$,$,(#4720),#4721);
#4726=IFCRELDEFINESBYPROPERTIES('2qDnoqT2VGn066pleSgpz2',#6,$,$,(#4720),#4722);
#4727=IFCRELDEFINESBYPROPERTIES('1SElPyY0YXRz8JZVrfRMiG',#6,$,$,(#4720),#4724);
#4728=IFCMAPPEDITEM(#4557,#1742);
#4729=IFCSHAPEREPRESENTATION(#15,'Body','MappedRepresentation',(#4728));
#4730=IFCPRODUCTDEFINITIONSHAPE($,$,(#4729));
#4731=IFCCARTESIANPOINT((10778.785745378866,-20363.638670240372,-3500.));
#4732=IFCAXIS2PLACEMENT3D(#4731,$,$);
#4733=IFCLOCALPLACEMENT(#32,#4732);
#4734=IFCCOLUMN('2pNQm$eHn1$wzB9nyPhlN6',#6,'Column:200x360:326714',$,$,#4733,#4730,'326714');
#4735=IFCPROPERTYSET('1rQrvFr9NfG6CxMT34qFTR',#6,'Pset_ColumnCommon',$,(#78,#79,#1777));
#4736=IFCPROPERTYSET('0WyuvUzKJnNaTuqCdCgnIV',#6,'Pset_QuantityTakeOff',$,(#1777));
#4737=IFCPROPERTYSINGLEVALUE('Reference',$,IFCLABEL('200x360'),$);
#4738=IFCPROPERTYSET('0or$YIuNn8g7kfzhnP_lth',#6,'Pset_ReinforcementBarPitchOfColumn',$,(#4737));
#4739=IFCRELDEFINESBYPROPERTIES('1hcTiLxGDicdzDbTZrtthP',#6,$,$,(#4734),#4735);
#4740=IFCRELDEFINESBYPROPERTIES('0JGPMIeqvnfddZJEUTfujr',#6,$,$,(#4734),#4736);
#4741=IFCRELDEFINESBYPROPERTIES('0hN2EuM84SOYoOceFXSrNk',#6,$,$,(#4734),#4738);
#4742=IFCMAPPEDITEM(#4557,#1742);
#4743=IFCSHAPEREPRESENTATION(#15,'Body','MappedRepresentation',(#4742));
#4744=IFCPRODUCTDEFINITIONSHAPE($,$,(#4743));
#4745=IFCCARTESIANPOINT((13978.785745378864,-20363.638670240383,-3500.));
#4746=IFCAXIS2PLACEMENT3D(#4745,$,$);
#4747=IFCLOCALPLACEMENT(#32,#4746);
#4748=IFCCOLUMN('2pNQm$eHn1$wzB9nyPhlN7',#6,'Column:200x360:326715',$,$,#4747,#4744,'326715');
#4749=IFCPROPERTYSET('3$zbRSjT3Xt14h$$b2J3bD',#6,'Pset_ColumnCommon',$,(#78,#79,#1777));
#4750=IFCPROPERTYSET('1mV8hcSu68xZzab8Svfjz6',#6,'Pset_QuantityTakeOff',$,(#1777));
#4751=IFCPROPERTYSINGLEVALUE('Reference',$,IFCLABEL('200x360'),$);
#4752=IFCPROPERTYSET('0eCsO5_nmJEIJsOClMreOr',#6,'Pset_ReinforcementBarPitchOfColumn',$,(#4751));
#4753=IFCRELDEFINESBYPROPERTIES('2IPVslA1PT14ZzKwhd2Ckj',#6,$,$,(#4748),#4749);
#4754=IFCRELDEFINESBYPROPERTIES('2kuKUTfWOzxR7CAsknhiib',#6,$,$,(#4748),#4750);
#4755=IFCRELDEFINESBYPROPERTIES('0eQJEyCVIYSp2QtcYyy9j4',#6,$,$,(#4748),#4752);
#4756=IFCMAPPEDITEM(#4557,#1742);
#4757=IFCSHAPEREPRESENTATION(#15,'Body','MappedRepresentation',(#4756));
#4758=IFCPRODUCTDEFINITIONSHAPE($,$,(#4757));
#4759=IFCCARTESIANPOINT((17178.785745378864,-20363.638670240391,-3500.));
#4760=IFCAXIS2PLACEMENT3D(#4759,$,$);
#4761=IFCLOCALPLACEMENT(#32,#4760);
#4762=IFCCOLUMN('2pNQm$eHn1$wzB9nyPhlN0',#6,'Column:200x360:326716',$,$,#4761,#4758,'326716');
#4763=IFCPROPERTYSET('2XeT0SC2ZCTe_1t3jwViL8',#6,'Pset_ColumnCommon',$,(#78,#79,#1777));
#4764=IFCPROPERTYSET('10NVYJNn6THZ$m7WEJcgfO',#6,'Pset_QuantityTakeOff',$,(#1777));
#4765=IFCPROPERTYSINGLEVALUE('Reference',$,IFCLABEL('200x360'),$);
#4766=IFCPROPERTYSET('27KSxVaaEP3WoR5EH38wMX',#6,'Pset_ReinforcementBarPitchOfColumn',$,(#4765));
#4767=IFCRELDEFINESBYPROPERTIES('3t44Vk5XPBQhlmroIZpTzZ',#6,$,$,(#4762),#4763);
#4768=IFCRELDEFINESBYPROPERTIES('3yhnIFoIrNq_neeaHEtBn2',#6,$,$,(#4762),#4764);
#4769=IFCRELDEFINESBYPROPERTIES('0I7la8upr91y1aB7IWRogt',#6,$,$,(#4762),#4766);
#4770=IFCMAPPEDITEM(#4557,#1742);
#4771=IFCSHAPEREPRESENTATION(#15,'Body','MappedRepresentation',(#4770));
#4772=IFCPRODUCTDEFINITIONSHAPE($,$,(#4771));
#4773=IFCCARTESIANPOINT((20378.785745378864,-20363.638670240398,-3500.));
#4774=IFCAXIS2PLACEMENT3D(#4773,$,$);
#4775=IFCLOCALPLACEMENT(#32,#4774);
#4776=IFCCOLUMN('2pNQm$eHn1$wzB9nyPhlN1',#6,'Column:200x360:326717',$,$,#4775,#4772,'326717');
#4777=IFCPROPERTYSET('0P0rvz8DbDZ_NRuV4$w7sz',#6,'Pset_ColumnCommon',$,(#78,#79,#1777));
#4778=IFCPROPERTYSET('3oCUUbVw8O8vWNLINPQFfd',#6,'Pset_QuantityTakeOff',$,(#1777));
#4779=IFCPROPERTYSINGLEVALUE('Reference',$,IFCLABEL('200x360'),$);
#4780=IFCPROPERTYSET('1ASqetqLEDUX38LKzC4_6V',#6,'Pset_ReinforcementBarPitchOfColumn',$,(#4779));
#4781=IFCRELDEFINESBYPROPERTIES('3Mj1JIQ0MNXWbLlM2XVGP4',#6,$,$,(#4776),#4777);
#4782=IFCRELDEFINESBYPROPERTIES('2Y7HjCXObtcqLUYIMMUhfc',#6,$,$,(#4776),#4778);
#4783=IFCRELDEFINESBYPROPERTIES('1nucAqruWggXF$Fx_eJL6N',#6,$,$,(#4776),#4780);
#4784=IFCMAPPEDITEM(#4557,#1742);
#4785=IFCSHAPEREPRESENTATION(#15,'Body','MappedRepresentation',(#4784));
#4786=IFCPRODUCTDEFINITIONSHAPE($,$,(#4785));
#4787=IFCCARTESIANPOINT((23578.785745378864,-20363.638670240409,-3500.));
#4788=IFCAXIS2PLACEMENT3D(#4787,$,$);
#4789=IFCLOCALPLACEMENT(#32,#4788);
#4790=IFCCOLUMN('2pNQm$eHn1$wzB9nyPhlN2',#6,'Column:200x360:326718',$,$,#4789,#4786,'326718');
#4791=IFCPROPERTYSET('1GVSzq04ar46tFzCU0cG57',#6,'Pset_ColumnCommon',$,(#78,#79,#1777));
#4792=IFCPROPERTYSET('2Nf0QWtHMM3gCv48tjPItc',#6,'Pset_QuantityTakeOff',$,(#1777));
#4793=IFCPROPERTYSINGLEVALUE('Reference',$,IFCLABEL('200x360'),$);
#4794=IFCPROPERTYSET('3gzPARgusjUWoO3OMx2qFi',#6,'Pset_ReinforcementBarPitchOfColumn',$,(#4793));
#4795=IFCRELDEFINESBYPROPERTIES('0RGzX3SetP0WJeWdf_DfZ9',#6,$,$,(#4790),#4791);
#4796=IFCRELDEFINESBYPROPERTIES('0KP9timlWeiWVWFA8NZUY_',#6,$,$,(#4790),#4792);
#4797=IFCRELDEFINESBYPROPERTIES('3wGrIp4HehQueZaNc9UZNv',#6,$,$,(#4790),#4794);
#4798=IFCMAPPEDITEM(#4557,#1742);
#4799=IFCSHAPEREPRESENTATION(#15,'Body','MappedRepresentation',(#4798));
#4800=IFCPRODUCTDEFINITIONSHAPE($,$,(#4799));
#4801=IFCCARTESIANPOINT((26778.785745378875,-20363.638670240416,-3500.));
#4802=IFCAXIS2PLACEMENT3D(#4801,$,$);
#4803=IFCLOCALPLACEMENT(#32,#4802);
#4804=IFCCOLUMN('2pNQm$eHn1$wzB9nyPhlN3',#6,'Column:200x360:326719',$,$,#4803,#4800,'326719');
#4805=IFCPROPERTYSET('2Fas0xBJ3p_n5skTIZzTIp',#6,'Pset_ColumnCommon',$,(#78,#79,#1777));
#4806=IFCPROPERTYSET('3b8JFqZ88qpqWq7$0ns9BP',#6,'Pset_QuantityTakeOff',$,(#1777));
#4807=IFCPROPERTYSINGLEVALUE('Reference',$,IFCLABEL('200x360'),$);
#4808=IFCPROPERTYSET('3c7MVYcbJOML8lLU0ggyjz',#6,'Pset_ReinforcementBarPitchOfColumn',$,(#4807));
#4809=IFCRELDEFINESBYPROPERTIES('2GkaGci9w0O66hjX5EP23E',#6,$,$,(#4804),#4805);
#4810=IFCRELDEFINESBYPROPERTIES('3$A7kNd5EQKH7eC5rq61q7',#6,$,$,(#4804),#4806);
#4811=IFCRELDEFINESBYPROPERTIES('0u2fU_ViDp0z9iB$g_BR8x',#6,$,$,(#4804),#4808);
#4812=IFCMAPPEDITEM(#4531,#1742);
#4813=IFCSHAPEREPRESENTATION(#15,'Body','MappedRepresentation',(#4812));
#4814=IFCPRODUCTDEFINITIONSHAPE($,$,(#4813));
#4815=IFCCARTESIANPOINT((30108.785745378893,-20362.638670240238,-3500.));
#4816=IFCAXIS2PLACEMENT3D(#4815,$,$);
#4817=IFCLOCALPLACEMENT(#32,#4816);
#4818=IFCCOLUMN('2pNQm$eHn1$wzB9nyPhlMy',#6,'Column:330x360:326720',$,$,#4817,#4814,'326720');
#4819=IFCPROPERTYSET('12ZXp3nL_GPF2GRtCkSsIv',#6,'Pset_ColumnCommon',$,(#78,#79,#1750));
#4820=IFCPROPERTYSET('1TE3zsaWIMkb8xYA73iMmg',#6,'Pset_QuantityTakeOff',$,(#1750));
#4821=IFCPROPERTYSINGLEVALUE('Reference',$,IFCLABEL('330x360'),$);
#4822=IFCPROPERTYSET('0s4R4DQavsut0Vz6o7nWsB',#6,'Pset_ReinforcementBarPitchOfColumn',$,(#4821));
#4823=IFCRELDEFINESBYPROPERTIES('2cgLl4wVF6lnJMZM5CYpA3',#6,$,$,(#4818),#4819);
#4824=IFCRELDEFINESBYPROPERTIES('1NYxDb5XV7aAdTifSW4vDW',#6,$,$,(#4818),#4820);
#4825=IFCRELDEFINESBYPROPERTIES('2q$qyQdeaEp8im6WT0fQsq',#6,$,$,(#4818),#4822);
#4826=IFCCARTESIANPOINT((0.,0.));
#4827=IFCAXIS2PLACEMENT2D(#4826,#44);
#4828=IFCRECTANGLEPROFILEDEF(.AREA.,'200x300',#4827,300.,200.);
#4829=IFCCARTESIANPOINT((-50.,0.,3500.));
#4830=IFCAXIS2PLACEMENT3D(#4829,#51,#1725);
#4831=IFCEXTRUDEDAREASOLID(#4828,#4830,#51,3500.0000000000005);
#4832=IFCSTYLEDITEM(#4831,(#1731),$);
#4833=IFCSHAPEREPRESENTATION(#15,'Body','SweptSolid',(#4831));
#4834=IFCAXIS2PLACEMENT3D(#10,$,$);
#4835=IFCREPRESENTATIONMAP(#4834,#4833);
#4836=IFCCOLUMNTYPE('2pNQm$eHn1$wzB9nyPhm2o',#6,'Column:200x300',$,$,(#4851),(#4835),'312317',$,.COLUMN.);
#4837=IFCMAPPEDITEM(#4835,#1742);
#4838=IFCSHAPEREPRESENTATION(#15,'Body','MappedRepresentation',(#4837));
#4839=IFCPRODUCTDEFINITIONSHAPE($,$,(#4838));
#4840=IFCCARTESIANPOINT((20803.785745378889,-4638.6386702402087,-3500.));
#4841=IFCAXIS2PLACEMENT3D(#4840,$,$);
#4842=IFCLOCALPLACEMENT(#32,#4841);
#4843=IFCCOLUMN('2pNQm$eHn1$wzB9nyPhlMj',#6,'Column:200x300:326737',$,$,#4842,#4839,'326737');
#4844=IFCPROPERTYSET('3BzUWDbLHWeizsehZJdRxz',#6,'Pset_ColumnCommon',$,(#78,#79,#2375));
#4845=IFCPROPERTYSET('3s7pSpRs19uUQxShyoljg_',#6,'Pset_QuantityTakeOff',$,(#2375));
#4846=IFCPROPERTYSINGLEVALUE('Reference',$,IFCLABEL('200x300'),$);
#4847=IFCPROPERTYSET('1pIv5o7sPEULP_2aILKH_B',#6,'Pset_ReinforcementBarPitchOfColumn',$,(#4846));
#4848=IFCRELDEFINESBYPROPERTIES('0yB4Uwof1L4I9xJbpvUs0y',#6,$,$,(#4843),#4844);
#4849=IFCRELDEFINESBYPROPERTIES('1ER10M0cI6F9EFGSEjzuCe',#6,$,$,(#4843),#4845);
#4850=IFCRELDEFINESBYPROPERTIES('1V2zzM6Sm0ct6lV8h6SRL5',#6,$,$,(#4843),#4847);
#4851=IFCPROPERTYSET('3eBryzvW4bOAjKeJqbL5Us',#6,'Pset_ColumnCommon',$,(#79));
#4852=IFCMAPPEDITEM(#4835,#1742);
#4853=IFCSHAPEREPRESENTATION(#15,'Body','MappedRepresentation',(#4852));
#4854=IFCPRODUCTDEFINITIONSHAPE($,$,(#4853));
#4855=IFCCARTESIANPOINT((20803.785745378889,-11038.638670240211,-3500.));
#4856=IFCAXIS2PLACEMENT3D(#4855,$,$);
#4857=IFCLOCALPLACEMENT(#32,#4856);
#4858=IFCCOLUMN('2pNQm$eHn1$wzB9nyPhlMl',#6,'Column:200x300:326739',$,$,#4857,#4854,'326739');
#4859=IFCPROPERTYSET('0PshNC9k0Jknpzk9AP8Ffd',#6,'Pset_ColumnCommon',$,(#78,#79,#2375));
#4860=IFCPROPERTYSET('0T$_Q0aui6BQLUQOxvKO_5',#6,'Pset_QuantityTakeOff',$,(#2375));
#4861=IFCPROPERTYSINGLEVALUE('Reference',$,IFCLABEL('200x300'),$);
#4862=IFCPROPERTYSET('147S4R5DIvhBGlLyDaiQ5L',#6,'Pset_ReinforcementBarPitchOfColumn',$,(#4861));
#4863=IFCRELDEFINESBYPROPERTIES('3jwF5QCd5ZpNGKQJNUfGIZ',#6,$,$,(#4858),#4859);
#4864=IFCRELDEFINESBYPROPERTIES('2KkVu97PaNMpXkdBWt1zyb',#6,$,$,(#4858),#4860);
#4865=IFCRELDEFINESBYPROPERTIES('2Y1h9E__CrfKq3GcBMQldI',#6,$,$,(#4858),#4862);
#4866=IFCMAPPEDITEM(#4835,#1742);
#4867=IFCSHAPEREPRESENTATION(#15,'Body','MappedRepresentation',(#4866));
#4868=IFCPRODUCTDEFINITIONSHAPE($,$,(#4867));
#4869=IFCCARTESIANPOINT((20803.785745378889,-7838.6386702402779,-3500.));
#4870=IFCAXIS2PLACEMENT3D(#4869,$,$);
#4871=IFCLOCALPLACEMENT(#32,#4870);
#4872=IFCCOLUMN('2pNQm$eHn1$wzB9nyPhlMe',#6,'Column:200x300:326740',$,$,#4871,#4868,'326740');
#4873=IFCPROPERTYSET('0Kuc9WqMjMz0uS945lFSdh',#6,'Pset_ColumnCommon',$,(#78,#79,#2375));
#4874=IFCPROPERTYSET('3mAelw6EU44zyJhtRPoUTY',#6,'Pset_QuantityTakeOff',$,(#2375));
#4875=IFCPROPERTYSINGLEVALUE('Reference',$,IFCLABEL('200x300'),$);
#4876=IFCPROPERTYSET('33Y8k4Vwqr5ehpVQbiJuRF',#6,'Pset_ReinforcementBarPitchOfColumn',$,(#4875));
#4877=IFCRELDEFINESBYPROPERTIES('26bY1Q9koEEJp6a8ByXXzy',#6,$,$,(#4872),#4873);
#4878=IFCRELDEFINESBYPROPERTIES('1yHMXzFcQqvNXqs$cdmLx5',#6,$,$,(#4872),#4874);
#4879=IFCRELDEFINESBYPROPERTIES('3DNBn5jrPhaEcPX6ElJ$pt',#6,$,$,(#4872),#4876);
#4880=IFCMAPPEDITEM(#4835,#1742);
#4881=IFCSHAPEREPRESENTATION(#15,'Body','MappedRepresentation',(#4880));
#4882=IFCPRODUCTDEFINITIONSHAPE($,$,(#4881));
#4883=IFCCARTESIANPOINT((29768.785745378875,-1438.6386702404423,-3500.));
#4884=IFCAXIS2PLACEMENT3D(#4883,$,$);
#4885=IFCLOCALPLACEMENT(#32,#4884);
#4886=IFCCOLUMN('2pNQm$eHn1$wzB9nyPhlMf',#6,'Column:200x300:326741',$,$,#4885,#4882,'326741');
#4887=IFCPROPERTYSET('121JBTQ3Xx18mOmkREC8Rx',#6,'Pset_ColumnCommon',$,(#78,#79,#2375));
#4888=IFCPROPERTYSET('3OWo$fwSzCjfTo8aYsRNO8',#6,'Pset_QuantityTakeOff',$,(#2375));
#4889=IFCPROPERTYSINGLEVALUE('Reference',$,IFCLABEL('200x300'),$);
#4890=IFCPROPERTYSET('22Rx_N2ALh$_gJkNtPGflO',#6,'Pset_ReinforcementBarPitchOfColumn',$,(#4889));
#4891=IFCRELDEFINESBYPROPERTIES('3O1qPBWquTAe2Sgp7pwnR9',#6,$,$,(#4886),#4887);
#4892=IFCRELDEFINESBYPROPERTIES('38qV_Oce$MfBqZu83Q6lBr',#6,$,$,(#4886),#4888);
#4893=IFCRELDEFINESBYPROPERTIES('3JkNDjDYgnk8qfXlY9T1fp',#6,$,$,(#4886),#4890);
#4894=IFCMAPPEDITEM(#4835,#1742);
#4895=IFCSHAPEREPRESENTATION(#15,'Body','MappedRepresentation',(#4894));
#4896=IFCPRODUCTDEFINITIONSHAPE($,$,(#4895));
#4897=IFCCARTESIANPOINT((29768.785745378882,1761.3613297595573,-3500.));
#4898=IFCAXIS2PLACEMENT3D(#4897,$,$);
#4899=IFCLOCALPLACEMENT(#32,#4898);
#4900=IFCCOLUMN('2pNQm$eHn1$wzB9nyPhlMg',#6,'Column:200x300:326742',$,$,#4899,#4896,'326742');
#4901=IFCPROPERTYSET('13KK23Wyo7r_r0Q62wDbYV',#6,'Pset_ColumnCommon',$,(#78,#79,#2375));
#4902=IFCPROPERTYSET('3nK_L6HQCthSZ26dsJTxl4',#6,'Pset_QuantityTakeOff',$,(#2375));
#4903=IFCPROPERTYSINGLEVALUE('Reference',$,IFCLABEL('200x300'),$);
#4904=IFCPROPERTYSET('1zu0X7MfJyU6hJpXuxO_Kz',#6,'Pset_ReinforcementBarPitchOfColumn',$,(#4903));
#4905=IFCRELDEFINESBYPROPERTIES('2O$ltOadR056yDT_vBEgXf',#6,$,$,(#4900),#4901);
#4906=IFCRELDEFINESBYPROPERTIES('0Ll92S9PzYbMakE_ixb53r',#6,$,$,(#4900),#4902);
#4907=IFCRELDEFINESBYPROPERTIES('3CTpawM2p5CW$2Z6MN3d$4',#6,$,$,(#4900),#4904);
#4908=IFCMAPPEDITEM(#4835,#1742);
#4909=IFCSHAPEREPRESENTATION(#15,'Body','MappedRepresentation',(#4908));
#4910=IFCPRODUCTDEFINITIONSHAPE($,$,(#4909));
#4911=IFCCARTESIANPOINT((29768.785745378886,4961.3613297595566,-3500.));
#4912=IFCAXIS2PLACEMENT3D(#4911,$,$);
#4913=IFCLOCALPLACEMENT(#32,#4912);
#4914=IFCCOLUMN('2pNQm$eHn1$wzB9nyPhlMh',#6,'Column:200x300:326743',$,$,#4913,#4910,'326743');
#4915=IFCPROPERTYSET('04GfLG8jFWviC0VBq43Na$',#6,'Pset_ColumnCommon',$,(#78,#79,#2375));
#4916=IFCPROPERTYSET('2Gx7ovvLxPABVXFDdBoMHH',#6,'Pset_QuantityTakeOff',$,(#2375));
#4917=IFCPROPERTYSINGLEVALUE('Reference',$,IFCLABEL('200x300'),$);
#4918=IFCPROPERTYSET('0jV$mbS1b8tyPVwJk9ct79',#6,'Pset_ReinforcementBarPitchOfColumn',$,(#4917));
#4919=IFCRELDEFINESBYPROPERTIES('3QXTb6XkX6zCI8NGuh6kBD',#6,$,$,(#4914),#4915);
#4920=IFCRELDEFINESBYPROPERTIES('09iCybR_fxMZSyK1lmdEDh',#6,$,$,(#4914),#4916);
#4921=IFCRELDEFINESBYPROPERTIES('0sVrX_farNvyj3LUXd7J7i',#6,$,$,(#4914),#4918);
#4922=IFCMAPPEDITEM(#4835,#1742);
#4923=IFCSHAPEREPRESENTATION(#15,'Body','MappedRepresentation',(#4922));
#4924=IFCPRODUCTDEFINITIONSHAPE($,$,(#4923));
#4925=IFCCARTESIANPOINT((29768.785745378889,8161.3613297595575,-3500.));
#4926=IFCAXIS2PLACEMENT3D(#4925,$,$);
#4927=IFCLOCALPLACEMENT(#32,#4926);
#4928=IFCCOLUMN('2pNQm$eHn1$wzB9nyPhlMa',#6,'Column:200x300:326744',$,$,#4927,#4924,'326744');
#4929=IFCPROPERTYSET('2GwBzfKMMEYrePwUBG1oBl',#6,'Pset_ColumnCommon',$,(#78,#79,#2375));
#4930=IFCPROPERTYSET('2BQOm8ugzdleoqExGkkroi',#6,'Pset_QuantityTakeOff',$,(#2375));
#4931=IFCPROPERTYSINGLEVALUE('Reference',$,IFCLABEL('200x300'),$);
#4932=IFCPROPERTYSET('2SGHsmJf$ARMsnsLkPbE6N',#6,'Pset_ReinforcementBarPitchOfColumn',$,(#4931));
#4933=IFCRELDEFINESBYPROPERTIES('1ryf8bEW6fQbc2bHyormnn',#6,$,$,(#4928),#4929);
#4934=IFCRELDEFINESBYPROPERTIES('17kQ74x1TQhpAQYfafq7VJ',#6,$,$,(#4928),#4930);
#4935=IFCRELDEFINESBYPROPERTIES('0dVVWZIq9nZV5C_SoAYxlM',#6,$,$,(#4928),#4932);
#4936=IFCMAPPEDITEM(#4835,#1742);
#4937=IFCSHAPEREPRESENTATION(#15,'Body','MappedRepresentation',(#4936));
#4938=IFCPRODUCTDEFINITIONSHAPE($,$,(#4937));
#4939=IFCCARTESIANPOINT((29768.785745378897,11361.361329759557,-3500.));
#4940=IFCAXIS2PLACEMENT3D(#4939,$,$);
#4941=IFCLOCALPLACEMENT(#32,#4940);
#4942=IFCCOLUMN('2pNQm$eHn1$wzB9nyPhlMb',#6,'Column:200x300:326745',$,$,#4941,#4938,'326745');
#4943=IFCPROPERTYSET('3oosCnfvfav4zewmga71BW',#6,'Pset_ColumnCommon',$,(#78,#79,#2375));
#4944=IFCPROPERTYSET('1pK1rKq$DsEg_PL4jTilit',#6,'Pset_QuantityTakeOff',$,(#2375));
#4945=IFCPROPERTYSINGLEVALUE('Reference',$,IFCLABEL('200x300'),$);
#4946=IFCPROPERTYSET('1_o64V5_zGJdbbSrY5aylR',#6,'Pset_ReinforcementBarPitchOfColumn',$,(#4945));
#4947=IFCRELDEFINESBYPROPERTIES('1VLm2J40rbNGPOjA_xpIyc',#6,$,$,(#4942),#4943);
#4948=IFCRELDEFINESBYPROPERTIES('1LGGdMxl0my8kBMqRZFtYV',#6,$,$,(#4942),#4944);
#4949=IFCRELDEFINESBYPROPERTIES('3gesxDgToqS$tUXVTRRv9n',#6,$,$,(#4942),#4946);
#4950=IFCMAPPEDITEM(#4835,#1742);
#4951=IFCSHAPEREPRESENTATION(#15,'Body','MappedRepresentation',(#4950));
#4952=IFCPRODUCTDEFINITIONSHAPE($,$,(#4951));
#4953=IFCCARTESIANPOINT((29768.7857453789,14561.36132975956,-3500.));
#4954=IFCAXIS2PLACEMENT3D(#4953,$,$);
#4955=IFCLOCALPLACEMENT(#32,#4954);
#4956=IFCCOLUMN('2pNQm$eHn1$wzB9nyPhlMc',#6,'Column:200x300:326746',$,$,#4955,#4952,'326746');
#4957=IFCPROPERTYSET('21OVPnQe_R1xVmcnEQn5Sf',#6,'Pset_ColumnCommon',$,(#78,#79,#2375));
#4958=IFCPROPERTYSET('03Z$zWTQxBbeF585kF41qS',#6,'Pset_QuantityTakeOff',$,(#2375));
#4959=IFCPROPERTYSINGLEVALUE('Reference',$,IFCLABEL('200x300'),$);
#4960=IFCPROPERTYSET('0VBQR8XtDfQUQh5sQE01UK',#6,'Pset_ReinforcementBarPitchOfColumn',$,(#4959));
#4961=IFCRELDEFINESBYPROPERTIES('3fflQpTK9xtx1Juu04oYrf',#6,$,$,(#4956),#4957);
#4962=IFCRELDEFINESBYPROPERTIES('3B5iASxhmhtUwM61kjhzul',#6,$,$,(#4956),#4958);
#4963=IFCRELDEFINESBYPROPERTIES('0XNyZvAxRaWecS3QnkfmDe',#6,$,$,(#4956),#4960);
#4964=IFCMAPPEDITEM(#4835,#1742);
#4965=IFCSHAPEREPRESENTATION(#15,'Body','MappedRepresentation',(#4964));
#4966=IFCPRODUCTDEFINITIONSHAPE($,$,(#4965));
#4967=IFCCARTESIANPOINT((20803.78574537886,-1438.6386702402317,-3500.));
#4968=IFCAXIS2PLACEMENT3D(#4967,$,$);
#4969=IFCLOCALPLACEMENT(#32,#4968);
#4970=IFCCOLUMN('2pNQm$eHn1$wzB9nyPhlMd',#6,'Column:200x300:326747',$,$,#4969,#4966,'326747');
#4971=IFCPROPERTYSET('0qeSPC72nnH18zLOitznb1',#6,'Pset_ColumnCommon',$,(#78,#79,#2375));
#4972=IFCPROPERTYSET('0UOyVWoxfogNm49VuEfwYQ',#6,'Pset_QuantityTakeOff',$,(#2375));
#4973=IFCPROPERTYSINGLEVALUE('Reference',$,IFCLABEL('200x300'),$);
#4974=IFCPROPERTYSET('2fZZgDr_Pc$ylEc_h5JvsC',#6,'Pset_ReinforcementBarPitchOfColumn',$,(#4973));
#4975=IFCRELDEFINESBYPROPERTIES('37kaBjxTLeoiIeHuGYsW1p',#6,$,$,(#4970),#4971);
#4976=IFCRELDEFINESBYPROPERTIES('3XAyZTDDcjhpggk4rhzT1X',#6,$,$,(#4970),#4972);
#4977=IFCRELDEFINESBYPROPERTIES('2VifXTopv7rYGne4w3bd2_',#6,$,$,(#4970),#4974);
#4978=IFCMAPPEDITEM(#4835,#1742);
#4979=IFCSHAPEREPRESENTATION(#15,'Body','MappedRepresentation',(#4978));
#4980=IFCPRODUCTDEFINITIONSHAPE($,$,(#4979));
#4981=IFCCARTESIANPOINT((20803.785745378864,1761.3613297597685,-3500.));
#4982=IFCAXIS2PLACEMENT3D(#4981,$,$);
#4983=IFCLOCALPLACEMENT(#32,#4982);
#4984=IFCCOLUMN('2pNQm$eHn1$wzB9nyPhlMW',#6,'Column:200x300:326748',$,$,#4983,#4980,'326748');
#4985=IFCPROPERTYSET('2pMDs5p7Cab2estJd_x0w$',#6,'Pset_ColumnCommon',$,(#78,#79,#2375));
#4986=IFCPROPERTYSET('1WWL_QNtyka$3J9t2Bp5u$',#6,'Pset_QuantityTakeOff',$,(#2375));
#4987=IFCPROPERTYSINGLEVALUE('Reference',$,IFCLABEL('200x300'),$);
#4988=IFCPROPERTYSET('27MGLjDYpW$IvJd1KEaifs',#6,'Pset_ReinforcementBarPitchOfColumn',$,(#4987));
#4989=IFCRELDEFINESBYPROPERTIES('3hyP8hyGqObM3bn1hlveMD',#6,$,$,(#4984),#4985);
#4990=IFCRELDEFINESBYPROPERTIES('2gRWijhyx46ZudlIeWwyKk',#6,$,$,(#4984),#4986);
#4991=IFCRELDEFINESBYPROPERTIES('257Vq2xfCyQSgHli$uF5gN',#6,$,$,(#4984),#4988);
#4992=IFCMAPPEDITEM(#4835,#1742);
#4993=IFCSHAPEREPRESENTATION(#15,'Body','MappedRepresentation',(#4992));
#4994=IFCPRODUCTDEFINITIONSHAPE($,$,(#4993));
#4995=IFCCARTESIANPOINT((20803.785745378867,4961.3613297597685,-3500.));
#4996=IFCAXIS2PLACEMENT3D(#4995,$,$);
#4997=IFCLOCALPLACEMENT(#32,#4996);
#4998=IFCCOLUMN('2pNQm$eHn1$wzB9nyPhlMX',#6,'Column:200x300:326749',$,$,#4997,#4994,'326749');
#4999=IFCPROPERTYSET('1jst6$jeXSV7DjNZaMMvlZ',#6,'Pset_ColumnCommon',$,(#78,#79,#2375));
#5000=IFCPROPERTYSET('0LuSnFdr2ZV86szNr$pfy6',#6,'Pset_QuantityTakeOff',$,(#2375));
#5001=IFCPROPERTYSINGLEVALUE('Reference',$,IFCLABEL('200x300'),$);
#5002=IFCPROPERTYSET('3fSLv0ui1DHn4dX9SlV4gx',#6,'Pset_ReinforcementBarPitchOfColumn',$,(#5001));
#5003=IFCRELDEFINESBYPROPERTIES('3SWRhlLwoZuJ69yeIgkEcK',#6,$,$,(#4998),#4999);
#5004=IFCRELDEFINESBYPROPERTIES('2uMHOO2mc5xCWy2BRmCdl4',#6,$,$,(#4998),#5000);
#5005=IFCRELDEFINESBYPROPERTIES('0$2vMTYrfikNt2a_5Ytdhx',#6,$,$,(#4998),#5002);
#5006=IFCMAPPEDITEM(#4835,#1742);
#5007=IFCSHAPEREPRESENTATION(#15,'Body','MappedRepresentation',(#5006));
#5008=IFCPRODUCTDEFINITIONSHAPE($,$,(#5007));
#5009=IFCCARTESIANPOINT((20803.785745378871,8161.3613297597576,-3500.));
#5010=IFCAXIS2PLACEMENT3D(#5009,$,$);
#5011=IFCLOCALPLACEMENT(#32,#5010);
#5012=IFCCOLUMN('2pNQm$eHn1$wzB9nyPhlMY',#6,'Column:200x300:326750',$,$,#5011,#5008,'326750');
#5013=IFCPROPERTYSET('0e1tEX0m2WrDNmcD6S4_HE',#6,'Pset_ColumnCommon',$,(#78,#79,#2375));
#5014=IFCPROPERTYSET('2BEdGhXc_lpUslTdNkCTKt',#6,'Pset_QuantityTakeOff',$,(#2375));
#5015=IFCPROPERTYSINGLEVALUE('Reference',$,IFCLABEL('200x300'),$);
#5016=IFCPROPERTYSET('1PAnRQ$oX9WRpgzzjkE1Il',#6,'Pset_ReinforcementBarPitchOfColumn',$,(#5015));
#5017=IFCRELDEFINESBYPROPERTIES('050NVhcoPAU2KgOUxx$Pg_',#6,$,$,(#5012),#5013);
#5018=IFCRELDEFINESBYPROPERTIES('3P8qHiHO8yV_Rl499SGuEF',#6,$,$,(#5012),#5014);
#5019=IFCRELDEFINESBYPROPERTIES('3pmTvOw6Nu1CZJ7bLU0g$o',#6,$,$,(#5012),#5016);
#5020=IFCMAPPEDITEM(#4835,#1742);
#5021=IFCSHAPEREPRESENTATION(#15,'Body','MappedRepresentation',(#5020));
#5022=IFCPRODUCTDEFINITIONSHAPE($,$,(#5021));
#5023=IFCCARTESIANPOINT((20193.785745378867,11361.361329759575,-3500.));
#5024=IFCAXIS2PLACEMENT3D(#5023,$,$);
#5025=IFCLOCALPLACEMENT(#32,#5024);
#5026=IFCCOLUMN('2pNQm$eHn1$wzB9nyPhlMZ',#6,'Column:200x300:326751',$,$,#5025,#5022,'326751');
#5027=IFCPROPERTYSET('07By5$o6FwhQwiL0sGbM1T',#6,'Pset_ColumnCommon',$,(#78,#79,#2375));
#5028=IFCPROPERTYSET('2i$wC_vLP41gcQWBPBEGN9',#6,'Pset_QuantityTakeOff',$,(#2375));
#5029=IFCPROPERTYSINGLEVALUE('Reference',$,IFCLABEL('200x300'),$);
#5030=IFCPROPERTYSET('1LkYuNjsdjwBpi7J__WFf9',#6,'Pset_ReinforcementBarPitchOfColumn',$,(#5029));
#5031=IFCRELDEFINESBYPROPERTIES('2C5qXgRRqVihjuTO64k9xX',#6,$,$,(#5026),#5027);
#5032=IFCRELDEFINESBYPROPERTIES('2xC2uscoF5xT_VYbCrxmEp',#6,$,$,(#5026),#5028);
#5033=IFCRELDEFINESBYPROPERTIES('2e_y7Ync9znK2oq_XzUyZr',#6,$,$,(#5026),#5030);
#5034=IFCMAPPEDITEM(#4835,#1742);
#5035=IFCSHAPEREPRESENTATION(#15,'Body','MappedRepresentation',(#5034));
#5036=IFCPRODUCTDEFINITIONSHAPE($,$,(#5035));
#5037=IFCCARTESIANPOINT((20803.785745378867,14561.361329759575,-3500.));
#5038=IFCAXIS2PLACEMENT3D(#5037,$,$);
#5039=IFCLOCALPLACEMENT(#32,#5038);
#5040=IFCCOLUMN('2pNQm$eHn1$wzB9nyPhlMS',#6,'Column:200x300:326752',$,$,#5039,#5036,'326752');
#5041=IFCPROPERTYSET('0Sfgw2HyKu3WdK9GJJRQAI',#6,'Pset_ColumnCommon',$,(#78,#79,#2375));
#5042=IFCPROPERTYSET('19nFAKH8pffJlVtiYrVbJF',#6,'Pset_QuantityTakeOff',$,(#2375));
#5043=IFCPROPERTYSINGLEVALUE('Reference',$,IFCLABEL('200x300'),$);
#5044=IFCPROPERTYSET('1Io1XnVAA90XXBvkGqp$yq',#6,'Pset_ReinforcementBarPitchOfColumn',$,(#5043));
#5045=IFCRELDEFINESBYPROPERTIES('3aS7RW3PXVif0D3FBLsiu2',#6,$,$,(#5040),#5041);
#5046=IFCRELDEFINESBYPROPERTIES('269gjY1UCpuOnx7dk2QJ7g',#6,$,$,(#5040),#5042);
#5047=IFCRELDEFINESBYPROPERTIES('3Mc6D_7Jqorsn0NGRH$72i',#6,$,$,(#5040),#5044);
#5048=IFCCARTESIANPOINT((0.,0.));
#5049=IFCAXIS2PLACEMENT2D(#5048,#44);
#5050=IFCRECTANGLEPROFILEDEF(.AREA.,'200x380',#5049,380.00000000000006,200.);
#5051=IFCCARTESIANPOINT((-90.,0.,3500.));
#5052=IFCAXIS2PLACEMENT3D(#5051,#51,#1725);
#5053=IFCEXTRUDEDAREASOLID(#5050,#5052,#51,3500.0000000000005);
#5054=IFCSTYLEDITEM(#5053,(#1731),$);
#5055=IFCSHAPEREPRESENTATION(#15,'Body','SweptSolid',(#5053));
#5056=IFCAXIS2PLACEMENT3D(#10,$,$);
#5057=IFCREPRESENTATIONMAP(#5056,#5055);
#5058=IFCCOLUMNTYPE('2pNQm$eHn1$wzB9nyPhm2p',#6,'Column:200x380',$,$,(#5073),(#5057),'312710',$,.COLUMN.);
#5059=IFCMAPPEDITEM(#5057,#1742);
#5060=IFCSHAPEREPRESENTATION(#15,'Body','MappedRepresentation',(#5059));
#5061=IFCPRODUCTDEFINITIONSHAPE($,$,(#5060));
#5062=IFCCARTESIANPOINT((30158.785745378875,19681.361329759777,-3500.));
#5063=IFCAXIS2PLACEMENT3D(#5062,$,$);
#5064=IFCLOCALPLACEMENT(#32,#5063);
#5065=IFCCOLUMN('2pNQm$eHn1$wzB9nyPhlMT',#6,'Column:200x380:326753',$,$,#5064,#5061,'326753');
#5066=IFCPROPERTYSET('1_CHAzWa5CP9n_VLc4d2Zu',#6,'Pset_ColumnCommon',$,(#78,#79,#2556));
#5067=IFCPROPERTYSET('16v9kTEN2GNLKj8LIcyRD7',#6,'Pset_QuantityTakeOff',$,(#2556));
#5068=IFCPROPERTYSINGLEVALUE('Reference',$,IFCLABEL('200x380'),$);
#5069=IFCPROPERTYSET('3H4nEjt4VyG73Dvhbgo2dy',#6,'Pset_ReinforcementBarPitchOfColumn',$,(#5068));
#5070=IFCRELDEFINESBYPROPERTIES('2pT0RUiunFA2BDxWcOEApd',#6,$,$,(#5065),#5066);
#5071=IFCRELDEFINESBYPROPERTIES('0oMdYdVjX6vyU4Cj_PjUOe',#6,$,$,(#5065),#5067);
#5072=IFCRELDEFINESBYPROPERTIES('0eVUSvaySI3gKDIxTQ4_Tr',#6,$,$,(#5065),#5069);
#5073=IFCPROPERTYSET('1ZOZ2WN4l7ri_ylVM03SQb',#6,'Pset_ColumnCommon',$,(#79));
#5074=IFCCARTESIANPOINT((1.4210854715202004E-014,0.));
#5075=IFCAXIS2PLACEMENT2D(#5074,#44);
#5076=IFCRECTANGLEPROFILEDEF(.AREA.,'200x200',#5075,200.,200.00000000000006);
#5077=IFCCARTESIANPOINT((0.,0.,3500.));
#5078=IFCAXIS2PLACEMENT3D(#5077,#51,#1725);
#5079=IFCEXTRUDEDAREASOLID(#5076,#5078,#51,3500.0000000000005);
#5080=IFCSTYLEDITEM(#5079,(#1731),$);
#5081=IFCSHAPEREPRESENTATION(#15,'Body','SweptSolid',(#5079));
#5082=IFCAXIS2PLACEMENT3D(#10,$,$);
#5083=IFCREPRESENTATIONMAP(#5082,#5081);
#5084=IFCCOLUMNTYPE('2pNQm$eHn1$wzB9nyPhm2i',#6,'Column:200x200',$,$,(#5099),(#5083),'310266',$,.COLUMN.);
#5085=IFCMAPPEDITEM(#5083,#1742);
#5086=IFCSHAPEREPRESENTATION(#15,'Body','MappedRepresentation',(#5085));
#5087=IFCPRODUCTDEFINITIONSHAPE($,$,(#5086));
#5088=IFCCARTESIANPOINT((26778.785745378947,19681.361329759759,-3500.));
#5089=IFCAXIS2PLACEMENT3D(#5088,$,$);
#5090=IFCLOCALPLACEMENT(#32,#5089);
#5091=IFCCOLUMN('2pNQm$eHn1$wzB9nyPhlMU',#6,'Column:200x200:326754',$,$,#5090,#5087,'326754');
#5092=IFCPROPERTYSET('3J46OFpmyybFNjao5FNYgU',#6,'Pset_ColumnCommon',$,(#78,#79,#2582));
#5093=IFCPROPERTYSET('1mKjTgz9IzwP6CSrBLZSU_',#6,'Pset_QuantityTakeOff',$,(#2582));
#5094=IFCPROPERTYSINGLEVALUE('Reference',$,IFCLABEL('200x200'),$);
#5095=IFCPROPERTYSET('048roflT16Xw4Nk6jFur2C',#6,'Pset_ReinforcementBarPitchOfColumn',$,(#5094));
#5096=IFCRELDEFINESBYPROPERTIES('2MmzP$CWLde5xKOZqAtIxD',#6,$,$,(#5091),#5092);
#5097=IFCRELDEFINESBYPROPERTIES('0ivatq4AdP0mhq92ir0a7x',#6,$,$,(#5091),#5093);
#5098=IFCRELDEFINESBYPROPERTIES('3S$XEbLp1D_zooRsjDPtms',#6,$,$,(#5091),#5095);
#5099=IFCPROPERTYSET('0KLNKJl$laAcb1WGakHEff',#6,'Pset_ColumnCommon',$,(#79));
#5100=IFCMAPPEDITEM(#5083,#1742);
#5101=IFCSHAPEREPRESENTATION(#15,'Body','MappedRepresentation',(#5100));
#5102=IFCPRODUCTDEFINITIONSHAPE($,$,(#5101));
#5103=IFCCARTESIANPOINT((23578.785745378937,19681.361329759759,-3500.));
#5104=IFCAXIS2PLACEMENT3D(#5103,$,$);
#5105=IFCLOCALPLACEMENT(#32,#5104);
#5106=IFCCOLUMN('2pNQm$eHn1$wzB9nyPhlMV',#6,'Column:200x200:326755',$,$,#5105,#5102,'326755');
#5107=IFCPROPERTYSET('0lwPPo7KycIr22nHnJAFJf',#6,'Pset_ColumnCommon',$,(#78,#79,#2582));
#5108=IFCPROPERTYSET('0fnC39054mjXDHt45mDiwR',#6,'Pset_QuantityTakeOff',$,(#2582));
#5109=IFCPROPERTYSINGLEVALUE('Reference',$,IFCLABEL('200x200'),$);
#5110=IFCPROPERTYSET('1o1AqD09slZiXsUPK2iwKN',#6,'Pset_ReinforcementBarPitchOfColumn',$,(#5109));
#5111=IFCRELDEFINESBYPROPERTIES('10e$ZClSWWR9vpGbpYjAmJ',#6,$,$,(#5106),#5107);
#5112=IFCRELDEFINESBYPROPERTIES('0O1yRxlmXWa2WCEyZq6cSC',#6,$,$,(#5106),#5108);
#5113=IFCRELDEFINESBYPROPERTIES('1XHQxdEk$AD559UsJMuouA',#6,$,$,(#5106),#5110);
#5114=IFCMAPPEDITEM(#5083,#1742);
#5115=IFCSHAPEREPRESENTATION(#15,'Body','MappedRepresentation',(#5114));
#5116=IFCPRODUCTDEFINITIONSHAPE($,$,(#5115));
#5117=IFCCARTESIANPOINT((20378.785745378937,19681.361329759762,-3500.));
#5118=IFCAXIS2PLACEMENT3D(#5117,$,$);
#5119=IFCLOCALPLACEMENT(#32,#5118);
#5120=IFCCOLUMN('2pNQm$eHn1$wzB9nyPhlMO',#6,'Column:200x200:326756',$,$,#5119,#5116,'326756');
#5121=IFCPROPERTYSET('2y0BR6EHgmsqUbUboemXfm',#6,'Pset_ColumnCommon',$,(#78,#79,#2582));
#5122=IFCPROPERTYSET('1EcPAmfCTB4zP7KcLA07gH',#6,'Pset_QuantityTakeOff',$,(#2582));
#5123=IFCPROPERTYSINGLEVALUE('Reference',$,IFCLABEL('200x200'),$);
#5124=IFCPROPERTYSET('2UQhVMhzIXsP368l8makqu',#6,'Pset_ReinforcementBarPitchOfColumn',$,(#5123));
#5125=IFCRELDEFINESBYPROPERTIES('2_AlbbYPS4q1D6ag17O6lU',#6,$,$,(#5120),#5121);
#5126=IFCRELDEFINESBYPROPERTIES('2Ymnbpx05z2Agfg8uEszys',#6,$,$,(#5120),#5122);
#5127=IFCRELDEFINESBYPROPERTIES('2NeBwhuVKVipbMtPzZdYZf',#6,$,$,(#5120),#5124);
#5128=IFCMAPPEDITEM(#5083,#1742);
#5129=IFCSHAPEREPRESENTATION(#15,'Body','MappedRepresentation',(#5128));
#5130=IFCPRODUCTDEFINITIONSHAPE($,$,(#5129));
#5131=IFCCARTESIANPOINT((17178.785745378933,19681.361329759762,-3500.));
#5132=IFCAXIS2PLACEMENT3D(#5131,$,$);
#5133=IFCLOCALPLACEMENT(#32,#5132);
#5134=IFCCOLUMN('2pNQm$eHn1$wzB9nyPhlMP',#6,'Column:200x200:326757',$,$,#5133,#5130,'326757');
#5135=IFCPROPERTYSET('3jeLGoZ722NP$7KyPO1RHC',#6,'Pset_ColumnCommon',$,(#78,#79,#2582));
#5136=IFCPROPERTYSET('3myubOvs$AtPnajqmy99_r',#6,'Pset_QuantityTakeOff',$,(#2582));
#5137=IFCPROPERTYSINGLEVALUE('Reference',$,IFCLABEL('200x200'),$);
#5138=IFCPROPERTYSET('1QYh6tRSl5U3qmECXZjxUS',#6,'Pset_ReinforcementBarPitchOfColumn',$,(#5137));
#5139=IFCRELDEFINESBYPROPERTIES('1Nf3jTqvQ77dJAwHEyQ5Ki',#6,$,$,(#5134),#5135);
#5140=IFCRELDEFINESBYPROPERTIES('2lBRtdZhUnB5QM6Drcd9X4',#6,$,$,(#5134),#5136);
#5141=IFCRELDEFINESBYPROPERTIES('3ZltrnxhlNNQwoL1zq$WQp',#6,$,$,(#5134),#5138);
#5142=IFCMAPPEDITEM(#5083,#1742);
#5143=IFCSHAPEREPRESENTATION(#15,'Body','MappedRepresentation',(#5142));
#5144=IFCPRODUCTDEFINITIONSHAPE($,$,(#5143));
#5145=IFCCARTESIANPOINT((13978.785745378933,19681.361329759777,-3500.));
#5146=IFCAXIS2PLACEMENT3D(#5145,$,$);
#5147=IFCLOCALPLACEMENT(#32,#5146);
#5148=IFCCOLUMN('2pNQm$eHn1$wzB9nyPhlMQ',#6,'Column:200x200:326758',$,$,#5147,#5144,'326758');
#5149=IFCPROPERTYSET('20WaGif_UG6MPd0ZH2dKHN',#6,'Pset_ColumnCommon',$,(#78,#79,#2582));
#5150=IFCPROPERTYSET('3MskSCBp0MW3yh0VxrzL2o',#6,'Pset_QuantityTakeOff',$,(#2582));
#5151=IFCPROPERTYSINGLEVALUE('Reference',$,IFCLABEL('200x200'),$);
#5152=IFCPROPERTYSET('3lpwh8NkR6MId3tI2axRyW',#6,'Pset_ReinforcementBarPitchOfColumn',$,(#5151));
#5153=IFCRELDEFINESBYPROPERTIES('23I9_a6VARO3s$yOT1UXNn',#6,$,$,(#5148),#5149);
#5154=IFCRELDEFINESBYPROPERTIES('1JbP8DZNIX1hiMA5LI9S2E',#6,$,$,(#5148),#5150);
#5155=IFCRELDEFINESBYPROPERTIES('3Cn8Q5pwg5W3vrNKc845le',#6,$,$,(#5148),#5152);
#5156=IFCMAPPEDITEM(#5083,#1742);
#5157=IFCSHAPEREPRESENTATION(#15,'Body','MappedRepresentation',(#5156));
#5158=IFCPRODUCTDEFINITIONSHAPE($,$,(#5157));
#5159=IFCCARTESIANPOINT((10778.785745378933,19681.361329759784,-3500.));
#5160=IFCAXIS2PLACEMENT3D(#5159,$,$);
#5161=IFCLOCALPLACEMENT(#32,#5160);
#5162=IFCCOLUMN('2pNQm$eHn1$wzB9nyPhlMR',#6,'Column:200x200:326759',$,$,#5161,#5158,'326759');
#5163=IFCPROPERTYSET('1p9y7nzgsO4EZwg_DiG7Ge',#6,'Pset_ColumnCommon',$,(#78,#79,#2582));
#5164=IFCPROPERTYSET('3t5rrnnWMMRi9nIyuVRirG',#6,'Pset_QuantityTakeOff',$,(#2582));
#5165=IFCPROPERTYSINGLEVALUE('Reference',$,IFCLABEL('200x200'),$);
#5166=IFCPROPERTYSET('1wIM27KatB3vBA$iLEeHNy',#6,'Pset_ReinforcementBarPitchOfColumn',$,(#5165));
#5167=IFCRELDEFINESBYPROPERTIES('0PF5sGpOTeLvMa52ysqNGt',#6,$,$,(#5162),#5163);
#5168=IFCRELDEFINESBYPROPERTIES('2vbC4GrlICIpnetNYhi7NH',#6,$,$,(#5162),#5164);
#5169=IFCRELDEFINESBYPROPERTIES('19waH8xf_wKzP2yA0M0GRS',#6,$,$,(#5162),#5166);
#5170=IFCMAPPEDITEM(#5083,#1742);
#5171=IFCSHAPEREPRESENTATION(#15,'Body','MappedRepresentation',(#5170));
#5172=IFCPRODUCTDEFINITIONSHAPE($,$,(#5171));
#5173=IFCCARTESIANPOINT((7578.785745378932,19681.361329759791,-3500.));
#5174=IFCAXIS2PLACEMENT3D(#5173,$,$);
#5175=IFCLOCALPLACEMENT(#32,#5174);
#5176=IFCCOLUMN('2pNQm$eHn1$wzB9nyPhlMK',#6,'Column:200x200:326760',$,$,#5175,#5172,'326760');
#5177=IFCPROPERTYSET('3ShrC4UFCM9zadt8wdmqW$',#6,'Pset_ColumnCommon',$,(#78,#79,#2582));
#5178=IFCPROPERTYSET('1xolV8uFCswokrlpKDJQ$L',#6,'Pset_QuantityTakeOff',$,(#2582));
#5179=IFCPROPERTYSINGLEVALUE('Reference',$,IFCLABEL('200x200'),$);
#5180=IFCPROPERTYSET('3RHjV0xajF3U3Hc8HbBz3Z',#6,'Pset_ReinforcementBarPitchOfColumn',$,(#5179));
#5181=IFCRELDEFINESBYPROPERTIES('2z5tP3owHaoRcnRAmSu8JP',#6,$,$,(#5176),#5177);
#5182=IFCRELDEFINESBYPROPERTIES('2g8yZPZfvKwndw4KTByYgv',#6,$,$,(#5176),#5178);
#5183=IFCRELDEFINESBYPROPERTIES('0hYMNW4BHT2sK9Yj7N$CuP',#6,$,$,(#5176),#5180);
#5184=IFCMAPPEDITEM(#5083,#1742);
#5185=IFCSHAPEREPRESENTATION(#15,'Body','MappedRepresentation',(#5184));
#5186=IFCPRODUCTDEFINITIONSHAPE($,$,(#5185));
#5187=IFCCARTESIANPOINT((4378.7857453789229,19681.361329759806,-3500.));
#5188=IFCAXIS2PLACEMENT3D(#5187,$,$);
#5189=IFCLOCALPLACEMENT(#32,#5188);
#5190=IFCCOLUMN('2pNQm$eHn1$wzB9nyPhlML',#6,'Column:200x200:326761',$,$,#5189,#5186,'326761');
#5191=IFCPROPERTYSET('0HvrfDWQdqhxdkBhcPHIjY',#6,'Pset_ColumnCommon',$,(#78,#79,#2582));
#5192=IFCPROPERTYSET('2Voud5BNIDQ_agsr_AgCfU',#6,'Pset_QuantityTakeOff',$,(#2582));
#5193=IFCPROPERTYSINGLEVALUE('Reference',$,IFCLABEL('200x200'),$);
#5194=IFCPROPERTYSET('1A$20pi0pp$fpceidyac9e',#6,'Pset_ReinforcementBarPitchOfColumn',$,(#5193));
#5195=IFCRELDEFINESBYPROPERTIES('1chJGyYO6svUiOMYrieKKo',#6,$,$,(#5190),#5191);
#5196=IFCRELDEFINESBYPROPERTIES('0x3RAfOfCqsbIVOKh9LczY',#6,$,$,(#5190),#5192);
#5197=IFCRELDEFINESBYPROPERTIES('0OsVoJXaBixQxCmXQvNT4O',#6,$,$,(#5190),#5194);
#5198=IFCMAPPEDITEM(#5083,#1742);
#5199=IFCSHAPEREPRESENTATION(#15,'Body','MappedRepresentation',(#5198));
#5200=IFCPRODUCTDEFINITIONSHAPE($,$,(#5199));
#5201=IFCCARTESIANPOINT((1178.7857453789152,19681.36132975982,-3500.));
#5202=IFCAXIS2PLACEMENT3D(#5201,$,$);
#5203=IFCLOCALPLACEMENT(#32,#5202);
#5204=IFCCOLUMN('2pNQm$eHn1$wzB9nyPhlMM',#6,'Column:200x200:326762',$,$,#5203,#5200,'326762');
#5205=IFCPROPERTYSET('1_Aia_aD6Gd7LFcocEWpdw',#6,'Pset_ColumnCommon',$,(#78,#79,#2582));
#5206=IFCPROPERTYSET('2bmwxkKVPjjesKJJbtEXr4',#6,'Pset_QuantityTakeOff',$,(#2582));
#5207=IFCPROPERTYSINGLEVALUE('Reference',$,IFCLABEL('200x200'),$);
#5208=IFCPROPERTYSET('2wzpaWgmADgoyvl5Utvb8U',#6,'Pset_ReinforcementBarPitchOfColumn',$,(#5207));
#5209=IFCRELDEFINESBYPROPERTIES('3_$a95O9$l0TnbUHUUr_8d',#6,$,$,(#5204),#5205);
#5210=IFCRELDEFINESBYPROPERTIES('0zp5BYdOzPCVWufsHkqioZ',#6,$,$,(#5204),#5206);
#5211=IFCRELDEFINESBYPROPERTIES('1nuD0Q$GtUzDx1Soo3NtMT',#6,$,$,(#5204),#5208);
#5212=IFCMAPPEDITEM(#5083,#1742);
#5213=IFCSHAPEREPRESENTATION(#15,'Body','MappedRepresentation',(#5212));
#5214=IFCPRODUCTDEFINITIONSHAPE($,$,(#5213));
#5215=IFCCARTESIANPOINT((-2021.214254621085,19681.361329759828,-3500.));
#5216=IFCAXIS2PLACEMENT3D(#5215,$,$);
#5217=IFCLOCALPLACEMENT(#32,#5216);
#5218=IFCCOLUMN('2pNQm$eHn1$wzB9nyPhlMN',#6,'Column:200x200:326763',$,$,#5217,#5214,'326763');
#5219=IFCPROPERTYSET('37wm_iE$n7NzKZNdIHn$41',#6,'Pset_ColumnCommon',$,(#78,#79,#2582));
#5220=IFCPROPERTYSET('2BkOeMc8HOxfDfn5X29HEx',#6,'Pset_QuantityTakeOff',$,(#2582));
#5221=IFCPROPERTYSINGLEVALUE('Reference',$,IFCLABEL('200x200'),$);
#5222=IFCPROPERTYSET('3ye6Sjn23kxk4cRRAOzpRR',#6,'Pset_ReinforcementBarPitchOfColumn',$,(#5221));
#5223=IFCRELDEFINESBYPROPERTIES('1VZqEEyxOK7kD1deWU9L3Y',#6,$,$,(#5218),#5219);
#5224=IFCRELDEFINESBYPROPERTIES('3fCz55M_sIAWgn84sG25mF',#6,$,$,(#5218),#5220);
#5225=IFCRELDEFINESBYPROPERTIES('0A0tSsHbnJmPwwDHRpd1x$',#6,$,$,(#5218),#5222);
#5226=IFCMAPPEDITEM(#5083,#1742);
#5227=IFCSHAPEREPRESENTATION(#15,'Body','MappedRepresentation',(#5226));
#5228=IFCPRODUCTDEFINITIONSHAPE($,$,(#5227));
#5229=IFCCARTESIANPOINT((-5221.2142546210853,19681.361329759835,-3500.));
#5230=IFCAXIS2PLACEMENT3D(#5229,$,$);
#5231=IFCLOCALPLACEMENT(#32,#5230);
#5232=IFCCOLUMN('2pNQm$eHn1$wzB9nyPhlMG',#6,'Column:200x200:326764',$,$,#5231,#5228,'326764');
#5233=IFCPROPERTYSET('0uxML989r95GNrdSw9kEI1',#6,'Pset_ColumnCommon',$,(#78,#79,#2582));
#5234=IFCPROPERTYSET('1x5Hk8vMqLemBECLoAiIUZ',#6,'Pset_QuantityTakeOff',$,(#2582));
#5235=IFCPROPERTYSINGLEVALUE('Reference',$,IFCLABEL('200x200'),$);
#5236=IFCPROPERTYSET('0N4QjAF0zMU9WohvsrZI1f',#6,'Pset_ReinforcementBarPitchOfColumn',$,(#5235));
#5237=IFCRELDEFINESBYPROPERTIES('3hsZvVdc2Ua8SFBWMjBmeB',#6,$,$,(#5232),#5233);
#5238=IFCRELDEFINESBYPROPERTIES('04BecA0NrGmwKm4C$Uxlvr',#6,$,$,(#5232),#5234);
#5239=IFCRELDEFINESBYPROPERTIES('0IZAHlSb9h1ESQiL74kG6U',#6,$,$,(#5232),#5236);
#5240=IFCMAPPEDITEM(#5083,#1742);
#5241=IFCSHAPEREPRESENTATION(#15,'Body','MappedRepresentation',(#5240));
#5242=IFCPRODUCTDEFINITIONSHAPE($,$,(#5241));
#5243=IFCCARTESIANPOINT((-8421.2142546210944,19681.361329759849,-3500.));
#5244=IFCAXIS2PLACEMENT3D(#5243,$,$);
#5245=IFCLOCALPLACEMENT(#32,#5244);
#5246=IFCCOLUMN('2pNQm$eHn1$wzB9nyPhlMH',#6,'Column:200x200:326765',$,$,#5245,#5242,'326765');
#5247=IFCPROPERTYSET('3dmEFin$58lnx36_4$$Qoj',#6,'Pset_ColumnCommon',$,(#78,#79,#2582));
#5248=IFCPROPERTYSET('09NI8$tAj8MLOpd75Hqkrx',#6,'Pset_QuantityTakeOff',$,(#2582));
#5249=IFCPROPERTYSINGLEVALUE('Reference',$,IFCLABEL('200x200'),$);
#5250=IFCPROPERTYSET('3lVK9GKM5utnXtY9H2822Z',#6,'Pset_ReinforcementBarPitchOfColumn',$,(#5249));
#5251=IFCRELDEFINESBYPROPERTIES('2VN6YobWlxuLIX6ysxlwHb',#6,$,$,(#5246),#5247);
#5252=IFCRELDEFINESBYPROPERTIES('1P00Y0UdobWz8zaPpCicp_',#6,$,$,(#5246),#5248);
#5253=IFCRELDEFINESBYPROPERTIES('17SBXmkt0YikFhtSuGvZgT',#6,$,$,(#5246),#5250);
#5254=IFCMAPPEDITEM(#5083,#1742);
#5255=IFCSHAPEREPRESENTATION(#15,'Body','MappedRepresentation',(#5254));
#5256=IFCPRODUCTDEFINITIONSHAPE($,$,(#5255));
#5257=IFCCARTESIANPOINT((-11621.214254621094,19681.36132975986,-3500.));
#5258=IFCAXIS2PLACEMENT3D(#5257,$,$);
#5259=IFCLOCALPLACEMENT(#32,#5258);
#5260=IFCCOLUMN('2pNQm$eHn1$wzB9nyPhlMI',#6,'Column:200x200:326766',$,$,#5259,#5256,'326766');
#5261=IFCPROPERTYSET('2XLhVjf08XOk_COEWBs64K',#6,'Pset_ColumnCommon',$,(#78,#79,#2582));
#5262=IFCPROPERTYSET('3_mXCGOnKqEEBFhA1_B0LG',#6,'Pset_QuantityTakeOff',$,(#2582));
#5263=IFCPROPERTYSINGLEVALUE('Reference',$,IFCLABEL('200x200'),$);
#5264=IFCPROPERTYSET('2j8CQRgTI3Q9EsEtQfoTDK',#6,'Pset_ReinforcementBarPitchOfColumn',$,(#5263));
#5265=IFCRELDEFINESBYPROPERTIES('1Vcfqxlw0aJKvpMW5UJ_SG',#6,$,$,(#5260),#5261);
#5266=IFCRELDEFINESBYPROPERTIES('0wT2OjP0hzORLt6oLw$Gg8',#6,$,$,(#5260),#5262);
#5267=IFCRELDEFINESBYPROPERTIES('05JriRhRRgcfbM_Lascv1I',#6,$,$,(#5260),#5264);
#5268=IFCMAPPEDITEM(#5083,#1742);
#5269=IFCSHAPEREPRESENTATION(#15,'Body','MappedRepresentation',(#5268));
#5270=IFCPRODUCTDEFINITIONSHAPE($,$,(#5269));
#5271=IFCCARTESIANPOINT((-14821.214254621094,19681.361329759871,-3500.));
#5272=IFCAXIS2PLACEMENT3D(#5271,$,$);
#5273=IFCLOCALPLACEMENT(#32,#5272);
#5274=IFCCOLUMN('2pNQm$eHn1$wzB9nyPhlMJ',#6,'Column:200x200:326767',$,$,#5273,#5270,'326767');
#5275=IFCPROPERTYSET('00X$t35xjXj1qJMbEL4CXS',#6,'Pset_ColumnCommon',$,(#78,#79,#2582));
#5276=IFCPROPERTYSET('19nyuGfthvejgSMqohOorK',#6,'Pset_QuantityTakeOff',$,(#2582));
#5277=IFCPROPERTYSINGLEVALUE('Reference',$,IFCLABEL('200x200'),$);
#5278=IFCPROPERTYSET('00iIRg8JGuROWGzxRkm8pv',#6,'Pset_ReinforcementBarPitchOfColumn',$,(#5277));
#5279=IFCRELDEFINESBYPROPERTIES('1POzTKHzcqTlDr6on4x5HG',#6,$,$,(#5274),#5275);
#5280=IFCRELDEFINESBYPROPERTIES('0XwmRVRPJPj1AaRGT7kzrz',#6,$,$,(#5274),#5276);
#5281=IFCRELDEFINESBYPROPERTIES('1PtpUeSxysuFFXflUwAuWL',#6,$,$,(#5274),#5278);
#5282=IFCMAPPEDITEM(#5083,#1742);
#5283=IFCSHAPEREPRESENTATION(#15,'Body','MappedRepresentation',(#5282));
#5284=IFCPRODUCTDEFINITIONSHAPE($,$,(#5283));
#5285=IFCCARTESIANPOINT((-18021.214254621096,19681.361329759879,-3500.));
#5286=IFCAXIS2PLACEMENT3D(#5285,$,$);
#5287=IFCLOCALPLACEMENT(#32,#5286);
#5288=IFCCOLUMN('2pNQm$eHn1$wzB9nyPhlMC',#6,'Column:200x200:326768',$,$,#5287,#5284,'326768');
#5289=IFCPROPERTYSET('2kDaTgu1ePkxH285sFEt9R',#6,'Pset_ColumnCommon',$,(#78,#79,#2582));
#5290=IFCPROPERTYSET('0lEYeGkXw6qL4kQKFxIdvy',#6,'Pset_QuantityTakeOff',$,(#2582));
#5291=IFCPROPERTYSINGLEVALUE('Reference',$,IFCLABEL('200x200'),$);
#5292=IFCPROPERTYSET('3$ISX5ohbzQwMCoYvS7SfI',#6,'Pset_ReinforcementBarPitchOfColumn',$,(#5291));
#5293=IFCRELDEFINESBYPROPERTIES('036prAWf5sApBEWZ6WhHVI',#6,$,$,(#5288),#5289);
#5294=IFCRELDEFINESBYPROPERTIES('2ceYQSsFWRVnc5A4ZP8io0',#6,$,$,(#5288),#5290);
#5295=IFCRELDEFINESBYPROPERTIES('1ERx$8BKUekJwFkwD16z$z',#6,$,$,(#5288),#5292);
#5296=IFCMAPPEDITEM(#5083,#1742);
#5297=IFCSHAPEREPRESENTATION(#15,'Body','MappedRepresentation',(#5296));
#5298=IFCPRODUCTDEFINITIONSHAPE($,$,(#5297));
#5299=IFCCARTESIANPOINT((-21221.214254621093,19681.361329759893,-3500.));
#5300=IFCAXIS2PLACEMENT3D(#5299,$,$);
#5301=IFCLOCALPLACEMENT(#32,#5300);
#5302=IFCCOLUMN('2pNQm$eHn1$wzB9nyPhlMD',#6,'Column:200x200:326769',$,$,#5301,#5298,'326769');
#5303=IFCPROPERTYSET('3uHH2w9eD2tTGDBCm_JeHj',#6,'Pset_ColumnCommon',$,(#78,#79,#2582));
#5304=IFCPROPERTYSET('0qCGAV1WG1uhKeiX$sfLhE',#6,'Pset_QuantityTakeOff',$,(#2582));
#5305=IFCPROPERTYSINGLEVALUE('Reference',$,IFCLABEL('200x200'),$);
#5306=IFCPROPERTYSET('2UOYCg63fZyvka$X81X1DI',#6,'Pset_ReinforcementBarPitchOfColumn',$,(#5305));
#5307=IFCRELDEFINESBYPROPERTIES('2T_GINGMNVncf3lW9kuDOC',#6,$,$,(#5302),#5303);
#5308=IFCRELDEFINESBYPROPERTIES('2J9U6JSmhu2zi4lFYsXImI',#6,$,$,(#5302),#5304);
#5309=IFCRELDEFINESBYPROPERTIES('3UxP5ge$LgmnNJIHwHve2l',#6,$,$,(#5302),#5306);
#5310=IFCMAPPEDITEM(#5083,#1742);
#5311=IFCSHAPEREPRESENTATION(#15,'Body','MappedRepresentation',(#5310));
#5312=IFCPRODUCTDEFINITIONSHAPE($,$,(#5311));
#5313=IFCCARTESIANPOINT((-24421.214254621093,19681.361329759904,-3500.));
#5314=IFCAXIS2PLACEMENT3D(#5313,$,$);
#5315=IFCLOCALPLACEMENT(#32,#5314);
#5316=IFCCOLUMN('2pNQm$eHn1$wzB9nyPhlME',#6,'Column:200x200:326770',$,$,#5315,#5312,'326770');
#5317=IFCPROPERTYSET('1xzJDUQai39G15_TNg9fkq',#6,'Pset_ColumnCommon',$,(#78,#79,#2582));
#5318=IFCPROPERTYSET('2sWcnPd0yaXK$RXdQeiipS',#6,'Pset_QuantityTakeOff',$,(#2582));
#5319=IFCPROPERTYSINGLEVALUE('Reference',$,IFCLABEL('200x200'),$);
#5320=IFCPROPERTYSET('1zuoVjwE5u8dEH5$D5qzfO',#6,'Pset_ReinforcementBarPitchOfColumn',$,(#5319));
#5321=IFCRELDEFINESBYPROPERTIES('3ofPMx4PnLD7iZv20CBtkh',#6,$,$,(#5316),#5317);
#5322=IFCRELDEFINESBYPROPERTIES('33YHtNe1sob980Y$Q0Lv8r',#6,$,$,(#5316),#5318);
#5323=IFCRELDEFINESBYPROPERTIES('190fCdPY4iaeiCvPXanW5m',#6,$,$,(#5316),#5320);
#5324=IFCMAPPEDITEM(#5083,#1742);
#5325=IFCSHAPEREPRESENTATION(#15,'Body','MappedRepresentation',(#5324));
#5326=IFCPRODUCTDEFINITIONSHAPE($,$,(#5325));
#5327=IFCCARTESIANPOINT((-27621.2142546211,19681.361329759915,-3500.));
#5328=IFCAXIS2PLACEMENT3D(#5327,$,$);
#5329=IFCLOCALPLACEMENT(#32,#5328);
#5330=IFCCOLUMN('2pNQm$eHn1$wzB9nyPhlMF',#6,'Column:200x200:326771',$,$,#5329,#5326,'326771');
#5331=IFCPROPERTYSET('1tIYdEktvLslEu8W1SJ8Ok',#6,'Pset_ColumnCommon',$,(#78,#79,#2582));
#5332=IFCPROPERTYSET('1ieumbKq1cU9CB9x6O2jus',#6,'Pset_QuantityTakeOff',$,(#2582));
#5333=IFCPROPERTYSINGLEVALUE('Reference',$,IFCLABEL('200x200'),$);
#5334=IFCPROPERTYSET('0hvxwjFcqE6FySx3gk5oRx',#6,'Pset_ReinforcementBarPitchOfColumn',$,(#5333));
#5335=IFCRELDEFINESBYPROPERTIES('3EjLFD9jd1hNIWw8NwMFaC',#6,$,$,(#5330),#5331);
#5336=IFCRELDEFINESBYPROPERTIES('2YZGtZ_br45FBr0IPNqaf2',#6,$,$,(#5330),#5332);
#5337=IFCRELDEFINESBYPROPERTIES('3Fz8zgs_pCZ0A4kAOHTNRG',#6,$,$,(#5330),#5334);
#5338=IFCMAPPEDITEM(#5083,#1742);
#5339=IFCSHAPEREPRESENTATION(#15,'Body','MappedRepresentation',(#5338));
#5340=IFCPRODUCTDEFINITIONSHAPE($,$,(#5339));
#5341=IFCCARTESIANPOINT((-30821.2142546211,19681.361329759922,-3500.));
#5342=IFCAXIS2PLACEMENT3D(#5341,$,$);
#5343=IFCLOCALPLACEMENT(#32,#5342);
#5344=IFCCOLUMN('2pNQm$eHn1$wzB9nyPhlM8',#6,'Column:200x200:326772',$,$,#5343,#5340,'326772');
#5345=IFCPROPERTYSET('2sklSMXzoxajQDEXNgC$ha',#6,'Pset_ColumnCommon',$,(#78,#79,#2582));
#5346=IFCPROPERTYSET('0so3fSwS0quBj_85UwCsVM',#6,'Pset_QuantityTakeOff',$,(#2582));
#5347=IFCPROPERTYSINGLEVALUE('Reference',$,IFCLABEL('200x200'),$);
#5348=IFCPROPERTYSET('0NnEoDhIn6wg3evIcF7lND',#6,'Pset_ReinforcementBarPitchOfColumn',$,(#5347));
#5349=IFCRELDEFINESBYPROPERTIES('2TZY5FNv0_cPP0zuwfmqpY',#6,$,$,(#5344),#5345);
#5350=IFCRELDEFINESBYPROPERTIES('0zUpO8RWvHcUNVzKx5UVPO',#6,$,$,(#5344),#5346);
#5351=IFCRELDEFINESBYPROPERTIES('2hvaaO3ldOjpbqGtMPP3gA',#6,$,$,(#5344),#5348);
#5352=IFCCARTESIANPOINT((0.,0.));
#5353=IFCAXIS2PLACEMENT2D(#5352,#44);
#5354=IFCRECTANGLEPROFILEDEF(.AREA.,'200x760',#5353,760.00000000000011,200.);
#5355=IFCCARTESIANPOINT((-280.,0.,3500.));
#5356=IFCAXIS2PLACEMENT3D(#5355,#51,#1725);
#5357=IFCEXTRUDEDAREASOLID(#5354,#5356,#51,3500.0000000000005);
#5358=IFCSTYLEDITEM(#5357,(#1731),$);
#5359=IFCSHAPEREPRESENTATION(#15,'Body','SweptSolid',(#5357));
#5360=IFCAXIS2PLACEMENT3D(#10,$,$);
#5361=IFCREPRESENTATIONMAP(#5360,#5359);
#5362=IFCCOLUMNTYPE('2pNQm$eHn1$wzB9nyPhm2j',#6,'Column:200x760',$,$,(#5377),(#5361),'313122',$,.COLUMN.);
#5363=IFCMAPPEDITEM(#5361,#1742);
#5364=IFCSHAPEREPRESENTATION(#15,'Body','MappedRepresentation',(#5363));
#5365=IFCPRODUCTDEFINITIONSHAPE($,$,(#5364));
#5366=IFCCARTESIANPOINT((-33641.221969465121,19681.361329759762,-3500.));
#5367=IFCAXIS2PLACEMENT3D(#5366,$,$);
#5368=IFCLOCALPLACEMENT(#32,#5367);
#5369=IFCCOLUMN('2pNQm$eHn1$wzB9nyPhlM9',#6,'Column:200x760:326773',$,$,#5368,#5365,'326773');
#5370=IFCPROPERTYSET('3dBtHeuBiUCyzdOSW6ouk9',#6,'Pset_ColumnCommon',$,(#78,#79,#2861));
#5371=IFCPROPERTYSET('2q$ewbIJ2mlSqfERyhdHYe',#6,'Pset_QuantityTakeOff',$,(#2861));
#5372=IFCPROPERTYSINGLEVALUE('Reference',$,IFCLABEL('200x760'),$);
#5373=IFCPROPERTYSET('1H7FbTqbyVqWsym$q3ArNg',#6,'Pset_ReinforcementBarPitchOfColumn',$,(#5372));
#5374=IFCRELDEFINESBYPROPERTIES('1xpo49VfkQWucVEw$9$yuX',#6,$,$,(#5369),#5370);
#5375=IFCRELDEFINESBYPROPERTIES('0zgL0o070PNGEI6V1OyP7J',#6,$,$,(#5369),#5371);
#5376=IFCRELDEFINESBYPROPERTIES('2mrDxBQC94H_UV4lSpRc2u',#6,$,$,(#5369),#5373);
#5377=IFCPROPERTYSET('3ir_NPLdmNrIk3faHgC26k',#6,'Pset_ColumnCommon',$,(#79));
#5378=IFCMAPPEDITEM(#4835,#1742);
#5379=IFCSHAPEREPRESENTATION(#15,'Body','MappedRepresentation',(#5378));
#5380=IFCPRODUCTDEFINITIONSHAPE($,$,(#5379));
#5381=IFCCARTESIANPOINT((-30771.214254621122,11361.361329759748,-3500.));
#5382=IFCAXIS2PLACEMENT3D(#5381,$,$);
#5383=IFCLOCALPLACEMENT(#32,#5382);
#5384=IFCCOLUMN('2pNQm$eHn1$wzB9nyPhlMA',#6,'Column:200x300:326774',$,$,#5383,#5380,'326774');
#5385=IFCPROPERTYSET('2oFehpXZ6XxTLHUtu75OQM',#6,'Pset_ColumnCommon',$,(#78,#79,#2375));
#5386=IFCPROPERTYSET('0I8BbKDZ6CQYESz6ktjKFu',#6,'Pset_QuantityTakeOff',$,(#2375));
#5387=IFCPROPERTYSINGLEVALUE('Reference',$,IFCLABEL('200x300'),$);
#5388=IFCPROPERTYSET('0In0OUkhMHtVdCta8Os7XQ',#6,'Pset_ReinforcementBarPitchOfColumn',$,(#5387));
#5389=IFCRELDEFINESBYPROPERTIES('0CufnSaKP6HcnMlHzuOi1L',#6,$,$,(#5384),#5385);
#5390=IFCRELDEFINESBYPROPERTIES('0jxYrEvOGMOfUPEOaYHzEg',#6,$,$,(#5384),#5386);
#5391=IFCRELDEFINESBYPROPERTIES('2Q4lO5ALyPcpuFo$$irY5q',#6,$,$,(#5384),#5388);
#5392=IFCMAPPEDITEM(#4835,#1742);
#5393=IFCSHAPEREPRESENTATION(#15,'Body','MappedRepresentation',(#5392));
#5394=IFCPRODUCTDEFINITIONSHAPE($,$,(#5393));
#5395=IFCCARTESIANPOINT((-27571.214254621122,11361.361329759737,-3500.));
#5396=IFCAXIS2PLACEMENT3D(#5395,$,$);
#5397=IFCLOCALPLACEMENT(#32,#5396);
#5398=IFCCOLUMN('2pNQm$eHn1$wzB9nyPhlMB',#6,'Column:200x300:326775',$,$,#5397,#5394,'326775');
#5399=IFCPROPERTYSET('0a1g5M_i0XCcWXo1YOEqpn',#6,'Pset_ColumnCommon',$,(#78,#79,#2375));
#5400=IFCPROPERTYSET('3yP84b0IZG6sL6ttqk$R6h',#6,'Pset_QuantityTakeOff',$,(#2375));
#5401=IFCPROPERTYSINGLEVALUE('Reference',$,IFCLABEL('200x300'),$);
#5402=IFCPROPERTYSET('2XgC9tBz92T_GlxP218qSj',#6,'Pset_ReinforcementBarPitchOfColumn',$,(#5401));
#5403=IFCRELDEFINESBYPROPERTIES('3HCorakqtjXiryQAQeHmP1',#6,$,$,(#5398),#5399);
#5404=IFCRELDEFINESBYPROPERTIES('2ZvVxwFWJw8ged12A$zTAF',#6,$,$,(#5398),#5400);
#5405=IFCRELDEFINESBYPROPERTIES('3SkF9Bgnt2h9XiL2P3FJrV',#6,$,$,(#5398),#5402);
#5406=IFCMAPPEDITEM(#4835,#1742);
#5407=IFCSHAPEREPRESENTATION(#15,'Body','MappedRepresentation',(#5406));
#5408=IFCPRODUCTDEFINITIONSHAPE($,$,(#5407));
#5409=IFCCARTESIANPOINT((-21171.214254621111,11361.361329759715,-3500.));
#5410=IFCAXIS2PLACEMENT3D(#5409,$,$);
#5411=IFCLOCALPLACEMENT(#32,#5410);
#5412=IFCCOLUMN('2pNQm$eHn1$wzB9nyPhlM4',#6,'Column:200x300:326776',$,$,#5411,#5408,'326776');
#5413=IFCPROPERTYSET('0_osyZzAHUWZeoZG9T4EyX',#6,'Pset_ColumnCommon',$,(#78,#79,#2375));
#5414=IFCPROPERTYSET('2HRkn8bz34xvIWEgT7zHHB',#6,'Pset_QuantityTakeOff',$,(#2375));
#5415=IFCPROPERTYSINGLEVALUE('Reference',$,IFCLABEL('200x300'),$);
#5416=IFCPROPERTYSET('1zrgalufujd0Rg9D4ELTeU',#6,'Pset_ReinforcementBarPitchOfColumn',$,(#5415));
#5417=IFCRELDEFINESBYPROPERTIES('22EQN_BWHMFZMaBuiaOMVF',#6,$,$,(#5412),#5413);
#5418=IFCRELDEFINESBYPROPERTIES('3MDw6UOWuQnis3pAAknGfP',#6,$,$,(#5412),#5414);
#5419=IFCRELDEFINESBYPROPERTIES('2giLMSejNRXWrlikNl_nsS',#6,$,$,(#5412),#5416);
#5420=IFCMAPPEDITEM(#4835,#1742);
#5421=IFCSHAPEREPRESENTATION(#15,'Body','MappedRepresentation',(#5420));
#5422=IFCPRODUCTDEFINITIONSHAPE($,$,(#5421));
#5423=IFCCARTESIANPOINT((-17971.214254621111,11361.361329759704,-3500.));
#5424=IFCAXIS2PLACEMENT3D(#5423,$,$);
#5425=IFCLOCALPLACEMENT(#32,#5424);
#5426=IFCCOLUMN('2pNQm$eHn1$wzB9nyPhlM5',#6,'Column:200x300:326777',$,$,#5425,#5422,'326777');
#5427=IFCPROPERTYSET('2k806sF63crxmn1o_tXqFZ',#6,'Pset_ColumnCommon',$,(#78,#79,#2375));
#5428=IFCPROPERTYSET('1Vp$sDQjaf7B0Ts7DnVadj',#6,'Pset_QuantityTakeOff',$,(#2375));
#5429=IFCPROPERTYSINGLEVALUE('Reference',$,IFCLABEL('200x300'),$);
#5430=IFCPROPERTYSET('0s1$xO69WdnpEzZf83868V',#6,'Pset_ReinforcementBarPitchOfColumn',$,(#5429));
#5431=IFCRELDEFINESBYPROPERTIES('284BdbGFusgHdMJxjOc46p',#6,$,$,(#5426),#5427);
#5432=IFCRELDEFINESBYPROPERTIES('3oogudD9OuVwlr7rbIe6yv',#6,$,$,(#5426),#5428);
#5433=IFCRELDEFINESBYPROPERTIES('0gwqB5x2bHfYU3pv8im2h_',#6,$,$,(#5426),#5430);
#5434=IFCMAPPEDITEM(#4835,#1742);
#5435=IFCSHAPEREPRESENTATION(#15,'Body','MappedRepresentation',(#5434));
#5436=IFCPRODUCTDEFINITIONSHAPE($,$,(#5435));
#5437=IFCCARTESIANPOINT((-14771.214254621111,11361.361329759693,-3500.));
#5438=IFCAXIS2PLACEMENT3D(#5437,$,$);
#5439=IFCLOCALPLACEMENT(#32,#5438);
#5440=IFCCOLUMN('2pNQm$eHn1$wzB9nyPhlM6',#6,'Column:200x300:326778',$,$,#5439,#5436,'326778');
#5441=IFCPROPERTYSET('08Rus5YDVMn_hHhj8oUeqS',#6,'Pset_ColumnCommon',$,(#78,#79,#2375));
#5442=IFCPROPERTYSET('38VFpJ4b7UjY9FQzapvXBs',#6,'Pset_QuantityTakeOff',$,(#2375));
#5443=IFCPROPERTYSINGLEVALUE('Reference',$,IFCLABEL('200x300'),$);
#5444=IFCPROPERTYSET('2m7yHWGotiTZ1Sz$K364fz',#6,'Pset_ReinforcementBarPitchOfColumn',$,(#5443));
#5445=IFCRELDEFINESBYPROPERTIES('2WMr1KC5YPcFRxBmbzk$jY',#6,$,$,(#5440),#5441);
#5446=IFCRELDEFINESBYPROPERTIES('0gcxbgGNWstsp9OxeleiLl',#6,$,$,(#5440),#5442);
#5447=IFCRELDEFINESBYPROPERTIES('2jnFv$F0lI_I0mlAUqOwFZ',#6,$,$,(#5440),#5444);
#5448=IFCMAPPEDITEM(#4835,#1742);
#5449=IFCSHAPEREPRESENTATION(#15,'Body','MappedRepresentation',(#5448));
#5450=IFCPRODUCTDEFINITIONSHAPE($,$,(#5449));
#5451=IFCCARTESIANPOINT((-8371.2142546211107,11361.361329759673,-3500.));
#5452=IFCAXIS2PLACEMENT3D(#5451,$,$);
#5453=IFCLOCALPLACEMENT(#32,#5452);
#5454=IFCCOLUMN('2pNQm$eHn1$wzB9nyPhlM7',#6,'Column:200x300:326779',$,$,#5453,#5450,'326779');
#5455=IFCPROPERTYSET('0vCExOSAF7am8dS6HPOU5V',#6,'Pset_ColumnCommon',$,(#78,#79,#2375));
#5456=IFCPROPERTYSET('00iK_M0N_XUR6BQS2Xfc4G',#6,'Pset_QuantityTakeOff',$,(#2375));
#5457=IFCPROPERTYSINGLEVALUE('Reference',$,IFCLABEL('200x300'),$);
#5458=IFCPROPERTYSET('2WVhVdLRZNCrgqlDFaa2Kz',#6,'Pset_ReinforcementBarPitchOfColumn',$,(#5457));
#5459=IFCRELDEFINESBYPROPERTIES('3Z4sYdM$i6wSOuGCOjZ21C',#6,$,$,(#5454),#5455);
#5460=IFCRELDEFINESBYPROPERTIES('0$uttn0WzFNWTxLyyC4b4n',#6,$,$,(#5454),#5456);
#5461=IFCRELDEFINESBYPROPERTIES('2YqcnZhsgmAhSBI54oYUBK',#6,$,$,(#5454),#5458);
#5462=IFCMAPPEDITEM(#4835,#1742);
#5463=IFCSHAPEREPRESENTATION(#15,'Body','MappedRepresentation',(#5462));
#5464=IFCPRODUCTDEFINITIONSHAPE($,$,(#5463));
#5465=IFCCARTESIANPOINT((-5171.2142546211016,11361.361329759662,-3500.));
#5466=IFCAXIS2PLACEMENT3D(#5465,$,$);
#5467=IFCLOCALPLACEMENT(#32,#5466);
#5468=IFCCOLUMN('2pNQm$eHn1$wzB9nyPhlM0',#6,'Column:200x300:326780',$,$,#5467,#5464,'326780');
#5469=IFCPROPERTYSET('18Rs1Mj8w6wyIf8hwmUzIx',#6,'Pset_ColumnCommon',$,(#78,#79,#2375));
#5470=IFCPROPERTYSET('1nH5hlidOen9n9ptbwIToa',#6,'Pset_QuantityTakeOff',$,(#2375));
#5471=IFCPROPERTYSINGLEVALUE('Reference',$,IFCLABEL('200x300'),$);
#5472=IFCPROPERTYSET('2Wi$NVrAnn4v4Qfnmk4a34',#6,'Pset_ReinforcementBarPitchOfColumn',$,(#5471));
#5473=IFCRELDEFINESBYPROPERTIES('0YrTWG4Z_JN5wUxeHHnVJL',#6,$,$,(#5468),#5469);
#5474=IFCRELDEFINESBYPROPERTIES('0rNUac1lzKc8SRA$WSmIr9',#6,$,$,(#5468),#5470);
#5475=IFCRELDEFINESBYPROPERTIES('0Gxdal6o_KoW4_vsKjOqbJ',#6,$,$,(#5468),#5472);
#5476=IFCMAPPEDITEM(#4835,#1742);
#5477=IFCSHAPEREPRESENTATION(#15,'Body','MappedRepresentation',(#5476));
#5478=IFCPRODUCTDEFINITIONSHAPE($,$,(#5477));
#5479=IFCCARTESIANPOINT((-1971.2142546211012,11361.361329759651,-3500.));
#5480=IFCAXIS2PLACEMENT3D(#5479,$,$);
#5481=IFCLOCALPLACEMENT(#32,#5480);
#5482=IFCCOLUMN('2pNQm$eHn1$wzB9nyPhlM1',#6,'Column:200x300:326781',$,$,#5481,#5478,'326781');
#5483=IFCPROPERTYSET('29xp1mtP7XdTCtAtQTMe_u',#6,'Pset_ColumnCommon',$,(#78,#79,#2375));
#5484=IFCPROPERTYSET('3leaGCMeu2ryIn6aBFLliG',#6,'Pset_QuantityTakeOff',$,(#2375));
#5485=IFCPROPERTYSINGLEVALUE('Reference',$,IFCLABEL('200x300'),$);
#5486=IFCPROPERTYSET('1aMN2_qU6EYD_WEhrP6wqS',#6,'Pset_ReinforcementBarPitchOfColumn',$,(#5485));
#5487=IFCRELDEFINESBYPROPERTIES('3ea88O0XKFZ$tHCh9OR8Wl',#6,$,$,(#5482),#5483);
#5488=IFCRELDEFINESBYPROPERTIES('022Wue$kSql$VqxB_XMqtm',#6,$,$,(#5482),#5484);
#5489=IFCRELDEFINESBYPROPERTIES('0xRUOFURl6iyDljEBCifVI',#6,$,$,(#5482),#5486);
#5490=IFCMAPPEDITEM(#4835,#1742);
#5491=IFCSHAPEREPRESENTATION(#15,'Body','MappedRepresentation',(#5490));
#5492=IFCPRODUCTDEFINITIONSHAPE($,$,(#5491));
#5493=IFCCARTESIANPOINT((4428.7857453788993,11361.361329759629,-3500.));
#5494=IFCAXIS2PLACEMENT3D(#5493,$,$);
#5495=IFCLOCALPLACEMENT(#32,#5494);
#5496=IFCCOLUMN('2pNQm$eHn1$wzB9nyPhlM2',#6,'Column:200x300:326782',$,$,#5495,#5492,'326782');
#5497=IFCPROPERTYSET('3ylcyeaywXtg3IoYffHZV7',#6,'Pset_ColumnCommon',$,(#78,#79,#2375));
#5498=IFCPROPERTYSET('1HScY6FGxuGSO7dFPXWsN_',#6,'Pset_QuantityTakeOff',$,(#2375));
#5499=IFCPROPERTYSINGLEVALUE('Reference',$,IFCLABEL('200x300'),$);
#5500=IFCPROPERTYSET('3wpEe5U3Hq30sLV9n0jkNC',#6,'Pset_ReinforcementBarPitchOfColumn',$,(#5499));
#5501=IFCRELDEFINESBYPROPERTIES('1UR$KPvwD7dqL6YVv3MnEL',#6,$,$,(#5496),#5497);
#5502=IFCRELDEFINESBYPROPERTIES('1lkNgGvmUjZ191mi1zVe5B',#6,$,$,(#5496),#5498);
#5503=IFCRELDEFINESBYPROPERTIES('0HNrzuZP_AWVKcRM156aRS',#6,$,$,(#5496),#5500);
#5504=IFCMAPPEDITEM(#4835,#1742);
#5505=IFCSHAPEREPRESENTATION(#15,'Body','MappedRepresentation',(#5504));
#5506=IFCPRODUCTDEFINITIONSHAPE($,$,(#5505));
#5507=IFCCARTESIANPOINT((7628.7857453789084,11361.361329759618,-3500.));
#5508=IFCAXIS2PLACEMENT3D(#5507,$,$);
#5509=IFCLOCALPLACEMENT(#32,#5508);
#5510=IFCCOLUMN('2pNQm$eHn1$wzB9nyPhlM3',#6,'Column:200x300:326783',$,$,#5509,#5506,'326783');
#5511=IFCPROPERTYSET('3kEg$FNkyyO1gFoDc6rxZk',#6,'Pset_ColumnCommon',$,(#78,#79,#2375));
#5512=IFCPROPERTYSET('2EUDDBMsmDCZsOWRD_9nPW',#6,'Pset_QuantityTakeOff',$,(#2375));
#5513=IFCPROPERTYSINGLEVALUE('Reference',$,IFCLABEL('200x300'),$);
#5514=IFCPROPERTYSET('0fNJcF5_stnfBaloyntkiW',#6,'Pset_ReinforcementBarPitchOfColumn',$,(#5513));
#5515=IFCRELDEFINESBYPROPERTIES('3z2NO1EW1ZIB4IpuR0g7iR',#6,$,$,(#5510),#5511);
#5516=IFCRELDEFINESBYPROPERTIES('14RiWE3BiOb728sFZUBqY$',#6,$,$,(#5510),#5512);
#5517=IFCRELDEFINESBYPROPERTIES('0kmJ9mxcuz3lLJ6pNEk66g',#6,$,$,(#5510),#5514);
#5518=IFCMAPPEDITEM(#4835,#1742);
#5519=IFCSHAPEREPRESENTATION(#15,'Body','MappedRepresentation',(#5518));
#5520=IFCPRODUCTDEFINITIONSHAPE($,$,(#5519));
#5521=IFCCARTESIANPOINT((10828.785745378907,11361.361329759608,-3500.));
#5522=IFCAXIS2PLACEMENT3D(#5521,$,$);
#5523=IFCLOCALPLACEMENT(#32,#5522);
#5524=IFCCOLUMN('2pNQm$eHn1$wzB9nyPhlLy',#6,'Column:200x300:326784',$,$,#5523,#5520,'326784');
#5525=IFCPROPERTYSET('1QVHkyftqhNjNMzuAtryj$',#6,'Pset_ColumnCommon',$,(#78,#79,#2375));
#5526=IFCPROPERTYSET('16pG0_dGWcr7MhDcJvR9wS',#6,'Pset_QuantityTakeOff',$,(#2375));
#5527=IFCPROPERTYSINGLEVALUE('Reference',$,IFCLABEL('200x300'),$);
#5528=IFCPROPERTYSET('3R_0fdsxbgR3yr6RZ5rNkv',#6,'Pset_ReinforcementBarPitchOfColumn',$,(#5527));
#5529=IFCRELDEFINESBYPROPERTIES('2tgxAUd7gnKtrV$3_RcNIZ',#6,$,$,(#5524),#5525);
#5530=IFCRELDEFINESBYPROPERTIES('3Tla2VYKgXHfJEH6Y2dHYR',#6,$,$,(#5524),#5526);
#5531=IFCRELDEFINESBYPROPERTIES('1WiWaF$NM1n57126glmSCF',#6,$,$,(#5524),#5528);
#5532=IFCMAPPEDITEM(#4835,#1742);
#5533=IFCSHAPEREPRESENTATION(#15,'Body','MappedRepresentation',(#5532));
#5534=IFCPRODUCTDEFINITIONSHAPE($,$,(#5533));
#5535=IFCCARTESIANPOINT((17228.785745378907,11361.361329759586,-3500.));
#5536=IFCAXIS2PLACEMENT3D(#5535,$,$);
#5537=IFCLOCALPLACEMENT(#32,#5536);
#5538=IFCCOLUMN('2pNQm$eHn1$wzB9nyPhlLz',#6,'Column:200x300:326785',$,$,#5537,#5534,'326785');
#5539=IFCPROPERTYSET('0ogH2wLsAqfJbw6uqEgSaP',#6,'Pset_ColumnCommon',$,(#78,#79,#2375));
#5540=IFCPROPERTYSET('2AxDH2oGWh4N0jd9o$ap$K',#6,'Pset_QuantityTakeOff',$,(#2375));
#5541=IFCPROPERTYSINGLEVALUE('Reference',$,IFCLABEL('200x300'),$);
#5542=IFCPROPERTYSET('2XJru1mw7vGjzIzC691vZW',#6,'Pset_ReinforcementBarPitchOfColumn',$,(#5541));
#5543=IFCRELDEFINESBYPROPERTIES('0yE$sYpY7s8iL$EHlbeop_',#6,$,$,(#5538),#5539);
#5544=IFCRELDEFINESBYPROPERTIES('3IZZzX78t3bY8RittxoGie',#6,$,$,(#5538),#5540);
#5545=IFCRELDEFINESBYPROPERTIES('02SmHzN5hMJL$_6X9tCOBh',#6,$,$,(#5538),#5542);
#5546=IFCCARTESIANPOINT((0.,0.));
#5547=IFCAXIS2PLACEMENT2D(#5546,#44);
#5548=IFCRECTANGLEPROFILEDEF(.AREA.,'200x1090',#5547,1090.,200.);
#5549=IFCCARTESIANPOINT((-445.,0.,3500.));
#5550=IFCAXIS2PLACEMENT3D(#5549,#51,#1725);
#5551=IFCEXTRUDEDAREASOLID(#5548,#5550,#51,3500.0000000000005);
#5552=IFCSTYLEDITEM(#5551,(#1731),$);
#5553=IFCSHAPEREPRESENTATION(#15,'Body','SweptSolid',(#5551));
#5554=IFCAXIS2PLACEMENT3D(#10,$,$);
#5555=IFCREPRESENTATIONMAP(#5554,#5553);
#5556=IFCCOLUMNTYPE('2pNQm$eHn1$wzB9nyPhm2k',#6,'Column:200x1090',$,$,(#5571),(#5555),'313511',$,.COLUMN.);
#5557=IFCMAPPEDITEM(#5555,#1742);
#5558=IFCSHAPEREPRESENTATION(#15,'Body','MappedRepresentation',(#5557));
#5559=IFCPRODUCTDEFINITIONSHAPE($,$,(#5558));
#5560=IFCCARTESIANPOINT((-10781.214254621116,11361.36132975968,-3500.));
#5561=IFCAXIS2PLACEMENT3D(#5560,$,$);
#5562=IFCLOCALPLACEMENT(#32,#5561);
#5563=IFCCOLUMN('2pNQm$eHn1$wzB9nyPhlL_',#6,'Column:200x1090:326786',$,$,#5562,#5559,'326786');
#5564=IFCPROPERTYSET('0dUv1iwL69rmvHExnVUxIq',#6,'Pset_ColumnCommon',$,(#78,#79,#3056));
#5565=IFCPROPERTYSET('2Wwfcw7EXAAeyqCrXc1Htn',#6,'Pset_QuantityTakeOff',$,(#3056));
#5566=IFCPROPERTYSINGLEVALUE('Reference',$,IFCLABEL('200x1090'),$);
#5567=IFCPROPERTYSET('1XDykzDp7lv8o_JGfB29An',#6,'Pset_ReinforcementBarPitchOfColumn',$,(#5566));
#5568=IFCRELDEFINESBYPROPERTIES('2iHN0WPljh6Xbw8KB199F0',#6,$,$,(#5563),#5564);
#5569=IFCRELDEFINESBYPROPERTIES('0w4NM0LJwoh7l9cEM1zHu6',#6,$,$,(#5563),#5565);
#5570=IFCRELDEFINESBYPROPERTIES('0e0BApPwgOqUY4PJ1wW9Ds',#6,$,$,(#5563),#5567);
#5571=IFCPROPERTYSET('1Okq3TSkYG2q92kMZBQWyj',#6,'Pset_ColumnCommon',$,(#79));
#5572=IFCMAPPEDITEM(#5555,#1742);
#5573=IFCSHAPEREPRESENTATION(#15,'Body','MappedRepresentation',(#5572));
#5574=IFCPRODUCTDEFINITIONSHAPE($,$,(#5573));
#5575=IFCCARTESIANPOINT((2018.7857453788836,11361.36132975964,-3500.));
#5576=IFCAXIS2PLACEMENT3D(#5575,$,$);
#5577=IFCLOCALPLACEMENT(#32,#5576);
#5578=IFCCOLUMN('2pNQm$eHn1$wzB9nyPhlL$',#6,'Column:200x1090:326787',$,$,#5577,#5574,'326787');
#5579=IFCPROPERTYSET('2mKcl67PaE6ZQdEvwZCDnA',#6,'Pset_ColumnCommon',$,(#78,#79,#3056));
#5580=IFCPROPERTYSET('0MmvEKP09Imfxd1qUiQGjF',#6,'Pset_QuantityTakeOff',$,(#3056));
#5581=IFCPROPERTYSINGLEVALUE('Reference',$,IFCLABEL('200x1090'),$);
#5582=IFCPROPERTYSET('0pUZVKyfKbu9QhddM63NbG',#6,'Pset_ReinforcementBarPitchOfColumn',$,(#5581));
#5583=IFCRELDEFINESBYPROPERTIES('3VAtWlIGiSdlffge$GnAIP',#6,$,$,(#5578),#5579);
#5584=IFCRELDEFINESBYPROPERTIES('0G6ZkOJaLsvb8YT$JW$S9x',#6,$,$,(#5578),#5580);
#5585=IFCRELDEFINESBYPROPERTIES('1heuMkiCt5MFTlzPIa0TEs',#6,$,$,(#5578),#5582);
#5586=IFCMAPPEDITEM(#5555,#1742);
#5587=IFCSHAPEREPRESENTATION(#15,'Body','MappedRepresentation',(#5586));
#5588=IFCPRODUCTDEFINITIONSHAPE($,$,(#5587));
#5589=IFCCARTESIANPOINT((14818.785745378867,11361.361329759598,-3500.));
#5590=IFCAXIS2PLACEMENT3D(#5589,$,$);
#5591=IFCLOCALPLACEMENT(#32,#5590);
#5592=IFCCOLUMN('2pNQm$eHn1$wzB9nyPhlLu',#6,'Column:200x1090:326788',$,$,#5591,#5588,'326788');
#5593=IFCPROPERTYSET('1v8uSJqu_ntXk3$MzJdFwX',#6,'Pset_ColumnCommon',$,(#78,#79,#3056));
#5594=IFCPROPERTYSET('12IzXebp0SF_upAlDzt3iO',#6,'Pset_QuantityTakeOff',$,(#3056));
#5595=IFCPROPERTYSINGLEVALUE('Reference',$,IFCLABEL('200x1090'),$);
#5596=IFCPROPERTYSET('28Bp9aggEUI$PmVJOnFf8a',#6,'Pset_ReinforcementBarPitchOfColumn',$,(#5595));
#5597=IFCRELDEFINESBYPROPERTIES('3aGxilU_y3cgerBrVVWcDH',#6,$,$,(#5592),#5593);
#5598=IFCRELDEFINESBYPROPERTIES('3e63dWO__E5L5nJ4s6aPjx',#6,$,$,(#5592),#5594);
#5599=IFCRELDEFINESBYPROPERTIES('2qQQnfH5JeOYILfy3u78nr',#6,$,$,(#5592),#5596);
#5600=IFCMAPPEDITEM(#4557,#1742);
#5601=IFCSHAPEREPRESENTATION(#15,'Body','MappedRepresentation',(#5600));
#5602=IFCPRODUCTDEFINITIONSHAPE($,$,(#5601));
#5603=IFCCARTESIANPOINT((-2021.2142546211537,-20363.638670240332,-3500.));
#5604=IFCAXIS2PLACEMENT3D(#5603,$,$);
#5605=IFCLOCALPLACEMENT(#32,#5604);
#5606=IFCCOLUMN('2pNQm$eHn1$wzB9nyPhlLv',#6,'Column:200x360:326789',$,$,#5605,#5602,'326789');
#5607=IFCPROPERTYSET('0lt3m5rpA3Pe2m_Tiwe_$x',#6,'Pset_ColumnCommon',$,(#78,#79,#1777));
#5608=IFCPROPERTYSET('1WKD9$N4M9Ov0dm$EO0Px2',#6,'Pset_QuantityTakeOff',$,(#1777));
#5609=IFCPROPERTYSINGLEVALUE('Reference',$,IFCLABEL('200x360'),$);
#5610=IFCPROPERTYSET('1xLNYqwnTHMjsldeogvpaC',#6,'Pset_ReinforcementBarPitchOfColumn',$,(#5609));
#5611=IFCRELDEFINESBYPROPERTIES('23eSMKgRRrwpyi3iv0LCFa',#6,$,$,(#5606),#5607);
#5612=IFCRELDEFINESBYPROPERTIES('2CClv67goJtZU$ps1kF7R1',#6,$,$,(#5606),#5608);
#5613=IFCRELDEFINESBYPROPERTIES('2lrqbtwDoSv7TrfVEiKXWt',#6,$,$,(#5606),#5610);
#5614=IFCCARTESIANPOINT((0.,0.));
#5615=IFCAXIS2PLACEMENT2D(#5614,#44);
#5616=IFCRECTANGLEPROFILEDEF(.AREA.,'360x200',#5615,360.,200.);
#5617=IFCCARTESIANPOINT((-80.,0.,3500.));
#5618=IFCAXIS2PLACEMENT3D(#5617,#51,#1725);
#5619=IFCEXTRUDEDAREASOLID(#5616,#5618,#51,3500.0000000000005);
#5620=IFCSTYLEDITEM(#5619,(#1731),$);
#5621=IFCSHAPEREPRESENTATION(#15,'Body','SweptSolid',(#5619));
#5622=IFCAXIS2PLACEMENT3D(#10,$,$);
#5623=IFCREPRESENTATIONMAP(#5622,#5621);
#5624=IFCCOLUMNTYPE('2pNQm$eHn1$wzB9nyPhm2l',#6,'Column:360x200',$,$,(#5639),(#5623),'313905',$,.COLUMN.);
#5625=IFCMAPPEDITEM(#5623,#1742);
#5626=IFCSHAPEREPRESENTATION(#15,'Body','MappedRepresentation',(#5625));
#5627=IFCPRODUCTDEFINITIONSHAPE($,$,(#5626));
#5628=IFCCARTESIANPOINT((-33651.214254621118,11361.361329759759,-3500.));
#5629=IFCAXIS2PLACEMENT3D(#5628,$,$);
#5630=IFCLOCALPLACEMENT(#32,#5629);
#5631=IFCCOLUMN('2pNQm$eHn1$wzB9nyPhlLw',#6,'Column:360x200:326790',$,$,#5630,#5627,'326790');
#5632=IFCPROPERTYSET('0G5MbavD_9Zku9yhNq3Etz',#6,'Pset_ColumnCommon',$,(#78,#79,#3125));
#5633=IFCPROPERTYSET('2fGAQgcXOyY0vub_vWet70',#6,'Pset_QuantityTakeOff',$,(#3125));
#5634=IFCPROPERTYSINGLEVALUE('Reference',$,IFCLABEL('360x200'),$);
#5635=IFCPROPERTYSET('0u9W0VTtLzs94mgP1cOS8y',#6,'Pset_ReinforcementBarPitchOfColumn',$,(#5634));
#5636=IFCRELDEFINESBYPROPERTIES('0Q6F7VUHSyxNCCZ$HkXoBL',#6,$,$,(#5631),#5632);
#5637=IFCRELDEFINESBYPROPERTIES('0Lcaj6aJNoRPa$8gHd0I95',#6,$,$,(#5631),#5633);
#5638=IFCRELDEFINESBYPROPERTIES('0TJ1UODcVTzgkQ13h8OdO_',#6,$,$,(#5631),#5635);
#5639=IFCPROPERTYSET('393JERwznbBcyY4An72wzJ',#6,'Pset_ColumnCommon',$,(#79));
#5640=IFCMAPPEDITEM(#5555,#1742);
#5641=IFCSHAPEREPRESENTATION(#15,'Body','MappedRepresentation',(#5640));
#5642=IFCPRODUCTDEFINITIONSHAPE($,$,(#5641));
#5643=IFCCARTESIANPOINT((-23581.214254621118,11361.361329759722,-3500.));
#5644=IFCAXIS2PLACEMENT3D(#5643,$,$);
#5645=IFCLOCALPLACEMENT(#32,#5644);
#5646=IFCCOLUMN('2pNQm$eHn1$wzB9nyPhlLx',#6,'Column:200x1090:326791',$,$,#5645,#5642,'326791');
#5647=IFCPROPERTYSET('04GzJI$Pkx4WCydsXpi8j5',#6,'Pset_ColumnCommon',$,(#78,#79,#3056));
#5648=IFCPROPERTYSET('3sQ52RKakf0DIzu3gfAZXQ',#6,'Pset_QuantityTakeOff',$,(#3056));
#5649=IFCPROPERTYSINGLEVALUE('Reference',$,IFCLABEL('200x1090'),$);
#5650=IFCPROPERTYSET('0EgQa15GWfvE6I17lNh_gw',#6,'Pset_ReinforcementBarPitchOfColumn',$,(#5649));
#5651=IFCRELDEFINESBYPROPERTIES('0sbLYSMefQMbxkeJ1W$11w',#6,$,$,(#5646),#5647);
#5652=IFCRELDEFINESBYPROPERTIES('1hcPsMtaKpFMAdT5jRTebt',#6,$,$,(#5646),#5648);
#5653=IFCRELDEFINESBYPROPERTIES('10raD3BwymIH5E8eo4tI5u',#6,$,$,(#5646),#5650);
#5654=IFCMAPPEDITEM(#4835,#1742);
#5655=IFCSHAPEREPRESENTATION(#15,'Body','MappedRepresentation',(#5654));
#5656=IFCPRODUCTDEFINITIONSHAPE($,$,(#5655));
#5657=IFCCARTESIANPOINT((20803.785745378867,11361.361329759573,-3500.));
#5658=IFCAXIS2PLACEMENT3D(#5657,$,$);
#5659=IFCLOCALPLACEMENT(#32,#5658);
#5660=IFCCOLUMN('2pNQm$eHn1$wzB9nyPhlLq',#6,'Column:200x300:326792',$,$,#5659,#5656,'326792');
#5661=IFCPROPERTYSET('0uBcvf0rgrwbCMJiQWrxZe',#6,'Pset_ColumnCommon',$,(#78,#79,#2375));
#5662=IFCPROPERTYSET('0MI34TLpsXUDtvA0X$vTzy',#6,'Pset_QuantityTakeOff',$,(#2375));
#5663=IFCPROPERTYSINGLEVALUE('Reference',$,IFCLABEL('200x300'),$);
#5664=IFCPROPERTYSET('3gZcM8TQuEDy3QVX6n5qMG',#6,'Pset_ReinforcementBarPitchOfColumn',$,(#5663));
#5665=IFCRELDEFINESBYPROPERTIES('3DOZvwqv7khYiyEGDnHkQ4',#6,$,$,(#5660),#5661);
#5666=IFCRELDEFINESBYPROPERTIES('1MtdT49GlHueiOtKzG_345',#6,$,$,(#5660),#5662);
#5667=IFCRELDEFINESBYPROPERTIES('2M_kQHEZjbZvTPg83OLS5Q',#6,$,$,(#5660),#5664);
#5668=IFCCARTESIANPOINT((-7.1054273576010019E-015,0.));
#5669=IFCAXIS2PLACEMENT2D(#5668,#44);
#5670=IFCRECTANGLEPROFILEDEF(.AREA.,'200x240',#5669,200.,240.);
#5671=IFCCARTESIANPOINT((0.,20.,3500.));
#5672=IFCAXIS2PLACEMENT3D(#5671,#51,#1725);
#5673=IFCEXTRUDEDAREASOLID(#5670,#5672,#51,3500.0000000000005);
#5674=IFCSTYLEDITEM(#5673,(#1731),$);
#5675=IFCSHAPEREPRESENTATION(#15,'Body','SweptSolid',(#5673));
#5676=IFCAXIS2PLACEMENT3D(#10,$,$);
#5677=IFCREPRESENTATIONMAP(#5676,#5675);
#5678=IFCCOLUMNTYPE('2pNQm$eHn1$wzB9nyPhm2t',#6,'Column:200x240',$,$,(#5694),(#5677),'327059',$,.COLUMN.);
#5679=IFCMAPPEDITEM(#5677,#1742);
#5680=IFCSHAPEREPRESENTATION(#15,'Body','MappedRepresentation',(#5679));
#5681=IFCPRODUCTDEFINITIONSHAPE($,$,(#5680));
#5682=IFCCARTESIANPOINT((-27621.214254621162,-14238.638670240265,-3500.));
#5683=IFCAXIS2PLACEMENT3D(#5682,$,$);
#5684=IFCLOCALPLACEMENT(#32,#5683);
#5685=IFCCOLUMN('2pNQm$eHn1$wzB9nyPhlHg',#6,'Column:200x240:327062',$,$,#5684,#5681,'327062');
#5686=IFCPROPERTYSINGLEVALUE('Reference',$,IFCIDENTIFIER('200x240'),$);
#5687=IFCPROPERTYSET('1zjAiRbe7OWoJH6PPkilhY',#6,'Pset_ColumnCommon',$,(#78,#79,#5686));
#5688=IFCPROPERTYSET('37uiB3Ow4FMJtz6Mjq8F$L',#6,'Pset_QuantityTakeOff',$,(#5686));
#5689=IFCPROPERTYSINGLEVALUE('Reference',$,IFCLABEL('200x240'),$);
#5690=IFCPROPERTYSET('0eYoHVXV50fV_wROMHjWtL',#6,'Pset_ReinforcementBarPitchOfColumn',$,(#5689));
#5691=IFCRELDEFINESBYPROPERTIES('0dQIBYrcvXJ1Xq1v9iz1kO',#6,$,$,(#5685),#5687);
#5692=IFCRELDEFINESBYPROPERTIES('3z8uI2FXUJo8d9q8WVQX5b',#6,$,$,(#5685),#5688);
#5693=IFCRELDEFINESBYPROPERTIES('1I1mdOUmkbaqzS9IGdiUGo',#6,$,$,(#5685),#5690);
#5694=IFCPROPERTYSET('1F5jv64NcoDfMPksJRgL4M',#6,'Pset_ColumnCommon',$,(#79));
#5695=IFCMAPPEDITEM(#5677,#1742);
#5696=IFCSHAPEREPRESENTATION(#15,'Body','MappedRepresentation',(#5695));
#5697=IFCPRODUCTDEFINITIONSHAPE($,$,(#5696));
#5698=IFCCARTESIANPOINT((-18021.214254621151,-14238.638670240294,-3500.));
#5699=IFCAXIS2PLACEMENT3D(#5698,$,$);
#5700=IFCLOCALPLACEMENT(#32,#5699);
#5701=IFCCOLUMN('2pNQm$eHn1$wzB9nyPhlVz',#6,'Column:200x240:327169',$,$,#5700,#5697,'327169');
#5702=IFCPROPERTYSET('3mSxyhlpT26TwD7nczE_PQ',#6,'Pset_ColumnCommon',$,(#78,#79,#5686));
#5703=IFCPROPERTYSET('0aF$U1GuaAgzkMJ$WZITnk',#6,'Pset_QuantityTakeOff',$,(#5686));
#5704=IFCPROPERTYSINGLEVALUE('Reference',$,IFCLABEL('200x240'),$);
#5705=IFCPROPERTYSET('0dFA1LGBj7oFquxFMTrbcM',#6,'Pset_ReinforcementBarPitchOfColumn',$,(#5704));
#5706=IFCRELDEFINESBYPROPERTIES('10fwiF_mGZGSm8F6UzFYSq',#6,$,$,(#5701),#5702);
#5707=IFCRELDEFINESBYPROPERTIES('3hoqUXmBKvQlpWVASdiGzM',#6,$,$,(#5701),#5703);
#5708=IFCRELDEFINESBYPROPERTIES('1uvWg48a9z_3CCFUgxx34a',#6,$,$,(#5701),#5705);
#5709=IFCMAPPEDITEM(#5677,#1742);
#5710=IFCSHAPEREPRESENTATION(#15,'Body','MappedRepresentation',(#5709));
#5711=IFCPRODUCTDEFINITIONSHAPE($,$,(#5710));
#5712=IFCCARTESIANPOINT((-21221.214254621151,-14238.638670240283,-3500.));
#5713=IFCAXIS2PLACEMENT3D(#5712,$,$);
#5714=IFCLOCALPLACEMENT(#32,#5713);
#5715=IFCCOLUMN('2pNQm$eHn1$wzB9nyPhlR0',#6,'Column:200x240:327484',$,$,#5714,#5711,'327484');
#5716=IFCPROPERTYSET('3aOvWPU382UzWClYTwGdDU',#6,'Pset_ColumnCommon',$,(#78,#79,#5686));
#5717=IFCPROPERTYSET('2cwCfB4kVkPEkBu$UmXuOw',#6,'Pset_QuantityTakeOff',$,(#5686));
#5718=IFCPROPERTYSINGLEVALUE('Reference',$,IFCLABEL('200x240'),$);
#5719=IFCPROPERTYSET('3J2w$KfYPMxDYlu1zZUN1t',#6,'Pset_ReinforcementBarPitchOfColumn',$,(#5718));
#5720=IFCRELDEFINESBYPROPERTIES('27M1KZl6lo4W3M$FB0Xp8T',#6,$,$,(#5715),#5716);
#5721=IFCRELDEFINESBYPROPERTIES('1GOamLBBBt4zRmG$G3TZzY',#6,$,$,(#5715),#5717);
#5722=IFCRELDEFINESBYPROPERTIES('0LScxoqLRhD2_902dSgxpk',#6,$,$,(#5715),#5719);
#5723=IFCMAPPEDITEM(#5677,#1742);
#5724=IFCSHAPEREPRESENTATION(#15,'Body','MappedRepresentation',(#5723));
#5725=IFCPRODUCTDEFINITIONSHAPE($,$,(#5724));
#5726=IFCCARTESIANPOINT((-24421.214254621151,-14238.638670240276,-3500.));
#5727=IFCAXIS2PLACEMENT3D(#5726,$,$);
#5728=IFCLOCALPLACEMENT(#32,#5727);
#5729=IFCCOLUMN('2pNQm$eHn1$wzB9nyPhlPD',#6,'Column:200x240:327601',$,$,#5728,#5725,'327601');
#5730=IFCPROPERTYSET('30PqpbBVvaHIG_m8epxivA',#6,'Pset_ColumnCommon',$,(#78,#79,#5686));
#5731=IFCPROPERTYSET('21L3t9b90b6aZIWjf5rm5q',#6,'Pset_QuantityTakeOff',$,(#5686));
#5732=IFCPROPERTYSINGLEVALUE('Reference',$,IFCLABEL('200x240'),$);
#5733=IFCPROPERTYSET('1sNqbUoCyMBvF7GtkJxMoa',#6,'Pset_ReinforcementBarPitchOfColumn',$,(#5732));
#5734=IFCRELDEFINESBYPROPERTIES('1jrtGS5qA5IU1n4C4cF_S2',#6,$,$,(#5729),#5730);
#5735=IFCRELDEFINESBYPROPERTIES('0WpvpWNdB402$akb4ZMI9L',#6,$,$,(#5729),#5731);
#5736=IFCRELDEFINESBYPROPERTIES('0$sEuwnyQsgfVXqnQKOlRo',#6,$,$,(#5729),#5733);
#5737=IFCMAPPEDITEM(#5677,#1742);
#5738=IFCSHAPEREPRESENTATION(#15,'Body','MappedRepresentation',(#5737));
#5739=IFCPRODUCTDEFINITIONSHAPE($,$,(#5738));
#5740=IFCCARTESIANPOINT((-8421.2142546211508,-14238.638670240327,-3500.));
#5741=IFCAXIS2PLACEMENT3D(#5740,$,$);
#5742=IFCLOCALPLACEMENT(#32,#5741);
#5743=IFCCOLUMN('2pNQm$eHn1$wzB9nyPhmdc',#6,'Column:200x240:327706',$,$,#5742,#5739,'327706');
#5744=IFCPROPERTYSET('2CJC9u4FNjzIauHryylK2O',#6,'Pset_ColumnCommon',$,(#78,#79,#5686));
#5745=IFCPROPERTYSET('0dHXJI4LPlF7CcVevUiqPJ',#6,'Pset_QuantityTakeOff',$,(#5686));
#5746=IFCPROPERTYSINGLEVALUE('Reference',$,IFCLABEL('200x240'),$);
#5747=IFCPROPERTYSET('0mebfioB0dT2g1AH1NMB$A',#6,'Pset_ReinforcementBarPitchOfColumn',$,(#5746));
#5748=IFCRELDEFINESBYPROPERTIES('3K94ZW7oB7gqzRsPWIq7rS',#6,$,$,(#5743),#5744);
#5749=IFCRELDEFINESBYPROPERTIES('2RbRn9WJe$mCI0uKMhGqry',#6,$,$,(#5743),#5745);
#5750=IFCRELDEFINESBYPROPERTIES('30KT$hOLVDU7RJLefzpJhT',#6,$,$,(#5743),#5747);
#5751=IFCMAPPEDITEM(#5677,#1742);
#5752=IFCSHAPEREPRESENTATION(#15,'Body','MappedRepresentation',(#5751));
#5753=IFCPRODUCTDEFINITIONSHAPE($,$,(#5752));
#5754=IFCCARTESIANPOINT((-5221.2142546211417,-14238.638670240338,-3500.));
#5755=IFCAXIS2PLACEMENT3D(#5754,$,$);
#5756=IFCLOCALPLACEMENT(#32,#5755);
#5757=IFCCOLUMN('2pNQm$eHn1$wzB9nyPhmbt',#6,'Column:200x240:327819',$,$,#5756,#5753,'327819');
#5758=IFCPROPERTYSET('0kknUgtLKUsjXLySiOlXeu',#6,'Pset_ColumnCommon',$,(#78,#79,#5686));
#5759=IFCPROPERTYSET('0ALjw$cB73OupGj_AoqAz6',#6,'Pset_QuantityTakeOff',$,(#5686));
#5760=IFCPROPERTYSINGLEVALUE('Reference',$,IFCLABEL('200x240'),$);
#5761=IFCPROPERTYSET('219MD7Ho_AuSPT6oLzSIdT',#6,'Pset_ReinforcementBarPitchOfColumn',$,(#5760));
#5762=IFCRELDEFINESBYPROPERTIES('0l7Oj5ZFjZ3yHpMW92Swbo',#6,$,$,(#5757),#5758);
#5763=IFCRELDEFINESBYPROPERTIES('3rLZkE0tEH6z$zwuuJGlHU',#6,$,$,(#5757),#5759);
#5764=IFCRELDEFINESBYPROPERTIES('1Wf$2bGnZkZHHySK_cnoeK',#6,$,$,(#5757),#5761);
#5765=IFCMAPPEDITEM(#5677,#1742);
#5766=IFCSHAPEREPRESENTATION(#15,'Body','MappedRepresentation',(#5765));
#5767=IFCPRODUCTDEFINITIONSHAPE($,$,(#5766));
#5768=IFCCARTESIANPOINT((-2021.2142546211421,-14238.638670240347,-3500.));
#5769=IFCAXIS2PLACEMENT3D(#5768,$,$);
#5770=IFCLOCALPLACEMENT(#32,#5769);
#5771=IFCCOLUMN('2pNQm$eHn1$wzB9nyPhma8',#6,'Column:200x240:327924',$,$,#5770,#5767,'327924');
#5772=IFCPROPERTYSET('1C_BGFOykC_bZdtE5lb02r',#6,'Pset_ColumnCommon',$,(#78,#79,#5686));
#5773=IFCPROPERTYSET('3dg4_WFv4$5xIyPMeI8X33',#6,'Pset_QuantityTakeOff',$,(#5686));
#5774=IFCPROPERTYSINGLEVALUE('Reference',$,IFCLABEL('200x240'),$);
#5775=IFCPROPERTYSET('1MWeRzPz3t8KqAgVLESh3v',#6,'Pset_ReinforcementBarPitchOfColumn',$,(#5774));
#5776=IFCRELDEFINESBYPROPERTIES('1503DdtTSR6LMBXXCVJniY',#6,$,$,(#5771),#5772);
#5777=IFCRELDEFINESBYPROPERTIES('3bf$uT0uDs6lYqMheQWLCI',#6,$,$,(#5771),#5773);
#5778=IFCRELDEFINESBYPROPERTIES('152tQOsd9rsvc6V7cKuR1X',#6,$,$,(#5771),#5775);
#5779=IFCMAPPEDITEM(#5677,#1742);
#5780=IFCSHAPEREPRESENTATION(#15,'Body','MappedRepresentation',(#5779));
#5781=IFCPRODUCTDEFINITIONSHAPE($,$,(#5780));
#5782=IFCCARTESIANPOINT((1178.7857453788583,-14238.638670240358,-3500.));
#5783=IFCAXIS2PLACEMENT3D(#5782,$,$);
#5784=IFCLOCALPLACEMENT(#32,#5783);
#5785=IFCCOLUMN('2pNQm$eHn1$wzB9nyPhmXX',#6,'Column:200x240:328093',$,$,#5784,#5781,'328093');
#5786=IFCPROPERTYSET('1hwV2S9ohFEyfaVs49D9bV',#6,'Pset_ColumnCommon',$,(#78,#79,#5686));
#5787=IFCPROPERTYSET('0m9C8Ckg4B3XxP35F_ccba',#6,'Pset_QuantityTakeOff',$,(#5686));
#5788=IFCPROPERTYSINGLEVALUE('Reference',$,IFCLABEL('200x240'),$);
#5789=IFCPROPERTYSET('2mXFlbXcDgbEahllVlnai7',#6,'Pset_ReinforcementBarPitchOfColumn',$,(#5788));
#5790=IFCRELDEFINESBYPROPERTIES('0EDj5EEKK8q8KI_NWFWNPa',#6,$,$,(#5785),#5786);
#5791=IFCRELDEFINESBYPROPERTIES('0oEyeqKEYf0WqEI7jzbMuf',#6,$,$,(#5785),#5787);
#5792=IFCRELDEFINESBYPROPERTIES('35zCyXJknh6MV1YoarUEd6',#6,$,$,(#5785),#5789);
#5793=IFCMAPPEDITEM(#5677,#1742);
#5794=IFCSHAPEREPRESENTATION(#15,'Body','MappedRepresentation',(#5793));
#5795=IFCPRODUCTDEFINITIONSHAPE($,$,(#5794));
#5796=IFCCARTESIANPOINT((10778.785745378877,-14238.638670240389,-3500.));
#5797=IFCAXIS2PLACEMENT3D(#5796,$,$);
#5798=IFCLOCALPLACEMENT(#32,#5797);
#5799=IFCCOLUMN('2pNQm$eHn1$wzB9nyPhmlo',#6,'Column:200x240:328206',$,$,#5798,#5795,'328206');
#5800=IFCPROPERTYSET('0YQ22mF5iKbCvIIY47Myx3',#6,'Pset_ColumnCommon',$,(#78,#79,#5686));
#5801=IFCPROPERTYSET('0b_xidmDeNsv_gkpZBz1r7',#6,'Pset_QuantityTakeOff',$,(#5686));
#5802=IFCPROPERTYSINGLEVALUE('Reference',$,IFCLABEL('200x240'),$);
#5803=IFCPROPERTYSET('3Kd1gCNUq8iQaPOgccrx2z',#6,'Pset_ReinforcementBarPitchOfColumn',$,(#5802));
#5804=IFCRELDEFINESBYPROPERTIES('0Sv$BlughhTQGSSUXRD34g',#6,$,$,(#5799),#5800);
#5805=IFCRELDEFINESBYPROPERTIES('0Ri3Rq2IX7AEgyxRQ290oY',#6,$,$,(#5799),#5801);
#5806=IFCRELDEFINESBYPROPERTIES('2Q_kmgUKH6MytfLqYWZcxZ',#6,$,$,(#5799),#5803);
#5807=IFCMAPPEDITEM(#5677,#1742);
#5808=IFCSHAPEREPRESENTATION(#15,'Body','MappedRepresentation',(#5807));
#5809=IFCPRODUCTDEFINITIONSHAPE($,$,(#5808));
#5810=IFCCARTESIANPOINT((13978.785745378877,-14238.638670240398,-3500.));
#5811=IFCAXIS2PLACEMENT3D(#5810,$,$);
#5812=IFCLOCALPLACEMENT(#32,#5811);
#5813=IFCCOLUMN('2pNQm$eHn1$wzB9nyPhmkF',#6,'Column:200x240:328307',$,$,#5812,#5809,'328307');
#5814=IFCPROPERTYSET('0hbmAQsiTm6hPxHtmr69V6',#6,'Pset_ColumnCommon',$,(#78,#79,#5686));
#5815=IFCPROPERTYSET('3TSnfFMUvwzBnQPvbpPnOW',#6,'Pset_QuantityTakeOff',$,(#5686));
#5816=IFCPROPERTYSINGLEVALUE('Reference',$,IFCLABEL('200x240'),$);
#5817=IFCPROPERTYSET('32AQk5$y7Vc5l$eid5SJLr',#6,'Pset_ReinforcementBarPitchOfColumn',$,(#5816));
#5818=IFCRELDEFINESBYPROPERTIES('3XhFXVLjNVYfeoR8uLJmt$',#6,$,$,(#5813),#5814);
#5819=IFCRELDEFINESBYPROPERTIES('1QCxXtSkzXO_rATWewsZyl',#6,$,$,(#5813),#5815);
#5820=IFCRELDEFINESBYPROPERTIES('1_QCrzPtegHPnqrAxEohcY',#6,$,$,(#5813),#5817);
#5821=IFCMAPPEDITEM(#5677,#1742);
#5822=IFCSHAPEREPRESENTATION(#15,'Body','MappedRepresentation',(#5821));
#5823=IFCPRODUCTDEFINITIONSHAPE($,$,(#5822));
#5824=IFCCARTESIANPOINT((-27621.21425462114,-1438.6386702402615,-3500.));
#5825=IFCAXIS2PLACEMENT3D(#5824,$,$);
#5826=IFCLOCALPLACEMENT(#32,#5825);
#5827=IFCCOLUMN('2pNQm$eHn1$wzB9nyPhmes',#6,'Column:200x240:328650',$,$,#5826,#5823,'328650');
#5828=IFCPROPERTYSET('0Y8HzMS7wGIA2nslNGPuK3',#6,'Pset_ColumnCommon',$,(#78,#79,#5686));
#5829=IFCPROPERTYSET('2h_oUz5lWY00Uw$aaIe96G',#6,'Pset_QuantityTakeOff',$,(#5686));
#5830=IFCPROPERTYSINGLEVALUE('Reference',$,IFCLABEL('200x240'),$);
#5831=IFCPROPERTYSET('1IFlgy00gY7KgA8dj4Czrz',#6,'Pset_ReinforcementBarPitchOfColumn',$,(#5830));
#5832=IFCRELDEFINESBYPROPERTIES('2RzDICGf0tS$6x$tLJVrR$',#6,$,$,(#5827),#5828);
#5833=IFCRELDEFINESBYPROPERTIES('34qrPBOayiHq_yk8EovCwf',#6,$,$,(#5827),#5829);
#5834=IFCRELDEFINESBYPROPERTIES('3r4li8Y7qlXU26Rb0wLhtY',#6,$,$,(#5827),#5831);
#5835=IFCMAPPEDITEM(#5677,#1742);
#5836=IFCSHAPEREPRESENTATION(#15,'Body','MappedRepresentation',(#5835));
#5837=IFCPRODUCTDEFINITIONSHAPE($,$,(#5836));
#5838=IFCCARTESIANPOINT((-18021.214254621129,-1438.6386702402917,-3500.));
#5839=IFCAXIS2PLACEMENT3D(#5838,$,$);
#5840=IFCLOCALPLACEMENT(#32,#5839);
#5841=IFCCOLUMN('2pNQm$eHn1$wzB9nyPhmet',#6,'Column:200x240:328651',$,$,#5840,#5837,'328651');
#5842=IFCPROPERTYSET('2WbUQk5Ak9yjv8$EyGsJCr',#6,'Pset_ColumnCommon',$,(#78,#79,#5686));
#5843=IFCPROPERTYSET('28kUwQz9oOIYXkX03TGXGU',#6,'Pset_QuantityTakeOff',$,(#5686));
#5844=IFCPROPERTYSINGLEVALUE('Reference',$,IFCLABEL('200x240'),$);
#5845=IFCPROPERTYSET('3PEDxsrckTAL8$YfMTHlPW',#6,'Pset_ReinforcementBarPitchOfColumn',$,(#5844));
#5846=IFCRELDEFINESBYPROPERTIES('1oSVdO3s_7gZVUybCRiKMh',#6,$,$,(#5841),#5842);
#5847=IFCRELDEFINESBYPROPERTIES('2tH282KV8J$r$$FYoZ2EMk',#6,$,$,(#5841),#5843);
#5848=IFCRELDEFINESBYPROPERTIES('1hG4HRD8IZ86SpDXsmdGcO',#6,$,$,(#5841),#5845);
#5849=IFCMAPPEDITEM(#5677,#1742);
#5850=IFCSHAPEREPRESENTATION(#15,'Body','MappedRepresentation',(#5849));
#5851=IFCPRODUCTDEFINITIONSHAPE($,$,(#5850));
#5852=IFCCARTESIANPOINT((-21221.214254621129,-1438.638670240281,-3500.));
#5853=IFCAXIS2PLACEMENT3D(#5852,$,$);
#5854=IFCLOCALPLACEMENT(#32,#5853);
#5855=IFCCOLUMN('2pNQm$eHn1$wzB9nyPhmem',#6,'Column:200x240:328652',$,$,#5854,#5851,'328652');
#5856=IFCPROPERTYSET('1AObhZzrfdIA0UM2t4fM_z',#6,'Pset_ColumnCommon',$,(#78,#79,#5686));
#5857=IFCPROPERTYSET('209UXyK1PADeLYRV9sw7sp',#6,'Pset_QuantityTakeOff',$,(#5686));
#5858=IFCPROPERTYSINGLEVALUE('Reference',$,IFCLABEL('200x240'),$);
#5859=IFCPROPERTYSET('1$30skOJ5joFMBg8C1f4KH',#6,'Pset_ReinforcementBarPitchOfColumn',$,(#5858));
#5860=IFCRELDEFINESBYPROPERTIES('2FO8PhYARVJkyxh8gUF$bH',#6,$,$,(#5855),#5856);
#5861=IFCRELDEFINESBYPROPERTIES('3GOyxySsVwauFJOMsfF0xo',#6,$,$,(#5855),#5857);
#5862=IFCRELDEFINESBYPROPERTIES('00iYoeRNlv2wH_xtNrqM_U',#6,$,$,(#5855),#5859);
#5863=IFCMAPPEDITEM(#5677,#1742);
#5864=IFCSHAPEREPRESENTATION(#15,'Body','MappedRepresentation',(#5863));
#5865=IFCPRODUCTDEFINITIONSHAPE($,$,(#5864));
#5866=IFCCARTESIANPOINT((-24421.214254621129,-1438.6386702402724,-3500.));
#5867=IFCAXIS2PLACEMENT3D(#5866,$,$);
#5868=IFCLOCALPLACEMENT(#32,#5867);
#5869=IFCCOLUMN('2pNQm$eHn1$wzB9nyPhmen',#6,'Column:200x240:328653',$,$,#5868,#5865,'328653');
#5870=IFCPROPERTYSET('1r45h86rhnchSvCXLT5HVD',#6,'Pset_ColumnCommon',$,(#78,#79,#5686));
#5871=IFCPROPERTYSET('1inlRM1_X7mKfyKuR106c0',#6,'Pset_QuantityTakeOff',$,(#5686));
#5872=IFCPROPERTYSINGLEVALUE('Reference',$,IFCLABEL('200x240'),$);
#5873=IFCPROPERTYSET('0fF_MYVTJihitw09Li3rDQ',#6,'Pset_ReinforcementBarPitchOfColumn',$,(#5872));
#5874=IFCRELDEFINESBYPROPERTIES('3qdELd_n6R7ZzqaZLlMUTz',#6,$,$,(#5869),#5870);
#5875=IFCRELDEFINESBYPROPERTIES('3x0af0vVSCBvvhrg5x3uCj',#6,$,$,(#5869),#5871);
#5876=IFCRELDEFINESBYPROPERTIES('2XOJH5As7ZlfIGAsFYVeC6',#6,$,$,(#5869),#5873);
#5877=IFCMAPPEDITEM(#5677,#1742);
#5878=IFCSHAPEREPRESENTATION(#15,'Body','MappedRepresentation',(#5877));
#5879=IFCPRODUCTDEFINITIONSHAPE($,$,(#5878));
#5880=IFCCARTESIANPOINT((-8421.2142546211289,-1438.6386702403242,-3500.));
#5881=IFCAXIS2PLACEMENT3D(#5880,$,$);
#5882=IFCLOCALPLACEMENT(#32,#5881);
#5883=IFCCOLUMN('2pNQm$eHn1$wzB9nyPhmeo',#6,'Column:200x240:328654',$,$,#5882,#5879,'328654');
#5884=IFCPROPERTYSET('2J6z9owadiqqo$$w2kG6eh',#6,'Pset_ColumnCommon',$,(#78,#79,#5686));
#5885=IFCPROPERTYSET('1SpProCt37fsG4pLXJsRn$',#6,'Pset_QuantityTakeOff',$,(#5686));
#5886=IFCPROPERTYSINGLEVALUE('Reference',$,IFCLABEL('200x240'),$);
#5887=IFCPROPERTYSET('3EM67nyb_xkOMp9SwUILN1',#6,'Pset_ReinforcementBarPitchOfColumn',$,(#5886));
#5888=IFCRELDEFINESBYPROPERTIES('35i6n6uYogyfiDTZs4dZYX',#6,$,$,(#5883),#5884);
#5889=IFCRELDEFINESBYPROPERTIES('2Es1imwWRi3t_jwUqS9Dt3',#6,$,$,(#5883),#5885);
#5890=IFCRELDEFINESBYPROPERTIES('1lmeYZXSEt2nwb9AIgp8YQ',#6,$,$,(#5883),#5887);
#5891=IFCMAPPEDITEM(#5677,#1742);
#5892=IFCSHAPEREPRESENTATION(#15,'Body','MappedRepresentation',(#5891));
#5893=IFCPRODUCTDEFINITIONSHAPE($,$,(#5892));
#5894=IFCCARTESIANPOINT((-5221.2142546211207,-1438.6386702403352,-3500.));
#5895=IFCAXIS2PLACEMENT3D(#5894,$,$);
#5896=IFCLOCALPLACEMENT(#32,#5895);
#5897=IFCCOLUMN('2pNQm$eHn1$wzB9nyPhmep',#6,'Column:200x240:328655',$,$,#5896,#5893,'328655');
#5898=IFCPROPERTYSET('18JiB3SE0Ek3OUmNRblkV8',#6,'Pset_ColumnCommon',$,(#78,#79,#5686));
#5899=IFCPROPERTYSET('3IuS4roblAV$QxZBQSZhzK',#6,'Pset_QuantityTakeOff',$,(#5686));
#5900=IFCPROPERTYSINGLEVALUE('Reference',$,IFCLABEL('200x240'),$);
#5901=IFCPROPERTYSET('1hqrfI9J58HQnt69Cq4VS0',#6,'Pset_ReinforcementBarPitchOfColumn',$,(#5900));
#5902=IFCRELDEFINESBYPROPERTIES('1Q_vE4yMktdrqwbROtLw98',#6,$,$,(#5897),#5898);
#5903=IFCRELDEFINESBYPROPERTIES('1KW5mfP4nddB_$H4XaCxjo',#6,$,$,(#5897),#5899);
#5904=IFCRELDEFINESBYPROPERTIES('1M4SsLJN4pY9TNschJRpLx',#6,$,$,(#5897),#5901);
#5905=IFCMAPPEDITEM(#5677,#1742);
#5906=IFCSHAPEREPRESENTATION(#15,'Body','MappedRepresentation',(#5905));
#5907=IFCPRODUCTDEFINITIONSHAPE($,$,(#5906));
#5908=IFCCARTESIANPOINT((-2021.2142546211205,-1438.6386702403438,-3500.));
#5909=IFCAXIS2PLACEMENT3D(#5908,$,$);
#5910=IFCLOCALPLACEMENT(#32,#5909);
#5911=IFCCOLUMN('2pNQm$eHn1$wzB9nyPhmei',#6,'Column:200x240:328656',$,$,#5910,#5907,'328656');
#5912=IFCPROPERTYSET('3DaLcFnpIAYRClClwkqF_Q',#6,'Pset_ColumnCommon',$,(#78,#79,#5686));
#5913=IFCPROPERTYSET('1hb257tRWFFhvf9JO5zeqz',#6,'Pset_QuantityTakeOff',$,(#5686));
#5914=IFCPROPERTYSINGLEVALUE('Reference',$,IFCLABEL('200x240'),$);
#5915=IFCPROPERTYSET('3FUkQVw1GU9RDHq3hCZ8x2',#6,'Pset_ReinforcementBarPitchOfColumn',$,(#5914));
#5916=IFCRELDEFINESBYPROPERTIES('3h$kAJU25mcTKzTBbj7Rlq',#6,$,$,(#5911),#5912);
#5917=IFCRELDEFINESBYPROPERTIES('3vmlFrDTa7zkwFLAEbOYk5',#6,$,$,(#5911),#5913);
#5918=IFCRELDEFINESBYPROPERTIES('2e9a_AZGsjghRNs1MrtGp5',#6,$,$,(#5911),#5915);
#5919=IFCMAPPEDITEM(#5677,#1742);
#5920=IFCSHAPEREPRESENTATION(#15,'Body','MappedRepresentation',(#5919));
#5921=IFCPRODUCTDEFINITIONSHAPE($,$,(#5920));
#5922=IFCCARTESIANPOINT((1178.7857453788799,-1438.6386702403547,-3500.));
#5923=IFCAXIS2PLACEMENT3D(#5922,$,$);
#5924=IFCLOCALPLACEMENT(#32,#5923);
#5925=IFCCOLUMN('2pNQm$eHn1$wzB9nyPhmej',#6,'Column:200x240:328657',$,$,#5924,#5921,'328657');
#5926=IFCPROPERTYSET('0gjQTdJRbFxq8j9O7BE9NB',#6,'Pset_ColumnCommon',$,(#78,#79,#5686));
#5927=IFCPROPERTYSET('0GlKDMmI5kS2evAaVuRjM7',#6,'Pset_QuantityTakeOff',$,(#5686));
#5928=IFCPROPERTYSINGLEVALUE('Reference',$,IFCLABEL('200x240'),$);
#5929=IFCPROPERTYSET('3B$wdMA0s$TTgzrY_SpsTK',#6,'Pset_ReinforcementBarPitchOfColumn',$,(#5928));
#5930=IFCRELDEFINESBYPROPERTIES('3iGsu6H_at8AVA2fWPnA82',#6,$,$,(#5925),#5926);
#5931=IFCRELDEFINESBYPROPERTIES('1hVtNCJ8ORG_kyGubuYzwk',#6,$,$,(#5925),#5927);
#5932=IFCRELDEFINESBYPROPERTIES('2O_A7a8b6mR1Y9W_BTo0TU',#6,$,$,(#5925),#5929);
#5933=IFCMAPPEDITEM(#5677,#1742);
#5934=IFCSHAPEREPRESENTATION(#15,'Body','MappedRepresentation',(#5933));
#5935=IFCPRODUCTDEFINITIONSHAPE($,$,(#5934));
#5936=IFCCARTESIANPOINT((10778.785745378898,-1438.638670240385,-3500.));
#5937=IFCAXIS2PLACEMENT3D(#5936,$,$);
#5938=IFCLOCALPLACEMENT(#32,#5937);
#5939=IFCCOLUMN('2pNQm$eHn1$wzB9nyPhmek',#6,'Column:200x240:328658',$,$,#5938,#5935,'328658');
#5940=IFCPROPERTYSET('1sKsElidWl51nXiXWURT5N',#6,'Pset_ColumnCommon',$,(#78,#79,#5686));
#5941=IFCPROPERTYSET('0AL1OKFywjU1CCRfZiuAAK',#6,'Pset_QuantityTakeOff',$,(#5686));
#5942=IFCPROPERTYSINGLEVALUE('Reference',$,IFCLABEL('200x240'),$);
#5943=IFCPROPERTYSET('0MVTGUC$tjBIWcKe1IVyUp',#6,'Pset_ReinforcementBarPitchOfColumn',$,(#5942));
#5944=IFCRELDEFINESBYPROPERTIES('0TiVSdSotck$c_m14dqbXB',#6,$,$,(#5939),#5940);
#5945=IFCRELDEFINESBYPROPERTIES('05z8ZDM$zei$kHDQ4uE0XC',#6,$,$,(#5939),#5941);
#5946=IFCRELDEFINESBYPROPERTIES('113gRatftojvrA1kKIpaCv',#6,$,$,(#5939),#5943);
#5947=IFCMAPPEDITEM(#5677,#1742);
#5948=IFCSHAPEREPRESENTATION(#15,'Body','MappedRepresentation',(#5947));
#5949=IFCPRODUCTDEFINITIONSHAPE($,$,(#5948));
#5950=IFCCARTESIANPOINT((13978.785745378898,-1438.6386702403959,-3500.));
#5951=IFCAXIS2PLACEMENT3D(#5950,$,$);
#5952=IFCLOCALPLACEMENT(#32,#5951);
#5953=IFCCOLUMN('2pNQm$eHn1$wzB9nyPhmel',#6,'Column:200x240:328659',$,$,#5952,#5949,'328659');
#5954=IFCPROPERTYSET('3wuMyoUtzHka5NINoIb7BJ',#6,'Pset_ColumnCommon',$,(#78,#79,#5686));
#5955=IFCPROPERTYSET('3NsmIGjQapZ7zPkXKhIWgQ',#6,'Pset_QuantityTakeOff',$,(#5686));
#5956=IFCPROPERTYSINGLEVALUE('Reference',$,IFCLABEL('200x240'),$);
#5957=IFCPROPERTYSET('3GAEH$zu06HoHh6sschVjp',#6,'Pset_ReinforcementBarPitchOfColumn',$,(#5956));
#5958=IFCRELDEFINESBYPROPERTIES('2ayccJJiiSbnddVTT5EKKq',#6,$,$,(#5953),#5954);
#5959=IFCRELDEFINESBYPROPERTIES('1pfJs3rums0EHWdoF$GPGc',#6,$,$,(#5953),#5955);
#5960=IFCRELDEFINESBYPROPERTIES('1JzbsWfMOTi7JVYjOarPQ9',#6,$,$,(#5953),#5957);
#5961=IFCCARTESIANPOINT((29563.78574537886,11386.361329759551,0.));
#5962=IFCAXIS2PLACEMENT3D(#5961,#51,#1725);
#5963=IFCLOCALPLACEMENT(#36,#5962);
#5964=IFCCARTESIANPOINT((0.,-1.0871303857129533E-012));
#5965=IFCAXIS2PLACEMENT2D(#5964,#44);
#5966=IFCRECTANGLEPROFILEDEF(.AREA.,'Beam',#5965,400.,200.);
#5967=IFCCARTESIANPOINT((-5.,25.,-200.));
#5968=IFCAXIS2PLACEMENT3D(#5967,#3183,#48);
#5969=IFCEXTRUDEDAREASOLID(#5966,#5968,#51,8665.0000000000437);
#5970=IFCSHAPEREPRESENTATION(#15,'Body','SweptSolid',(#5969));
#5971=IFCCARTESIANPOINT((8660.,0.));
#5972=IFCPOLYLINE((#3192,#5971));
#5973=IFCSHAPEREPRESENTATION(#14,'Axis','Curve2D',(#5972));
#5974=IFCPRODUCTDEFINITIONSHAPE($,$,(#5973,#5970));
#5975=IFCBEAM('2pNQm$eHn1$wzB9nyPhmeF',#6,'Beam:Beam:328691',$,$,#5963,#5974,'328691');
#5976=IFCPROPERTYSET('2_SEOiwvJAV0ZN1l7rnYup',#6,'Pset_BeamCommon',$,(#78,#79,#3204,#3206,#3673));
#5977=IFCPROPERTYSET('15KOvonsPGZxkvYziyDFQv',#6,'Pset_QuantityTakeOff',$,(#3204));
#5978=IFCPROPERTYSINGLEVALUE('Reference',$,IFCLABEL('Beam'),$);
#5979=IFCPROPERTYSET('0NRZCqTmiX$fIxbS4mjHT4',#6,'Pset_ReinforcementBarPitchOfBeam',$,(#5978));
#5980=IFCRELDEFINESBYPROPERTIES('0YqtijBC3FvuK60xHYo16k',#6,$,$,(#5975),#5976);
#5981=IFCRELDEFINESBYPROPERTIES('10IS7jj7z7iKAEMmFQSof_',#6,$,$,(#5975),#5977);
#5982=IFCRELDEFINESBYPROPERTIES('0nc9e6sw1dnjfh2BaCCb_h',#6,$,$,(#5975),#5979);
#5983=IFCCARTESIANPOINT((29563.785745378857,8186.3613297595512,0.));
#5984=IFCAXIS2PLACEMENT3D(#5983,#51,#1725);
#5985=IFCLOCALPLACEMENT(#36,#5984);
#5986=IFCCARTESIANPOINT((0.,0.));
#5987=IFCAXIS2PLACEMENT2D(#5986,#44);
#5988=IFCRECTANGLEPROFILEDEF(.AREA.,'Beam',#5987,400.,200.);
#5989=IFCCARTESIANPOINT((-5.,25.,-200.));
#5990=IFCAXIS2PLACEMENT3D(#5989,#3183,#48);
#5991=IFCEXTRUDEDAREASOLID(#5988,#5990,#51,8665.0000000000455);
#5992=IFCSHAPEREPRESENTATION(#15,'Body','SweptSolid',(#5991));
#5993=IFCCARTESIANPOINT((8660.,0.));
#5994=IFCPOLYLINE((#3192,#5993));
#5995=IFCSHAPEREPRESENTATION(#14,'Axis','Curve2D',(#5994));
#5996=IFCPRODUCTDEFINITIONSHAPE($,$,(#5995,#5992));
#5997=IFCBEAM('2pNQm$eHn1$wzB9nyPhmqi',#6,'Beam:Beam:328912',$,$,#5985,#5996,'328912');
#5998=IFCPROPERTYSET('12zQxSca0aFsIxrH6aqpGp',#6,'Pset_BeamCommon',$,(#78,#79,#3204,#3206,#3673));
#5999=IFCPROPERTYSET('13Hzv5p5Yqqu_l3eVzuZQt',#6,'Pset_QuantityTakeOff',$,(#3204));
#6000=IFCPROPERTYSINGLEVALUE('Reference',$,IFCLABEL('Beam'),$);
#6001=IFCPROPERTYSET('2_DFEuNFDNMwmAU2F7LhHI',#6,'Pset_ReinforcementBarPitchOfBeam',$,(#6000));
#6002=IFCRELDEFINESBYPROPERTIES('1IppOaKbXuSoCaUq$kabpE',#6,$,$,(#5997),#5998);
#6003=IFCRELDEFINESBYPROPERTIES('3S7cXIkot3J9kk7DblWgNf',#6,$,$,(#5997),#5999);
#6004=IFCRELDEFINESBYPROPERTIES('0ie5WYFj3xN94Xc4Wmf42o',#6,$,$,(#5997),#6001);
#6005=IFCCARTESIANPOINT((29563.785745378849,4986.3613297595512,0.));
#6006=IFCAXIS2PLACEMENT3D(#6005,#51,#1725);
#6007=IFCLOCALPLACEMENT(#36,#6006);
#6008=IFCCARTESIANPOINT((0.,0.));
#6009=IFCAXIS2PLACEMENT2D(#6008,#44);
#6010=IFCRECTANGLEPROFILEDEF(.AREA.,'Beam',#6009,400.,200.);
#6011=IFCCARTESIANPOINT((-5.,25.,-200.));
#6012=IFCAXIS2PLACEMENT3D(#6011,#3183,#48);
#6013=IFCEXTRUDEDAREASOLID(#6010,#6012,#51,8665.0000000000437);
#6014=IFCSHAPEREPRESENTATION(#15,'Body','SweptSolid',(#6013));
#6015=IFCCARTESIANPOINT((8660.,0.));
#6016=IFCPOLYLINE((#3192,#6015));
#6017=IFCSHAPEREPRESENTATION(#14,'Axis','Curve2D',(#6016));
#6018=IFCPRODUCTDEFINITIONSHAPE($,$,(#6017,#6014));
#6019=IFCBEAM('2pNQm$eHn1$wzB9nyPhmqb',#6,'Beam:Beam:328921',$,$,#6007,#6018,'328921');
#6020=IFCPROPERTYSET('0BhBVvYrR1YAG$kerzohHg',#6,'Pset_BeamCommon',$,(#78,#79,#3204,#3206,#3673));
#6021=IFCPROPERTYSET('0ewgAfgBRcvBr8AfET6HtB',#6,'Pset_QuantityTakeOff',$,(#3204));
#6022=IFCPROPERTYSINGLEVALUE('Reference',$,IFCLABEL('Beam'),$);
#6023=IFCPROPERTYSET('0IAg9n2hLU6C6lIoMRquQO',#6,'Pset_ReinforcementBarPitchOfBeam',$,(#6022));
#6024=IFCRELDEFINESBYPROPERTIES('30rVIqjqZakEoo7nAmSb0c',#6,$,$,(#6019),#6020);
#6025=IFCRELDEFINESBYPROPERTIES('0akyA3ol6zP99zuDsPkuto',#6,$,$,(#6019),#6021);
#6026=IFCRELDEFINESBYPROPERTIES('3w6mXqkqEDKVxYMt1ntGFb',#6,$,$,(#6019),#6023);
#6027=IFCCARTESIANPOINT((29563.785745378846,1786.3613297595512,0.));
#6028=IFCAXIS2PLACEMENT3D(#6027,#51,#1725);
#6029=IFCLOCALPLACEMENT(#36,#6028);
#6030=IFCCARTESIANPOINT((0.,-1.4210854715202004E-013));
#6031=IFCAXIS2PLACEMENT2D(#6030,#44);
#6032=IFCRECTANGLEPROFILEDEF(.AREA.,'Beam',#6031,400.,200.00000000000028);
#6033=IFCCARTESIANPOINT((-5.,25.,-200.));
#6034=IFCAXIS2PLACEMENT3D(#6033,#3183,#48);
#6035=IFCEXTRUDEDAREASOLID(#6032,#6034,#51,8665.0000000000455);
#6036=IFCSHAPEREPRESENTATION(#15,'Body','SweptSolid',(#6035));
#6037=IFCCARTESIANPOINT((8660.,0.));
#6038=IFCPOLYLINE((#3192,#6037));
#6039=IFCSHAPEREPRESENTATION(#14,'Axis','Curve2D',(#6038));
#6040=IFCPRODUCTDEFINITIONSHAPE($,$,(#6039,#6036));
#6041=IFCBEAM('2pNQm$eHn1$wzB9nyPhmqU',#6,'Beam:Beam:328930',$,$,#6029,#6040,'328930');
#6042=IFCPROPERTYSET('0yGZzkpARFLMTqaj2ybIrk',#6,'Pset_BeamCommon',$,(#78,#79,#3204,#3206,#3673));
#6043=IFCPROPERTYSET('0gxjp86a1XlxYVRxrUwH8k',#6,'Pset_QuantityTakeOff',$,(#3204));
#6044=IFCPROPERTYSINGLEVALUE('Reference',$,IFCLABEL('Beam'),$);
#6045=IFCPROPERTYSET('1s20XxezibriX4$4ekHfuG',#6,'Pset_ReinforcementBarPitchOfBeam',$,(#6044));
#6046=IFCRELDEFINESBYPROPERTIES('1QBFSOi97lWHZHin3i_O6z',#6,$,$,(#6041),#6042);
#6047=IFCRELDEFINESBYPROPERTIES('3mW4wylXxqp21vLR95$Ds$',#6,$,$,(#6041),#6043);
#6048=IFCRELDEFINESBYPROPERTIES('3KfvgwDis75teXsDJYoQed',#6,$,$,(#6041),#6045);
#6049=IFCCARTESIANPOINT((29563.785745378842,-1413.6386702404513,0.));
#6050=IFCAXIS2PLACEMENT3D(#6049,#51,#1725);
#6051=IFCLOCALPLACEMENT(#36,#6050);
#6052=IFCCARTESIANPOINT((0.,-1.4210854715202004E-013));
#6053=IFCAXIS2PLACEMENT2D(#6052,#44);
#6054=IFCRECTANGLEPROFILEDEF(.AREA.,'Beam',#6053,400.,200.00000000000028);
#6055=IFCCARTESIANPOINT((-5.,25.,-200.));
#6056=IFCAXIS2PLACEMENT3D(#6055,#3183,#48);
#6057=IFCEXTRUDEDAREASOLID(#6054,#6056,#51,8665.0000000000437);
#6058=IFCSHAPEREPRESENTATION(#15,'Body','SweptSolid',(#6057));
#6059=IFCCARTESIANPOINT((8660.,0.));
#6060=IFCPOLYLINE((#3192,#6059));
#6061=IFCSHAPEREPRESENTATION(#14,'Axis','Curve2D',(#6060));
#6062=IFCPRODUCTDEFINITIONSHAPE($,$,(#6061,#6058));
#6063=IFCBEAM('2pNQm$eHn1$wzB9nyPhmqN',#6,'Beam:Beam:328939',$,$,#6051,#6062,'328939');
#6064=IFCPROPERTYSET('2IZnusQJs7wSkHzvZj576N',#6,'Pset_BeamCommon',$,(#78,#79,#3204,#3206,#3673));
#6065=IFCPROPERTYSET('3UR6kD3C07cJPmeZI8V3Ve',#6,'Pset_QuantityTakeOff',$,(#3204));
#6066=IFCPROPERTYSINGLEVALUE('Reference',$,IFCLABEL('Beam'),$);
#6067=IFCPROPERTYSET('0WyVvr_Y204BBD1SwVSfQN',#6,'Pset_ReinforcementBarPitchOfBeam',$,(#6066));
#6068=IFCRELDEFINESBYPROPERTIES('14VeNPk$BUSo7wnBDuuWmR',#6,$,$,(#6063),#6064);
#6069=IFCRELDEFINESBYPROPERTIES('3TCVhrfYdcgDyvR59SAOJo',#6,$,$,(#6063),#6065);
#6070=IFCRELDEFINESBYPROPERTIES('2gTgq7ATvlmK2R7ROjQpxs',#6,$,$,(#6063),#6067);
#6071=IFCCARTESIANPOINT((29563.785745378838,-4613.6386702404516,0.));
#6072=IFCAXIS2PLACEMENT3D(#6071,#51,#1725);
#6073=IFCLOCALPLACEMENT(#36,#6072);
#6074=IFCCARTESIANPOINT((0.,5.4711790653527714E-013));
#6075=IFCAXIS2PLACEMENT2D(#6074,#44);
#6076=IFCRECTANGLEPROFILEDEF(.AREA.,'Beam',#6075,400.,200.);
#6077=IFCCARTESIANPOINT((-5.,25.,-200.));
#6078=IFCAXIS2PLACEMENT3D(#6077,#3183,#48);
#6079=IFCEXTRUDEDAREASOLID(#6076,#6078,#51,8665.0000000000455);
#6080=IFCSHAPEREPRESENTATION(#15,'Body','SweptSolid',(#6079));
#6081=IFCCARTESIANPOINT((8660.,0.));
#6082=IFCPOLYLINE((#3192,#6081));
#6083=IFCSHAPEREPRESENTATION(#14,'Axis','Curve2D',(#6082));
#6084=IFCPRODUCTDEFINITIONSHAPE($,$,(#6083,#6080));
#6085=IFCBEAM('2pNQm$eHn1$wzB9nyPhmq8',#6,'Beam:Beam:328948',$,$,#6073,#6084,'328948');
#6086=IFCPROPERTYSET('2NGsC8HAEl$7EIysTCE0wr',#6,'Pset_BeamCommon',$,(#78,#79,#3204,#3206,#3673));
#6087=IFCPROPERTYSET('2ocHpMsqJwjuBeK9iaBwnC',#6,'Pset_QuantityTakeOff',$,(#3204));
#6088=IFCPROPERTYSINGLEVALUE('Reference',$,IFCLABEL('Beam'),$);
#6089=IFCPROPERTYSET('3KGb$Qe9dIXZAWjyKrdBfj',#6,'Pset_ReinforcementBarPitchOfBeam',$,(#6088));
#6090=IFCRELDEFINESBYPROPERTIES('02roCQwkuJS5a07cU3Ss4W',#6,$,$,(#6085),#6086);
#6091=IFCRELDEFINESBYPROPERTIES('00bmBetXw16cyHVp4bWhVS',#6,$,$,(#6085),#6087);
#6092=IFCRELDEFINESBYPROPERTIES('0dba$A0hMQLgQ65v2qlF0C',#6,$,$,(#6085),#6089);
#6093=IFCCARTESIANPOINT((29563.785745378835,-7813.6386702404516,0.));
#6094=IFCAXIS2PLACEMENT3D(#6093,#51,#1725);
#6095=IFCLOCALPLACEMENT(#36,#6094);
#6096=IFCCARTESIANPOINT((0.,-1.0871303857129533E-012));
#6097=IFCAXIS2PLACEMENT2D(#6096,#44);
#6098=IFCRECTANGLEPROFILEDEF(.AREA.,'Beam',#6097,400.,200.);
#6099=IFCCARTESIANPOINT((-5.,25.,-200.));
#6100=IFCAXIS2PLACEMENT3D(#6099,#3183,#48);
#6101=IFCEXTRUDEDAREASOLID(#6098,#6100,#51,8665.0000000000437);
#6102=IFCSHAPEREPRESENTATION(#15,'Body','SweptSolid',(#6101));
#6103=IFCCARTESIANPOINT((8660.,0.));
#6104=IFCPOLYLINE((#3192,#6103));
#6105=IFCSHAPEREPRESENTATION(#14,'Axis','Curve2D',(#6104));
#6106=IFCPRODUCTDEFINITIONSHAPE($,$,(#6105,#6102));
#6107=IFCBEAM('2pNQm$eHn1$wzB9nyPhmq2',#6,'Beam:Beam:328958',$,$,#6095,#6106,'328958');
#6108=IFCPROPERTYSET('1ml6lcrV4r3FjwHgq4I7LA',#6,'Pset_BeamCommon',$,(#78,#79,#3204,#3206,#3673));
#6109=IFCPROPERTYSET('2k8Pn0rNKrn4vxCc$afAAV',#6,'Pset_QuantityTakeOff',$,(#3204));
#6110=IFCPROPERTYSINGLEVALUE('Reference',$,IFCLABEL('Beam'),$);
#6111=IFCPROPERTYSET('0rbEOdlFoDuaSKVVK$KvUi',#6,'Pset_ReinforcementBarPitchOfBeam',$,(#6110));
#6112=IFCRELDEFINESBYPROPERTIES('3WBzDimkSpT3mlv$ClL0lp',#6,$,$,(#6107),#6108);
#6113=IFCRELDEFINESBYPROPERTIES('1ynKVMM51mF_dPUu$7DPdw',#6,$,$,(#6107),#6109);
#6114=IFCRELDEFINESBYPROPERTIES('2_KTS2fcjIQZpjgiijmkwm',#6,$,$,(#6107),#6111);
#6115=IFCCARTESIANPOINT((29563.785745378827,-11013.638670240452,0.));
#6116=IFCAXIS2PLACEMENT3D(#6115,#51,#1725);
#6117=IFCLOCALPLACEMENT(#36,#6116);
#6118=IFCCARTESIANPOINT((0.,-1.0871303857129533E-012));
#6119=IFCAXIS2PLACEMENT2D(#6118,#44);
#6120=IFCRECTANGLEPROFILEDEF(.AREA.,'Beam',#6119,400.,200.);
#6121=IFCCARTESIANPOINT((-5.,25.,-200.));
#6122=IFCAXIS2PLACEMENT3D(#6121,#3183,#48);
#6123=IFCEXTRUDEDAREASOLID(#6120,#6122,#51,8665.0000000000455);
#6124=IFCSHAPEREPRESENTATION(#15,'Body','SweptSolid',(#6123));
#6125=IFCCARTESIANPOINT((8660.,0.));
#6126=IFCPOLYLINE((#3192,#6125));
#6127=IFCSHAPEREPRESENTATION(#14,'Axis','Curve2D',(#6126));
#6128=IFCPRODUCTDEFINITIONSHAPE($,$,(#6127,#6124));
#6129=IFCBEAM('2pNQm$eHn1$wzB9nyPhmpx',#6,'Beam:Beam:328967',$,$,#6117,#6128,'328967');
#6130=IFCPROPERTYSET('0SYXCIiR2i3URPetJSrHOJ',#6,'Pset_BeamCommon',$,(#78,#79,#3204,#3206,#3673));
#6131=IFCPROPERTYSET('280dE34VjvmbpigtmOZz9R',#6,'Pset_QuantityTakeOff',$,(#3204));
#6132=IFCPROPERTYSINGLEVALUE('Reference',$,IFCLABEL('Beam'),$);
#6133=IFCPROPERTYSET('1O3f77DAiHyIs9SnNw35Na',#6,'Pset_ReinforcementBarPitchOfBeam',$,(#6132));
#6134=IFCRELDEFINESBYPROPERTIES('1HaleUfbirA27KG4iZ_4G3',#6,$,$,(#6129),#6130);
#6135=IFCRELDEFINESBYPROPERTIES('0D$ESGCFy9sYPMWCVtzZ4Q',#6,$,$,(#6129),#6131);
#6136=IFCRELDEFINESBYPROPERTIES('3L0uOY$4PkZqyqqJIqU67$',#6,$,$,(#6129),#6133);
#6137=IFCCARTESIANPOINT((29563.785745378824,-14213.638670240452,0.));
#6138=IFCAXIS2PLACEMENT3D(#6137,#51,#1725);
#6139=IFCLOCALPLACEMENT(#36,#6138);
#6140=IFCCARTESIANPOINT((0.,-1.0871303857129533E-012));
#6141=IFCAXIS2PLACEMENT2D(#6140,#44);
#6142=IFCRECTANGLEPROFILEDEF(.AREA.,'Beam',#6141,400.,200.);
#6143=IFCCARTESIANPOINT((-5.,25.,-200.));
#6144=IFCAXIS2PLACEMENT3D(#6143,#3183,#48);
#6145=IFCEXTRUDEDAREASOLID(#6142,#6144,#51,8665.0000000000437);
#6146=IFCSHAPEREPRESENTATION(#15,'Body','SweptSolid',(#6145));
#6147=IFCCARTESIANPOINT((8660.,0.));
#6148=IFCPOLYLINE((#3192,#6147));
#6149=IFCSHAPEREPRESENTATION(#14,'Axis','Curve2D',(#6148));
#6150=IFCPRODUCTDEFINITIONSHAPE($,$,(#6149,#6146));
#6151=IFCBEAM('2pNQm$eHn1$wzB9nyPhmpi',#6,'Beam:Beam:328976',$,$,#6139,#6150,'328976');
#6152=IFCPROPERTYSET('0dJEFZj5trDGI5c1JFd1Se',#6,'Pset_BeamCommon',$,(#78,#79,#3204,#3206,#3673));
#6153=IFCPROPERTYSET('3pPOH$ymXF8rAe68p1LMiw',#6,'Pset_QuantityTakeOff',$,(#3204));
#6154=IFCPROPERTYSINGLEVALUE('Reference',$,IFCLABEL('Beam'),$);
#6155=IFCPROPERTYSET('0eaCSRxUNhz0SWz4XZuRzb',#6,'Pset_ReinforcementBarPitchOfBeam',$,(#6154));
#6156=IFCRELDEFINESBYPROPERTIES('1XMzs1_XV3dkSayqGIGIhR',#6,$,$,(#6151),#6152);
#6157=IFCRELDEFINESBYPROPERTIES('19oPV0iynhQGVQC1w364P4',#6,$,$,(#6151),#6153);
#6158=IFCRELDEFINESBYPROPERTIES('2XCoKo4z1wpPNFtgqvOnCL',#6,$,$,(#6151),#6155);
#6159=IFCMAPPEDITEM(#4835,#1742);
#6160=IFCSHAPEREPRESENTATION(#15,'Body','MappedRepresentation',(#6159));
#6161=IFCPRODUCTDEFINITIONSHAPE($,$,(#6160));
#6162=IFCCARTESIANPOINT((20803.785745378886,-14238.638670240211,-3500.));
#6163=IFCAXIS2PLACEMENT3D(#6162,$,$);
#6164=IFCLOCALPLACEMENT(#32,#6163);
#6165=IFCCOLUMN('2pNQm$eHn1$wzB9nyPhmoL',#6,'Column:200x300:329065',$,$,#6164,#6161,'329065');
#6166=IFCPROPERTYSET('2IXI7d3SbMt3aN1W9fOSvP',#6,'Pset_ColumnCommon',$,(#78,#79,#2375));
#6167=IFCPROPERTYSET('05oWXRAvoUAjG2Dxz6v2Ly',#6,'Pset_QuantityTakeOff',$,(#2375));
#6168=IFCPROPERTYSINGLEVALUE('Reference',$,IFCLABEL('200x300'),$);
#6169=IFCPROPERTYSET('3j9wiACXef1rzBc79qx6Ob',#6,'Pset_ReinforcementBarPitchOfColumn',$,(#6168));
#6170=IFCRELDEFINESBYPROPERTIES('0OFzEOch$t2XTHe_2fjIqQ',#6,$,$,(#6165),#6166);
#6171=IFCRELDEFINESBYPROPERTIES('2ye96Q44lg6uMoV7NkIPNI',#6,$,$,(#6165),#6167);
#6172=IFCRELDEFINESBYPROPERTIES('1iCqCTwYmKJ4kqEhUIMuy_',#6,$,$,(#6165),#6169);
#6173=IFCMAPPEDITEM(#4835,#1742);
#6174=IFCSHAPEREPRESENTATION(#15,'Body','MappedRepresentation',(#6173));
#6175=IFCPRODUCTDEFINITIONSHAPE($,$,(#6174));
#6176=IFCCARTESIANPOINT((29768.785745378867,-4638.6386702404425,-3500.));
#6177=IFCAXIS2PLACEMENT3D(#6176,$,$);
#6178=IFCLOCALPLACEMENT(#32,#6177);
#6179=IFCCOLUMN('2pNQm$eHn1$wzB9nyPhmnZ',#6,'Column:200x300:329119',$,$,#6178,#6175,'329119');
#6180=IFCPROPERTYSET('0wPayx0BAmirO7LVd4B28H',#6,'Pset_ColumnCommon',$,(#78,#79,#2375));
#6181=IFCPROPERTYSET('17iCv5eBSyXsyjiY_L3Jmt',#6,'Pset_QuantityTakeOff',$,(#2375));
#6182=IFCPROPERTYSINGLEVALUE('Reference',$,IFCLABEL('200x300'),$);
#6183=IFCPROPERTYSET('0RC0aDRMUsmhh_Vvj1mwS_',#6,'Pset_ReinforcementBarPitchOfColumn',$,(#6182));
#6184=IFCRELDEFINESBYPROPERTIES('0TaBelRUflKmi__ED0jDMd',#6,$,$,(#6179),#6180);
#6185=IFCRELDEFINESBYPROPERTIES('1OIC8r87xIRS6rMaorzKZS',#6,$,$,(#6179),#6181);
#6186=IFCRELDEFINESBYPROPERTIES('1NN2OXHTiG9d6joh2P3S4k',#6,$,$,(#6179),#6183);
#6187=IFCMAPPEDITEM(#4835,#1742);
#6188=IFCSHAPEREPRESENTATION(#15,'Body','MappedRepresentation',(#6187));
#6189=IFCPRODUCTDEFINITIONSHAPE($,$,(#6188));
#6190=IFCCARTESIANPOINT((29768.785745378864,-7838.6386702404425,-3500.));
#6191=IFCAXIS2PLACEMENT3D(#6190,$,$);
#6192=IFCLOCALPLACEMENT(#32,#6191);
#6193=IFCCOLUMN('2pNQm$eHn1$wzB9nyPhmnL',#6,'Column:200x300:329129',$,$,#6192,#6189,'329129');
#6194=IFCPROPERTYSET('0M5XJAYhhCfWUNvciY9trq',#6,'Pset_ColumnCommon',$,(#78,#79,#2375));
#6195=IFCPROPERTYSET('27fw0aL3rdgFCFo81F0xD4',#6,'Pset_QuantityTakeOff',$,(#2375));
#6196=IFCPROPERTYSINGLEVALUE('Reference',$,IFCLABEL('200x300'),$);
#6197=IFCPROPERTYSET('0ztAZ8JfSCpBOtRWD0DPWU',#6,'Pset_ReinforcementBarPitchOfColumn',$,(#6196));
#6198=IFCRELDEFINESBYPROPERTIES('1tgR7KXSljmnLPE2xnkmcw',#6,$,$,(#6193),#6194);
#6199=IFCRELDEFINESBYPROPERTIES('2QlGE5PBKumQ4e5fYes441',#6,$,$,(#6193),#6195);
#6200=IFCRELDEFINESBYPROPERTIES('2IA387Q5IxQR2fQL8YZpLF',#6,$,$,(#6193),#6197);
#6201=IFCMAPPEDITEM(#4835,#1742);
#6202=IFCSHAPEREPRESENTATION(#15,'Body','MappedRepresentation',(#6201));
#6203=IFCPRODUCTDEFINITIONSHAPE($,$,(#6202));
#6204=IFCCARTESIANPOINT((29768.78574537886,-11038.638670240443,-3500.));
#6205=IFCAXIS2PLACEMENT3D(#6204,$,$);
#6206=IFCLOCALPLACEMENT(#32,#6205);
#6207=IFCCOLUMN('2pNQm$eHn1$wzB9nyPhmnF',#6,'Column:200x300:329139',$,$,#6206,#6203,'329139');
#6208=IFCPROPERTYSET('0r9mXqz2DfmqTo_jZ$HS4A',#6,'Pset_ColumnCommon',$,(#78,#79,#2375));
#6209=IFCPROPERTYSET('3DyX63jfD$8A2Str9wH1MS',#6,'Pset_QuantityTakeOff',$,(#2375));
#6210=IFCPROPERTYSINGLEVALUE('Reference',$,IFCLABEL('200x300'),$);
#6211=IFCPROPERTYSET('3CqCcmh0CW5ziZlyvWwKMr',#6,'Pset_ReinforcementBarPitchOfColumn',$,(#6210));
#6212=IFCRELDEFINESBYPROPERTIES('1REPbCHyqIlnoFoahqgXr$',#6,$,$,(#6207),#6208);
#6213=IFCRELDEFINESBYPROPERTIES('1Sd5p6LYNwOr$ATQattxwC',#6,$,$,(#6207),#6209);
#6214=IFCRELDEFINESBYPROPERTIES('1Q$fVBCdm5nXDR5DmvG8v5',#6,$,$,(#6207),#6211);
#6215=IFCMAPPEDITEM(#4835,#1742);
#6216=IFCSHAPEREPRESENTATION(#15,'Body','MappedRepresentation',(#6215));
#6217=IFCPRODUCTDEFINITIONSHAPE($,$,(#6216));
#6218=IFCCARTESIANPOINT((29768.785745378857,-14238.638670240443,-3500.));
#6219=IFCAXIS2PLACEMENT3D(#6218,$,$);
#6220=IFCLOCALPLACEMENT(#32,#6219);
#6221=IFCCOLUMN('2pNQm$eHn1$wzB9nyPhmn1',#6,'Column:200x300:329149',$,$,#6220,#6217,'329149');
#6222=IFCPROPERTYSET('3x8NQsoK5S16pErpbQOqX1',#6,'Pset_ColumnCommon',$,(#78,#79,#2375));
#6223=IFCPROPERTYSET('1XFyUefp6Q44QtUTMJsQKQ',#6,'Pset_QuantityTakeOff',$,(#2375));
#6224=IFCPROPERTYSINGLEVALUE('Reference',$,IFCLABEL('200x300'),$);
#6225=IFCPROPERTYSET('3k9Kcakb6bC5yhMsBFEUEV',#6,'Pset_ReinforcementBarPitchOfColumn',$,(#6224));
#6226=IFCRELDEFINESBYPROPERTIES('0rxeoVNI_scb1ukrS9ywje',#6,$,$,(#6221),#6222);
#6227=IFCRELDEFINESBYPROPERTIES('2BYDmehocqovbYNiMxA72e',#6,$,$,(#6221),#6223);
#6228=IFCRELDEFINESBYPROPERTIES('2OtCTUynKRory2D21Jzq5L',#6,$,$,(#6221),#6225);
#6229=IFCCARTESIANPOINT((-30821.214254621162,8161.3613297597367,0.));
#6230=IFCAXIS2PLACEMENT3D(#6229,$,$);
#6231=IFCLOCALPLACEMENT(#28,#6230);
#6232=IFCCARTESIANPOINT((51200.,0.));
#6233=IFCPOLYLINE((#3192,#6232));
#6234=IFCSHAPEREPRESENTATION(#14,'Axis','Curve2D',(#6233));
#6235=IFCPRODUCTDEFINITIONSHAPE($,$,(#6234,#6243));
#6236=IFCCARTESIANPOINT((25600.000000000036,0.));
#6237=IFCDIRECTION((-1.,0.));
#6238=IFCAXIS2PLACEMENT2D(#6236,#6237);
#6239=IFCRECTANGLEPROFILEDEF(.AREA.,$,#6238,51200.000000000073,200.);
#6240=IFCAXIS2PLACEMENT3D(#10,$,$);
#6241=IFCEXTRUDEDAREASOLID(#6239,#6240,#51,3350.);
#6242=IFCSTYLEDITEM(#6241,(#1731),$);
#6243=IFCSHAPEREPRESENTATION(#15,'Body','SweptSolid',(#6241));
#6244=IFCWALLSTANDARDCASE('0OwT9niH5FCOj8tuWLjmgt',#6,'Basic Wall:Generic - 200mm:330313',$,$,#6231,#6235,'330313');
#6245=IFCMATERIALLAYER(#1737,200.,$);
#6246=IFCMATERIALLAYERSET((#6245),'Basic Wall:Generic - 200mm');
#6247=IFCMATERIALLAYERSETUSAGE(#6246,.AXIS2.,.NEGATIVE.,100.);
#6248=IFCWALLTYPE('3kSL0VGKv3gxJCujeqtuWE',#6,'Basic Wall:Generic - 200mm',$,$,(#6260),$,'1740',$,.STANDARD.);
#6249=IFCPROPERTYSINGLEVALUE('Reference',$,IFCIDENTIFIER('Generic - 200mm'),$);
#6250=IFCPROPERTYSET('3Ae7IjAEHKK25_32A9Xzye',#6,'Pset_QuantityTakeOff',$,(#6249));
#6251=IFCPROPERTYSINGLEVALUE('Reference',$,IFCLABEL('Generic - 200mm'),$);
#6252=IFCPROPERTYSET('1x3hnlkcU7eWPe3roPrcj5',#6,'Pset_ReinforcementBarPitchOfWall',$,(#6251));
#6253=IFCPROPERTYSINGLEVALUE('IsExternal',$,IFCBOOLEAN(.T.),$);
#6254=IFCPROPERTYSINGLEVALUE('ExtendToStructure',$,IFCBOOLEAN(.F.),$);
#6255=IFCPROPERTYSET('0mJ_oADic$AVvk0Wl$yVlD',#6,'Pset_WallCommon',$,(#79,#6249,#6253,#6254));
#6256=IFCRELDEFINESBYPROPERTIES('3YAMprwE6oTabJh9y89Kap',#6,$,$,(#6244),#6250);
#6257=IFCRELDEFINESBYPROPERTIES('1DQ0waMxrkpw2$Npk6yXxx',#6,$,$,(#6244),#6252);
#6258=IFCRELDEFINESBYPROPERTIES('0$t2JbtSmzQL39PGSPz1Z6',#6,$,$,(#6244),#6255);
#6259=IFCPROPERTYSINGLEVALUE('ThermalTransmittance',$,IFCTHERMALTRANSMITTANCEMEASURE(5.2300000000000004),$);
#6260=IFCPROPERTYSET('3H$7WiJlwp7c6zib1YyWsY',#6,'Pset_WallCommon',$,(#6259));
#6261=IFCCARTESIANPOINT((-30671.214254621162,8061.3613297597367,0.));
#6262=IFCAXIS2PLACEMENT3D(#6261,#51,#3216);
#6263=IFCLOCALPLACEMENT(#28,#6262);
#6264=IFCCARTESIANPOINT((9750.,0.));
#6265=IFCPOLYLINE((#3192,#6264));
#6266=IFCSHAPEREPRESENTATION(#14,'Axis','Curve2D',(#6265));
#6267=IFCPRODUCTDEFINITIONSHAPE($,$,(#6266,#6274));
#6268=IFCCARTESIANPOINT((4875.0000000000009,0.));
#6269=IFCAXIS2PLACEMENT2D(#6268,#6237);
#6270=IFCRECTANGLEPROFILEDEF(.AREA.,$,#6269,9750.0000000000018,199.99999999999784);
#6271=IFCAXIS2PLACEMENT3D(#10,$,$);
#6272=IFCEXTRUDEDAREASOLID(#6270,#6271,#51,3350.);
#6273=IFCSTYLEDITEM(#6272,(#1731),$);
#6274=IFCSHAPEREPRESENTATION(#15,'Body','SweptSolid',(#6272));
#6275=IFCWALLSTANDARDCASE('0OwT9niH5FCOj8tuWLjmkz',#6,'Basic Wall:Generic - 200mm:330563',$,$,#6263,#6267,'330563');
#6276=IFCMATERIALLAYERSETUSAGE(#6246,.AXIS2.,.NEGATIVE.,100.);
#6277=IFCPROPERTYSET('0Td8jIQ2H0xLId_aLO7mAC',#6,'Pset_QuantityTakeOff',$,(#6249));
#6278=IFCPROPERTYSINGLEVALUE('Reference',$,IFCLABEL('Generic - 200mm'),$);
#6279=IFCPROPERTYSET('0$t3omwQFxWmcUDnm6QRrW',#6,'Pset_ReinforcementBarPitchOfWall',$,(#6278));
#6280=IFCPROPERTYSET('2aH8xp2p1fyVoolSjAurQf',#6,'Pset_WallCommon',$,(#79,#6249,#6253,#6254));
#6281=IFCRELDEFINESBYPROPERTIES('0yRRwCIPVK4t64xwNV8MIG',#6,$,$,(#6275),#6277);
#6282=IFCRELDEFINESBYPROPERTIES('2EGo4oUym1kDf6Ue41yC7K',#6,$,$,(#6275),#6279);
#6283=IFCRELDEFINESBYPROPERTIES('1BPZX_SUoNx01NzuM4lmIP',#6,$,$,(#6275),#6280);
#6284=IFCCARTESIANPOINT((-30571.214254621162,-1588.638670240264,0.));
#6285=IFCAXIS2PLACEMENT3D(#6284,$,$);
#6286=IFCLOCALPLACEMENT(#28,#6285);
#6287=IFCCARTESIANPOINT((50920.,0.));
#6288=IFCPOLYLINE((#3192,#6287));
#6289=IFCSHAPEREPRESENTATION(#14,'Axis','Curve2D',(#6288));
#6290=IFCPRODUCTDEFINITIONSHAPE($,$,(#6289,#6297));
#6291=IFCCARTESIANPOINT((25460.,0.));
#6292=IFCAXIS2PLACEMENT2D(#6291,#6237);
#6293=IFCRECTANGLEPROFILEDEF(.AREA.,$,#6292,50920.,200.);
#6294=IFCAXIS2PLACEMENT3D(#10,$,$);
#6295=IFCEXTRUDEDAREASOLID(#6293,#6294,#51,3350.);
#6296=IFCSTYLEDITEM(#6295,(#1731),$);
#6297=IFCSHAPEREPRESENTATION(#15,'Body','SweptSolid',(#6295));
#6298=IFCWALLSTANDARDCASE('0OwT9niH5FCOj8tuWLjmip',#6,'Basic Wall:Generic - 200mm:330701',$,$,#6286,#6290,'330701');
#6299=IFCMATERIALLAYERSETUSAGE(#6246,.AXIS2.,.NEGATIVE.,100.);
#6300=IFCPROPERTYSET('0$CdgyJQeRdvlHH512PySQ',#6,'Pset_QuantityTakeOff',$,(#6249));
#6301=IFCPROPERTYSINGLEVALUE('Reference',$,IFCLABEL('Generic - 200mm'),$);
#6302=IFCPROPERTYSET('1DKHOcTzb4vjkqQLiIm34M',#6,'Pset_ReinforcementBarPitchOfWall',$,(#6301));
#6303=IFCPROPERTYSET('2ZL0VjaPWk8TJRlDo5pldm',#6,'Pset_WallCommon',$,(#79,#6249,#6253,#6254));
#6304=IFCRELDEFINESBYPROPERTIES('2LlJVs4EHWCCQ5ZeOEAnSR',#6,$,$,(#6298),#6300);
#6305=IFCRELDEFINESBYPROPERTIES('2uDDopkX7V5K3PGNKbbG4G',#6,$,$,(#6298),#6302);
#6306=IFCRELDEFINESBYPROPERTIES('2_nKXpS0GNycv7OyQU_P6M',#6,$,$,(#6298),#6303);
#6307=IFCCARTESIANPOINT((20248.785745378838,-1488.6386702404291,0.));
#6308=IFCAXIS2PLACEMENT3D(#6307,#51,#49);
#6309=IFCLOCALPLACEMENT(#28,#6308);
#6310=IFCCARTESIANPOINT((9550.,-0.));
#6311=IFCPOLYLINE((#3192,#6310));
#6312=IFCSHAPEREPRESENTATION(#14,'Axis','Curve2D',(#6311));
#6313=IFCPRODUCTDEFINITIONSHAPE($,$,(#6312,#6320));
#6314=IFCCARTESIANPOINT((4775.0000000000009,-2.2026824808563106E-013));
#6315=IFCAXIS2PLACEMENT2D(#6314,#6237);
#6316=IFCRECTANGLEPROFILEDEF(.AREA.,$,#6315,9550.0000000000018,199.99999999999784);
#6317=IFCAXIS2PLACEMENT3D(#10,$,$);
#6318=IFCEXTRUDEDAREASOLID(#6316,#6317,#51,3350.);
#6319=IFCSTYLEDITEM(#6318,(#1731),$);
#6320=IFCSHAPEREPRESENTATION(#15,'Body','SweptSolid',(#6318));
#6321=IFCWALLSTANDARDCASE('0OwT9niH5FCOj8tuWLjmox',#6,'Basic Wall:Generic - 200mm:330821',$,$,#6309,#6313,'330821');
#6322=IFCMATERIALLAYERSETUSAGE(#6246,.AXIS2.,.NEGATIVE.,100.);
#6323=IFCPROPERTYSET('1Hl7N8niGZq1e81mAYB0Fe',#6,'Pset_QuantityTakeOff',$,(#6249));
#6324=IFCPROPERTYSINGLEVALUE('Reference',$,IFCLABEL('Generic - 200mm'),$);
#6325=IFCPROPERTYSET('0heFJGagZvkljVRrmDVF1g',#6,'Pset_ReinforcementBarPitchOfWall',$,(#6324));
#6326=IFCPROPERTYSET('1dq_$eB12CECmKAuhO$Hcr',#6,'Pset_WallCommon',$,(#79,#6249,#6253,#6254));
#6327=IFCRELDEFINESBYPROPERTIES('1d492KS2d_uE5bLMhIeY$A',#6,$,$,(#6321),#6323);
#6328=IFCRELDEFINESBYPROPERTIES('3XiJuAS_YkC2XfkOwuT7nQ',#6,$,$,(#6321),#6325);
#6329=IFCRELDEFINESBYPROPERTIES('1jAnkstotrz3ccnJoypqIw',#6,$,$,(#6321),#6326);
#6330=IFCCARTESIANPOINT((-34236.214254621111,-14238.638670240245,0.));
#6331=IFCAXIS2PLACEMENT3D(#6330,$,$);
#6332=IFCLOCALPLACEMENT(#28,#6331);
#6333=IFCCARTESIANPOINT((64215.,0.));
#6334=IFCPOLYLINE((#3192,#6333));
#6335=IFCSHAPEREPRESENTATION(#14,'Axis','Curve2D',(#6334));
#6336=IFCPRODUCTDEFINITIONSHAPE($,$,(#6335,#6343));
#6337=IFCCARTESIANPOINT((32107.499999999996,0.));
#6338=IFCAXIS2PLACEMENT2D(#6337,#6237);
#6339=IFCRECTANGLEPROFILEDEF(.AREA.,$,#6338,64214.999999999993,199.99999999999784);
#6340=IFCAXIS2PLACEMENT3D(#10,$,$);
#6341=IFCEXTRUDEDAREASOLID(#6339,#6340,#51,3350.);
#6342=IFCSTYLEDITEM(#6341,(#1731),$);
#6343=IFCSHAPEREPRESENTATION(#15,'Body','SweptSolid',(#6341));
#6344=IFCWALLSTANDARDCASE('0OwT9niH5FCOj8tuWLjmrW',#6,'Basic Wall:Generic - 200mm:331166',$,$,#6332,#6336,'331166');
#6345=IFCMATERIALLAYERSETUSAGE(#6246,.AXIS2.,.NEGATIVE.,100.);
#6346=IFCPROPERTYSET('1$n1zcl9AFfDNakc0zRHIX',#6,'Pset_QuantityTakeOff',$,(#6249));
#6347=IFCPROPERTYSINGLEVALUE('Reference',$,IFCLABEL('Generic - 200mm'),$);
#6348=IFCPROPERTYSET('1kxaL6FCjQdPh2t4hQNtSg',#6,'Pset_ReinforcementBarPitchOfWall',$,(#6347));
#6349=IFCPROPERTYSET('1gnKETOzpXrIELKFlaetV_',#6,'Pset_WallCommon',$,(#79,#6249,#6253,#6254));
#6350=IFCRELDEFINESBYPROPERTIES('0wnMGBOpFCPLivSSH9SFD$',#6,$,$,(#6344),#6346);
#6351=IFCRELDEFINESBYPROPERTIES('1Zon2Bd7biN8pOgB9V6eI4',#6,$,$,(#6344),#6348);
#6352=IFCRELDEFINESBYPROPERTIES('3h0lONU1kOCIObPSgJiKLU',#6,$,$,(#6344),#6349);
#6353=IFCAXIS2PLACEMENT3D(#10,$,$);
#6354=IFCLOCALPLACEMENT(#28,#6353);
#6355=IFCCARTESIANPOINT((4.5474735088646412E-013,0.));
#6356=IFCAXIS2PLACEMENT2D(#6355,#44);
#6357=IFCRECTANGLEPROFILEDEF(.AREA.,$,#6356,9449.99999999992,300.00000000000108);
#6358=IFCCARTESIANPOINT((-1721.2142546211494,3286.3613297596139,0.));
#6359=IFCAXIS2PLACEMENT3D(#6358,#48,#49);
#6360=IFCEXTRUDEDAREASOLID(#6357,#6359,#51,150.);
#6361=IFCSTYLEDITEM(#6360,(#56),$);
#6362=IFCSHAPEREPRESENTATION(#15,'Body','SweptSolid',(#6360));
#6363=IFCPRODUCTDEFINITIONSHAPE($,$,(#6362));
#6364=IFCSLAB('0OwT9niH5FCOj8tuWLjn1L',#6,'Foundation Slab:15mm Foundation Slab:331947',$,$,#6354,#6363,'331947',.BASESLAB.);
#6365=IFCMATERIALLAYERSETUSAGE(#72,.AXIS3.,.POSITIVE.,0.);
#6366=IFCPROPERTYSET('2l0GTXHiOh2fXqNRkpOOkA',#6,'Pset_QuantityTakeOff',$,(#74));
#6367=IFCPROPERTYSINGLEVALUE('Reference',$,IFCLABEL('15mm Foundation Slab'),$);
#6368=IFCPROPERTYSET('2YWdoXDQxmUOLHYiZ1eHo7',#6,'Pset_ReinforcementBarPitchOfSlab',$,(#6367));
#6369=IFCPROPERTYSET('0d5_OBSUYxb6WMbMbaNQeZ',#6,'Pset_SlabCommon',$,(#74,#78,#79,#80));
#6370=IFCRELDEFINESBYPROPERTIES('2mCplga58xgyuNWt$yI4fH',#6,$,$,(#6364),#6366);
#6371=IFCRELDEFINESBYPROPERTIES('1i5_kk9IqXzUinCbpVLCl$',#6,$,$,(#6364),#6368);
#6372=IFCRELDEFINESBYPROPERTIES('1oMHVqYkA7R1vZKYW6Iv32',#6,$,$,(#6364),#6369);
#6373=IFCCARTESIANPOINT((-8421.2142546211162,8011.3613297595739,0.));
#6374=IFCAXIS2PLACEMENT3D(#6373,#51,#3216);
#6375=IFCLOCALPLACEMENT(#28,#6374);
#6376=IFCCARTESIANPOINT((9450.,-0.));
#6377=IFCPOLYLINE((#3192,#6376));
#6378=IFCSHAPEREPRESENTATION(#14,'Axis','Curve2D',(#6377));
#6379=IFCPRODUCTDEFINITIONSHAPE($,$,(#6378,#6386));
#6380=IFCCARTESIANPOINT((4724.9999999999491,0.));
#6381=IFCAXIS2PLACEMENT2D(#6380,#6237);
#6382=IFCRECTANGLEPROFILEDEF(.AREA.,$,#6381,9449.9999999998981,200.);
#6383=IFCAXIS2PLACEMENT3D(#10,$,$);
#6384=IFCEXTRUDEDAREASOLID(#6382,#6383,#51,3350.);
#6385=IFCSTYLEDITEM(#6384,(#1731),$);
#6386=IFCSHAPEREPRESENTATION(#15,'Body','SweptSolid',(#6384));
#6387=IFCWALLSTANDARDCASE('0OwT9niH5FCOj8tuWLjn7R',#6,'Basic Wall:Generic - 200mm:332069',$,$,#6375,#6379,'332069');
#6388=IFCMATERIALLAYERSETUSAGE(#6246,.AXIS2.,.NEGATIVE.,100.);
#6389=IFCPROPERTYSET('2C5piK2ot_QBqs3D0P3m3d',#6,'Pset_QuantityTakeOff',$,(#6249));
#6390=IFCPROPERTYSINGLEVALUE('Reference',$,IFCLABEL('Generic - 200mm'),$);
#6391=IFCPROPERTYSET('05sDQOINZrerVJfyKBitQ_',#6,'Pset_ReinforcementBarPitchOfWall',$,(#6390));
#6392=IFCPROPERTYSET('0AL5wSVmLiphfhiTfhPc6_',#6,'Pset_WallCommon',$,(#79,#6249,#6253,#6254));
#6393=IFCRELDEFINESBYPROPERTIES('3VPVwBorrOsWHMEwfMc7d2',#6,$,$,(#6387),#6389);
#6394=IFCRELDEFINESBYPROPERTIES('03LNPZ9$sCRH7NE2z1dSZQ',#6,$,$,(#6387),#6391);
#6395=IFCRELDEFINESBYPROPERTIES('3kKuWlFdNM5dav0m30TDMz',#6,$,$,(#6387),#6392);
#6396=IFCCARTESIANPOINT((-1721.2142546211494,8011.3613297595739,0.));
#6397=IFCAXIS2PLACEMENT3D(#6396,#51,#3216);
#6398=IFCLOCALPLACEMENT(#28,#6397);
#6399=IFCCARTESIANPOINT((9450.,-0.));
#6400=IFCPOLYLINE((#3192,#6399));
#6401=IFCSHAPEREPRESENTATION(#14,'Axis','Curve2D',(#6400));
#6402=IFCPRODUCTDEFINITIONSHAPE($,$,(#6401,#6409));
#6403=IFCCARTESIANPOINT((4724.9999999999591,0.));
#6404=IFCAXIS2PLACEMENT2D(#6403,#6237);
#6405=IFCRECTANGLEPROFILEDEF(.AREA.,$,#6404,9449.9999999999181,200.);
#6406=IFCAXIS2PLACEMENT3D(#10,$,$);
#6407=IFCEXTRUDEDAREASOLID(#6405,#6406,#51,3350.);
#6408=IFCSTYLEDITEM(#6407,(#1731),$);
#6409=IFCSHAPEREPRESENTATION(#15,'Body','SweptSolid',(#6407));
#6410=IFCWALLSTANDARDCASE('0OwT9niH5FCOj8tuWLjn5W',#6,'Basic Wall:Generic - 200mm:332190',$,$,#6398,#6402,'332190');
#6411=IFCMATERIALLAYERSETUSAGE(#6246,.AXIS2.,.NEGATIVE.,100.);
#6412=IFCPROPERTYSET('0WeS5BwRaX9TpC7wID76IT',#6,'Pset_QuantityTakeOff',$,(#6249));
#6413=IFCPROPERTYSINGLEVALUE('Reference',$,IFCLABEL('Generic - 200mm'),$);
#6414=IFCPROPERTYSET('3tVhD6yoe1klGrz97LY8Oa',#6,'Pset_ReinforcementBarPitchOfWall',$,(#6413));
#6415=IFCPROPERTYSET('2kbMjYAZNDzG$xOJ9uwd5m',#6,'Pset_WallCommon',$,(#79,#6249,#6253,#6254));
#6416=IFCRELDEFINESBYPROPERTIES('1EtmUTqb0IuiPqxzqPDAMX',#6,$,$,(#6410),#6412);
#6417=IFCRELDEFINESBYPROPERTIES('2b4tRXnmNqJKPlF2BdyBC2',#6,$,$,(#6410),#6414);
#6418=IFCRELDEFINESBYPROPERTIES('2vE3mq7V2BjIJQFsOnHrEY',#6,$,$,(#6410),#6415);
#6419=IFCCARTESIANPOINT((-5405.781886243316,6711.3613297595739,-150.));
#6420=IFCAXIS2PLACEMENT3D(#6419,#51,#3216);
#6421=IFCLOCALPLACEMENT(#32,#6420);
#6422=IFCCARTESIANPOINT((-2.7000623958883807E-013,0.));
#6423=IFCAXIS2PLACEMENT2D(#6422,#44);
#6424=IFCRECTANGLEPROFILEDEF(.AREA.,'Beam',#6423,400.,200.);
#6425=IFCCARTESIANPOINT((0.,25.,-200.));
#6426=IFCAXIS2PLACEMENT3D(#6425,#3183,#48);
#6427=IFCEXTRUDEDAREASOLID(#6424,#6426,#51,5900.);
#6428=IFCSHAPEREPRESENTATION(#15,'Body','SweptSolid',(#6427));
#6429=IFCCARTESIANPOINT((5900.,0.));
#6430=IFCPOLYLINE((#3192,#6429));
#6431=IFCSHAPEREPRESENTATION(#14,'Axis','Curve2D',(#6430));
#6432=IFCPRODUCTDEFINITIONSHAPE($,$,(#6431,#6428));
#6433=IFCBEAM('0OwT9niH5FCOj8tuWLjnBg',#6,'Beam:Beam:332308',$,$,#6421,#6432,'332308');
#6434=IFCPROPERTYSINGLEVALUE('Span',$,IFCPOSITIVELENGTHMEASURE(5900.),$);
#6435=IFCPROPERTYSET('1Ly2iGTsmTm0WxIvxyh0Wl',#6,'Pset_BeamCommon',$,(#78,#79,#3204,#3206,#6434));
#6436=IFCPROPERTYSET('1X36I6zVjVwi45adq49KxP',#6,'Pset_QuantityTakeOff',$,(#3204));
#6437=IFCPROPERTYSINGLEVALUE('Reference',$,IFCLABEL('Beam'),$);
#6438=IFCPROPERTYSET('0Pv6a08PL3n6fKciX03KQi',#6,'Pset_ReinforcementBarPitchOfBeam',$,(#6437));
#6439=IFCRELDEFINESBYPROPERTIES('16lu7CNkAdK1mJciWSQQXG',#6,$,$,(#6433),#6435);
#6440=IFCRELDEFINESBYPROPERTIES('2bX9kvzLg6Xf6XhgyjGat_',#6,$,$,(#6433),#6436);
#6441=IFCRELDEFINESBYPROPERTIES('2DOOdEwZq9YKrrk5FUvusC',#6,$,$,(#6433),#6438);
#6442=IFCCARTESIANPOINT((-34021.214254621103,22956.371920309968,0.));
#6443=IFCCARTESIANPOINT((-34021.214254621183,-27555.113901698627,0.));
#6444=IFCPOLYLINE((#6442,#6443));
#6445=IFCGRIDAXIS('1',#6444,.T.);
#6446=IFCGEOMETRICCURVESET((#6444));
#6447=IFCCOLOURRGB($,0.,0.,0.);
#6448=IFCCURVESTYLE($,$,$,#6447);
#6449=IFCPRESENTATIONSTYLEASSIGNMENT((#6448));
#6450=IFCSTYLEDITEM(#6446,(#6449),$);
#6451=IFCCARTESIANPOINT((-30821.2142546211,22956.371920309957,0.));
#6452=IFCCARTESIANPOINT((-30821.214254621183,-27555.113901698638,0.));
#6453=IFCPOLYLINE((#6451,#6452));
#6454=IFCGRIDAXIS('2',#6453,.T.);
#6455=IFCGEOMETRICCURVESET((#6453));
#6456=IFCCOLOURRGB($,0.,0.,0.);
#6457=IFCCURVESTYLE($,$,$,#6456);
#6458=IFCPRESENTATIONSTYLEASSIGNMENT((#6457));
#6459=IFCSTYLEDITEM(#6455,(#6458),$);
#6460=IFCCARTESIANPOINT((-27621.2142546211,22956.371920309961,0.));
#6461=IFCCARTESIANPOINT((-27621.214254621183,-27555.113901698645,0.));
#6462=IFCPOLYLINE((#6460,#6461));
#6463=IFCGRIDAXIS('3',#6462,.T.);
#6464=IFCGEOMETRICCURVESET((#6462));
#6465=IFCCOLOURRGB($,0.,0.,0.);
#6466=IFCCURVESTYLE($,$,$,#6465);
#6467=IFCPRESENTATIONSTYLEASSIGNMENT((#6466));
#6468=IFCSTYLEDITEM(#6464,(#6467),$);
#6469=IFCCARTESIANPOINT((-24421.214254621093,22956.371920309939,0.));
#6470=IFCCARTESIANPOINT((-24421.214254621173,-27555.113901698649,0.));
#6471=IFCPOLYLINE((#6469,#6470));
#6472=IFCGRIDAXIS('4',#6471,.T.);
#6473=IFCGEOMETRICCURVESET((#6471));
#6474=IFCCOLOURRGB($,0.,0.,0.);
#6475=IFCCURVESTYLE($,$,$,#6474);
#6476=IFCPRESENTATIONSTYLEASSIGNMENT((#6475));
#6477=IFCSTYLEDITEM(#6473,(#6476),$);
#6478=IFCCARTESIANPOINT((-21221.214254621093,22956.371920309921,0.));
#6479=IFCCARTESIANPOINT((-21221.214254621173,-27555.113901698656,0.));
#6480=IFCPOLYLINE((#6478,#6479));
#6481=IFCGRIDAXIS('5',#6480,.T.);
#6482=IFCGEOMETRICCURVESET((#6480));
#6483=IFCCOLOURRGB($,0.,0.,0.);
#6484=IFCCURVESTYLE($,$,$,#6483);
#6485=IFCPRESENTATIONSTYLEASSIGNMENT((#6484));
#6486=IFCSTYLEDITEM(#6482,(#6485),$);
#6487=IFCCARTESIANPOINT((-18021.214254621093,22956.371920309928,0.));
#6488=IFCCARTESIANPOINT((-18021.214254621173,-27555.113901698656,0.));
#6489=IFCPOLYLINE((#6487,#6488));
#6490=IFCGRIDAXIS('6',#6489,.T.);
#6491=IFCGEOMETRICCURVESET((#6489));
#6492=IFCCOLOURRGB($,0.,0.,0.);
#6493=IFCCURVESTYLE($,$,$,#6492);
#6494=IFCPRESENTATIONSTYLEASSIGNMENT((#6493));
#6495=IFCSTYLEDITEM(#6491,(#6494),$);
#6496=IFCCARTESIANPOINT((-14821.214254621091,22956.371920309903,0.));
#6497=IFCCARTESIANPOINT((-14821.214254621173,-27555.113901698664,0.));
#6498=IFCPOLYLINE((#6496,#6497));
#6499=IFCGRIDAXIS('7',#6498,.T.);
#6500=IFCGEOMETRICCURVESET((#6498));
#6501=IFCCOLOURRGB($,0.,0.,0.);
#6502=IFCCURVESTYLE($,$,$,#6501);
#6503=IFCPRESENTATIONSTYLEASSIGNMENT((#6502));
#6504=IFCSTYLEDITEM(#6500,(#6503),$);
#6505=IFCCARTESIANPOINT((-11621.214254621091,22956.371920309895,0.));
#6506=IFCCARTESIANPOINT((-11621.214254621173,-27555.113901698664,0.));
#6507=IFCPOLYLINE((#6505,#6506));
#6508=IFCGRIDAXIS('8',#6507,.T.);
#6509=IFCGEOMETRICCURVESET((#6507));
#6510=IFCCOLOURRGB($,0.,0.,0.);
#6511=IFCCURVESTYLE($,$,$,#6510);
#6512=IFCPRESENTATIONSTYLEASSIGNMENT((#6511));
#6513=IFCSTYLEDITEM(#6509,(#6512),$);
#6514=IFCCARTESIANPOINT((-8421.2142546210907,22956.371920309895,0.));
#6515=IFCCARTESIANPOINT((-8421.2142546211708,-27555.113901698674,0.));
#6516=IFCPOLYLINE((#6514,#6515));
#6517=IFCGRIDAXIS('9',#6516,.T.);
#6518=IFCGEOMETRICCURVESET((#6516));
#6519=IFCCOLOURRGB($,0.,0.,0.);
#6520=IFCCURVESTYLE($,$,$,#6519);
#6521=IFCPRESENTATIONSTYLEASSIGNMENT((#6520));
#6522=IFCSTYLEDITEM(#6518,(#6521),$);
#6523=IFCCARTESIANPOINT((-5221.2142546210816,22956.371920309877,0.));
#6524=IFCCARTESIANPOINT((-5221.2142546211626,-27555.113901698682,0.));
#6525=IFCPOLYLINE((#6523,#6524));
#6526=IFCGRIDAXIS('10',#6525,.T.);
#6527=IFCGEOMETRICCURVESET((#6525));
#6528=IFCCOLOURRGB($,0.,0.,0.);
#6529=IFCCURVESTYLE($,$,$,#6528);
#6530=IFCPRESENTATIONSTYLEASSIGNMENT((#6529));
#6531=IFCSTYLEDITEM(#6527,(#6530),$);
#6532=IFCCARTESIANPOINT((-2021.2142546210812,22956.371920309859,0.));
#6533=IFCCARTESIANPOINT((-2021.2142546211633,-27555.113901698682,0.));
#6534=IFCPOLYLINE((#6532,#6533));
#6535=IFCGRIDAXIS('11',#6534,.T.);
#6536=IFCGEOMETRICCURVESET((#6534));
#6537=IFCCOLOURRGB($,0.,0.,0.);
#6538=IFCCURVESTYLE($,$,$,#6537);
#6539=IFCPRESENTATIONSTYLEASSIGNMENT((#6538));
#6540=IFCSTYLEDITEM(#6536,(#6539),$);
#6541=IFCCARTESIANPOINT((1178.785745378919,22956.37192030987,0.));
#6542=IFCCARTESIANPOINT((1178.785745378837,-27555.113901698693,0.));
#6543=IFCPOLYLINE((#6541,#6542));
#6544=IFCGRIDAXIS('12',#6543,.T.);
#6545=IFCGEOMETRICCURVESET((#6543));
#6546=IFCCOLOURRGB($,0.,0.,0.);
#6547=IFCCURVESTYLE($,$,$,#6546);
#6548=IFCPRESENTATIONSTYLEASSIGNMENT((#6547));
#6549=IFCSTYLEDITEM(#6545,(#6548),$);
#6550=IFCCARTESIANPOINT((4378.7857453789265,22956.371920309859,0.));
#6551=IFCCARTESIANPOINT((4378.7857453788447,-27555.113901698693,0.));
#6552=IFCPOLYLINE((#6550,#6551));
#6553=IFCGRIDAXIS('13',#6552,.T.);
#6554=IFCGEOMETRICCURVESET((#6552));
#6555=IFCCOLOURRGB($,0.,0.,0.);
#6556=IFCCURVESTYLE($,$,$,#6555);
#6557=IFCPRESENTATIONSTYLEASSIGNMENT((#6556));
#6558=IFCSTYLEDITEM(#6554,(#6557),$);
#6559=IFCCARTESIANPOINT((7578.7857453789366,22956.371920309834,0.));
#6560=IFCCARTESIANPOINT((7578.7857453788556,-27555.1139016987,0.));
#6561=IFCPOLYLINE((#6559,#6560));
#6562=IFCGRIDAXIS('14',#6561,.T.);
#6563=IFCGEOMETRICCURVESET((#6561));
#6564=IFCCOLOURRGB($,0.,0.,0.);
#6565=IFCCURVESTYLE($,$,$,#6564);
#6566=IFCPRESENTATIONSTYLEASSIGNMENT((#6565));
#6567=IFCSTYLEDITEM(#6563,(#6566),$);
#6568=IFCCARTESIANPOINT((10778.785745378937,22956.371920309819,0.));
#6569=IFCCARTESIANPOINT((10778.785745378855,-27555.113901698707,0.));
#6570=IFCPOLYLINE((#6568,#6569));
#6571=IFCGRIDAXIS('15',#6570,.T.);
#6572=IFCGEOMETRICCURVESET((#6570));
#6573=IFCCOLOURRGB($,0.,0.,0.);
#6574=IFCCURVESTYLE($,$,$,#6573);
#6575=IFCPRESENTATIONSTYLEASSIGNMENT((#6574));
#6576=IFCSTYLEDITEM(#6572,(#6575),$);
#6577=IFCCARTESIANPOINT((13978.785745378937,22956.371920309826,0.));
#6578=IFCCARTESIANPOINT((13978.785745378855,-27555.113901698707,0.));
#6579=IFCPOLYLINE((#6577,#6578));
#6580=IFCGRIDAXIS('16',#6579,.T.);
#6581=IFCGEOMETRICCURVESET((#6579));
#6582=IFCCOLOURRGB($,0.,0.,0.);
#6583=IFCCURVESTYLE($,$,$,#6582);
#6584=IFCPRESENTATIONSTYLEASSIGNMENT((#6583));
#6585=IFCSTYLEDITEM(#6581,(#6584),$);
#6586=IFCCARTESIANPOINT((17178.785745378937,22956.371920309801,0.));
#6587=IFCCARTESIANPOINT((17178.785745378857,-27555.113901698718,0.));
#6588=IFCPOLYLINE((#6586,#6587));
#6589=IFCGRIDAXIS('17',#6588,.T.);
#6590=IFCGEOMETRICCURVESET((#6588));
#6591=IFCCOLOURRGB($,0.,0.,0.);
#6592=IFCCURVESTYLE($,$,$,#6591);
#6593=IFCPRESENTATIONSTYLEASSIGNMENT((#6592));
#6594=IFCSTYLEDITEM(#6590,(#6593),$);
#6595=IFCCARTESIANPOINT((20378.785745378937,22956.37192030979,0.));
#6596=IFCCARTESIANPOINT((20378.785745378857,-27555.113901698718,0.));
#6597=IFCPOLYLINE((#6595,#6596));
#6598=IFCGRIDAXIS('18',#6597,.T.);
#6599=IFCGEOMETRICCURVESET((#6597));
#6600=IFCCOLOURRGB($,0.,0.,0.);
#6601=IFCCURVESTYLE($,$,$,#6600);
#6602=IFCPRESENTATIONSTYLEASSIGNMENT((#6601));
#6603=IFCSTYLEDITEM(#6599,(#6602),$);
#6604=IFCCARTESIANPOINT((23578.785745378937,22956.37192030979,0.));
#6605=IFCCARTESIANPOINT((23578.785745378857,-27555.113901698725,0.));
#6606=IFCPOLYLINE((#6604,#6605));
#6607=IFCGRIDAXIS('19',#6606,.T.);
#6608=IFCGEOMETRICCURVESET((#6606));
#6609=IFCCOLOURRGB($,0.,0.,0.);
#6610=IFCCURVESTYLE($,$,$,#6609);
#6611=IFCPRESENTATIONSTYLEASSIGNMENT((#6610));
#6612=IFCSTYLEDITEM(#6608,(#6611),$);
#6613=IFCCARTESIANPOINT((26778.785745378947,22956.371920309775,0.));
#6614=IFCCARTESIANPOINT((26778.785745378864,-27555.113901698736,0.));
#6615=IFCPOLYLINE((#6613,#6614));
#6616=IFCGRIDAXIS('20',#6615,.T.);
#6617=IFCGEOMETRICCURVESET((#6615));
#6618=IFCCOLOURRGB($,0.,0.,0.);
#6619=IFCCURVESTYLE($,$,$,#6618);
#6620=IFCPRESENTATIONSTYLEASSIGNMENT((#6619));
#6621=IFCSTYLEDITEM(#6617,(#6620),$);
#6622=IFCCARTESIANPOINT((29978.785745378947,22956.371920309757,0.));
#6623=IFCCARTESIANPOINT((29978.785745378864,-27555.113901698736,0.));
#6624=IFCPOLYLINE((#6622,#6623));
#6625=IFCGRIDAXIS('21',#6624,.T.);
#6626=IFCGEOMETRICCURVESET((#6624));
#6627=IFCCOLOURRGB($,0.,0.,0.);
#6628=IFCCURVESTYLE($,$,$,#6627);
#6629=IFCPRESENTATIONSTYLEASSIGNMENT((#6628));
#6630=IFCSTYLEDITEM(#6626,(#6629),$);
#6631=IFCCARTESIANPOINT((-36307.760368724288,20141.361329759766,0.));
#6632=IFCCARTESIANPOINT((32777.906476595817,20141.361329759544,0.));
#6633=IFCPOLYLINE((#6631,#6632));
#6634=IFCGRIDAXIS('A',#6633,.T.);
#6635=IFCGEOMETRICCURVESET((#6633));
#6636=IFCCOLOURRGB($,0.,0.,0.);
#6637=IFCCURVESTYLE($,$,$,#6636);
#6638=IFCPRESENTATIONSTYLEASSIGNMENT((#6637));
#6639=IFCSTYLEDITEM(#6635,(#6638),$);
#6640=IFCCARTESIANPOINT((-36307.760368724303,14561.361329759768,0.));
#6641=IFCCARTESIANPOINT((32777.906476595803,14561.361329759544,0.));
#6642=IFCPOLYLINE((#6640,#6641));
#6643=IFCGRIDAXIS('B',#6642,.T.);
#6644=IFCGEOMETRICCURVESET((#6642));
#6645=IFCCOLOURRGB($,0.,0.,0.);
#6646=IFCCURVESTYLE($,$,$,#6645);
#6647=IFCPRESENTATIONSTYLEASSIGNMENT((#6646));
#6648=IFCSTYLEDITEM(#6644,(#6647),$);
#6649=IFCCARTESIANPOINT((-36307.760368724317,11361.361329759768,0.));
#6650=IFCCARTESIANPOINT((32777.906476595796,11361.361329759544,0.));
#6651=IFCPOLYLINE((#6649,#6650));
#6652=IFCGRIDAXIS('C',#6651,.T.);
#6653=IFCGEOMETRICCURVESET((#6651));
#6654=IFCCOLOURRGB($,0.,0.,0.);
#6655=IFCCURVESTYLE($,$,$,#6654);
#6656=IFCPRESENTATIONSTYLEASSIGNMENT((#6655));
#6657=IFCSTYLEDITEM(#6653,(#6656),$);
#6658=IFCCARTESIANPOINT((-36307.760368724325,8161.3613297597676,0.));
#6659=IFCCARTESIANPOINT((32777.906476595781,8161.3613297595439,0.));
#6660=IFCPOLYLINE((#6658,#6659));
#6661=IFCGRIDAXIS('D',#6660,.T.);
#6662=IFCGEOMETRICCURVESET((#6660));
#6663=IFCCOLOURRGB($,0.,0.,0.);
#6664=IFCCURVESTYLE($,$,$,#6663);
#6665=IFCPRESENTATIONSTYLEASSIGNMENT((#6664));
#6666=IFCSTYLEDITEM(#6662,(#6665),$);
#6667=IFCCARTESIANPOINT((-36307.760368724325,4961.3613297597667,0.));
#6668=IFCCARTESIANPOINT((32777.906476595759,4961.3613297595439,0.));
#6669=IFCPOLYLINE((#6667,#6668));
#6670=IFCGRIDAXIS('E',#6669,.T.);
#6671=IFCGEOMETRICCURVESET((#6669));
#6672=IFCCOLOURRGB($,0.,0.,0.);
#6673=IFCCURVESTYLE($,$,$,#6672);
#6674=IFCPRESENTATIONSTYLEASSIGNMENT((#6673));
#6675=IFCSTYLEDITEM(#6671,(#6674),$);
#6676=IFCCARTESIANPOINT((-36307.760368724332,1761.3613297597669,0.));
#6677=IFCCARTESIANPOINT((32777.906476595759,1761.3613297595443,0.));
#6678=IFCPOLYLINE((#6676,#6677));
#6679=IFCGRIDAXIS('F',#6678,.T.);
#6680=IFCGEOMETRICCURVESET((#6678));
#6681=IFCCOLOURRGB($,0.,0.,0.);
#6682=IFCCURVESTYLE($,$,$,#6681);
#6683=IFCPRESENTATIONSTYLEASSIGNMENT((#6682));
#6684=IFCSTYLEDITEM(#6680,(#6683),$);
#6685=IFCCARTESIANPOINT((-36307.760368724332,-1438.638670240234,0.));
#6686=IFCCARTESIANPOINT((32777.906476595752,-1438.6386702404563,0.));
#6687=IFCPOLYLINE((#6685,#6686));
#6688=IFCGRIDAXIS('G',#6687,.T.);
#6689=IFCGEOMETRICCURVESET((#6687));
#6690=IFCCOLOURRGB($,0.,0.,0.);
#6691=IFCCURVESTYLE($,$,$,#6690);
#6692=IFCPRESENTATIONSTYLEASSIGNMENT((#6691));
#6693=IFCSTYLEDITEM(#6689,(#6692),$);
#6694=IFCCARTESIANPOINT((-36307.760368724339,-4638.6386702402342,0.));
#6695=IFCCARTESIANPOINT((32777.906476595737,-4638.638670240457,0.));
#6696=IFCPOLYLINE((#6694,#6695));
#6697=IFCGRIDAXIS('H',#6696,.T.);
#6698=IFCGEOMETRICCURVESET((#6696));
#6699=IFCCOLOURRGB($,0.,0.,0.);
#6700=IFCCURVESTYLE($,$,$,#6699);
#6701=IFCPRESENTATIONSTYLEASSIGNMENT((#6700));
#6702=IFCSTYLEDITEM(#6698,(#6701),$);
#6703=IFCCARTESIANPOINT((-36307.760368724346,-7838.638670240236,0.));
#6704=IFCCARTESIANPOINT((32777.906476595716,-7838.6386702404589,0.));
#6705=IFCPOLYLINE((#6703,#6704));
#6706=IFCGRIDAXIS('J',#6705,.T.);
#6707=IFCGEOMETRICCURVESET((#6705));
#6708=IFCCOLOURRGB($,0.,0.,0.);
#6709=IFCCURVESTYLE($,$,$,#6708);
#6710=IFCPRESENTATIONSTYLEASSIGNMENT((#6709));
#6711=IFCSTYLEDITEM(#6707,(#6710),$);
#6712=IFCCARTESIANPOINT((-36307.760368724346,-11038.638670240236,0.));
#6713=IFCCARTESIANPOINT((32777.906476595716,-11038.63867024046,0.));
#6714=IFCPOLYLINE((#6712,#6713));
#6715=IFCGRIDAXIS('K',#6714,.T.);
#6716=IFCGEOMETRICCURVESET((#6714));
#6717=IFCCOLOURRGB($,0.,0.,0.);
#6718=IFCCURVESTYLE($,$,$,#6717);
#6719=IFCPRESENTATIONSTYLEASSIGNMENT((#6718));
#6720=IFCSTYLEDITEM(#6716,(#6719),$);
#6721=IFCCARTESIANPOINT((-36307.760368724354,-14238.638670240236,0.));
#6722=IFCCARTESIANPOINT((32777.906476595701,-14238.63867024046,0.));
#6723=IFCPOLYLINE((#6721,#6722));
#6724=IFCGRIDAXIS('L',#6723,.T.);
#6725=IFCGEOMETRICCURVESET((#6723));
#6726=IFCCOLOURRGB($,0.,0.,0.);
#6727=IFCCURVESTYLE($,$,$,#6726);
#6728=IFCPRESENTATIONSTYLEASSIGNMENT((#6727));
#6729=IFCSTYLEDITEM(#6725,(#6728),$);
#6730=IFCCARTESIANPOINT((-36307.760368724354,-17438.638670240231,0.));
#6731=IFCCARTESIANPOINT((32777.906476595686,-17438.638670240456,0.));
#6732=IFCPOLYLINE((#6730,#6731));
#6733=IFCGRIDAXIS('M',#6732,.T.);
#6734=IFCGEOMETRICCURVESET((#6732));
#6735=IFCCOLOURRGB($,0.,0.,0.);
#6736=IFCCURVESTYLE($,$,$,#6735);
#6737=IFCPRESENTATIONSTYLEASSIGNMENT((#6736));
#6738=IFCSTYLEDITEM(#6734,(#6737),$);
#6739=IFCCARTESIANPOINT((-36307.760368724368,-23438.638670240234,0.));
#6740=IFCCARTESIANPOINT((32777.906476595672,-23438.638670240452,0.));
#6741=IFCPOLYLINE((#6739,#6740));
#6742=IFCGRIDAXIS('O',#6741,.T.);
#6743=IFCGEOMETRICCURVESET((#6741));
#6744=IFCCOLOURRGB($,0.,0.,0.);
#6745=IFCCURVESTYLE($,$,$,#6744);
#6746=IFCPRESENTATIONSTYLEASSIGNMENT((#6745));
#6747=IFCSTYLEDITEM(#6743,(#6746),$);
#6748=IFCCARTESIANPOINT((-36307.760368724361,-20638.638670240234,0.));
#6749=IFCCARTESIANPOINT((32777.906476595686,-20638.638670240452,0.));
#6750=IFCPOLYLINE((#6748,#6749));
#6751=IFCGRIDAXIS('N',#6750,.T.);
#6752=IFCGEOMETRICCURVESET((#6750));
#6753=IFCCOLOURRGB($,0.,0.,0.);
#6754=IFCCURVESTYLE($,$,$,#6753);
#6755=IFCPRESENTATIONSTYLEASSIGNMENT((#6754));
#6756=IFCSTYLEDITEM(#6752,(#6755),$);
#6757=IFCSHAPEREPRESENTATION(#17,'FootPrint','GeometricCurveSet',(#6446,#6455,#6464,#6473,#6482,#6491,#6500,#6509,#6518,#6527,#6536,#6545,#6554,#6563,#6572,#6581,#6590,#6599,#6608,#6617,#6626,#6635,#6644,#6653,#6662,#6671,#6680,#6689,#6698,#6707,#6716,#6725,#6734,#6743,#6752));
#6758=IFCPRODUCTDEFINITIONSHAPE($,$,(#6757));
#6759=IFCLOCALPLACEMENT(#21,#24);
#6760=IFCGRID('3V7WkKI1F1NwvEXRpNpsCs',#6,'Default Grid',$,$,#6759,#6758,(#6445,#6454,#6463,#6472,#6481,#6490,#6499,#6508,#6517,#6526,#6535,#6544,#6553,#6562,#6571,#6580,#6589,#6598,#6607,#6616,#6625),(#6634,#6643,#6652,#6661,#6670,#6679,#6688,#6697,#6706,#6715,#6724,#6733,#6742,#6751),$);
#6761=IFCCARTESIANPOINT((-34021.214254621103,22956.371920309968,0.));
#6762=IFCCARTESIANPOINT((-34021.214254621183,-27555.113901698627,0.));
#6763=IFCPOLYLINE((#6761,#6762));
#6764=IFCGRIDAXIS('1',#6763,.T.);
#6765=IFCGEOMETRICCURVESET((#6763));
#6766=IFCCOLOURRGB($,0.,0.,0.);
#6767=IFCCURVESTYLE($,$,$,#6766);
#6768=IFCPRESENTATIONSTYLEASSIGNMENT((#6767));
#6769=IFCSTYLEDITEM(#6765,(#6768),$);
#6770=IFCCARTESIANPOINT((-30821.2142546211,22956.371920309957,0.));
#6771=IFCCARTESIANPOINT((-30821.214254621183,-27555.113901698638,0.));
#6772=IFCPOLYLINE((#6770,#6771));
#6773=IFCGRIDAXIS('2',#6772,.T.);
#6774=IFCGEOMETRICCURVESET((#6772));
#6775=IFCCOLOURRGB($,0.,0.,0.);
#6776=IFCCURVESTYLE($,$,$,#6775);
#6777=IFCPRESENTATIONSTYLEASSIGNMENT((#6776));
#6778=IFCSTYLEDITEM(#6774,(#6777),$);
#6779=IFCCARTESIANPOINT((-27621.2142546211,22956.371920309961,0.));
#6780=IFCCARTESIANPOINT((-27621.214254621183,-27555.113901698645,0.));
#6781=IFCPOLYLINE((#6779,#6780));
#6782=IFCGRIDAXIS('3',#6781,.T.);
#6783=IFCGEOMETRICCURVESET((#6781));
#6784=IFCCOLOURRGB($,0.,0.,0.);
#6785=IFCCURVESTYLE($,$,$,#6784);
#6786=IFCPRESENTATIONSTYLEASSIGNMENT((#6785));
#6787=IFCSTYLEDITEM(#6783,(#6786),$);
#6788=IFCCARTESIANPOINT((-24421.214254621093,22956.371920309939,0.));
#6789=IFCCARTESIANPOINT((-24421.214254621173,-27555.113901698649,0.));
#6790=IFCPOLYLINE((#6788,#6789));
#6791=IFCGRIDAXIS('4',#6790,.T.);
#6792=IFCGEOMETRICCURVESET((#6790));
#6793=IFCCOLOURRGB($,0.,0.,0.);
#6794=IFCCURVESTYLE($,$,$,#6793);
#6795=IFCPRESENTATIONSTYLEASSIGNMENT((#6794));
#6796=IFCSTYLEDITEM(#6792,(#6795),$);
#6797=IFCCARTESIANPOINT((-21221.214254621093,22956.371920309921,0.));
#6798=IFCCARTESIANPOINT((-21221.214254621173,-27555.113901698656,0.));
#6799=IFCPOLYLINE((#6797,#6798));
#6800=IFCGRIDAXIS('5',#6799,.T.);
#6801=IFCGEOMETRICCURVESET((#6799));
#6802=IFCCOLOURRGB($,0.,0.,0.);
#6803=IFCCURVESTYLE($,$,$,#6802);
#6804=IFCPRESENTATIONSTYLEASSIGNMENT((#6803));
#6805=IFCSTYLEDITEM(#6801,(#6804),$);
#6806=IFCCARTESIANPOINT((-18021.214254621093,22956.371920309928,0.));
#6807=IFCCARTESIANPOINT((-18021.214254621173,-27555.113901698656,0.));
#6808=IFCPOLYLINE((#6806,#6807));
#6809=IFCGRIDAXIS('6',#6808,.T.);
#6810=IFCGEOMETRICCURVESET((#6808));
#6811=IFCCOLOURRGB($,0.,0.,0.);
#6812=IFCCURVESTYLE($,$,$,#6811);
#6813=IFCPRESENTATIONSTYLEASSIGNMENT((#6812));
#6814=IFCSTYLEDITEM(#6810,(#6813),$);
#6815=IFCCARTESIANPOINT((-14821.214254621091,22956.371920309903,0.));
#6816=IFCCARTESIANPOINT((-14821.214254621173,-27555.113901698664,0.));
#6817=IFCPOLYLINE((#6815,#6816));
#6818=IFCGRIDAXIS('7',#6817,.T.);
#6819=IFCGEOMETRICCURVESET((#6817));
#6820=IFCCOLOURRGB($,0.,0.,0.);
#6821=IFCCURVESTYLE($,$,$,#6820);
#6822=IFCPRESENTATIONSTYLEASSIGNMENT((#6821));
#6823=IFCSTYLEDITEM(#6819,(#6822),$);
#6824=IFCCARTESIANPOINT((-11621.214254621091,22956.371920309895,0.));
#6825=IFCCARTESIANPOINT((-11621.214254621173,-27555.113901698664,0.));
#6826=IFCPOLYLINE((#6824,#6825));
#6827=IFCGRIDAXIS('8',#6826,.T.);
#6828=IFCGEOMETRICCURVESET((#6826));
#6829=IFCCOLOURRGB($,0.,0.,0.);
#6830=IFCCURVESTYLE($,$,$,#6829);
#6831=IFCPRESENTATIONSTYLEASSIGNMENT((#6830));
#6832=IFCSTYLEDITEM(#6828,(#6831),$);
#6833=IFCCARTESIANPOINT((-8421.2142546210907,22956.371920309895,0.));
#6834=IFCCARTESIANPOINT((-8421.2142546211708,-27555.113901698674,0.));
#6835=IFCPOLYLINE((#6833,#6834));
#6836=IFCGRIDAXIS('9',#6835,.T.);
#6837=IFCGEOMETRICCURVESET((#6835));
#6838=IFCCOLOURRGB($,0.,0.,0.);
#6839=IFCCURVESTYLE($,$,$,#6838);
#6840=IFCPRESENTATIONSTYLEASSIGNMENT((#6839));
#6841=IFCSTYLEDITEM(#6837,(#6840),$);
#6842=IFCCARTESIANPOINT((-5221.2142546210816,22956.371920309877,0.));
#6843=IFCCARTESIANPOINT((-5221.2142546211626,-27555.113901698682,0.));
#6844=IFCPOLYLINE((#6842,#6843));
#6845=IFCGRIDAXIS('10',#6844,.T.);
#6846=IFCGEOMETRICCURVESET((#6844));
#6847=IFCCOLOURRGB($,0.,0.,0.);
#6848=IFCCURVESTYLE($,$,$,#6847);
#6849=IFCPRESENTATIONSTYLEASSIGNMENT((#6848));
#6850=IFCSTYLEDITEM(#6846,(#6849),$);
#6851=IFCCARTESIANPOINT((-2021.2142546210812,22956.371920309859,0.));
#6852=IFCCARTESIANPOINT((-2021.2142546211633,-27555.113901698682,0.));
#6853=IFCPOLYLINE((#6851,#6852));
#6854=IFCGRIDAXIS('11',#6853,.T.);
#6855=IFCGEOMETRICCURVESET((#6853));
#6856=IFCCOLOURRGB($,0.,0.,0.);
#6857=IFCCURVESTYLE($,$,$,#6856);
#6858=IFCPRESENTATIONSTYLEASSIGNMENT((#6857));
#6859=IFCSTYLEDITEM(#6855,(#6858),$);
#6860=IFCCARTESIANPOINT((1178.785745378919,22956.37192030987,0.));
#6861=IFCCARTESIANPOINT((1178.785745378837,-27555.113901698693,0.));
#6862=IFCPOLYLINE((#6860,#6861));
#6863=IFCGRIDAXIS('12',#6862,.T.);
#6864=IFCGEOMETRICCURVESET((#6862));
#6865=IFCCOLOURRGB($,0.,0.,0.);
#6866=IFCCURVESTYLE($,$,$,#6865);
#6867=IFCPRESENTATIONSTYLEASSIGNMENT((#6866));
#6868=IFCSTYLEDITEM(#6864,(#6867),$);
#6869=IFCCARTESIANPOINT((4378.7857453789265,22956.371920309859,0.));
#6870=IFCCARTESIANPOINT((4378.7857453788447,-27555.113901698693,0.));
#6871=IFCPOLYLINE((#6869,#6870));
#6872=IFCGRIDAXIS('13',#6871,.T.);
#6873=IFCGEOMETRICCURVESET((#6871));
#6874=IFCCOLOURRGB($,0.,0.,0.);
#6875=IFCCURVESTYLE($,$,$,#6874);
#6876=IFCPRESENTATIONSTYLEASSIGNMENT((#6875));
#6877=IFCSTYLEDITEM(#6873,(#6876),$);
#6878=IFCCARTESIANPOINT((7578.7857453789366,22956.371920309834,0.));
#6879=IFCCARTESIANPOINT((7578.7857453788556,-27555.1139016987,0.));
#6880=IFCPOLYLINE((#6878,#6879));
#6881=IFCGRIDAXIS('14',#6880,.T.);
#6882=IFCGEOMETRICCURVESET((#6880));
#6883=IFCCOLOURRGB($,0.,0.,0.);
#6884=IFCCURVESTYLE($,$,$,#6883);
#6885=IFCPRESENTATIONSTYLEASSIGNMENT((#6884));
#6886=IFCSTYLEDITEM(#6882,(#6885),$);
#6887=IFCCARTESIANPOINT((10778.785745378937,22956.371920309819,0.));
#6888=IFCCARTESIANPOINT((10778.785745378855,-27555.113901698707,0.));
#6889=IFCPOLYLINE((#6887,#6888));
#6890=IFCGRIDAXIS('15',#6889,.T.);
#6891=IFCGEOMETRICCURVESET((#6889));
#6892=IFCCOLOURRGB($,0.,0.,0.);
#6893=IFCCURVESTYLE($,$,$,#6892);
#6894=IFCPRESENTATIONSTYLEASSIGNMENT((#6893));
#6895=IFCSTYLEDITEM(#6891,(#6894),$);
#6896=IFCCARTESIANPOINT((13978.785745378937,22956.371920309826,0.));
#6897=IFCCARTESIANPOINT((13978.785745378855,-27555.113901698707,0.));
#6898=IFCPOLYLINE((#6896,#6897));
#6899=IFCGRIDAXIS('16',#6898,.T.);
#6900=IFCGEOMETRICCURVESET((#6898));
#6901=IFCCOLOURRGB($,0.,0.,0.);
#6902=IFCCURVESTYLE($,$,$,#6901);
#6903=IFCPRESENTATIONSTYLEASSIGNMENT((#6902));
#6904=IFCSTYLEDITEM(#6900,(#6903),$);
#6905=IFCCARTESIANPOINT((17178.785745378937,22956.371920309801,0.));
#6906=IFCCARTESIANPOINT((17178.785745378857,-27555.113901698718,0.));
#6907=IFCPOLYLINE((#6905,#6906));
#6908=IFCGRIDAXIS('17',#6907,.T.);
#6909=IFCGEOMETRICCURVESET((#6907));
#6910=IFCCOLOURRGB($,0.,0.,0.);
#6911=IFCCURVESTYLE($,$,$,#6910);
#6912=IFCPRESENTATIONSTYLEASSIGNMENT((#6911));
#6913=IFCSTYLEDITEM(#6909,(#6912),$);
#6914=IFCCARTESIANPOINT((20378.785745378937,22956.37192030979,0.));
#6915=IFCCARTESIANPOINT((20378.785745378857,-27555.113901698718,0.));
#6916=IFCPOLYLINE((#6914,#6915));
#6917=IFCGRIDAXIS('18',#6916,.T.);
#6918=IFCGEOMETRICCURVESET((#6916));
#6919=IFCCOLOURRGB($,0.,0.,0.);
#6920=IFCCURVESTYLE($,$,$,#6919);
#6921=IFCPRESENTATIONSTYLEASSIGNMENT((#6920));
#6922=IFCSTYLEDITEM(#6918,(#6921),$);
#6923=IFCCARTESIANPOINT((23578.785745378937,22956.37192030979,0.));
#6924=IFCCARTESIANPOINT((23578.785745378857,-27555.113901698725,0.));
#6925=IFCPOLYLINE((#6923,#6924));
#6926=IFCGRIDAXIS('19',#6925,.T.);
#6927=IFCGEOMETRICCURVESET((#6925));
#6928=IFCCOLOURRGB($,0.,0.,0.);
#6929=IFCCURVESTYLE($,$,$,#6928);
#6930=IFCPRESENTATIONSTYLEASSIGNMENT((#6929));
#6931=IFCSTYLEDITEM(#6927,(#6930),$);
#6932=IFCCARTESIANPOINT((26778.785745378947,22956.371920309775,0.));
#6933=IFCCARTESIANPOINT((26778.785745378864,-27555.113901698736,0.));
#6934=IFCPOLYLINE((#6932,#6933));
#6935=IFCGRIDAXIS('20',#6934,.T.);
#6936=IFCGEOMETRICCURVESET((#6934));
#6937=IFCCOLOURRGB($,0.,0.,0.);
#6938=IFCCURVESTYLE($,$,$,#6937);
#6939=IFCPRESENTATIONSTYLEASSIGNMENT((#6938));
#6940=IFCSTYLEDITEM(#6936,(#6939),$);
#6941=IFCCARTESIANPOINT((29978.785745378947,22956.371920309757,0.));
#6942=IFCCARTESIANPOINT((29978.785745378864,-27555.113901698736,0.));
#6943=IFCPOLYLINE((#6941,#6942));
#6944=IFCGRIDAXIS('21',#6943,.T.);
#6945=IFCGEOMETRICCURVESET((#6943));
#6946=IFCCOLOURRGB($,0.,0.,0.);
#6947=IFCCURVESTYLE($,$,$,#6946);
#6948=IFCPRESENTATIONSTYLEASSIGNMENT((#6947));
#6949=IFCSTYLEDITEM(#6945,(#6948),$);
#6950=IFCCARTESIANPOINT((-36307.760368724288,20141.361329759766,0.));
#6951=IFCCARTESIANPOINT((32777.906476595817,20141.361329759544,0.));
#6952=IFCPOLYLINE((#6950,#6951));
#6953=IFCGRIDAXIS('A',#6952,.T.);
#6954=IFCGEOMETRICCURVESET((#6952));
#6955=IFCCOLOURRGB($,0.,0.,0.);
#6956=IFCCURVESTYLE($,$,$,#6955);
#6957=IFCPRESENTATIONSTYLEASSIGNMENT((#6956));
#6958=IFCSTYLEDITEM(#6954,(#6957),$);
#6959=IFCCARTESIANPOINT((-36307.760368724303,14561.361329759768,0.));
#6960=IFCCARTESIANPOINT((32777.906476595803,14561.361329759544,0.));
#6961=IFCPOLYLINE((#6959,#6960));
#6962=IFCGRIDAXIS('B',#6961,.T.);
#6963=IFCGEOMETRICCURVESET((#6961));
#6964=IFCCOLOURRGB($,0.,0.,0.);
#6965=IFCCURVESTYLE($,$,$,#6964);
#6966=IFCPRESENTATIONSTYLEASSIGNMENT((#6965));
#6967=IFCSTYLEDITEM(#6963,(#6966),$);
#6968=IFCCARTESIANPOINT((-36307.760368724317,11361.361329759768,0.));
#6969=IFCCARTESIANPOINT((32777.906476595796,11361.361329759544,0.));
#6970=IFCPOLYLINE((#6968,#6969));
#6971=IFCGRIDAXIS('C',#6970,.T.);
#6972=IFCGEOMETRICCURVESET((#6970));
#6973=IFCCOLOURRGB($,0.,0.,0.);
#6974=IFCCURVESTYLE($,$,$,#6973);
#6975=IFCPRESENTATIONSTYLEASSIGNMENT((#6974));
#6976=IFCSTYLEDITEM(#6972,(#6975),$);
#6977=IFCCARTESIANPOINT((-36307.760368724325,8161.3613297597676,0.));
#6978=IFCCARTESIANPOINT((32777.906476595781,8161.3613297595439,0.));
#6979=IFCPOLYLINE((#6977,#6978));
#6980=IFCGRIDAXIS('D',#6979,.T.);
#6981=IFCGEOMETRICCURVESET((#6979));
#6982=IFCCOLOURRGB($,0.,0.,0.);
#6983=IFCCURVESTYLE($,$,$,#6982);
#6984=IFCPRESENTATIONSTYLEASSIGNMENT((#6983));
#6985=IFCSTYLEDITEM(#6981,(#6984),$);
#6986=IFCCARTESIANPOINT((-36307.760368724325,4961.3613297597667,0.));
#6987=IFCCARTESIANPOINT((32777.906476595759,4961.3613297595439,0.));
#6988=IFCPOLYLINE((#6986,#6987));
#6989=IFCGRIDAXIS('E',#6988,.T.);
#6990=IFCGEOMETRICCURVESET((#6988));
#6991=IFCCOLOURRGB($,0.,0.,0.);
#6992=IFCCURVESTYLE($,$,$,#6991);
#6993=IFCPRESENTATIONSTYLEASSIGNMENT((#6992));
#6994=IFCSTYLEDITEM(#6990,(#6993),$);
#6995=IFCCARTESIANPOINT((-36307.760368724332,1761.3613297597669,0.));
#6996=IFCCARTESIANPOINT((32777.906476595759,1761.3613297595443,0.));
#6997=IFCPOLYLINE((#6995,#6996));
#6998=IFCGRIDAXIS('F',#6997,.T.);
#6999=IFCGEOMETRICCURVESET((#6997));
#7000=IFCCOLOURRGB($,0.,0.,0.);
#7001=IFCCURVESTYLE($,$,$,#7000);
#7002=IFCPRESENTATIONSTYLEASSIGNMENT((#7001));
#7003=IFCSTYLEDITEM(#6999,(#7002),$);
#7004=IFCCARTESIANPOINT((-36307.760368724332,-1438.638670240234,0.));
#7005=IFCCARTESIANPOINT((32777.906476595752,-1438.6386702404563,0.));
#7006=IFCPOLYLINE((#7004,#7005));
#7007=IFCGRIDAXIS('G',#7006,.T.);
#7008=IFCGEOMETRICCURVESET((#7006));
#7009=IFCCOLOURRGB($,0.,0.,0.);
#7010=IFCCURVESTYLE($,$,$,#7009);
#7011=IFCPRESENTATIONSTYLEASSIGNMENT((#7010));
#7012=IFCSTYLEDITEM(#7008,(#7011),$);
#7013=IFCCARTESIANPOINT((-36307.760368724339,-4638.6386702402342,0.));
#7014=IFCCARTESIANPOINT((32777.906476595737,-4638.638670240457,0.));
#7015=IFCPOLYLINE((#7013,#7014));
#7016=IFCGRIDAXIS('H',#7015,.T.);
#7017=IFCGEOMETRICCURVESET((#7015));
#7018=IFCCOLOURRGB($,0.,0.,0.);
#7019=IFCCURVESTYLE($,$,$,#7018);
#7020=IFCPRESENTATIONSTYLEASSIGNMENT((#7019));
#7021=IFCSTYLEDITEM(#7017,(#7020),$);
#7022=IFCCARTESIANPOINT((-36307.760368724346,-7838.638670240236,0.));
#7023=IFCCARTESIANPOINT((32777.906476595716,-7838.6386702404589,0.));
#7024=IFCPOLYLINE((#7022,#7023));
#7025=IFCGRIDAXIS('J',#7024,.T.);
#7026=IFCGEOMETRICCURVESET((#7024));
#7027=IFCCOLOURRGB($,0.,0.,0.);
#7028=IFCCURVESTYLE($,$,$,#7027);
#7029=IFCPRESENTATIONSTYLEASSIGNMENT((#7028));
#7030=IFCSTYLEDITEM(#7026,(#7029),$);
#7031=IFCCARTESIANPOINT((-36307.760368724346,-11038.638670240236,0.));
#7032=IFCCARTESIANPOINT((32777.906476595716,-11038.63867024046,0.));
#7033=IFCPOLYLINE((#7031,#7032));
#7034=IFCGRIDAXIS('K',#7033,.T.);
#7035=IFCGEOMETRICCURVESET((#7033));
#7036=IFCCOLOURRGB($,0.,0.,0.);
#7037=IFCCURVESTYLE($,$,$,#7036);
#7038=IFCPRESENTATIONSTYLEASSIGNMENT((#7037));
#7039=IFCSTYLEDITEM(#7035,(#7038),$);
#7040=IFCCARTESIANPOINT((-36307.760368724354,-14238.638670240236,0.));
#7041=IFCCARTESIANPOINT((32777.906476595701,-14238.63867024046,0.));
#7042=IFCPOLYLINE((#7040,#7041));
#7043=IFCGRIDAXIS('L',#7042,.T.);
#7044=IFCGEOMETRICCURVESET((#7042));
#7045=IFCCOLOURRGB($,0.,0.,0.);
#7046=IFCCURVESTYLE($,$,$,#7045);
#7047=IFCPRESENTATIONSTYLEASSIGNMENT((#7046));
#7048=IFCSTYLEDITEM(#7044,(#7047),$);
#7049=IFCCARTESIANPOINT((-36307.760368724354,-17438.638670240231,0.));
#7050=IFCCARTESIANPOINT((32777.906476595686,-17438.638670240456,0.));
#7051=IFCPOLYLINE((#7049,#7050));
#7052=IFCGRIDAXIS('M',#7051,.T.);
#7053=IFCGEOMETRICCURVESET((#7051));
#7054=IFCCOLOURRGB($,0.,0.,0.);
#7055=IFCCURVESTYLE($,$,$,#7054);
#7056=IFCPRESENTATIONSTYLEASSIGNMENT((#7055));
#7057=IFCSTYLEDITEM(#7053,(#7056),$);
#7058=IFCCARTESIANPOINT((-36307.760368724368,-23438.638670240234,0.));
#7059=IFCCARTESIANPOINT((32777.906476595672,-23438.638670240452,0.));
#7060=IFCPOLYLINE((#7058,#7059));
#7061=IFCGRIDAXIS('O',#7060,.T.);
#7062=IFCGEOMETRICCURVESET((#7060));
#7063=IFCCOLOURRGB($,0.,0.,0.);
#7064=IFCCURVESTYLE($,$,$,#7063);
#7065=IFCPRESENTATIONSTYLEASSIGNMENT((#7064));
#7066=IFCSTYLEDITEM(#7062,(#7065),$);
#7067=IFCCARTESIANPOINT((-36307.760368724361,-20638.638670240234,0.));
#7068=IFCCARTESIANPOINT((32777.906476595686,-20638.638670240452,0.));
#7069=IFCPOLYLINE((#7067,#7068));
#7070=IFCGRIDAXIS('N',#7069,.T.);
#7071=IFCGEOMETRICCURVESET((#7069));
#7072=IFCCOLOURRGB($,0.,0.,0.);
#7073=IFCCURVESTYLE($,$,$,#7072);
#7074=IFCPRESENTATIONSTYLEASSIGNMENT((#7073));
#7075=IFCSTYLEDITEM(#7071,(#7074),$);
#7076=IFCSHAPEREPRESENTATION(#17,'FootPrint','GeometricCurveSet',(#6765,#6774,#6783,#6792,#6801,#6810,#6819,#6828,#6837,#6846,#6855,#6864,#6873,#6882,#6891,#6900,#6909,#6918,#6927,#6936,#6945,#6954,#6963,#6972,#6981,#6990,#6999,#7008,#7017,#7026,#7035,#7044,#7053,#7062,#7071));
#7077=IFCPRODUCTDEFINITIONSHAPE($,$,(#7076));
#7078=IFCLOCALPLACEMENT(#21,#27);
#7079=IFCGRID('3sotX6FpWPR35U38SWq94T',#6,'Default Grid',$,$,#7078,#7077,(#6764,#6773,#6782,#6791,#6800,#6809,#6818,#6827,#6836,#6845,#6854,#6863,#6872,#6881,#6890,#6899,#6908,#6917,#6926,#6935,#6944),(#6953,#6962,#6971,#6980,#6989,#6998,#7007,#7016,#7025,#7034,#7043,#7052,#7061,#7070),$);
#7080=IFCCARTESIANPOINT((-34021.214254621103,22956.371920309968,0.));
#7081=IFCCARTESIANPOINT((-34021.214254621183,-27555.113901698627,0.));
#7082=IFCPOLYLINE((#7080,#7081));
#7083=IFCGRIDAXIS('1',#7082,.T.);
#7084=IFCGEOMETRICCURVESET((#7082));
#7085=IFCCOLOURRGB($,0.,0.,0.);
#7086=IFCCURVESTYLE($,$,$,#7085);
#7087=IFCPRESENTATIONSTYLEASSIGNMENT((#7086));
#7088=IFCSTYLEDITEM(#7084,(#7087),$);
#7089=IFCCARTESIANPOINT((-30821.2142546211,22956.371920309957,0.));
#7090=IFCCARTESIANPOINT((-30821.214254621183,-27555.113901698638,0.));
#7091=IFCPOLYLINE((#7089,#7090));
#7092=IFCGRIDAXIS('2',#7091,.T.);
#7093=IFCGEOMETRICCURVESET((#7091));
#7094=IFCCOLOURRGB($,0.,0.,0.);
#7095=IFCCURVESTYLE($,$,$,#7094);
#7096=IFCPRESENTATIONSTYLEASSIGNMENT((#7095));
#7097=IFCSTYLEDITEM(#7093,(#7096),$);
#7098=IFCCARTESIANPOINT((-27621.2142546211,22956.371920309961,0.));
#7099=IFCCARTESIANPOINT((-27621.214254621183,-27555.113901698645,0.));
#7100=IFCPOLYLINE((#7098,#7099));
#7101=IFCGRIDAXIS('3',#7100,.T.);
#7102=IFCGEOMETRICCURVESET((#7100));
#7103=IFCCOLOURRGB($,0.,0.,0.);
#7104=IFCCURVESTYLE($,$,$,#7103);
#7105=IFCPRESENTATIONSTYLEASSIGNMENT((#7104));
#7106=IFCSTYLEDITEM(#7102,(#7105),$);
#7107=IFCCARTESIANPOINT((-24421.214254621093,22956.371920309939,0.));
#7108=IFCCARTESIANPOINT((-24421.214254621173,-27555.113901698649,0.));
#7109=IFCPOLYLINE((#7107,#7108));
#7110=IFCGRIDAXIS('4',#7109,.T.);
#7111=IFCGEOMETRICCURVESET((#7109));
#7112=IFCCOLOURRGB($,0.,0.,0.);
#7113=IFCCURVESTYLE($,$,$,#7112);
#7114=IFCPRESENTATIONSTYLEASSIGNMENT((#7113));
#7115=IFCSTYLEDITEM(#7111,(#7114),$);
#7116=IFCCARTESIANPOINT((-21221.214254621093,22956.371920309921,0.));
#7117=IFCCARTESIANPOINT((-21221.214254621173,-27555.113901698656,0.));
#7118=IFCPOLYLINE((#7116,#7117));
#7119=IFCGRIDAXIS('5',#7118,.T.);
#7120=IFCGEOMETRICCURVESET((#7118));
#7121=IFCCOLOURRGB($,0.,0.,0.);
#7122=IFCCURVESTYLE($,$,$,#7121);
#7123=IFCPRESENTATIONSTYLEASSIGNMENT((#7122));
#7124=IFCSTYLEDITEM(#7120,(#7123),$);
#7125=IFCCARTESIANPOINT((-18021.214254621093,22956.371920309928,0.));
#7126=IFCCARTESIANPOINT((-18021.214254621173,-27555.113901698656,0.));
#7127=IFCPOLYLINE((#7125,#7126));
#7128=IFCGRIDAXIS('6',#7127,.T.);
#7129=IFCGEOMETRICCURVESET((#7127));
#7130=IFCCOLOURRGB($,0.,0.,0.);
#7131=IFCCURVESTYLE($,$,$,#7130);
#7132=IFCPRESENTATIONSTYLEASSIGNMENT((#7131));
#7133=IFCSTYLEDITEM(#7129,(#7132),$);
#7134=IFCCARTESIANPOINT((-14821.214254621091,22956.371920309903,0.));
#7135=IFCCARTESIANPOINT((-14821.214254621173,-27555.113901698664,0.));
#7136=IFCPOLYLINE((#7134,#7135));
#7137=IFCGRIDAXIS('7',#7136,.T.);
#7138=IFCGEOMETRICCURVESET((#7136));
#7139=IFCCOLOURRGB($,0.,0.,0.);
#7140=IFCCURVESTYLE($,$,$,#7139);
#7141=IFCPRESENTATIONSTYLEASSIGNMENT((#7140));
#7142=IFCSTYLEDITEM(#7138,(#7141),$);
#7143=IFCCARTESIANPOINT((-11621.214254621091,22956.371920309895,0.));
#7144=IFCCARTESIANPOINT((-11621.214254621173,-27555.113901698664,0.));
#7145=IFCPOLYLINE((#7143,#7144));
#7146=IFCGRIDAXIS('8',#7145,.T.);
#7147=IFCGEOMETRICCURVESET((#7145));
#7148=IFCCOLOURRGB($,0.,0.,0.);
#7149=IFCCURVESTYLE($,$,$,#7148);
#7150=IFCPRESENTATIONSTYLEASSIGNMENT((#7149));
#7151=IFCSTYLEDITEM(#7147,(#7150),$);
#7152=IFCCARTESIANPOINT((-8421.2142546210907,22956.371920309895,0.));
#7153=IFCCARTESIANPOINT((-8421.2142546211708,-27555.113901698674,0.));
#7154=IFCPOLYLINE((#7152,#7153));
#7155=IFCGRIDAXIS('9',#7154,.T.);
#7156=IFCGEOMETRICCURVESET((#7154));
#7157=IFCCOLOURRGB($,0.,0.,0.);
#7158=IFCCURVESTYLE($,$,$,#7157);
#7159=IFCPRESENTATIONSTYLEASSIGNMENT((#7158));
#7160=IFCSTYLEDITEM(#7156,(#7159),$);
#7161=IFCCARTESIANPOINT((-5221.2142546210816,22956.371920309877,0.));
#7162=IFCCARTESIANPOINT((-5221.2142546211626,-27555.113901698682,0.));
#7163=IFCPOLYLINE((#7161,#7162));
#7164=IFCGRIDAXIS('10',#7163,.T.);
#7165=IFCGEOMETRICCURVESET((#7163));
#7166=IFCCOLOURRGB($,0.,0.,0.);
#7167=IFCCURVESTYLE($,$,$,#7166);
#7168=IFCPRESENTATIONSTYLEASSIGNMENT((#7167));
#7169=IFCSTYLEDITEM(#7165,(#7168),$);
#7170=IFCCARTESIANPOINT((-2021.2142546210812,22956.371920309859,0.));
#7171=IFCCARTESIANPOINT((-2021.2142546211633,-27555.113901698682,0.));
#7172=IFCPOLYLINE((#7170,#7171));
#7173=IFCGRIDAXIS('11',#7172,.T.);
#7174=IFCGEOMETRICCURVESET((#7172));
#7175=IFCCOLOURRGB($,0.,0.,0.);
#7176=IFCCURVESTYLE($,$,$,#7175);
#7177=IFCPRESENTATIONSTYLEASSIGNMENT((#7176));
#7178=IFCSTYLEDITEM(#7174,(#7177),$);
#7179=IFCCARTESIANPOINT((1178.785745378919,22956.37192030987,0.));
#7180=IFCCARTESIANPOINT((1178.785745378837,-27555.113901698693,0.));
#7181=IFCPOLYLINE((#7179,#7180));
#7182=IFCGRIDAXIS('12',#7181,.T.);
#7183=IFCGEOMETRICCURVESET((#7181));
#7184=IFCCOLOURRGB($,0.,0.,0.);
#7185=IFCCURVESTYLE($,$,$,#7184);
#7186=IFCPRESENTATIONSTYLEASSIGNMENT((#7185));
#7187=IFCSTYLEDITEM(#7183,(#7186),$);
#7188=IFCCARTESIANPOINT((4378.7857453789265,22956.371920309859,0.));
#7189=IFCCARTESIANPOINT((4378.7857453788447,-27555.113901698693,0.));
#7190=IFCPOLYLINE((#7188,#7189));
#7191=IFCGRIDAXIS('13',#7190,.T.);
#7192=IFCGEOMETRICCURVESET((#7190));
#7193=IFCCOLOURRGB($,0.,0.,0.);
#7194=IFCCURVESTYLE($,$,$,#7193);
#7195=IFCPRESENTATIONSTYLEASSIGNMENT((#7194));
#7196=IFCSTYLEDITEM(#7192,(#7195),$);
#7197=IFCCARTESIANPOINT((7578.7857453789366,22956.371920309834,0.));
#7198=IFCCARTESIANPOINT((7578.7857453788556,-27555.1139016987,0.));
#7199=IFCPOLYLINE((#7197,#7198));
#7200=IFCGRIDAXIS('14',#7199,.T.);
#7201=IFCGEOMETRICCURVESET((#7199));
#7202=IFCCOLOURRGB($,0.,0.,0.);
#7203=IFCCURVESTYLE($,$,$,#7202);
#7204=IFCPRESENTATIONSTYLEASSIGNMENT((#7203));
#7205=IFCSTYLEDITEM(#7201,(#7204),$);
#7206=IFCCARTESIANPOINT((10778.785745378937,22956.371920309819,0.));
#7207=IFCCARTESIANPOINT((10778.785745378855,-27555.113901698707,0.));
#7208=IFCPOLYLINE((#7206,#7207));
#7209=IFCGRIDAXIS('15',#7208,.T.);
#7210=IFCGEOMETRICCURVESET((#7208));
#7211=IFCCOLOURRGB($,0.,0.,0.);
#7212=IFCCURVESTYLE($,$,$,#7211);
#7213=IFCPRESENTATIONSTYLEASSIGNMENT((#7212));
#7214=IFCSTYLEDITEM(#7210,(#7213),$);
#7215=IFCCARTESIANPOINT((13978.785745378937,22956.371920309826,0.));
#7216=IFCCARTESIANPOINT((13978.785745378855,-27555.113901698707,0.));
#7217=IFCPOLYLINE((#7215,#7216));
#7218=IFCGRIDAXIS('16',#7217,.T.);
#7219=IFCGEOMETRICCURVESET((#7217));
#7220=IFCCOLOURRGB($,0.,0.,0.);
#7221=IFCCURVESTYLE($,$,$,#7220);
#7222=IFCPRESENTATIONSTYLEASSIGNMENT((#7221));
#7223=IFCSTYLEDITEM(#7219,(#7222),$);
#7224=IFCCARTESIANPOINT((17178.785745378937,22956.371920309801,0.));
#7225=IFCCARTESIANPOINT((17178.785745378857,-27555.113901698718,0.));
#7226=IFCPOLYLINE((#7224,#7225));
#7227=IFCGRIDAXIS('17',#7226,.T.);
#7228=IFCGEOMETRICCURVESET((#7226));
#7229=IFCCOLOURRGB($,0.,0.,0.);
#7230=IFCCURVESTYLE($,$,$,#7229);
#7231=IFCPRESENTATIONSTYLEASSIGNMENT((#7230));
#7232=IFCSTYLEDITEM(#7228,(#7231),$);
#7233=IFCCARTESIANPOINT((20378.785745378937,22956.37192030979,0.));
#7234=IFCCARTESIANPOINT((20378.785745378857,-27555.113901698718,0.));
#7235=IFCPOLYLINE((#7233,#7234));
#7236=IFCGRIDAXIS('18',#7235,.T.);
#7237=IFCGEOMETRICCURVESET((#7235));
#7238=IFCCOLOURRGB($,0.,0.,0.);
#7239=IFCCURVESTYLE($,$,$,#7238);
#7240=IFCPRESENTATIONSTYLEASSIGNMENT((#7239));
#7241=IFCSTYLEDITEM(#7237,(#7240),$);
#7242=IFCCARTESIANPOINT((23578.785745378937,22956.37192030979,0.));
#7243=IFCCARTESIANPOINT((23578.785745378857,-27555.113901698725,0.));
#7244=IFCPOLYLINE((#7242,#7243));
#7245=IFCGRIDAXIS('19',#7244,.T.);
#7246=IFCGEOMETRICCURVESET((#7244));
#7247=IFCCOLOURRGB($,0.,0.,0.);
#7248=IFCCURVESTYLE($,$,$,#7247);
#7249=IFCPRESENTATIONSTYLEASSIGNMENT((#7248));
#7250=IFCSTYLEDITEM(#7246,(#7249),$);
#7251=IFCCARTESIANPOINT((26778.785745378947,22956.371920309775,0.));
#7252=IFCCARTESIANPOINT((26778.785745378864,-27555.113901698736,0.));
#7253=IFCPOLYLINE((#7251,#7252));
#7254=IFCGRIDAXIS('20',#7253,.T.);
#7255=IFCGEOMETRICCURVESET((#7253));
#7256=IFCCOLOURRGB($,0.,0.,0.);
#7257=IFCCURVESTYLE($,$,$,#7256);
#7258=IFCPRESENTATIONSTYLEASSIGNMENT((#7257));
#7259=IFCSTYLEDITEM(#7255,(#7258),$);
#7260=IFCCARTESIANPOINT((29978.785745378947,22956.371920309757,0.));
#7261=IFCCARTESIANPOINT((29978.785745378864,-27555.113901698736,0.));
#7262=IFCPOLYLINE((#7260,#7261));
#7263=IFCGRIDAXIS('21',#7262,.T.);
#7264=IFCGEOMETRICCURVESET((#7262));
#7265=IFCCOLOURRGB($,0.,0.,0.);
#7266=IFCCURVESTYLE($,$,$,#7265);
#7267=IFCPRESENTATIONSTYLEASSIGNMENT((#7266));
#7268=IFCSTYLEDITEM(#7264,(#7267),$);
#7269=IFCCARTESIANPOINT((-36307.760368724288,20141.361329759766,0.));
#7270=IFCCARTESIANPOINT((32777.906476595817,20141.361329759544,0.));
#7271=IFCPOLYLINE((#7269,#7270));
#7272=IFCGRIDAXIS('A',#7271,.T.);
#7273=IFCGEOMETRICCURVESET((#7271));
#7274=IFCCOLOURRGB($,0.,0.,0.);
#7275=IFCCURVESTYLE($,$,$,#7274);
#7276=IFCPRESENTATIONSTYLEASSIGNMENT((#7275));
#7277=IFCSTYLEDITEM(#7273,(#7276),$);
#7278=IFCCARTESIANPOINT((-36307.760368724303,14561.361329759768,0.));
#7279=IFCCARTESIANPOINT((32777.906476595803,14561.361329759544,0.));
#7280=IFCPOLYLINE((#7278,#7279));
#7281=IFCGRIDAXIS('B',#7280,.T.);
#7282=IFCGEOMETRICCURVESET((#7280));
#7283=IFCCOLOURRGB($,0.,0.,0.);
#7284=IFCCURVESTYLE($,$,$,#7283);
#7285=IFCPRESENTATIONSTYLEASSIGNMENT((#7284));
#7286=IFCSTYLEDITEM(#7282,(#7285),$);
#7287=IFCCARTESIANPOINT((-36307.760368724317,11361.361329759768,0.));
#7288=IFCCARTESIANPOINT((32777.906476595796,11361.361329759544,0.));
#7289=IFCPOLYLINE((#7287,#7288));
#7290=IFCGRIDAXIS('C',#7289,.T.);
#7291=IFCGEOMETRICCURVESET((#7289));
#7292=IFCCOLOURRGB($,0.,0.,0.);
#7293=IFCCURVESTYLE($,$,$,#7292);
#7294=IFCPRESENTATIONSTYLEASSIGNMENT((#7293));
#7295=IFCSTYLEDITEM(#7291,(#7294),$);
#7296=IFCCARTESIANPOINT((-36307.760368724325,8161.3613297597676,0.));
#7297=IFCCARTESIANPOINT((32777.906476595781,8161.3613297595439,0.));
#7298=IFCPOLYLINE((#7296,#7297));
#7299=IFCGRIDAXIS('D',#7298,.T.);
#7300=IFCGEOMETRICCURVESET((#7298));
#7301=IFCCOLOURRGB($,0.,0.,0.);
#7302=IFCCURVESTYLE($,$,$,#7301);
#7303=IFCPRESENTATIONSTYLEASSIGNMENT((#7302));
#7304=IFCSTYLEDITEM(#7300,(#7303),$);
#7305=IFCCARTESIANPOINT((-36307.760368724325,4961.3613297597667,0.));
#7306=IFCCARTESIANPOINT((32777.906476595759,4961.3613297595439,0.));
#7307=IFCPOLYLINE((#7305,#7306));
#7308=IFCGRIDAXIS('E',#7307,.T.);
#7309=IFCGEOMETRICCURVESET((#7307));
#7310=IFCCOLOURRGB($,0.,0.,0.);
#7311=IFCCURVESTYLE($,$,$,#7310);
#7312=IFCPRESENTATIONSTYLEASSIGNMENT((#7311));
#7313=IFCSTYLEDITEM(#7309,(#7312),$);
#7314=IFCCARTESIANPOINT((-36307.760368724332,1761.3613297597669,0.));
#7315=IFCCARTESIANPOINT((32777.906476595759,1761.3613297595443,0.));
#7316=IFCPOLYLINE((#7314,#7315));
#7317=IFCGRIDAXIS('F',#7316,.T.);
#7318=IFCGEOMETRICCURVESET((#7316));
#7319=IFCCOLOURRGB($,0.,0.,0.);
#7320=IFCCURVESTYLE($,$,$,#7319);
#7321=IFCPRESENTATIONSTYLEASSIGNMENT((#7320));
#7322=IFCSTYLEDITEM(#7318,(#7321),$);
#7323=IFCCARTESIANPOINT((-36307.760368724332,-1438.638670240234,0.));
#7324=IFCCARTESIANPOINT((32777.906476595752,-1438.6386702404563,0.));
#7325=IFCPOLYLINE((#7323,#7324));
#7326=IFCGRIDAXIS('G',#7325,.T.);
#7327=IFCGEOMETRICCURVESET((#7325));
#7328=IFCCOLOURRGB($,0.,0.,0.);
#7329=IFCCURVESTYLE($,$,$,#7328);
#7330=IFCPRESENTATIONSTYLEASSIGNMENT((#7329));
#7331=IFCSTYLEDITEM(#7327,(#7330),$);
#7332=IFCCARTESIANPOINT((-36307.760368724339,-4638.6386702402342,0.));
#7333=IFCCARTESIANPOINT((32777.906476595737,-4638.638670240457,0.));
#7334=IFCPOLYLINE((#7332,#7333));
#7335=IFCGRIDAXIS('H',#7334,.T.);
#7336=IFCGEOMETRICCURVESET((#7334));
#7337=IFCCOLOURRGB($,0.,0.,0.);
#7338=IFCCURVESTYLE($,$,$,#7337);
#7339=IFCPRESENTATIONSTYLEASSIGNMENT((#7338));
#7340=IFCSTYLEDITEM(#7336,(#7339),$);
#7341=IFCCARTESIANPOINT((-36307.760368724346,-7838.638670240236,0.));
#7342=IFCCARTESIANPOINT((32777.906476595716,-7838.6386702404589,0.));
#7343=IFCPOLYLINE((#7341,#7342));
#7344=IFCGRIDAXIS('J',#7343,.T.);
#7345=IFCGEOMETRICCURVESET((#7343));
#7346=IFCCOLOURRGB($,0.,0.,0.);
#7347=IFCCURVESTYLE($,$,$,#7346);
#7348=IFCPRESENTATIONSTYLEASSIGNMENT((#7347));
#7349=IFCSTYLEDITEM(#7345,(#7348),$);
#7350=IFCCARTESIANPOINT((-36307.760368724346,-11038.638670240236,0.));
#7351=IFCCARTESIANPOINT((32777.906476595716,-11038.63867024046,0.));
#7352=IFCPOLYLINE((#7350,#7351));
#7353=IFCGRIDAXIS('K',#7352,.T.);
#7354=IFCGEOMETRICCURVESET((#7352));
#7355=IFCCOLOURRGB($,0.,0.,0.);
#7356=IFCCURVESTYLE($,$,$,#7355);
#7357=IFCPRESENTATIONSTYLEASSIGNMENT((#7356));
#7358=IFCSTYLEDITEM(#7354,(#7357),$);
#7359=IFCCARTESIANPOINT((-36307.760368724354,-14238.638670240236,0.));
#7360=IFCCARTESIANPOINT((32777.906476595701,-14238.63867024046,0.));
#7361=IFCPOLYLINE((#7359,#7360));
#7362=IFCGRIDAXIS('L',#7361,.T.);
#7363=IFCGEOMETRICCURVESET((#7361));
#7364=IFCCOLOURRGB($,0.,0.,0.);
#7365=IFCCURVESTYLE($,$,$,#7364);
#7366=IFCPRESENTATIONSTYLEASSIGNMENT((#7365));
#7367=IFCSTYLEDITEM(#7363,(#7366),$);
#7368=IFCCARTESIANPOINT((-36307.760368724354,-17438.638670240231,0.));
#7369=IFCCARTESIANPOINT((32777.906476595686,-17438.638670240456,0.));
#7370=IFCPOLYLINE((#7368,#7369));
#7371=IFCGRIDAXIS('M',#7370,.T.);
#7372=IFCGEOMETRICCURVESET((#7370));
#7373=IFCCOLOURRGB($,0.,0.,0.);
#7374=IFCCURVESTYLE($,$,$,#7373);
#7375=IFCPRESENTATIONSTYLEASSIGNMENT((#7374));
#7376=IFCSTYLEDITEM(#7372,(#7375),$);
#7377=IFCCARTESIANPOINT((-36307.760368724368,-23438.638670240234,0.));
#7378=IFCCARTESIANPOINT((32777.906476595672,-23438.638670240452,0.));
#7379=IFCPOLYLINE((#7377,#7378));
#7380=IFCGRIDAXIS('O',#7379,.T.);
#7381=IFCGEOMETRICCURVESET((#7379));
#7382=IFCCOLOURRGB($,0.,0.,0.);
#7383=IFCCURVESTYLE($,$,$,#7382);
#7384=IFCPRESENTATIONSTYLEASSIGNMENT((#7383));
#7385=IFCSTYLEDITEM(#7381,(#7384),$);
#7386=IFCCARTESIANPOINT((-36307.760368724361,-20638.638670240234,0.));
#7387=IFCCARTESIANPOINT((32777.906476595686,-20638.638670240452,0.));
#7388=IFCPOLYLINE((#7386,#7387));
#7389=IFCGRIDAXIS('N',#7388,.T.);
#7390=IFCGEOMETRICCURVESET((#7388));
#7391=IFCCOLOURRGB($,0.,0.,0.);
#7392=IFCCURVESTYLE($,$,$,#7391);
#7393=IFCPRESENTATIONSTYLEASSIGNMENT((#7392));
#7394=IFCSTYLEDITEM(#7390,(#7393),$);
#7395=IFCSHAPEREPRESENTATION(#17,'FootPrint','GeometricCurveSet',(#7084,#7093,#7102,#7111,#7120,#7129,#7138,#7147,#7156,#7165,#7174,#7183,#7192,#7201,#7210,#7219,#7228,#7237,#7246,#7255,#7264,#7273,#7282,#7291,#7300,#7309,#7318,#7327,#7336,#7345,#7354,#7363,#7372,#7381,#7390));
#7396=IFCPRODUCTDEFINITIONSHAPE($,$,(#7395));
#7397=IFCLOCALPLACEMENT(#21,#31);
#7398=IFCGRID('3C2eOl_QSfSvAvGjTD0uQ6',#6,'Default Grid',$,$,#7397,#7396,(#7083,#7092,#7101,#7110,#7119,#7128,#7137,#7146,#7155,#7164,#7173,#7182,#7191,#7200,#7209,#7218,#7227,#7236,#7245,#7254,#7263),(#7272,#7281,#7290,#7299,#7308,#7317,#7326,#7335,#7344,#7353,#7362,#7371,#7380,#7389),$);
#7399=IFCPROPERTYSINGLEVALUE('Name',$,IFCLABEL('T.O. Fnd. Wall'),$);
#7400=IFCPROPERTYSET('2jJRemslLAeV7jU7mpr7EN',#6,'Pset_AirSideSystemInformation',$,(#7399));
#7401=IFCPROPERTYSINGLEVALUE('AboveGround',$,IFCLOGICAL(.U.),$);
#7402=IFCPROPERTYSET('0Gl6dUtHKnpOF8Zz_BPjFO',#6,'Pset_BuildingStoreyCommon',$,(#7401));
#7403=IFCPROPERTYSINGLEVALUE('Name',$,IFCLABEL('T.O. Fnd. Wall'),$);
#7404=IFCPROPERTYSET('1j4gr5fWe_NYZI1TE5ByZm',#6,'Pset_ProductRequirements',$,(#7403));
#7405=IFCRELDEFINESBYPROPERTIES('333P4kjLmKp$nJteAVR2lw',#6,$,$,(#26),#7400);
#7406=IFCRELDEFINESBYPROPERTIES('15ozVdzUAJqLlcUHcyLPdI',#6,$,$,(#26),#7402);
#7407=IFCRELDEFINESBYPROPERTIES('3OPpImzjasfzxfq7yyqX0Z',#6,$,$,(#26),#7404);
#7408=IFCRELCONTAINEDINSPATIALSTRUCTURE('2qYKvFEvH4cPghyPJWjrjp',#6,$,$,(#6760),#26);
#7409=IFCPROPERTYSINGLEVALUE('Name',$,IFCLABEL('Level 1'),$);
#7410=IFCPROPERTYSET('1WYbX97VSD8CA2aNMA7uNJ',#6,'Pset_AirSideSystemInformation',$,(#7409));
#7411=IFCPROPERTYSET('2Y2$w597eytuPG98dNqKgq',#6,'Pset_BuildingStoreyCommon',$,(#7401));
#7412=IFCPROPERTYSINGLEVALUE('Name',$,IFCLABEL('Level 1'),$);
#7413=IFCPROPERTYSET('12aVhHq0oYN_R8MfgPdJgr',#6,'Pset_ProductRequirements',$,(#7412));
#7414=IFCRELDEFINESBYPROPERTIES('17txLZKEojc6ODU4ShCkYP',#6,$,$,(#29),#7410);
#7415=IFCRELDEFINESBYPROPERTIES('0tx_O3nqhzh2RGx7v_Zkw8',#6,$,$,(#29),#7411);
#7416=IFCRELDEFINESBYPROPERTIES('3FTvFIkzEWv5P_b2EkDv32',#6,$,$,(#29),#7413);
#7417=IFCRELCONTAINEDINSPATIALSTRUCTURE('3Aw$FV5MbAufEo59tkoNgA',#6,$,$,(#64,#105,#125,#145,#165,#185,#205,#225,#252,#272,#292,#312,#332,#352,#372,#392,#412,#432,#452,#472,#492,#512,#532,#552,#572,#592,#612,#632,#652,#672,#692,#712,#732,#752,#772,#792,#812,#832,#852,#872,#892,#912,#932,#952,#972,#992,#1012,#1032,#1052,#1072,#1092,#1112,#1132,#1152,#1172,#1192,#1212,#1232,#1252,#1272,#1292,#1312,#1332,#1352,#1372,#1392,#1412,#1432,#1452,#1472,#1492,#1512,#1532,#1552,#1572,#1592,#1612,#1632,#1652,#1672,#1692,#1712,#1749,#1776,#1792,#1806,#1820,#1834,#1848,#1862,#1876,#1890,#1904,#1918,#1932,#1946,#1960,#1974,#1988,#2002,#2016,#2030,#2055,#2071,#2085,#2099,#2113,#2127,#2141,#2155,#2169,#2183,#2197,#2211,#2225,#2239,#2253,#2278,#2305,#2321,#2335,#2349,#2374,#2390,#2404,#2418,#2432,#2446,#2460,#2474,#2488,#2502,#2516,#2530,#2555,#2581,#2597,#2611,#2625,#2639,#2653,#2667,#2681,#2695,#2709,#2723,#2737,#2751,#2765,#2779,#2793,#2807,#2821,#2835,#2860,#2876,#2890,#2904,#2918,#2932,#2946,#2960,#2974,#2988,#3002,#3016,#3030,#3055,#3071,#3085,#3099,#3124,#3140,#3154,#3168,#6244,#6275,#6298,#6321,#6344,#6364,#6387,#6410,#7079),#29);
#7418=IFCPROPERTYSINGLEVALUE('Name',$,IFCLABEL('Level 2'),$);
#7419=IFCPROPERTYSET('0rMYcjJAVWoDhEql9My77U',#6,'Pset_AirSideSystemInformation',$,(#7418));
#7420=IFCPROPERTYSET('151Ln0Fjb92Z3sCKU6wotL',#6,'Pset_BuildingStoreyCommon',$,(#7401));
#7421=IFCPROPERTYSINGLEVALUE('Name',$,IFCLABEL('Level 2'),$);
#7422=IFCPROPERTYSET('1kd_eMpxKgnE6MmUT$dj0R',#6,'Pset_ProductRequirements',$,(#7421));
#7423=IFCRELDEFINESBYPROPERTIES('0ODiAQX6_ZPmsEzhyUPavu',#6,$,$,(#33),#7419);
#7424=IFCRELDEFINESBYPROPERTIES('3iRLjTf7fAvUvgRj26q3nU',#6,$,$,(#33),#7420);
#7425=IFCRELDEFINESBYPROPERTIES('03PvYYiEHf8wBPx4TSkEU5',#6,$,$,(#33),#7422);
#7426=IFCRELCONTAINEDINSPATIALSTRUCTURE('3kSL0VGKv3gxJCujiqtuJj',#6,$,$,(#3197,#3230,#3253,#3275,#3297,#3319,#3341,#3363,#3385,#3407,#3429,#3451,#3473,#3495,#3517,#3539,#3561,#3583,#3605,#3627,#3649,#3672,#3695,#3718,#3741,#3763,#3785,#3807,#3829,#3852,#3875,#3898,#3921,#3944,#3967,#3990,#4013,#4036,#4059,#4082,#4105,#4127,#4149,#4171,#4193,#4215,#4237,#4259,#4281,#4303,#4325,#4347,#4369,#4391,#4413,#4435,#4457,#4487,#4539,#4565,#4580,#4594,#4608,#4622,#4636,#4650,#4664,#4678,#4692,#4706,#4720,#4734,#4748,#4762,#4776,#4790,#4804,#4818,#4843,#4858,#4872,#4886,#4900,#4914,#4928,#4942,#4956,#4970,#4984,#4998,#5012,#5026,#5040,#5065,#5091,#5106,#5120,#5134,#5148,#5162,#5176,#5190,#5204,#5218,#5232,#5246,#5260,#5274,#5288,#5302,#5316,#5330,#5344,#5369,#5384,#5398,#5412,#5426,#5440,#5454,#5468,#5482,#5496,#5510,#5524,#5538,#5563,#5578,#5592,#5606,#5631,#5646,#5660,#5685,#5701,#5715,#5729,#5743,#5757,#5771,#5785,#5799,#5813,#5827,#5841,#5855,#5869,#5883,#5897,#5911,#5925,#5939,#5953,#6165,#6179,#6193,#6207,#6221,#6433,#7398),#33);
#7427=IFCPROPERTYSINGLEVALUE('Name',$,IFCLABEL('Level 3'),$);
#7428=IFCPROPERTYSET('1M8heYQRXtWMNR6JUsgIeC',#6,'Pset_AirSideSystemInformation',$,(#7427));
#7429=IFCPROPERTYSET('3Hr87O2pjwEwkiQmsx0J_7',#6,'Pset_BuildingStoreyCommon',$,(#7401));
#7430=IFCPROPERTYSINGLEVALUE('Name',$,IFCLABEL('Level 3'),$);
#7431=IFCPROPERTYSET('2Vs4T86qpCKoCi2rawWQ7B',#6,'Pset_ProductRequirements',$,(#7430));
#7432=IFCRELDEFINESBYPROPERTIES('1aAJJ2oEJdYwt$JlXuYIdY',#6,$,$,(#37),#7428);
#7433=IFCRELDEFINESBYPROPERTIES('08mzof0xjwHWXEYFZB0Ms0',#6,$,$,(#37),#7429);
#7434=IFCRELDEFINESBYPROPERTIES('02AN8dYqDwp0RULDArkwfI',#6,$,$,(#37),#7431);
#7435=IFCRELCONTAINEDINSPATIALSTRUCTURE('3Jcm064Vn2iOWhSWxAdvQ5',#6,$,$,(#5975,#5997,#6019,#6041,#6063,#6085,#6107,#6129,#6151),#37);
#7436=IFCRELAGGREGATES('1CSXO3Y2OdkY_w1Y_PUUC8',#6,$,$,#18,(#40));
#7437=IFCRELAGGREGATES('2dGYp3KKCXcFnmbKFLgjc4',#6,$,$,#40,(#22));
#7438=IFCRELAGGREGATES('0bEVwXRmbBleAvzFSJirAn',#6,$,$,#22,(#26,#29,#33,#37));
#7439=IFCPROPERTYSINGLEVALUE('NumberOfStoreys',$,IFCINTEGER(4),$);
#7440=IFCPROPERTYSINGLEVALUE('IsLandmarked',$,IFCLOGICAL(.U.),$);
#7441=IFCPROPERTYSET('2fRYFSMkAVH8y9Al5k6NJR',#6,'Pset_BuildingCommon',$,(#7439,#7440));
#7442=IFCRELDEFINESBYPROPERTIES('1ZFSi1ZB3I46_zv2K4RQKi',#6,$,$,(#22),#7441);
#7443=IFCRELASSOCIATESMATERIAL('1OviP8YcDF2WREkXaargCo',#6,$,$,(#64),#73);
#7444=IFCRELASSOCIATESMATERIAL('06MAFu1G6RY3t2xi1tnKdr',#6,$,$,(#105),#106);
#7445=IFCRELASSOCIATESMATERIAL('2pYlvvN$Dgwtm4ejkCPw9z',#6,$,$,(#125),#126);
#7446=IFCRELASSOCIATESMATERIAL('31qsFq8Taqh8MpFv8DmfQC',#6,$,$,(#145),#146);
#7447=IFCRELASSOCIATESMATERIAL('1JEpnh0eurHIDveej0BQ_2',#6,$,$,(#165),#166);
#7448=IFCRELASSOCIATESMATERIAL('3UlWt_V3QTune$zg2RIG2n',#6,$,$,(#185),#186);
#7449=IFCRELASSOCIATESMATERIAL('3is3y1wIXd8Zl5aOUy7ICW',#6,$,$,(#205),#206);
#7450=IFCRELASSOCIATESMATERIAL('1Jp6CY2B2D4z78pNna$3xK',#6,$,$,(#225),#226);
#7451=IFCRELASSOCIATESMATERIAL('0CdMrPWn1gDsqfCMWyUWWR',#6,$,$,(#252),#253);
#7452=IFCRELASSOCIATESMATERIAL('1mxRvDaLxMSDYdZJfvcNxX',#6,$,$,(#272),#273);
#7453=IFCRELASSOCIATESMATERIAL('2ki0Rm7eJq1X6lLzAYapX2',#6,$,$,(#292),#293);
#7454=IFCRELASSOCIATESMATERIAL('3z0jTzn1CzZkfIrvWlFpPw',#6,$,$,(#312),#313);
#7455=IFCRELASSOCIATESMATERIAL('2LUHnQyhutzj_dSAixJy5J',#6,$,$,(#332),#333);
#7456=IFCRELASSOCIATESMATERIAL('2E0YpKEpdabZ4R2ZM7fi4x',#6,$,$,(#352),#353);
#7457=IFCRELASSOCIATESMATERIAL('3BOmLmQDbsjvPBdX9kbtJT',#6,$,$,(#372),#373);
#7458=IFCRELASSOCIATESMATERIAL('33sQnqG7Ecn7tp3WzX4N$E',#6,$,$,(#392),#393);
#7459=IFCRELASSOCIATESMATERIAL('2D_6WYOx92$p5wt30ghBgl',#6,$,$,(#412),#413);
#7460=IFCRELASSOCIATESMATERIAL('2lKvBeFF$BDh69h$2Voh__',#6,$,$,(#432),#433);
#7461=IFCRELASSOCIATESMATERIAL('1iUMn8DqonkvYOyrfudX4f',#6,$,$,(#452),#453);
#7462=IFCRELASSOCIATESMATERIAL('3ykQFZWAbk$t2JDyY8qvEG',#6,$,$,(#472),#473);
#7463=IFCRELASSOCIATESMATERIAL('2vprE3iMjYSl79rhc3RodD',#6,$,$,(#492),#493);
#7464=IFCRELASSOCIATESMATERIAL('1kDyxHdfM163fi2CX$C5Hz',#6,$,$,(#512),#513);
#7465=IFCRELASSOCIATESMATERIAL('0$cv$1qGMP4ENwmuczOdHm',#6,$,$,(#532),#533);
#7466=IFCRELASSOCIATESMATERIAL('38qz$Las$evFoZUvF2XC$s',#6,$,$,(#552),#553);
#7467=IFCRELASSOCIATESMATERIAL('2N7phc2or6e67n7y5ZGh9R',#6,$,$,(#572),#573);
#7468=IFCRELASSOCIATESMATERIAL('0u9cpAtjdrnAEFLl1cGzTI',#6,$,$,(#592),#593);
#7469=IFCRELASSOCIATESMATERIAL('0SahdP8LNIx24YffmwSdAq',#6,$,$,(#612),#613);
#7470=IFCRELASSOCIATESMATERIAL('0pOIARtSyWM0qK3ExLouO4',#6,$,$,(#632),#633);
#7471=IFCRELASSOCIATESMATERIAL('3pVCTn9dcY0RFeegskeptu',#6,$,$,(#652),#653);
#7472=IFCRELASSOCIATESMATERIAL('3x$Fn3PBrmOYKu8owBaG06',#6,$,$,(#672),#673);
#7473=IFCRELASSOCIATESMATERIAL('3zh4FT7RalOQw2C4dBcwYl',#6,$,$,(#692),#693);
#7474=IFCRELASSOCIATESMATERIAL('0ADXTAz3IZyMKmNoj4n1wV',#6,$,$,(#712),#713);
#7475=IFCRELASSOCIATESMATERIAL('3F7t2OvOIpIIXHiAaeWrv5',#6,$,$,(#732),#733);
#7476=IFCRELASSOCIATESMATERIAL('1GjEE4Z4RhSEp3J7VnEckT',#6,$,$,(#752),#753);
#7477=IFCRELASSOCIATESMATERIAL('2gItpQ$RrUV_IN57nAN5p1',#6,$,$,(#772),#773);
#7478=IFCRELASSOCIATESMATERIAL('0d531zz$bO7oBXyKDNMHmD',#6,$,$,(#792),#793);
#7479=IFCRELASSOCIATESMATERIAL('32Hyaghl8EEupro076phII',#6,$,$,(#812),#813);
#7480=IFCRELASSOCIATESMATERIAL('32MOhz6DPLM7iT_s1dsL9y',#6,$,$,(#832),#833);
#7481=IFCRELASSOCIATESMATERIAL('1buhqqABOeB6DSsIuGbvPT',#6,$,$,(#852),#853);
#7482=IFCRELASSOCIATESMATERIAL('1R5GiY08EASxqNuEtje1AL',#6,$,$,(#872),#873);
#7483=IFCRELASSOCIATESMATERIAL('2TKEFR0JVbrbpVdNrzNzUa',#6,$,$,(#892),#893);
#7484=IFCRELASSOCIATESMATERIAL('0xab3IZF7yu2WFePBzoj4j',#6,$,$,(#912),#913);
#7485=IFCRELASSOCIATESMATERIAL('3Wu2xTGfAe1T_IkzvsTtFY',#6,$,$,(#932),#933);
#7486=IFCRELASSOCIATESMATERIAL('152St5i8Iy95BKLGGjNYI3',#6,$,$,(#952),#953);
#7487=IFCRELASSOCIATESMATERIAL('2t3Or5CiiJnsW4dUDKCilS',#6,$,$,(#972),#973);
#7488=IFCRELASSOCIATESMATERIAL('2o43eowwvq5f2V_31BMOhc',#6,$,$,(#992),#993);
#7489=IFCRELASSOCIATESMATERIAL('0BIXZn6JU5SA5T$EafyNEJ',#6,$,$,(#1012),#1013);
#7490=IFCRELASSOCIATESMATERIAL('2ROvOsYOQo6negJxhw0tCw',#6,$,$,(#1032),#1033);
#7491=IFCRELASSOCIATESMATERIAL('2lJlsn25fm7gysof66cdjz',#6,$,$,(#1052),#1053);
#7492=IFCRELASSOCIATESMATERIAL('3xuRgWMwMwuUwZofcR850s',#6,$,$,(#1072),#1073);
#7493=IFCRELASSOCIATESMATERIAL('3w23_9onBHvmUrnyO25Vkr',#6,$,$,(#1092),#1093);
#7494=IFCRELASSOCIATESMATERIAL('2blcD7C7_8GpvqSfZJVmom',#6,$,$,(#1112),#1113);
#7495=IFCRELASSOCIATESMATERIAL('2V$qktYYyYGU9TAblTZJEZ',#6,$,$,(#1132),#1133);
#7496=IFCRELASSOCIATESMATERIAL('2qjaSU7a2iETPwifVOG1hS',#6,$,$,(#1152),#1153);
#7497=IFCRELASSOCIATESMATERIAL('0n0jV2SWE6R3krtFuAhkh$',#6,$,$,(#1172),#1173);
#7498=IFCRELASSOCIATESMATERIAL('0d1pGS24yS6eiU2l1JbUVs',#6,$,$,(#1192),#1193);
#7499=IFCRELASSOCIATESMATERIAL('0mSawIIr4XirbSUmK4_0vl',#6,$,$,(#1212),#1213);
#7500=IFCRELASSOCIATESMATERIAL('3pz1J61ou8r2UTSNYq5qzf',#6,$,$,(#1232),#1233);
#7501=IFCRELASSOCIATESMATERIAL('0P3DUlvM7pm167CS8bxmHv',#6,$,$,(#1252),#1253);
#7502=IFCRELASSOCIATESMATERIAL('3uWP$oBHJX2rKv$z3wAHGj',#6,$,$,(#1272),#1273);
#7503=IFCRELASSOCIATESMATERIAL('0jNZYtU2lCOBXzXPMFq_S5',#6,$,$,(#1292),#1293);
#7504=IFCRELASSOCIATESMATERIAL('2X4eo$44vmT0DqfS_JWWRy',#6,$,$,(#1312),#1313);
#7505=IFCRELASSOCIATESMATERIAL('0gPJcHvMe$Wyz5cjf$3nSM',#6,$,$,(#1332),#1333);
#7506=IFCRELASSOCIATESMATERIAL('1eNPCxgsrjnTjLhNdgTZmH',#6,$,$,(#1352),#1353);
#7507=IFCRELASSOCIATESMATERIAL('3G6cwdDoct1pTOhq2E5Vhq',#6,$,$,(#1372),#1373);
#7508=IFCRELASSOCIATESMATERIAL('3BTQmeWRuzuZ07Ff7ahAP5',#6,$,$,(#1392),#1393);
#7509=IFCRELASSOCIATESMATERIAL('2V0gEq$8tWMBZdTh02W61d',#6,$,$,(#1412),#1413);
#7510=IFCRELASSOCIATESMATERIAL('2f4QL83dBoSgJckjlCNsqs',#6,$,$,(#1432),#1433);
#7511=IFCRELASSOCIATESMATERIAL('0cdJzOav38yhJyb4Owl$is',#6,$,$,(#1452),#1453);
#7512=IFCRELASSOCIATESMATERIAL('3xWl8wv10rTnUJwoXLQTse',#6,$,$,(#1472),#1473);
#7513=IFCRELASSOCIATESMATERIAL('1aHYBLxuvTXO1C3GtLgIaP',#6,$,$,(#1492),#1493);
#7514=IFCRELASSOCIATESMATERIAL('0XcW3lVUUcBLUvwAqaOM1L',#6,$,$,(#1512),#1513);
#7515=IFCRELASSOCIATESMATERIAL('0EUVJZXcEgd4Av1CuHKPxV',#6,$,$,(#1532),#1533);
#7516=IFCRELASSOCIATESMATERIAL('229elBYpu7jvToGvGRcvAh',#6,$,$,(#1552),#1553);
#7517=IFCRELASSOCIATESMATERIAL('1d_bgZ1d2M9YB103vxW7xj',#6,$,$,(#1572),#1573);
#7518=IFCRELASSOCIATESMATERIAL('2zDM1Cos2uuI8lXS$NLhch',#6,$,$,(#1592),#1593);
#7519=IFCRELASSOCIATESMATERIAL('1ZytaZLYx91s_xRbNANF01',#6,$,$,(#1612),#1613);
#7520=IFCRELASSOCIATESMATERIAL('3Eyn35Zn20EqbOVfBoozfn',#6,$,$,(#1632),#1633);
#7521=IFCRELASSOCIATESMATERIAL('3GSVqnbP9wi1BgsvC8RRpY',#6,$,$,(#1652),#1653);
#7522=IFCRELASSOCIATESMATERIAL('1DjoHwJ39a8sn26IXDJ$o1',#6,$,$,(#1672),#1673);
#7523=IFCRELASSOCIATESMATERIAL('24wOdURPQe0ucf61Kdc94_',#6,$,$,(#1692),#1693);
#7524=IFCRELASSOCIATESMATERIAL('3SnLAzgMJ5REVyNBMjFdC8',#6,$,$,(#1712),#1713);
#7525=IFCRELASSOCIATESMATERIAL('1vQza5I7O0VtytavaJhlSw',#6,$,$,(#4487),#4508);
#7526=IFCRELASSOCIATESMATERIAL('3szdS9cyF5zMEsKZOyg5QN',#6,$,$,(#6244),#6247);
#7527=IFCRELASSOCIATESMATERIAL('2hoR7ZNlTBjiOdsW_p3HlQ',#6,$,$,(#6275),#6276);
#7528=IFCRELASSOCIATESMATERIAL('1XhIU1v129Z2$q73zmsKF0',#6,$,$,(#6298),#6299);
#7529=IFCRELASSOCIATESMATERIAL('2Lb8ZJc$uX8IesAJf0BcX7',#6,$,$,(#6321),#6322);
#7530=IFCRELASSOCIATESMATERIAL('3htgRDM8qONvW1k3Zfucy5',#6,$,$,(#6344),#6345);
#7531=IFCRELASSOCIATESMATERIAL('0UVej_eOoeJOJ60IhMppZC',#6,$,$,(#6364),#6365);
#7532=IFCRELASSOCIATESMATERIAL('0lUJlqwd6_3eUY_BBkSc1U',#6,$,$,(#6387),#6388);
#7533=IFCRELASSOCIATESMATERIAL('3fLwq27ql6OLfgef1l19fa',#6,$,$,(#6410),#6411);
#7534=IFCRELASSOCIATESMATERIAL('3W9nOIdhwW5GChMYjBED60',#6,$,$,(#65),#72);
#7535=IFCRELASSOCIATESMATERIAL('0ENQjNxHbnEhUAT2BoRH7p',#6,$,$,(#1736,#1749,#1769,#1776,#1792,#1806,#1820,#1834,#1848,#1862,#1876,#1890,#1904,#1918,#1932,#1946,#1960,#1974,#1988,#2002,#2016,#2030,#2048,#2055,#2071,#2085,#2099,#2113,#2127,#2141,#2155,#2169,#2183,#2197,#2211,#2225,#2239,#2253,#2271,#2278,#2298,#2305,#2321,#2335,#2349,#2367,#2374,#2390,#2404,#2418,#2432,#2446,#2460,#2474,#2488,#2502,#2516,#2530,#2548,#2555,#2574,#2581,#2597,#2611,#2625,#2639,#2653,#2667,#2681,#2695,#2709,#2723,#2737,#2751,#2765,#2779,#2793,#2807,#2821,#2835,#2853,#2860,#2876,#2890,#2904,#2918,#2932,#2946,#2960,#2974,#2988,#3002,#3016,#3030,#3048,#3055,#3071,#3085,#3099,#3117,#3124,#3140,#3154,#3168,#4532,#4539,#4558,#4565,#4580,#4594,#4608,#4622,#4636,#4650,#4664,#4678,#4692,#4706,#4720,#4734,#4748,#4762,#4776,#4790,#4804,#4818,#4836,#4843,#4858,#4872,#4886,#4900,#4914,#4928,#4942,#4956,#4970,#4984,#4998,#5012,#5026,#5040,#5058,#5065,#5084,#5091,#5106,#5120,#5134,#5148,#5162,#5176,#5190,#5204,#5218,#5232,#5246,#5260,#5274,#5288,#5302,#5316,#5330,#5344,#5362,#5369,#5384,#5398,#5412,#5426,#5440,#5454,#5468,#5482,#5496,#5510,#5524,#5538,#5556,#5563,#5578,#5592,#5606,#5624,#5631,#5646,#5660,#5678,#5685,#5701,#5715,#5729,#5743,#5757,#5771,#5785,#5799,#5813,#5827,#5841,#5855,#5869,#5883,#5897,#5911,#5925,#5939,#5953,#6165,#6179,#6193,#6207,#6221),#1737);
#7536=IFCRELASSOCIATESMATERIAL('06G6JaNqeuKBOI3lTOenaS',#6,$,$,(#3197,#3852,#3875,#3898,#3921,#3944,#3967,#3990,#4013,#4036,#4059,#4082,#4105),#3199);
#7537=IFCRELASSOCIATESMATERIAL('2RXbNxn4mz3gm731_gpHxj',#6,$,$,(#4500),#4507);
#7538=IFCRELASSOCIATESMATERIAL('2x6KtDrjZTo8jiuqtxP8tv',#6,$,$,(#6248),#6246);
#7539=IFCRELDEFINESBYTYPE('16LMKJOzKmaOeGb9lg$w51',#6,$,$,(#64,#105,#125,#145,#165,#185,#205,#225,#252,#272,#292,#312,#332,#352,#372,#392,#412,#432,#452,#472,#492,#512,#532,#552,#572,#592,#612,#632,#652,#672,#692,#712,#732,#752,#772,#792,#812,#832,#852,#872,#892,#912,#932,#952,#972,#992,#1012,#1032,#1052,#1072,#1092,#1112,#1132,#1152,#1172,#1192,#1212,#1232,#1252,#1272,#1292,#1312,#1332,#1352,#1372,#1392,#1412,#1432,#1452,#1472,#1492,#1512,#1532,#1552,#1572,#1592,#1612,#1632,#1652,#1672,#1692,#1712,#6364),#65);
#7540=IFCRELDEFINESBYTYPE('069eWR4LMFjy1qopdCgZbs',#6,$,$,(#1749,#2030),#1736);
#7541=IFCRELDEFINESBYTYPE('0oiZVowH0v4L9RZc97iqNe',#6,$,$,(#1776,#1792,#1806,#1820,#1834,#1848,#1862,#1876,#1890,#1904,#1918,#1932,#1946,#1960,#1974,#1988,#2002,#2016,#3099),#1769);
#7542=IFCRELDEFINESBYTYPE('2RwH_9sy3pJZnPNNklZxCL',#6,$,$,(#2055,#2071,#2085,#2099,#2113,#2127,#2141,#2155,#2169,#2183,#2197,#2211,#2225,#2239,#2253),#2048);
#7543=IFCRELDEFINESBYTYPE('2Rpxz815fWBixbEShqA$Ku',#6,$,$,(#2278,#2321,#3168),#2271);
#7544=IFCRELDEFINESBYTYPE('1GDN6$08mINDMigbOrgy96',#6,$,$,(#2305,#2335,#2349),#2298);
#7545=IFCRELDEFINESBYTYPE('23cUi2KRBj778fTZzmyQXh',#6,$,$,(#2374,#2390,#2404,#2418,#2432,#2446,#2460,#2474,#2488,#2502,#2516,#2530,#2876,#2890,#2904,#2918,#2932,#2946,#2960,#2974,#2988,#3002,#3016,#3030,#3154),#2367);
#7546=IFCRELDEFINESBYTYPE('3ubKplVVJRPfVAP30C7GXc',#6,$,$,(#2555),#2548);
#7547=IFCRELDEFINESBYTYPE('0ocC4O7CUTRaKyLbv$zOzP',#6,$,$,(#2581,#2597,#2611,#2625,#2639,#2653,#2667,#2681,#2695,#2709,#2723,#2737,#2751,#2765,#2779,#2793,#2807,#2821,#2835),#2574);
#7548=IFCRELDEFINESBYTYPE('1v$6SUvmm4XpFN8SAcnwrQ',#6,$,$,(#2860),#2853);
#7549=IFCRELDEFINESBYTYPE('3wl2KKjlHHJiMhMpgSx2bl',#6,$,$,(#3055,#3071,#3085,#3140),#3048);
#7550=IFCRELDEFINESBYTYPE('0w6_5EuUkCLMxDwiwYoZx9',#6,$,$,(#3124),#3117);
#7551=IFCRELDEFINESBYTYPE('1ksdk93sje5283l1Rin8Gd',#6,$,$,(#3197,#3230,#3253,#3275,#3297,#3319,#3341,#3363,#3385,#3407,#3429,#3451,#3473,#3495,#3517,#3539,#3561,#3583,#3605,#3627,#3649,#3672,#3695,#3718,#3741,#3763,#3785,#3807,#3829,#3852,#3875,#3898,#3921,#3944,#3967,#3990,#4013,#4036,#4059,#4082,#4105,#4127,#4149,#4171,#4193,#4215,#4237,#4259,#4281,#4303,#4325,#4347,#4369,#4391,#4413,#4435,#4457,#5975,#5997,#6019,#6041,#6063,#6085,#6107,#6129,#6151,#6433),#3198);
#7552=IFCRELDEFINESBYTYPE('1HpLK5$Df2bTlX0HuVaxMi',#6,$,$,(#4487),#4500);
#7553=IFCRELDEFINESBYTYPE('2ZehUTcplGfPrbM1K6OikP',#6,$,$,(#4539,#4818),#4532);
#7554=IFCRELDEFINESBYTYPE('0O2pMA6my5lR4OMMJPERBb',#6,$,$,(#4565,#4580,#4594,#4608,#4622,#4636,#4650,#4664,#4678,#4692,#4706,#4720,#4734,#4748,#4762,#4776,#4790,#4804,#5606),#4558);
#7555=IFCRELDEFINESBYTYPE('1Xzvc_UJMBBYqgCH32FqWa',#6,$,$,(#4843,#4858,#4872,#4886,#4900,#4914,#4928,#4942,#4956,#4970,#4984,#4998,#5012,#5026,#5040,#5384,#5398,#5412,#5426,#5440,#5454,#5468,#5482,#5496,#5510,#5524,#5538,#5660,#6165,#6179,#6193,#6207,#6221),#4836);
#7556=IFCRELDEFINESBYTYPE('0FmnH3ysBUZJrz_TCAoRJ1',#6,$,$,(#5065),#5058);
#7557=IFCRELDEFINESBYTYPE('26tmw38cpW_Lh3R4HhZthe',#6,$,$,(#5091,#5106,#5120,#5134,#5148,#5162,#5176,#5190,#5204,#5218,#5232,#5246,#5260,#5274,#5288,#5302,#5316,#5330,#5344),#5084);
#7558=IFCRELDEFINESBYTYPE('38xg421O8x5d17s2PYoFWH',#6,$,$,(#5369),#5362);
#7559=IFCRELDEFINESBYTYPE('3AulNqyMIs9GpDmB_uZnlW',#6,$,$,(#5563,#5578,#5592,#5646),#5556);
#7560=IFCRELDEFINESBYTYPE('22pe32oVwlQlTwGh6lpwZh',#6,$,$,(#5631),#5624);
#7561=IFCRELDEFINESBYTYPE('2Rk89fT6ZnGBLNlOHjl6Ho',#6,$,$,(#5685,#5701,#5715,#5729,#5743,#5757,#5771,#5785,#5799,#5813,#5827,#5841,#5855,#5869,#5883,#5897,#5911,#5925,#5939,#5953),#5678);
#7562=IFCRELDEFINESBYTYPE('0UxHX6v26WQFotBexg1IqM',#6,$,$,(#6244,#6275,#6298,#6321,#6344,#6387,#6410),#6248);
#7563=IFCRELCONNECTSPATHELEMENTS('30WavsIDLWMrvcUn3LG20C',#6,'0OwT9niH5FCOj8tuWLjmgt|0OwT9niH5FCOj8tuWLjmkz','Structural',$,#6244,#6275,(),(),.ATSTART.,.ATPATH.);
#7564=IFCRELCONNECTSPATHELEMENTS('1TVCThtXFyKwlT9Kv296qF',#6,'0OwT9niH5FCOj8tuWLjmkz|0OwT9niH5FCOj8tuWLjmip','Structural',$,#6275,#6298,(),(),.ATSTART.,.ATEND.);
#7565=IFCRELCONNECTSPATHELEMENTS('06f5ANZGJDu3rHdgfQ$mrI',#6,'0OwT9niH5FCOj8tuWLjmip|0OwT9niH5FCOj8tuWLjmox','Structural',$,#6298,#6321,(),(),.ATSTART.,.ATEND.);
#7566=IFCRELCONNECTSPATHELEMENTS('1VH9C$Nv43HDQ33Nqd4bMG',#6,'0OwT9niH5FCOj8tuWLjmgt|0OwT9niH5FCOj8tuWLjmox','Structural',$,#6244,#6321,(),(),.ATEND.,.ATPATH.);
#7567=IFCPRESENTATIONLAYERASSIGNMENT('S-FNDN-____-OTLN',$,(#58,#103,#123,#143,#163,#183,#203,#223,#250,#270,#290,#310,#330,#350,#370,#390,#410,#430,#450,#470,#490,#510,#530,#550,#570,#590,#610,#630,#650,#670,#690,#710,#730,#750,#770,#790,#810,#830,#850,#870,#890,#910,#930,#950,#970,#990,#1010,#1030,#1050,#1070,#1090,#1110,#1130,#1150,#1170,#1190,#1210,#1230,#1250,#1270,#1290,#1310,#1330,#1350,#1370,#1390,#1410,#1430,#1450,#1470,#1490,#1510,#1530,#1550,#1570,#1590,#1610,#1630,#1650,#1670,#1690,#1710,#6362),$);
#7568=IFCPRESENTATIONLAYERASSIGNMENT('S-COLS-____-OTLN',$,(#1733,#1744,#1766,#1771,#1787,#1801,#1815,#1829,#1843,#1857,#1871,#1885,#1899,#1913,#1927,#1941,#1955,#1969,#1983,#1997,#2011,#2025,#2045,#2050,#2066,#2080,#2094,#2108,#2122,#2136,#2150,#2164,#2178,#2192,#2206,#2220,#2234,#2248,#2268,#2273,#2295,#2300,#2316,#2330,#2344,#2364,#2369,#2385,#2399,#2413,#2427,#2441,#2455,#2469,#2483,#2497,#2511,#2525,#2545,#2550,#2571,#2576,#2592,#2606,#2620,#2634,#2648,#2662,#2676,#2690,#2704,#2718,#2732,#2746,#2760,#2774,#2788,#2802,#2816,#2830,#2850,#2855,#2871,#2885,#2899,#2913,#2927,#2941,#2955,#2969,#2983,#2997,#3011,#3025,#3045,#3050,#3066,#3080,#3094,#3114,#3119,#3135,#3149,#3163,#4529,#4534,#4555,#4560,#4575,#4589,#4603,#4617,#4631,#4645,#4659,#4673,#4687,#4701,#4715,#4729,#4743,#4757,#4771,#4785,#4799,#4813,#4833,#4838,#4853,#4867,#4881,#4895,#4909,#4923,#4937,#4951,#4965,#4979,#4993,#5007,#5021,#5035,#5055,#5060,#5081,#5086,#5101,#5115,#5129,#5143,#5157,#5171,#5185,#5199,#5213,#5227,#5241,#5255,#5269,#5283,#5297,#5311,#5325,#5339,#5359,#5364,#5379,#5393,#5407,#5421,#5435,#5449,#5463,#5477,#5491,#5505,#5519,#5533,#5553,#5558,#5573,#5587,#5601,#5621,#5626,#5641,#5655,#5675,#5680,#5696,#5710,#5724,#5738,#5752,#5766,#5780,#5794,#5808,#5822,#5836,#5850,#5864,#5878,#5892,#5906,#5920,#5934,#5948,#6160,#6174,#6188,#6202,#6216),$);
#7569=IFCPRESENTATIONLAYERASSIGNMENT('S-BEAM-____-OTLN',$,(#3191,#3195,#3225,#3228,#3248,#3251,#3270,#3273,#3292,#3295,#3314,#3317,#3336,#3339,#3358,#3361,#3380,#3383,#3402,#3405,#3424,#3427,#3446,#3449,#3468,#3471,#3490,#3493,#3512,#3515,#3534,#3537,#3556,#3559,#3578,#3581,#3600,#3603,#3622,#3625,#3644,#3647,#3667,#3670,#3690,#3693,#3713,#3716,#3736,#3739,#3758,#3761,#3780,#3783,#3802,#3805,#3824,#3827,#3847,#3850,#3870,#3873,#3893,#3896,#3916,#3919,#3939,#3942,#3962,#3965,#3985,#3988,#4008,#4011,#4031,#4034,#4054,#4057,#4077,#4080,#4100,#4103,#4122,#4125,#4144,#4147,#4166,#4169,#4188,#4191,#4210,#4213,#4232,#4235,#4254,#4257,#4276,#4279,#4298,#4301,#4320,#4323,#4342,#4345,#4364,#4367,#4386,#4389,#4408,#4411,#4430,#4433,#4452,#4455,#5970,#5973,#5992,#5995,#6014,#6017,#6036,#6039,#6058,#6061,#6080,#6083,#6102,#6105,#6124,#6127,#6146,#6149,#6428,#6431),$);
#7570=IFCPRESENTATIONLAYERASSIGNMENT('A-FLOR-____-OTLN',$,(#4485),$);
#7571=IFCPRESENTATIONLAYERASSIGNMENT('A-NPLT-____-OTLN',$,(#4494),$);
#7572=IFCPRESENTATIONLAYERASSIGNMENT('A-WALL-____-OTLN',$,(#6234,#6243,#6266,#6274,#6289,#6297,#6312,#6320,#6335,#6343,#6378,#6386,#6401,#6409),$);
#7573=IFCPRESENTATIONLAYERASSIGNMENT('S-GRID-____-OTLN',$,(#6757,#7076,#7395),$);
#7574=IFCUNITASSIGNMENT((#7,#8,#9,#62,#91));
ENDSEC;

END-ISO-10303-21;