ISO-10303-21;
HEADER;
FILE_DESCRIPTION(('ViewDefinition [CoordinationView_V2.0]','RevitIdentifiers [ContentGUID: 6dcc5eaa-7312-482b-bc25-7413a42eb957, VersionGUID: d1b8f329-91d2-49a3-b1bb-44fbf4483919, NumberOfSaves: 84]','CoordinateReference [CoordinateBase: Shared Coordinates]'),'2;1');
FILE_NAME('Proposal.ifc','2026-03-19T14:04:57+01:00',(''),(''),'ODA SDAI 25.12','Autodesk - Revit 26.4.0.32 (ENU) - 26.4.0.32','');
FILE_SCHEMA(('IFC2X3'));
ENDSEC;

DATA;
#1=IFCORGANIZATION($,'Autodesk Revit 2026 (ENU)',$,$,$);
#2=IFCAPPLICATION(#1,'2026','Autodesk Revit 2026 (ENU)','Revit');
#3=IFCPERSON($,'','s253445',$,$,$,$,$);
#4=IFCORGANIZATION($,'','',$,$);
#5=IFCPERSONANDORGANIZATION(#3,#4,$);
#6=IFCOWNERHISTORY(#5,#2,$,.NOCHANGE.,$,$,$,1773662606);
#7=IFCSIUNIT(*,.LENGTHUNIT.,.MILLI.,.METRE.);
#8=IFCSIUNIT(*,.AREAUNIT.,$,.SQUARE_METRE.);
#9=IFCSIUNIT(*,.VOLUMEUNIT.,$,.CUBIC_METRE.);
#10=IFCCARTESIANPOINT((0.,0.,0.));
#11=IFCAXIS2PLACEMENT3D(#10,$,$);
#12=IFCDIRECTION((0.,1.));
#13=IFCGEOMETRICREPRESENTATIONCONTEXT($,'Model',3,0.01,#11,#12);
#14=IFCGEOMETRICREPRESENTATIONSUBCONTEXT('Axis','Model',*,*,*,*,#13,$,.GRAPH_VIEW.,$);
#15=IFCGEOMETRICREPRESENTATIONSUBCONTEXT('Body','Model',*,*,*,*,#13,$,.MODEL_VIEW.,$);
#16=IFCGEOMETRICREPRESENTATIONSUBCONTEXT('Box','Model',*,*,*,*,#13,$,.MODEL_VIEW.,$);
#17=IFCGEOMETRICREPRESENTATIONSUBCONTEXT('FootPrint','Model',*,*,*,*,#13,$,.MODEL_VIEW.,$);
#18=IFCPROJECT('1jp5wgSn98AxmbT1DRqKQd',#6,'0001',$,$,'Project Name','Project Status',(#13),#12446);
#19=IFCPOSTALADDRESS($,$,$,$,('Enter address here'),$,'','Boston','','MA');
#20=IFCAXIS2PLACEMENT3D(#10,$,$);
#21=IFCLOCALPLACEMENT(#43,#20);
#22=IFCBUILDING('1jp5wgSn98AxmbT1DRqKQc',#6,'',$,$,#21,$,'',.ELEMENT.,$,$,#19);
#23=IFCAXIS2PLACEMENT3D(#10,$,$);
#24=IFCLOCALPLACEMENT(#21,#23);
#25=IFCBUILDINGSTOREY('3Aw$FV5MbAufEo59pkoNgA',#6,'P1',$,$,#24,$,'P1',.ELEMENT.,0.);
#26=IFCCARTESIANPOINT((0.,0.,4000.));
#27=IFCAXIS2PLACEMENT3D(#26,$,$);
#28=IFCLOCALPLACEMENT(#21,#27);
#29=IFCBUILDINGSTOREY('3kSL0VGKv3gxJCujeqtuJj',#6,'P2',$,$,#28,$,'P2',.ELEMENT.,4000.0000000000005);
#30=IFCCARTESIANPOINT((0.,0.,7500.));
#31=IFCAXIS2PLACEMENT3D(#30,$,$);
#32=IFCLOCALPLACEMENT(#21,#31);
#33=IFCBUILDINGSTOREY('3Jcm064Vn2iOWhSW$AdvQ5',#6,'P3',$,$,#32,$,'P3',.ELEMENT.,7500.0000000000009);
#34=IFCCARTESIANPOINT((0.,0.,10500.));
#35=IFCAXIS2PLACEMENT3D(#34,$,$);
#36=IFCLOCALPLACEMENT(#21,#35);
#37=IFCBUILDINGSTOREY('0D$ytGqYXFjuMNotWCwx7r',#6,'Auditorium',$,$,#36,$,'Auditorium',.ELEMENT.,10500.);
#38=IFCCARTESIANPOINT((0.,0.,11500.));
#39=IFCAXIS2PLACEMENT3D(#38,$,$);
#40=IFCLOCALPLACEMENT(#21,#39);
#41=IFCBUILDINGSTOREY('0LIBF5WAf0aut2ABf1cY8c',#6,'Roof',$,$,#40,$,'Roof',.ELEMENT.,11500.);
#42=IFCAXIS2PLACEMENT3D(#10,$,$);
#43=IFCLOCALPLACEMENT($,#42);
#44=IFCSITE('1jp5wgSn98AxmbT1DRqKQb',#6,'Default',$,$,#43,$,$,.ELEMENT.,(42,21,31,181945),(-71,-3,-24,-263305),0.,$,$);
#45=IFCAXIS2PLACEMENT3D(#10,$,$);
#46=IFCLOCALPLACEMENT(#24,#45);
#47=IFCCARTESIANPOINT((2.1600499167107046E-012,0.));
#48=IFCDIRECTION((1.,0.));
#49=IFCAXIS2PLACEMENT2D(#47,#48);
#50=IFCRECTANGLEPROFILEDEF(.AREA.,$,#49,700.00000000000114,64430.000000000044);
#51=IFCCARTESIANPOINT((-2021.2142546211549,20141.361329759551,-100.));
#52=IFCDIRECTION((0.,0.,-1.));
#53=IFCDIRECTION((0.,1.,0.));
#54=IFCAXIS2PLACEMENT3D(#51,#52,#53);
#55=IFCDIRECTION((0.,0.,1.));
#56=IFCEXTRUDEDAREASOLID(#50,#54,#55,150.);
#57=IFCCOLOURRGB($,0.75294117647058822,0.75294117647058822,0.75294117647058822);
#58=IFCSURFACESTYLERENDERING(#57,0.,$,$,$,$,IFCNORMALISEDRATIOMEASURE(0.5),IFCSPECULAREXPONENT(128.),.NOTDEFINED.);
#59=IFCSURFACESTYLE('Concrete, Cast In Situ',.BOTH.,(#58));
#60=IFCPRESENTATIONSTYLEASSIGNMENT((#59));
#61=IFCSTYLEDITEM(#56,(#60),$);
#62=IFCSHAPEREPRESENTATION(#15,'Body','SweptSolid',(#56));
#63=IFCSIUNIT(*,.PLANEANGLEUNIT.,$,.RADIAN.);
#64=IFCDIMENSIONALEXPONENTS(0,0,0,0,0,0,0);
#65=IFCMEASUREWITHUNIT(IFCPLANEANGLEMEASURE(0.017453292519943278),#63);
#66=IFCCONVERSIONBASEDUNIT(#64,.PLANEANGLEUNIT.,'DEGREE',#65);
#67=IFCPRODUCTDEFINITIONSHAPE($,$,(#62));
#68=IFCSLAB('3MsR0LfPbDzeWI2nZHul9O',#6,'Foundation Slab:15mm Foundation Slab:304899',$,$,#46,#67,'304899',.BASESLAB.);
#69=IFCSLABTYPE('2oHonavBTBpgwVFsOPGtjh',#6,'Foundation Slab:15mm Foundation Slab',$,$,(#97),$,'63466',$,.BASESLAB.);
#70=IFCMATERIAL('Concrete, Cast In Situ');
#71=IFCPRESENTATIONSTYLEASSIGNMENT((#59));
#72=IFCSTYLEDITEM($,(#71),$);
#73=IFCSTYLEDREPRESENTATION(#13,'Style','Material',(#72));
#74=IFCMATERIALDEFINITIONREPRESENTATION($,$,(#73),#70);
#75=IFCMATERIALLAYER(#70,150.,$);
#76=IFCMATERIALLAYERSET((#75),'Foundation Slab:15mm Foundation Slab');
#77=IFCMATERIALLAYERSETUSAGE(#76,.AXIS3.,.POSITIVE.,0.);
#78=IFCPROPERTYSINGLEVALUE('Reference',$,IFCIDENTIFIER('15mm Foundation Slab'),$);
#79=IFCPROPERTYSET('12W3OedPuxYdQ8nzF$0w01',#6,'Pset_QuantityTakeOff',$,(#78));
#80=IFCPROPERTYSINGLEVALUE('Reference',$,IFCLABEL('15mm Foundation Slab'),$);
#81=IFCPROPERTYSET('2FZMbMjsnhpTCeJpieMNXx',#6,'Pset_ReinforcementBarPitchOfSlab',$,(#80));
#82=IFCPROPERTYSINGLEVALUE('IsExternal',$,IFCBOOLEAN(.F.),$);
#83=IFCPROPERTYSINGLEVALUE('LoadBearing',$,IFCBOOLEAN(.T.),$);
#84=IFCPROPERTYSINGLEVALUE('PitchAngle',$,IFCPLANEANGLEMEASURE(0.),$);
#85=IFCPROPERTYSET('31RQsCdjlwIhcu8IW2mK05',#6,'Pset_SlabCommon',$,(#78,#82,#83,#84));
#86=IFCRELDEFINESBYPROPERTIES('3lF_wyIC3qlXixgiI1OUvK',#6,$,$,(#68),#79);
#87=IFCRELDEFINESBYPROPERTIES('2qA62qyUfFcKYbWfj03bV0',#6,$,$,(#68),#81);
#88=IFCRELDEFINESBYPROPERTIES('1s6WxiiS1QJXN6Xnxb6b4N',#6,$,$,(#68),#85);
#89=IFCSIUNIT(*,.MASSUNIT.,.KILO.,.GRAM.);
#90=IFCDERIVEDUNITELEMENT(#89,1);
#91=IFCSIUNIT(*,.THERMODYNAMICTEMPERATUREUNIT.,$,.KELVIN.);
#92=IFCDERIVEDUNITELEMENT(#91,-1);
#93=IFCSIUNIT(*,.TIMEUNIT.,$,.SECOND.);
#94=IFCDERIVEDUNITELEMENT(#93,-3);
#95=IFCDERIVEDUNIT((#90,#92,#94),.THERMALTRANSMITTANCEUNIT.,$);
#96=IFCPROPERTYSINGLEVALUE('ThermalTransmittance',$,IFCTHERMALTRANSMITTANCEMEASURE(6.9733333333333336),$);
#97=IFCPROPERTYSET('3R5WNvLA5qXk611krVG9SV',#6,'Pset_SlabCommon',$,(#96));
#98=IFCAXIS2PLACEMENT3D(#10,$,$);
#99=IFCLOCALPLACEMENT(#24,#98);
#100=IFCCARTESIANPOINT((0.,0.));
#101=IFCAXIS2PLACEMENT2D(#100,#48);
#102=IFCRECTANGLEPROFILEDEF(.AREA.,$,#101,43229.999999999811,644.99999999980139);
#103=IFCCARTESIANPOINT((-34351.21425462114,-1823.6386702403559,-100.));
#104=IFCAXIS2PLACEMENT3D(#103,#52,#53);
#105=IFCEXTRUDEDAREASOLID(#102,#104,#55,150.);
#106=IFCSTYLEDITEM(#105,(#60),$);
#107=IFCSHAPEREPRESENTATION(#15,'Body','SweptSolid',(#105));
#108=IFCPRODUCTDEFINITIONSHAPE($,$,(#107));
#109=IFCSLAB('3MsR0LfPbDzeWI2nZHul8I',#6,'Foundation Slab:15mm Foundation Slab:304969',$,$,#99,#108,'304969',.BASESLAB.);
#110=IFCMATERIALLAYERSETUSAGE(#76,.AXIS3.,.POSITIVE.,0.);
#111=IFCPROPERTYSET('1Gk8kXzBS$Yctt$9W2ZX_m',#6,'Pset_QuantityTakeOff',$,(#78));
#112=IFCPROPERTYSINGLEVALUE('Reference',$,IFCLABEL('15mm Foundation Slab'),$);
#113=IFCPROPERTYSET('3ZNvlCCiq8bVICEXJrkMN8',#6,'Pset_ReinforcementBarPitchOfSlab',$,(#112));
#114=IFCPROPERTYSET('0BhNVjjOzI_I_KKHMsZPXm',#6,'Pset_SlabCommon',$,(#78,#82,#83,#84));
#115=IFCRELDEFINESBYPROPERTIES('3UU04hNDeEVaYCk8DCHM8X',#6,$,$,(#109),#111);
#116=IFCRELDEFINESBYPROPERTIES('3oUcojg$z$fw58HU5N993M',#6,$,$,(#109),#113);
#117=IFCRELDEFINESBYPROPERTIES('2mWBKY$H$JF4R7QgaMMBGp',#6,$,$,(#109),#114);
#118=IFCAXIS2PLACEMENT3D(#10,$,$);
#119=IFCLOCALPLACEMENT(#24,#118);
#120=IFCCARTESIANPOINT((0.,2.1600499167107046E-012));
#121=IFCAXIS2PLACEMENT2D(#120,#48);
#122=IFCRECTANGLEPROFILEDEF(.AREA.,$,#121,43230.000000000015,430.00000000000188);
#123=IFCCARTESIANPOINT((30308.785745378886,-1823.6386702404554,-100.));
#124=IFCAXIS2PLACEMENT3D(#123,#52,#53);
#125=IFCEXTRUDEDAREASOLID(#122,#124,#55,150.);
#126=IFCSTYLEDITEM(#125,(#60),$);
#127=IFCSHAPEREPRESENTATION(#15,'Body','SweptSolid',(#125));
#128=IFCPRODUCTDEFINITIONSHAPE($,$,(#127));
#129=IFCSLAB('3MsR0LfPbDzeWI2nZHulAu',#6,'Foundation Slab:15mm Foundation Slab:305123',$,$,#119,#128,'305123',.BASESLAB.);
#130=IFCMATERIALLAYERSETUSAGE(#76,.AXIS3.,.POSITIVE.,0.);
#131=IFCPROPERTYSET('2mMkiD_9MVAwxmAZNwZlXi',#6,'Pset_QuantityTakeOff',$,(#78));
#132=IFCPROPERTYSINGLEVALUE('Reference',$,IFCLABEL('15mm Foundation Slab'),$);
#133=IFCPROPERTYSET('2fdu8jFw1gcYDcT$sIH$F7',#6,'Pset_ReinforcementBarPitchOfSlab',$,(#132));
#134=IFCPROPERTYSET('0Kr5lqLF_x5s$qoWbi4Oa_',#6,'Pset_SlabCommon',$,(#78,#82,#83,#84));
#135=IFCRELDEFINESBYPROPERTIES('0ZOCJ5U28MEdiPFaQLnNry',#6,$,$,(#129),#131);
#136=IFCRELDEFINESBYPROPERTIES('2mOCoR6zNX0gWOUjbCQy_0',#6,$,$,(#129),#133);
#137=IFCRELDEFINESBYPROPERTIES('1trJEddx9tUJlQNs3DTPTZ',#6,$,$,(#129),#134);
#138=IFCAXIS2PLACEMENT3D(#10,$,$);
#139=IFCLOCALPLACEMENT(#24,#138);
#140=IFCCARTESIANPOINT((0.,3.637978807091713E-012));
#141=IFCAXIS2PLACEMENT2D(#140,#48);
#142=IFCRECTANGLEPROFILEDEF(.AREA.,$,#141,649.99999999999955,64122.500000000124);
#143=IFCCARTESIANPOINT((-1967.4642546211735,-22938.638670240191,-100.));
#144=IFCAXIS2PLACEMENT3D(#143,#52,#53);
#145=IFCEXTRUDEDAREASOLID(#142,#144,#55,150.);
#146=IFCSTYLEDITEM(#145,(#60),$);
#147=IFCSHAPEREPRESENTATION(#15,'Body','SweptSolid',(#145));
#148=IFCPRODUCTDEFINITIONSHAPE($,$,(#147));
#149=IFCSLAB('3MsR0LfPbDzeWI2nZHulrP',#6,'Foundation Slab:15mm Foundation Slab:305154',$,$,#139,#148,'305154',.BASESLAB.);
#150=IFCMATERIALLAYERSETUSAGE(#76,.AXIS3.,.POSITIVE.,0.);
#151=IFCPROPERTYSET('06l_v3FNIao29P9QWJC9xv',#6,'Pset_QuantityTakeOff',$,(#78));
#152=IFCPROPERTYSINGLEVALUE('Reference',$,IFCLABEL('15mm Foundation Slab'),$);
#153=IFCPROPERTYSET('02DbvhBfzwswT_oJ9KWaRC',#6,'Pset_ReinforcementBarPitchOfSlab',$,(#152));
#154=IFCPROPERTYSET('3E7l_ujD6nybB6zK8FODRD',#6,'Pset_SlabCommon',$,(#78,#82,#83,#84));
#155=IFCRELDEFINESBYPROPERTIES('353SQhEC3XgomTgvhPJxt6',#6,$,$,(#149),#151);
#156=IFCRELDEFINESBYPROPERTIES('20R64JY0WCPqZScY7cvXTA',#6,$,$,(#149),#153);
#157=IFCRELDEFINESBYPROPERTIES('3D5U6AgKiuP4Hb7xZYKlz9',#6,$,$,(#149),#154);
#158=IFCAXIS2PLACEMENT3D(#10,$,$);
#159=IFCLOCALPLACEMENT(#24,#158);
#160=IFCCARTESIANPOINT((1.0800249583553523E-012,0.));
#161=IFCAXIS2PLACEMENT2D(#160,#48);
#162=IFCRECTANGLEPROFILEDEF(.AREA.,$,#161,350.00000000000057,64000.000000000051);
#163=IFCCARTESIANPOINT((-2021.2142546211376,-14238.63867024046,-100.));
#164=IFCAXIS2PLACEMENT3D(#163,#52,#53);
#165=IFCEXTRUDEDAREASOLID(#162,#164,#55,150.);
#166=IFCSTYLEDITEM(#165,(#60),$);
#167=IFCSHAPEREPRESENTATION(#15,'Body','SweptSolid',(#165));
#168=IFCPRODUCTDEFINITIONSHAPE($,$,(#167));
#169=IFCSLAB('3MsR0LfPbDzeWI2nZHulrz',#6,'Foundation Slab:15mm Foundation Slab:305190',$,$,#159,#168,'305190',.BASESLAB.);
#170=IFCMATERIALLAYERSETUSAGE(#76,.AXIS3.,.POSITIVE.,0.);
#171=IFCPROPERTYSET('21XDIhZWfzVsyEXRlPZ_EU',#6,'Pset_QuantityTakeOff',$,(#78));
#172=IFCPROPERTYSINGLEVALUE('Reference',$,IFCLABEL('15mm Foundation Slab'),$);
#173=IFCPROPERTYSET('0uKw1jFjfl1wusTwd61Bye',#6,'Pset_ReinforcementBarPitchOfSlab',$,(#172));
#174=IFCPROPERTYSET('2Xk5rrw26cDfywqMLXidnt',#6,'Pset_SlabCommon',$,(#78,#82,#83,#84));
#175=IFCRELDEFINESBYPROPERTIES('38jzcLYmVTYLJdIRTNrP2U',#6,$,$,(#169),#171);
#176=IFCRELDEFINESBYPROPERTIES('2kKBrgnk1ux19GEcfRWHbQ',#6,$,$,(#169),#173);
#177=IFCRELDEFINESBYPROPERTIES('3yGkVOwTKpb5jWdBGclTbM',#6,$,$,(#169),#174);
#178=IFCAXIS2PLACEMENT3D(#10,$,$);
#179=IFCLOCALPLACEMENT(#24,#178);
#180=IFCCARTESIANPOINT((1.0800249583553523E-012,0.));
#181=IFCAXIS2PLACEMENT2D(#180,#48);
#182=IFCRECTANGLEPROFILEDEF(.AREA.,$,#181,299.99999999999898,60800.000000000058);
#183=IFCCARTESIANPOINT((-421.21425462113302,-12558.638670240398,-100.));
#184=IFCAXIS2PLACEMENT3D(#183,#52,#53);
#185=IFCEXTRUDEDAREASOLID(#182,#184,#55,150.);
#186=IFCSTYLEDITEM(#185,(#60),$);
#187=IFCSHAPEREPRESENTATION(#15,'Body','SweptSolid',(#185));
#188=IFCPRODUCTDEFINITIONSHAPE($,$,(#187));
#189=IFCSLAB('3MsR0LfPbDzeWI2nZHulzR',#6,'Foundation Slab:15mm Foundation Slab:305664',$,$,#179,#188,'305664',.BASESLAB.);
#190=IFCMATERIALLAYERSETUSAGE(#76,.AXIS3.,.POSITIVE.,0.);
#191=IFCPROPERTYSET('1LP4mGVuq3ng5q7oXvOeM4',#6,'Pset_QuantityTakeOff',$,(#78));
#192=IFCPROPERTYSINGLEVALUE('Reference',$,IFCLABEL('15mm Foundation Slab'),$);
#193=IFCPROPERTYSET('3QR3hhbQ1gj97s$zfY3PPk',#6,'Pset_ReinforcementBarPitchOfSlab',$,(#192));
#194=IFCPROPERTYSET('0FkafvQFNZsMmjsv_CoJ1t',#6,'Pset_SlabCommon',$,(#78,#82,#83,#84));
#195=IFCRELDEFINESBYPROPERTIES('3XVNqUJ2e_4uXo9yAQ9pJc',#6,$,$,(#189),#191);
#196=IFCRELDEFINESBYPROPERTIES('0pmWqHE05Frmeulc37aoYV',#6,$,$,(#189),#193);
#197=IFCRELDEFINESBYPROPERTIES('0JcwfnQOXM7AFxP0MU9BWr',#6,$,$,(#189),#194);
#198=IFCAXIS2PLACEMENT3D(#10,$,$);
#199=IFCLOCALPLACEMENT(#24,#198);
#200=IFCCARTESIANPOINT((9.0949470177292824E-013,0.));
#201=IFCAXIS2PLACEMENT2D(#200,#48);
#202=IFCRECTANGLEPROFILEDEF(.AREA.,$,#201,20570.000000000131,300.00000000000108);
#203=IFCCARTESIANPOINT((-30746.214254621162,-2123.6386702403306,-100.));
#204=IFCAXIS2PLACEMENT3D(#203,#52,#53);
#205=IFCEXTRUDEDAREASOLID(#202,#204,#55,150.);
#206=IFCSTYLEDITEM(#205,(#60),$);
#207=IFCSHAPEREPRESENTATION(#15,'Body','SweptSolid',(#205));
#208=IFCPRODUCTDEFINITIONSHAPE($,$,(#207));
#209=IFCSLAB('3MsR0LfPbDzeWI2nZHulz$',#6,'Foundation Slab:15mm Foundation Slab:305700',$,$,#199,#208,'305700',.BASESLAB.);
#210=IFCMATERIALLAYERSETUSAGE(#76,.AXIS3.,.POSITIVE.,0.);
#211=IFCPROPERTYSET('1UuW_Up1FQWCrcSqPPjkbR',#6,'Pset_QuantityTakeOff',$,(#78));
#212=IFCPROPERTYSINGLEVALUE('Reference',$,IFCLABEL('15mm Foundation Slab'),$);
#213=IFCPROPERTYSET('1kkarpOxVotaXYKGEQvLSW',#6,'Pset_ReinforcementBarPitchOfSlab',$,(#212));
#214=IFCPROPERTYSET('2y0OB5umNXGYZfRL2fr1nm',#6,'Pset_SlabCommon',$,(#78,#82,#83,#84));
#215=IFCRELDEFINESBYPROPERTIES('3ybe8CF2rtBDzaheC6$660',#6,$,$,(#209),#211);
#216=IFCRELDEFINESBYPROPERTIES('13ow_nqXgnCvA__TqWg9Uk',#6,$,$,(#209),#213);
#217=IFCRELDEFINESBYPROPERTIES('2MjVaQy1Z5aypf2lHyE3jW',#6,$,$,(#209),#214);
#218=IFCAXIS2PLACEMENT3D(#10,$,$);
#219=IFCLOCALPLACEMENT(#24,#218);
#220=IFCCARTESIANPOINT((9.0949470177292824E-013,0.));
#221=IFCAXIS2PLACEMENT2D(#220,#48);
#222=IFCRECTANGLEPROFILEDEF(.AREA.,$,#221,20569.999999999967,300.00000000000108);
#223=IFCCARTESIANPOINT((20228.785745378893,-2123.6386702404129,-100.));
#224=IFCAXIS2PLACEMENT3D(#223,#52,#53);
#225=IFCEXTRUDEDAREASOLID(#222,#224,#55,150.);
#226=IFCSTYLEDITEM(#225,(#60),$);
#227=IFCSHAPEREPRESENTATION(#15,'Body','SweptSolid',(#225));
#228=IFCPRODUCTDEFINITIONSHAPE($,$,(#227));
#229=IFCSLAB('3MsR0LfPbDzeWI2nZHulyw',#6,'Foundation Slab:15mm Foundation Slab:305761',$,$,#219,#228,'305761',.BASESLAB.);
#230=IFCMATERIALLAYERSETUSAGE(#76,.AXIS3.,.POSITIVE.,0.);
#231=IFCPROPERTYSET('0h2SuwtSgWw7HDgAeptcsm',#6,'Pset_QuantityTakeOff',$,(#78));
#232=IFCPROPERTYSINGLEVALUE('Reference',$,IFCLABEL('15mm Foundation Slab'),$);
#233=IFCPROPERTYSET('3L36lqTwy4W_MIs705FGgO',#6,'Pset_ReinforcementBarPitchOfSlab',$,(#232));
#234=IFCPROPERTYSET('3Z_Jjg_zc2J1bWDh$3QX1X',#6,'Pset_SlabCommon',$,(#78,#82,#83,#84));
#235=IFCRELDEFINESBYPROPERTIES('0u6yn80dGNN4vbzpk7D5sc',#6,$,$,(#229),#231);
#236=IFCRELDEFINESBYPROPERTIES('2DPW$NfQEQR0ng$QJkZ63H',#6,$,$,(#229),#233);
#237=IFCRELDEFINESBYPROPERTIES('0zx4EyKkHyle1jUBL_8RFZ',#6,$,$,(#229),#234);
#238=IFCAXIS2PLACEMENT3D(#10,$,$);
#239=IFCLOCALPLACEMENT(#24,#238);
#240=IFCCARTESIANPOINT((0.,-25581.250000000018));
#241=IFCCARTESIANPOINT((150.,-25581.250000000018));
#242=IFCCARTESIANPOINT((150.,25618.750000000033));
#243=IFCCARTESIANPOINT((-0.,25618.750000000033));
#244=IFCCARTESIANPOINT((-0.,25318.750000000015));
#245=IFCCARTESIANPOINT((-150.,25318.750000000015));
#246=IFCCARTESIANPOINT((-150.,-25356.250000000058));
#247=IFCCARTESIANPOINT((0.,-25356.250000000044));
#248=IFCPOLYLINE((#240,#241,#242,#243,#244,#245,#246,#247,#240));
#249=IFCARBITRARYCLOSEDPROFILEDEF(.AREA.,$,#248);
#250=IFCCARTESIANPOINT((-5239.9642546211171,8161.3613297596139,-100.));
#251=IFCAXIS2PLACEMENT3D(#250,#52,#53);
#252=IFCEXTRUDEDAREASOLID(#249,#251,#55,150.);
#253=IFCSTYLEDITEM(#252,(#60),$);
#254=IFCSHAPEREPRESENTATION(#15,'Body','SweptSolid',(#252));
#255=IFCPRODUCTDEFINITIONSHAPE($,$,(#254));
#256=IFCSLAB('3MsR0LfPbDzeWI2nZHul$r',#6,'Foundation Slab:15mm Foundation Slab:305838',$,$,#239,#255,'305838',.BASESLAB.);
#257=IFCMATERIALLAYERSETUSAGE(#76,.AXIS3.,.POSITIVE.,0.);
#258=IFCPROPERTYSET('3Y2zGETVnnHnzgKdj2IikA',#6,'Pset_QuantityTakeOff',$,(#78));
#259=IFCPROPERTYSINGLEVALUE('Reference',$,IFCLABEL('15mm Foundation Slab'),$);
#260=IFCPROPERTYSET('2gRK6eXAei8MTrN4mMRpZ4',#6,'Pset_ReinforcementBarPitchOfSlab',$,(#259));
#261=IFCPROPERTYSET('3V7LiG5bs_AJWueDZZvWWB',#6,'Pset_SlabCommon',$,(#78,#82,#83,#84));
#262=IFCRELDEFINESBYPROPERTIES('1DRieZ5qcOGmZMTHX8bt01',#6,$,$,(#256),#258);
#263=IFCRELDEFINESBYPROPERTIES('3YEmpcQdv6wjT0wZmDPCih',#6,$,$,(#256),#260);
#264=IFCRELDEFINESBYPROPERTIES('3VOBRdhZqcMAoMS_LiapMr',#6,$,$,(#256),#261);
#265=IFCAXIS2PLACEMENT3D(#10,$,$);
#266=IFCLOCALPLACEMENT(#24,#265);
#267=IFCCARTESIANPOINT((0.,0.));
#268=IFCAXIS2PLACEMENT2D(#267,#48);
#269=IFCRECTANGLEPROFILEDEF(.AREA.,$,#268,299.99999999999892,50600.000000000051);
#270=IFCCARTESIANPOINT((-5221.2142546211335,-1588.6386702403822,-100.));
#271=IFCAXIS2PLACEMENT3D(#270,#52,#53);
#272=IFCEXTRUDEDAREASOLID(#269,#271,#55,150.);
#273=IFCSTYLEDITEM(#272,(#60),$);
#274=IFCSHAPEREPRESENTATION(#15,'Body','SweptSolid',(#272));
#275=IFCPRODUCTDEFINITIONSHAPE($,$,(#274));
#276=IFCSLAB('3MsR0LfPbDzeWI2nZHul_t',#6,'Foundation Slab:15mm Foundation Slab:305900',$,$,#266,#275,'305900',.BASESLAB.);
#277=IFCMATERIALLAYERSETUSAGE(#76,.AXIS3.,.POSITIVE.,0.);
#278=IFCPROPERTYSET('0t3BFqrAy$n_fOMBj1Nnaa',#6,'Pset_QuantityTakeOff',$,(#78));
#279=IFCPROPERTYSINGLEVALUE('Reference',$,IFCLABEL('15mm Foundation Slab'),$);
#280=IFCPROPERTYSET('23Za_gu09_$JkXWJg26yKE',#6,'Pset_ReinforcementBarPitchOfSlab',$,(#279));
#281=IFCPROPERTYSET('08vT7I5bkZNiXySWWeSwjL',#6,'Pset_SlabCommon',$,(#78,#82,#83,#84));
#282=IFCRELDEFINESBYPROPERTIES('1u1Srkfw2RgzCl9Xc4rnff',#6,$,$,(#276),#278);
#283=IFCRELDEFINESBYPROPERTIES('1LV1OMpcmRW9GG4i4r13U7',#6,$,$,(#276),#280);
#284=IFCRELDEFINESBYPROPERTIES('0$G1_fSj3N1FFeutKcjo8S',#6,$,$,(#276),#281);
#285=IFCAXIS2PLACEMENT3D(#10,$,$);
#286=IFCLOCALPLACEMENT(#24,#285);
#287=IFCCARTESIANPOINT((4.5474735088646412E-013,0.));
#288=IFCAXIS2PLACEMENT2D(#287,#48);
#289=IFCRECTANGLEPROFILEDEF(.AREA.,$,#288,9449.9999999998981,300.00000000000108);
#290=IFCCARTESIANPOINT((-8421.2142546211508,3286.3613297596248,-100.));
#291=IFCAXIS2PLACEMENT3D(#290,#52,#53);
#292=IFCEXTRUDEDAREASOLID(#289,#291,#55,150.);
#293=IFCSTYLEDITEM(#292,(#60),$);
#294=IFCSHAPEREPRESENTATION(#15,'Body','SweptSolid',(#292));
#295=IFCPRODUCTDEFINITIONSHAPE($,$,(#294));
#296=IFCSLAB('3MsR0LfPbDzeWI2nZHulvt',#6,'Foundation Slab:15mm Foundation Slab:305964',$,$,#286,#295,'305964',.BASESLAB.);
#297=IFCMATERIALLAYERSETUSAGE(#76,.AXIS3.,.POSITIVE.,0.);
#298=IFCPROPERTYSET('1$oL$PlTukvG4SyskZxqyT',#6,'Pset_QuantityTakeOff',$,(#78));
#299=IFCPROPERTYSINGLEVALUE('Reference',$,IFCLABEL('15mm Foundation Slab'),$);
#300=IFCPROPERTYSET('0fRsuU6Vk5HROL03GpEeE7',#6,'Pset_ReinforcementBarPitchOfSlab',$,(#299));
#301=IFCPROPERTYSET('2SMlcYwaUeWi0AFfqvm5Bj',#6,'Pset_SlabCommon',$,(#78,#82,#83,#84));
#302=IFCRELDEFINESBYPROPERTIES('2wVN2d3YSFGNblgSy$Fjs0',#6,$,$,(#296),#298);
#303=IFCRELDEFINESBYPROPERTIES('0dZ1AjKCgxF$1dhbb5EC9z',#6,$,$,(#296),#300);
#304=IFCRELDEFINESBYPROPERTIES('0a6B7bd2AtdN8losaWaZUE',#6,$,$,(#296),#301);
#305=IFCAXIS2PLACEMENT3D(#10,$,$);
#306=IFCLOCALPLACEMENT(#24,#305);
#307=IFCCARTESIANPOINT((0.,0.));
#308=IFCAXIS2PLACEMENT2D(#307,#48);
#309=IFCRECTANGLEPROFILEDEF(.AREA.,$,#308,4769.9999999998017,300.00000000000108);
#310=IFCCARTESIANPOINT((-4721.2061979801319,3476.3613297597485,-100.));
#311=IFCAXIS2PLACEMENT3D(#310,#52,#53);
#312=IFCEXTRUDEDAREASOLID(#309,#311,#55,150.);
#313=IFCSTYLEDITEM(#312,(#60),$);
#314=IFCSHAPEREPRESENTATION(#15,'Body','SweptSolid',(#312));
#315=IFCPRODUCTDEFINITIONSHAPE($,$,(#314));
#316=IFCSLAB('3MsR0LfPbDzeWI2nZHulvd',#6,'Foundation Slab:15mm Foundation Slab:305980',$,$,#306,#315,'305980',.BASESLAB.);
#317=IFCMATERIALLAYERSETUSAGE(#76,.AXIS3.,.POSITIVE.,0.);
#318=IFCPROPERTYSET('0Kh3c8S6DuHmC$Ygoxi5iJ',#6,'Pset_QuantityTakeOff',$,(#78));
#319=IFCPROPERTYSINGLEVALUE('Reference',$,IFCLABEL('15mm Foundation Slab'),$);
#320=IFCPROPERTYSET('3E9ABibEetRx8LfhILNiz$',#6,'Pset_ReinforcementBarPitchOfSlab',$,(#319));
#321=IFCPROPERTYSET('3Qno3x$4IaCeA50MojboNH',#6,'Pset_SlabCommon',$,(#78,#82,#83,#84));
#322=IFCRELDEFINESBYPROPERTIES('1Ps2cPqMpZV7bTTVpSenn1',#6,$,$,(#316),#318);
#323=IFCRELDEFINESBYPROPERTIES('2IpjXulTXSo4hh6ifhQffs',#6,$,$,(#316),#320);
#324=IFCRELDEFINESBYPROPERTIES('2AbYkcJ2nxBPJA_y1nDrml',#6,$,$,(#316),#321);
#325=IFCAXIS2PLACEMENT3D(#10,$,$);
#326=IFCLOCALPLACEMENT(#24,#325);
#327=IFCCARTESIANPOINT((0.,0.));
#328=IFCAXIS2PLACEMENT2D(#327,#48);
#329=IFCRECTANGLEPROFILEDEF(.AREA.,$,#328,10670.000000000015,300.00000000000108);
#330=IFCCARTESIANPOINT((-14821.214254621136,-7073.6386702403879,-100.));
#331=IFCAXIS2PLACEMENT3D(#330,#52,#53);
#332=IFCEXTRUDEDAREASOLID(#329,#331,#55,150.);
#333=IFCSTYLEDITEM(#332,(#60),$);
#334=IFCSHAPEREPRESENTATION(#15,'Body','SweptSolid',(#332));
#335=IFCPRODUCTDEFINITIONSHAPE($,$,(#334));
#336=IFCSLAB('3MsR0LfPbDzeWI2nZHulxz',#6,'Foundation Slab:15mm Foundation Slab:306086',$,$,#326,#335,'306086',.BASESLAB.);
#337=IFCMATERIALLAYERSETUSAGE(#76,.AXIS3.,.POSITIVE.,0.);
#338=IFCPROPERTYSET('3$hwIKqZsFeNRg5JuSZSLc',#6,'Pset_QuantityTakeOff',$,(#78));
#339=IFCPROPERTYSINGLEVALUE('Reference',$,IFCLABEL('15mm Foundation Slab'),$);
#340=IFCPROPERTYSET('1vLNFvDn3sxPkxLQRvpS9O',#6,'Pset_ReinforcementBarPitchOfSlab',$,(#339));
#341=IFCPROPERTYSET('3DUeeF3Er4ArBf4g5mvS9G',#6,'Pset_SlabCommon',$,(#78,#82,#83,#84));
#342=IFCRELDEFINESBYPROPERTIES('0eTNyFAPh8U01EH6Zdm0BM',#6,$,$,(#336),#338);
#343=IFCRELDEFINESBYPROPERTIES('2UrJsUDW9RpY0ETB3Hs31z',#6,$,$,(#336),#340);
#344=IFCRELDEFINESBYPROPERTIES('37NJSAUZ991GDdJCb1$eKa',#6,$,$,(#336),#341);
#345=IFCAXIS2PLACEMENT3D(#10,$,$);
#346=IFCLOCALPLACEMENT(#24,#345);
#347=IFCCARTESIANPOINT((0.,0.));
#348=IFCAXIS2PLACEMENT2D(#347,#48);
#349=IFCRECTANGLEPROFILEDEF(.AREA.,$,#348,10670.000000000015,300.00000000000108);
#350=IFCCARTESIANPOINT((-11621.21425462114,-7073.6386702403879,-100.));
#351=IFCAXIS2PLACEMENT3D(#350,#52,#53);
#352=IFCEXTRUDEDAREASOLID(#349,#351,#55,150.);
#353=IFCSTYLEDITEM(#352,(#60),$);
#354=IFCSHAPEREPRESENTATION(#15,'Body','SweptSolid',(#352));
#355=IFCPRODUCTDEFINITIONSHAPE($,$,(#354));
#356=IFCSLAB('3MsR0LfPbDzeWI2nZHulxk',#6,'Foundation Slab:15mm Foundation Slab:306101',$,$,#346,#355,'306101',.BASESLAB.);
#357=IFCMATERIALLAYERSETUSAGE(#76,.AXIS3.,.POSITIVE.,0.);
#358=IFCPROPERTYSET('3W64ZE0UKc39AzXlnS2err',#6,'Pset_QuantityTakeOff',$,(#78));
#359=IFCPROPERTYSINGLEVALUE('Reference',$,IFCLABEL('15mm Foundation Slab'),$);
#360=IFCPROPERTYSET('06eXf0kPglmNjOtZF8SYhr',#6,'Pset_ReinforcementBarPitchOfSlab',$,(#359));
#361=IFCPROPERTYSET('1qllxhSNs$Ab7yZc6DxOog',#6,'Pset_SlabCommon',$,(#78,#82,#83,#84));
#362=IFCRELDEFINESBYPROPERTIES('2TUDhrKP9CE1Ym0UCPmKRc',#6,$,$,(#356),#358);
#363=IFCRELDEFINESBYPROPERTIES('2Jr5cNxN2sfavzI_7F4SwS',#6,$,$,(#356),#360);
#364=IFCRELDEFINESBYPROPERTIES('0oGxXCiasYMkDsCbJortBp',#6,$,$,(#356),#361);
#365=IFCAXIS2PLACEMENT3D(#10,$,$);
#366=IFCLOCALPLACEMENT(#24,#365);
#367=IFCCARTESIANPOINT((0.,0.));
#368=IFCAXIS2PLACEMENT2D(#367,#48);
#369=IFCRECTANGLEPROFILEDEF(.AREA.,$,#368,10669.999999999955,300.00000000000108);
#370=IFCCARTESIANPOINT((4378.7857453788629,-7073.6386702404188,-100.));
#371=IFCAXIS2PLACEMENT3D(#370,#52,#53);
#372=IFCEXTRUDEDAREASOLID(#369,#371,#55,150.);
#373=IFCSTYLEDITEM(#372,(#60),$);
#374=IFCSHAPEREPRESENTATION(#15,'Body','SweptSolid',(#372));
#375=IFCPRODUCTDEFINITIONSHAPE($,$,(#374));
#376=IFCSLAB('3MsR0LfPbDzeWI2nZHulbj',#6,'Foundation Slab:15mm Foundation Slab:306230',$,$,#366,#375,'306230',.BASESLAB.);
#377=IFCMATERIALLAYERSETUSAGE(#76,.AXIS3.,.POSITIVE.,0.);
#378=IFCPROPERTYSET('1pac1Rs86bxqnId6IOJSag',#6,'Pset_QuantityTakeOff',$,(#78));
#379=IFCPROPERTYSINGLEVALUE('Reference',$,IFCLABEL('15mm Foundation Slab'),$);
#380=IFCPROPERTYSET('2HDAiyEmwhSgXQtxNg4Bfp',#6,'Pset_ReinforcementBarPitchOfSlab',$,(#379));
#381=IFCPROPERTYSET('07XFzICA0j5$N36cNBnJk2',#6,'Pset_SlabCommon',$,(#78,#82,#83,#84));
#382=IFCRELDEFINESBYPROPERTIES('0Jm19FSoogR0FjZLWWZILn',#6,$,$,(#376),#378);
#383=IFCRELDEFINESBYPROPERTIES('1USTq9zDKPSRvytHcS9lxC',#6,$,$,(#376),#380);
#384=IFCRELDEFINESBYPROPERTIES('0EIDXfQVjWMuQdvf599o_r',#6,$,$,(#376),#381);
#385=IFCAXIS2PLACEMENT3D(#10,$,$);
#386=IFCLOCALPLACEMENT(#24,#385);
#387=IFCCARTESIANPOINT((0.,0.));
#388=IFCAXIS2PLACEMENT2D(#387,#48);
#389=IFCRECTANGLEPROFILEDEF(.AREA.,$,#388,10669.999999999955,300.00000000000108);
#390=IFCCARTESIANPOINT((7578.7857453788629,-7073.6386702404188,-100.));
#391=IFCAXIS2PLACEMENT3D(#390,#52,#53);
#392=IFCEXTRUDEDAREASOLID(#389,#391,#55,150.);
#393=IFCSTYLEDITEM(#392,(#60),$);
#394=IFCSHAPEREPRESENTATION(#15,'Body','SweptSolid',(#392));
#395=IFCPRODUCTDEFINITIONSHAPE($,$,(#394));
#396=IFCSLAB('3MsR0LfPbDzeWI2nZHulbb',#6,'Foundation Slab:15mm Foundation Slab:306238',$,$,#386,#395,'306238',.BASESLAB.);
#397=IFCMATERIALLAYERSETUSAGE(#76,.AXIS3.,.POSITIVE.,0.);
#398=IFCPROPERTYSET('0LdJl7rcPKczZ7YYR4TwyJ',#6,'Pset_QuantityTakeOff',$,(#78));
#399=IFCPROPERTYSINGLEVALUE('Reference',$,IFCLABEL('15mm Foundation Slab'),$);
#400=IFCPROPERTYSET('3h_xGYA9Shr_xUrgoCinjO',#6,'Pset_ReinforcementBarPitchOfSlab',$,(#399));
#401=IFCPROPERTYSET('1Lw7nClSdJQxOqW6sxOcxC',#6,'Pset_SlabCommon',$,(#78,#82,#83,#84));
#402=IFCRELDEFINESBYPROPERTIES('1HLxB9Nv9j_7Lg9z6rdGlP',#6,$,$,(#396),#398);
#403=IFCRELDEFINESBYPROPERTIES('1vx9ESTIxVrPS$4IxWH032',#6,$,$,(#396),#400);
#404=IFCRELDEFINESBYPROPERTIES('3hg7uCielOIjjo_nFrBRev',#6,$,$,(#396),#401);
#405=IFCAXIS2PLACEMENT3D(#10,$,$);
#406=IFCLOCALPLACEMENT(#24,#405);
#407=IFCCARTESIANPOINT((0.,0.));
#408=IFCAXIS2PLACEMENT2D(#407,#48);
#409=IFCRECTANGLEPROFILEDEF(.AREA.,$,#408,10669.999999999924,300.00000000000108);
#410=IFCCARTESIANPOINT((13978.785745378858,-7073.6386702404334,-100.));
#411=IFCAXIS2PLACEMENT3D(#410,#52,#53);
#412=IFCEXTRUDEDAREASOLID(#409,#411,#55,150.);
#413=IFCSTYLEDITEM(#412,(#60),$);
#414=IFCSHAPEREPRESENTATION(#15,'Body','SweptSolid',(#412));
#415=IFCPRODUCTDEFINITIONSHAPE($,$,(#414));
#416=IFCSLAB('3MsR0LfPbDzeWI2nZHulaG',#6,'Foundation Slab:15mm Foundation Slab:306251',$,$,#406,#415,'306251',.BASESLAB.);
#417=IFCMATERIALLAYERSETUSAGE(#76,.AXIS3.,.POSITIVE.,0.);
#418=IFCPROPERTYSET('3nOBPy6WZ4UnOxL3BdYMVO',#6,'Pset_QuantityTakeOff',$,(#78));
#419=IFCPROPERTYSINGLEVALUE('Reference',$,IFCLABEL('15mm Foundation Slab'),$);
#420=IFCPROPERTYSET('0ydPyOYG0CntyLVcUpxGHS',#6,'Pset_ReinforcementBarPitchOfSlab',$,(#419));
#421=IFCPROPERTYSET('0CMMbUMLpsLIfwjG2vkijH',#6,'Pset_SlabCommon',$,(#78,#82,#83,#84));
#422=IFCRELDEFINESBYPROPERTIES('1beJ9Ztn514W5W3lClRsCC',#6,$,$,(#416),#418);
#423=IFCRELDEFINESBYPROPERTIES('2F_frQ_54SbVNZ6EMPzxR0',#6,$,$,(#416),#420);
#424=IFCRELDEFINESBYPROPERTIES('0655CDPOd78sH$bh0RbABZ',#6,$,$,(#416),#421);
#425=IFCAXIS2PLACEMENT3D(#10,$,$);
#426=IFCLOCALPLACEMENT(#24,#425);
#427=IFCCARTESIANPOINT((0.,0.));
#428=IFCAXIS2PLACEMENT2D(#427,#48);
#429=IFCRECTANGLEPROFILEDEF(.AREA.,$,#428,10669.999999999924,300.00000000000108);
#430=IFCCARTESIANPOINT((17178.785745378824,-7073.6386702404334,-100.));
#431=IFCAXIS2PLACEMENT3D(#430,#52,#53);
#432=IFCEXTRUDEDAREASOLID(#429,#431,#55,150.);
#433=IFCSTYLEDITEM(#432,(#60),$);
#434=IFCSHAPEREPRESENTATION(#15,'Body','SweptSolid',(#432));
#435=IFCPRODUCTDEFINITIONSHAPE($,$,(#434));
#436=IFCSLAB('3MsR0LfPbDzeWI2nZHula8',#6,'Foundation Slab:15mm Foundation Slab:306259',$,$,#426,#435,'306259',.BASESLAB.);
#437=IFCMATERIALLAYERSETUSAGE(#76,.AXIS3.,.POSITIVE.,0.);
#438=IFCPROPERTYSET('0Ran60ns642tlzjB7Vi7Cq',#6,'Pset_QuantityTakeOff',$,(#78));
#439=IFCPROPERTYSINGLEVALUE('Reference',$,IFCLABEL('15mm Foundation Slab'),$);
#440=IFCPROPERTYSET('0mXwnVL7U2E3gGBZtdYXpx',#6,'Pset_ReinforcementBarPitchOfSlab',$,(#439));
#441=IFCPROPERTYSET('0lozsZTp2TXiMgcwIdlExD',#6,'Pset_SlabCommon',$,(#78,#82,#83,#84));
#442=IFCRELDEFINESBYPROPERTIES('3q4Mdf_o5qpwoPIn7LABvt',#6,$,$,(#436),#438);
#443=IFCRELDEFINESBYPROPERTIES('0JeLsgClVOQXM3PUz$xIay',#6,$,$,(#436),#440);
#444=IFCRELDEFINESBYPROPERTIES('1AdUZRuZ$7i2lsrPgyc4kO',#6,$,$,(#436),#441);
#445=IFCAXIS2PLACEMENT3D(#10,$,$);
#446=IFCLOCALPLACEMENT(#24,#445);
#447=IFCCARTESIANPOINT((1.0871303857129533E-012,0.));
#448=IFCAXIS2PLACEMENT2D(#447,#48);
#449=IFCRECTANGLEPROFILEDEF(.AREA.,$,#448,200.,499.99999999999898);
#450=IFCCARTESIANPOINT((-30821.214254621118,11361.361329759748,-100.));
#451=IFCAXIS2PLACEMENT3D(#450,#52,#53);
#452=IFCEXTRUDEDAREASOLID(#449,#451,#55,150.);
#453=IFCSTYLEDITEM(#452,(#60),$);
#454=IFCSHAPEREPRESENTATION(#15,'Body','SweptSolid',(#452));
#455=IFCPRODUCTDEFINITIONSHAPE($,$,(#454));
#456=IFCSLAB('3MsR0LfPbDzeWI2nZHulau',#6,'Foundation Slab:15mm Foundation Slab:306275',$,$,#446,#455,'306275',.BASESLAB.);
#457=IFCMATERIALLAYERSETUSAGE(#76,.AXIS3.,.POSITIVE.,0.);
#458=IFCPROPERTYSET('3KhS7aiSySonKi3xV$b2Bb',#6,'Pset_QuantityTakeOff',$,(#78));
#459=IFCPROPERTYSINGLEVALUE('Reference',$,IFCLABEL('15mm Foundation Slab'),$);
#460=IFCPROPERTYSET('2mWIOpc3un4LZPrsRDB4x7',#6,'Pset_ReinforcementBarPitchOfSlab',$,(#459));
#461=IFCPROPERTYSET('0jRHfNwRW28j44rPrBCfC9',#6,'Pset_SlabCommon',$,(#78,#82,#83,#84));
#462=IFCRELDEFINESBYPROPERTIES('3xl96k9BIqEf96bCGS2g9H',#6,$,$,(#456),#458);
#463=IFCRELDEFINESBYPROPERTIES('0_$cHX$$N4dOt06jpAnBmR',#6,$,$,(#456),#460);
#464=IFCRELDEFINESBYPROPERTIES('1IZ07aWPmhDW5q4jOsrK6U',#6,$,$,(#456),#461);
#465=IFCAXIS2PLACEMENT3D(#10,$,$);
#466=IFCLOCALPLACEMENT(#24,#465);
#467=IFCCARTESIANPOINT((-1.0871303857129533E-012,0.));
#468=IFCAXIS2PLACEMENT2D(#467,#48);
#469=IFCRECTANGLEPROFILEDEF(.AREA.,$,#468,200.,499.99999999999898);
#470=IFCCARTESIANPOINT((-27621.214254621118,11361.361329759739,-100.));
#471=IFCAXIS2PLACEMENT3D(#470,#52,#53);
#472=IFCEXTRUDEDAREASOLID(#469,#471,#55,150.);
#473=IFCSTYLEDITEM(#472,(#60),$);
#474=IFCSHAPEREPRESENTATION(#15,'Body','SweptSolid',(#472));
#475=IFCPRODUCTDEFINITIONSHAPE($,$,(#474));
#476=IFCSLAB('3MsR0LfPbDzeWI2nZHuldh',#6,'Foundation Slab:15mm Foundation Slab:306352',$,$,#466,#475,'306352',.BASESLAB.);
#477=IFCMATERIALLAYERSETUSAGE(#76,.AXIS3.,.POSITIVE.,0.);
#478=IFCPROPERTYSET('3xepjLrhDJ4GIJI5UpSCGz',#6,'Pset_QuantityTakeOff',$,(#78));
#479=IFCPROPERTYSINGLEVALUE('Reference',$,IFCLABEL('15mm Foundation Slab'),$);
#480=IFCPROPERTYSET('2wtHsUFAG8FznGygTGkQ_i',#6,'Pset_ReinforcementBarPitchOfSlab',$,(#479));
#481=IFCPROPERTYSET('1kezyWb9H7TXHYGgkxYfVY',#6,'Pset_SlabCommon',$,(#78,#82,#83,#84));
#482=IFCRELDEFINESBYPROPERTIES('30dPr2VC$7g2YoR8aPHZpU',#6,$,$,(#476),#478);
#483=IFCRELDEFINESBYPROPERTIES('3RpYizK$hCYhNY_bNj1Z0H',#6,$,$,(#476),#480);
#484=IFCRELDEFINESBYPROPERTIES('2czUsRKOAp5sFwpz0CA3mf',#6,$,$,(#476),#481);
#485=IFCAXIS2PLACEMENT3D(#10,$,$);
#486=IFCLOCALPLACEMENT(#24,#485);
#487=IFCCARTESIANPOINT((-1.0871303857129533E-012,0.));
#488=IFCAXIS2PLACEMENT2D(#487,#48);
#489=IFCRECTANGLEPROFILEDEF(.AREA.,$,#488,200.,499.99999999999898);
#490=IFCCARTESIANPOINT((-21221.214254621107,11361.361329759719,-100.));
#491=IFCAXIS2PLACEMENT3D(#490,#52,#53);
#492=IFCEXTRUDEDAREASOLID(#489,#491,#55,150.);
#493=IFCSTYLEDITEM(#492,(#60),$);
#494=IFCSHAPEREPRESENTATION(#15,'Body','SweptSolid',(#492));
#495=IFCPRODUCTDEFINITIONSHAPE($,$,(#494));
#496=IFCSLAB('3MsR0LfPbDzeWI2nZHulcD',#6,'Foundation Slab:15mm Foundation Slab:306390',$,$,#486,#495,'306390',.BASESLAB.);
#497=IFCMATERIALLAYERSETUSAGE(#76,.AXIS3.,.POSITIVE.,0.);
#498=IFCPROPERTYSET('03cbVAPv2wFm1PKOehAFZi',#6,'Pset_QuantityTakeOff',$,(#78));
#499=IFCPROPERTYSINGLEVALUE('Reference',$,IFCLABEL('15mm Foundation Slab'),$);
#500=IFCPROPERTYSET('2yz_EXD6Tq6QXSyKhgydan',#6,'Pset_ReinforcementBarPitchOfSlab',$,(#499));
#501=IFCPROPERTYSET('18xikg7HyQwiSnucasHaMA',#6,'Pset_SlabCommon',$,(#78,#82,#83,#84));
#502=IFCRELDEFINESBYPROPERTIES('31SQHnsETPX5o9Cm25TwR5',#6,$,$,(#496),#498);
#503=IFCRELDEFINESBYPROPERTIES('1In0KQMvIDP$yzJj074Smq',#6,$,$,(#496),#500);
#504=IFCRELDEFINESBYPROPERTIES('1J$6i2klAVojPlQL8274vu',#6,$,$,(#496),#501);
#505=IFCAXIS2PLACEMENT3D(#10,$,$);
#506=IFCLOCALPLACEMENT(#24,#505);
#507=IFCCARTESIANPOINT((1.0871303857129533E-012,0.));
#508=IFCAXIS2PLACEMENT2D(#507,#48);
#509=IFCRECTANGLEPROFILEDEF(.AREA.,$,#508,200.,499.99999999999898);
#510=IFCCARTESIANPOINT((-18021.214254621107,11361.361329759704,-100.));
#511=IFCAXIS2PLACEMENT3D(#510,#52,#53);
#512=IFCEXTRUDEDAREASOLID(#509,#511,#55,150.);
#513=IFCSTYLEDITEM(#512,(#60),$);
#514=IFCSHAPEREPRESENTATION(#15,'Body','SweptSolid',(#512));
#515=IFCPRODUCTDEFINITIONSHAPE($,$,(#514));
#516=IFCSLAB('3MsR0LfPbDzeWI2nZHulcy',#6,'Foundation Slab:15mm Foundation Slab:306407',$,$,#506,#515,'306407',.BASESLAB.);
#517=IFCMATERIALLAYERSETUSAGE(#76,.AXIS3.,.POSITIVE.,0.);
#518=IFCPROPERTYSET('1v8DLHyALIvCTR5ghocvk1',#6,'Pset_QuantityTakeOff',$,(#78));
#519=IFCPROPERTYSINGLEVALUE('Reference',$,IFCLABEL('15mm Foundation Slab'),$);
#520=IFCPROPERTYSET('2R4pd$tN1TPFezDbUKx6I1',#6,'Pset_ReinforcementBarPitchOfSlab',$,(#519));
#521=IFCPROPERTYSET('0o7vlHR_LAoNAvCNIUu4iV',#6,'Pset_SlabCommon',$,(#78,#82,#83,#84));
#522=IFCRELDEFINESBYPROPERTIES('1XIfXEcAPRzHp7eNzyTsFI',#6,$,$,(#516),#518);
#523=IFCRELDEFINESBYPROPERTIES('0L4ovhkZXi94v_qoyU1xvf',#6,$,$,(#516),#520);
#524=IFCRELDEFINESBYPROPERTIES('0aNRs9ed0xxwXGPURNNj0l',#6,$,$,(#516),#521);
#525=IFCAXIS2PLACEMENT3D(#10,$,$);
#526=IFCLOCALPLACEMENT(#24,#525);
#527=IFCCARTESIANPOINT((-1.0871303857129533E-012,0.));
#528=IFCAXIS2PLACEMENT2D(#527,#48);
#529=IFCRECTANGLEPROFILEDEF(.AREA.,$,#528,200.,499.99999999999898);
#530=IFCCARTESIANPOINT((-14821.214254621107,11361.361329759697,-100.));
#531=IFCAXIS2PLACEMENT3D(#530,#52,#53);
#532=IFCEXTRUDEDAREASOLID(#529,#531,#55,150.);
#533=IFCSTYLEDITEM(#532,(#60),$);
#534=IFCSHAPEREPRESENTATION(#15,'Body','SweptSolid',(#532));
#535=IFCPRODUCTDEFINITIONSHAPE($,$,(#534));
#536=IFCSLAB('3MsR0LfPbDzeWI2nZHulcj',#6,'Foundation Slab:15mm Foundation Slab:306422',$,$,#526,#535,'306422',.BASESLAB.);
#537=IFCMATERIALLAYERSETUSAGE(#76,.AXIS3.,.POSITIVE.,0.);
#538=IFCPROPERTYSET('33zFANUfiD6esWRtV6e_ym',#6,'Pset_QuantityTakeOff',$,(#78));
#539=IFCPROPERTYSINGLEVALUE('Reference',$,IFCLABEL('15mm Foundation Slab'),$);
#540=IFCPROPERTYSET('0GdsJWk2FnPQxg$F35lwKC',#6,'Pset_ReinforcementBarPitchOfSlab',$,(#539));
#541=IFCPROPERTYSET('0gFwEhQ6ZkZslowBJpqefo',#6,'Pset_SlabCommon',$,(#78,#82,#83,#84));
#542=IFCRELDEFINESBYPROPERTIES('3rZd3JVDYvIb2aqgkb_drk',#6,$,$,(#536),#538);
#543=IFCRELDEFINESBYPROPERTIES('3lyXl3W8R56GOTRtv_9ann',#6,$,$,(#536),#540);
#544=IFCRELDEFINESBYPROPERTIES('3c06j_4jmAH$vRGOMDOey7',#6,$,$,(#536),#541);
#545=IFCAXIS2PLACEMENT3D(#10,$,$);
#546=IFCLOCALPLACEMENT(#24,#545);
#547=IFCCARTESIANPOINT((-1.0871303857129533E-012,0.));
#548=IFCAXIS2PLACEMENT2D(#547,#48);
#549=IFCRECTANGLEPROFILEDEF(.AREA.,$,#548,200.,499.99999999999898);
#550=IFCCARTESIANPOINT((-8421.2142546211071,11361.361329759675,-100.));
#551=IFCAXIS2PLACEMENT3D(#550,#52,#53);
#552=IFCEXTRUDEDAREASOLID(#549,#551,#55,150.);
#553=IFCSTYLEDITEM(#552,(#60),$);
#554=IFCSHAPEREPRESENTATION(#15,'Body','SweptSolid',(#552));
#555=IFCPRODUCTDEFINITIONSHAPE($,$,(#554));
#556=IFCSLAB('3MsR0LfPbDzeWI2nZHulX5',#6,'Foundation Slab:15mm Foundation Slab:306462',$,$,#546,#555,'306462',.BASESLAB.);
#557=IFCMATERIALLAYERSETUSAGE(#76,.AXIS3.,.POSITIVE.,0.);
#558=IFCPROPERTYSET('00gEmXnacUDSf2zo9$ozt0',#6,'Pset_QuantityTakeOff',$,(#78));
#559=IFCPROPERTYSINGLEVALUE('Reference',$,IFCLABEL('15mm Foundation Slab'),$);
#560=IFCPROPERTYSET('2HAlEUPcExEbFqu_E8mLxd',#6,'Pset_ReinforcementBarPitchOfSlab',$,(#559));
#561=IFCPROPERTYSET('17B_i8HDrOXXQtFeEGXirK',#6,'Pset_SlabCommon',$,(#78,#82,#83,#84));
#562=IFCRELDEFINESBYPROPERTIES('0dq5P_QxgmkykxtcdhyQxp',#6,$,$,(#556),#558);
#563=IFCRELDEFINESBYPROPERTIES('0pL7Z5aCWyz122VIDvGlPb',#6,$,$,(#556),#560);
#564=IFCRELDEFINESBYPROPERTIES('2k6IZ7BYzAVLezsoQeYFiE',#6,$,$,(#556),#561);
#565=IFCAXIS2PLACEMENT3D(#10,$,$);
#566=IFCLOCALPLACEMENT(#24,#565);
#567=IFCCARTESIANPOINT((1.0871303857129533E-012,0.));
#568=IFCAXIS2PLACEMENT2D(#567,#48);
#569=IFCRECTANGLEPROFILEDEF(.AREA.,$,#568,200.,499.99999999999898);
#570=IFCCARTESIANPOINT((-5221.2142546210989,11361.361329759662,-100.));
#571=IFCAXIS2PLACEMENT3D(#570,#52,#53);
#572=IFCEXTRUDEDAREASOLID(#569,#571,#55,150.);
#573=IFCSTYLEDITEM(#572,(#60),$);
#574=IFCSHAPEREPRESENTATION(#15,'Body','SweptSolid',(#572));
#575=IFCPRODUCTDEFINITIONSHAPE($,$,(#574));
#576=IFCSLAB('3MsR0LfPbDzeWI2nZHulXs',#6,'Foundation Slab:15mm Foundation Slab:306477',$,$,#566,#575,'306477',.BASESLAB.);
#577=IFCMATERIALLAYERSETUSAGE(#76,.AXIS3.,.POSITIVE.,0.);
#578=IFCPROPERTYSET('3$gwB8u0jwXiQ_AIilrwa1',#6,'Pset_QuantityTakeOff',$,(#78));
#579=IFCPROPERTYSINGLEVALUE('Reference',$,IFCLABEL('15mm Foundation Slab'),$);
#580=IFCPROPERTYSET('2_CxaKTRA1pK4pVyB3_NvW',#6,'Pset_ReinforcementBarPitchOfSlab',$,(#579));
#581=IFCPROPERTYSET('1_hXzMWCIncmnpg9GxLImW',#6,'Pset_SlabCommon',$,(#78,#82,#83,#84));
#582=IFCRELDEFINESBYPROPERTIES('0x5NRg16MexMoEvPTiAfVH',#6,$,$,(#576),#578);
#583=IFCRELDEFINESBYPROPERTIES('0j_a0x3hgRRHod5S5zhag8',#6,$,$,(#576),#580);
#584=IFCRELDEFINESBYPROPERTIES('0fByl8GATbC4NSdk4C5awd',#6,$,$,(#576),#581);
#585=IFCAXIS2PLACEMENT3D(#10,$,$);
#586=IFCLOCALPLACEMENT(#24,#585);
#587=IFCCARTESIANPOINT((-1.0871303857129533E-012,0.));
#588=IFCAXIS2PLACEMENT2D(#587,#48);
#589=IFCRECTANGLEPROFILEDEF(.AREA.,$,#588,200.,499.99999999999898);
#590=IFCCARTESIANPOINT((-2021.2142546210985,11361.361329759653,-100.));
#591=IFCAXIS2PLACEMENT3D(#590,#52,#53);
#592=IFCEXTRUDEDAREASOLID(#589,#591,#55,150.);
#593=IFCSTYLEDITEM(#592,(#60),$);
#594=IFCSHAPEREPRESENTATION(#15,'Body','SweptSolid',(#592));
#595=IFCPRODUCTDEFINITIONSHAPE($,$,(#594));
#596=IFCSLAB('3MsR0LfPbDzeWI2nZHulXd',#6,'Foundation Slab:15mm Foundation Slab:306492',$,$,#586,#595,'306492',.BASESLAB.);
#597=IFCMATERIALLAYERSETUSAGE(#76,.AXIS3.,.POSITIVE.,0.);
#598=IFCPROPERTYSET('1tqvjCchy29yjCSlic7e26',#6,'Pset_QuantityTakeOff',$,(#78));
#599=IFCPROPERTYSINGLEVALUE('Reference',$,IFCLABEL('15mm Foundation Slab'),$);
#600=IFCPROPERTYSET('3Pt1gOJous$gaElGnE6Uo0',#6,'Pset_ReinforcementBarPitchOfSlab',$,(#599));
#601=IFCPROPERTYSET('0XkHk80NhXdGfl9hYQVxjA',#6,'Pset_SlabCommon',$,(#78,#82,#83,#84));
#602=IFCRELDEFINESBYPROPERTIES('2h5wD5QgUtc8LhqP9IcPDt',#6,$,$,(#596),#598);
#603=IFCRELDEFINESBYPROPERTIES('14IfWiyaWk9m1JGudAQZEr',#6,$,$,(#596),#600);
#604=IFCRELDEFINESBYPROPERTIES('3Eu2F6sLHcs44tljJ5hSiY',#6,$,$,(#596),#601);
#605=IFCAXIS2PLACEMENT3D(#10,$,$);
#606=IFCLOCALPLACEMENT(#24,#605);
#607=IFCCARTESIANPOINT((-1.0871303857129533E-012,0.));
#608=IFCAXIS2PLACEMENT2D(#607,#48);
#609=IFCRECTANGLEPROFILEDEF(.AREA.,$,#608,200.,1200.);
#610=IFCCARTESIANPOINT((1178.7857453788995,11361.361329759644,-100.));
#611=IFCAXIS2PLACEMENT3D(#610,#52,#53);
#612=IFCEXTRUDEDAREASOLID(#609,#611,#55,150.);
#613=IFCSTYLEDITEM(#612,(#60),$);
#614=IFCSHAPEREPRESENTATION(#15,'Body','SweptSolid',(#612));
#615=IFCPRODUCTDEFINITIONSHAPE($,$,(#614));
#616=IFCSLAB('3MsR0LfPbDzeWI2nZHulW8',#6,'Foundation Slab:15mm Foundation Slab:306515',$,$,#606,#615,'306515',.BASESLAB.);
#617=IFCMATERIALLAYERSETUSAGE(#76,.AXIS3.,.POSITIVE.,0.);
#618=IFCPROPERTYSET('2mGoDLTQp49E8ZOsfbofgp',#6,'Pset_QuantityTakeOff',$,(#78));
#619=IFCPROPERTYSINGLEVALUE('Reference',$,IFCLABEL('15mm Foundation Slab'),$);
#620=IFCPROPERTYSET('0i3sNMsoxoZ1ln8NeB5hYx',#6,'Pset_ReinforcementBarPitchOfSlab',$,(#619));
#621=IFCPROPERTYSET('1jSnxW3Tp4BLuVLXGjr3DI',#6,'Pset_SlabCommon',$,(#78,#82,#83,#84));
#622=IFCRELDEFINESBYPROPERTIES('2xq3D$Ixyx6cb1CFZggzu7',#6,$,$,(#616),#618);
#623=IFCRELDEFINESBYPROPERTIES('3A1lMYnMKr$M$MKiaEDeLy',#6,$,$,(#616),#620);
#624=IFCRELDEFINESBYPROPERTIES('3uomMdL$lojSZxZsYAY6j1',#6,$,$,(#616),#621);
#625=IFCAXIS2PLACEMENT3D(#10,$,$);
#626=IFCLOCALPLACEMENT(#24,#625);
#627=IFCCARTESIANPOINT((-1.0871303857129533E-012,0.));
#628=IFCAXIS2PLACEMENT2D(#627,#48);
#629=IFCRECTANGLEPROFILEDEF(.AREA.,$,#628,200.,499.99999999999898);
#630=IFCCARTESIANPOINT((4378.785745378902,11361.361329759631,-100.));
#631=IFCAXIS2PLACEMENT3D(#630,#52,#53);
#632=IFCEXTRUDEDAREASOLID(#629,#631,#55,150.);
#633=IFCSTYLEDITEM(#632,(#60),$);
#634=IFCSHAPEREPRESENTATION(#15,'Body','SweptSolid',(#632));
#635=IFCPRODUCTDEFINITIONSHAPE($,$,(#634));
#636=IFCSLAB('3MsR0LfPbDzeWI2nZHulWv',#6,'Foundation Slab:15mm Foundation Slab:306530',$,$,#626,#635,'306530',.BASESLAB.);
#637=IFCMATERIALLAYERSETUSAGE(#76,.AXIS3.,.POSITIVE.,0.);
#638=IFCPROPERTYSET('3gLpbO3gm2Z_pbQUmFJFLq',#6,'Pset_QuantityTakeOff',$,(#78));
#639=IFCPROPERTYSINGLEVALUE('Reference',$,IFCLABEL('15mm Foundation Slab'),$);
#640=IFCPROPERTYSET('11aUuzdNShPAlheRH1bACh',#6,'Pset_ReinforcementBarPitchOfSlab',$,(#639));
#641=IFCPROPERTYSET('2xvIw5mx_L4VAcjZ04FS7n',#6,'Pset_SlabCommon',$,(#78,#82,#83,#84));
#642=IFCRELDEFINESBYPROPERTIES('3wfvcYJzIYrZ9_bDZBh8ei',#6,$,$,(#636),#638);
#643=IFCRELDEFINESBYPROPERTIES('3Qe75g2WuLgsEW5EiRblwq',#6,$,$,(#636),#640);
#644=IFCRELDEFINESBYPROPERTIES('3Ok3HpAxqKVX6iAlptMMxZ',#6,$,$,(#636),#641);
#645=IFCAXIS2PLACEMENT3D(#10,$,$);
#646=IFCLOCALPLACEMENT(#24,#645);
#647=IFCCARTESIANPOINT((1.0871303857129533E-012,0.));
#648=IFCAXIS2PLACEMENT2D(#647,#48);
#649=IFCRECTANGLEPROFILEDEF(.AREA.,$,#648,200.,499.99999999999898);
#650=IFCCARTESIANPOINT((7578.7857453789111,11361.361329759618,-100.));
#651=IFCAXIS2PLACEMENT3D(#650,#52,#53);
#652=IFCEXTRUDEDAREASOLID(#649,#651,#55,150.);
#653=IFCSTYLEDITEM(#652,(#60),$);
#654=IFCSHAPEREPRESENTATION(#15,'Body','SweptSolid',(#652));
#655=IFCPRODUCTDEFINITIONSHAPE($,$,(#654));
#656=IFCSLAB('3MsR0LfPbDzeWI2nZHulWq',#6,'Foundation Slab:15mm Foundation Slab:306543',$,$,#646,#655,'306543',.BASESLAB.);
#657=IFCMATERIALLAYERSETUSAGE(#76,.AXIS3.,.POSITIVE.,0.);
#658=IFCPROPERTYSET('0sB2dt4Ntllf3vUJTiHzqb',#6,'Pset_QuantityTakeOff',$,(#78));
#659=IFCPROPERTYSINGLEVALUE('Reference',$,IFCLABEL('15mm Foundation Slab'),$);
#660=IFCPROPERTYSET('3UzICDVh6CrA5Y3os4WHNi',#6,'Pset_ReinforcementBarPitchOfSlab',$,(#659));
#661=IFCPROPERTYSET('0n0e4wZ5oRf9q2chD9rnYp',#6,'Pset_SlabCommon',$,(#78,#82,#83,#84));
#662=IFCRELDEFINESBYPROPERTIES('2lNgwi_OQY0OJEiJnOK01U',#6,$,$,(#656),#658);
#663=IFCRELDEFINESBYPROPERTIES('2T4pNmqo3PD7JdXAUxIaHX',#6,$,$,(#656),#660);
#664=IFCRELDEFINESBYPROPERTIES('2ZGzAgCfDyqMhxL0UBNMlO',#6,$,$,(#656),#661);
#665=IFCAXIS2PLACEMENT3D(#10,$,$);
#666=IFCLOCALPLACEMENT(#24,#665);
#667=IFCCARTESIANPOINT((-1.0871303857129533E-012,0.));
#668=IFCAXIS2PLACEMENT2D(#667,#48);
#669=IFCRECTANGLEPROFILEDEF(.AREA.,$,#668,200.,499.99999999999898);
#670=IFCCARTESIANPOINT((10778.785745378911,11361.361329759609,-100.));
#671=IFCAXIS2PLACEMENT3D(#670,#52,#53);
#672=IFCEXTRUDEDAREASOLID(#669,#671,#55,150.);
#673=IFCSTYLEDITEM(#672,(#60),$);
#674=IFCSHAPEREPRESENTATION(#15,'Body','SweptSolid',(#672));
#675=IFCPRODUCTDEFINITIONSHAPE($,$,(#674));
#676=IFCSLAB('3MsR0LfPbDzeWI2nZHulWb',#6,'Foundation Slab:15mm Foundation Slab:306558',$,$,#666,#675,'306558',.BASESLAB.);
#677=IFCMATERIALLAYERSETUSAGE(#76,.AXIS3.,.POSITIVE.,0.);
#678=IFCPROPERTYSET('1y1eGEJ_Ly7vdtELy4SoVt',#6,'Pset_QuantityTakeOff',$,(#78));
#679=IFCPROPERTYSINGLEVALUE('Reference',$,IFCLABEL('15mm Foundation Slab'),$);
#680=IFCPROPERTYSET('3RyZ3Yy91PytUQ1$MxECIz',#6,'Pset_ReinforcementBarPitchOfSlab',$,(#679));
#681=IFCPROPERTYSET('1_U3fUlV4xTUa_5mmkbJwZ',#6,'Pset_SlabCommon',$,(#78,#82,#83,#84));
#682=IFCRELDEFINESBYPROPERTIES('25wG_70lN5Ahlq6dgr1goq',#6,$,$,(#676),#678);
#683=IFCRELDEFINESBYPROPERTIES('2NKPLmNrKpNJ96Lzq3QFe8',#6,$,$,(#676),#680);
#684=IFCRELDEFINESBYPROPERTIES('3uqlxMXNRD$AluJ3ffWZKI',#6,$,$,(#676),#681);
#685=IFCAXIS2PLACEMENT3D(#10,$,$);
#686=IFCLOCALPLACEMENT(#24,#685);
#687=IFCCARTESIANPOINT((-1.0871303857129533E-012,0.));
#688=IFCAXIS2PLACEMENT2D(#687,#48);
#689=IFCRECTANGLEPROFILEDEF(.AREA.,$,#688,200.,1200.);
#690=IFCCARTESIANPOINT((13978.785745378922,11361.3613297596,-100.));
#691=IFCAXIS2PLACEMENT3D(#690,#52,#53);
#692=IFCEXTRUDEDAREASOLID(#689,#691,#55,150.);
#693=IFCSTYLEDITEM(#692,(#60),$);
#694=IFCSHAPEREPRESENTATION(#15,'Body','SweptSolid',(#692));
#695=IFCPRODUCTDEFINITIONSHAPE($,$,(#694));
#696=IFCSLAB('3MsR0LfPbDzeWI2nZHulZM',#6,'Foundation Slab:15mm Foundation Slab:306573',$,$,#686,#695,'306573',.BASESLAB.);
#697=IFCMATERIALLAYERSETUSAGE(#76,.AXIS3.,.POSITIVE.,0.);
#698=IFCPROPERTYSET('3MuYdPItHmnlt0szf_SgZi',#6,'Pset_QuantityTakeOff',$,(#78));
#699=IFCPROPERTYSINGLEVALUE('Reference',$,IFCLABEL('15mm Foundation Slab'),$);
#700=IFCPROPERTYSET('36bOJz3FjtslbKHEKyQEDZ',#6,'Pset_ReinforcementBarPitchOfSlab',$,(#699));
#701=IFCPROPERTYSET('0pXuCRW8w2gnZF4jM9GDoZ',#6,'Pset_SlabCommon',$,(#78,#82,#83,#84));
#702=IFCRELDEFINESBYPROPERTIES('2sj0OWegYMKZC6DJRvph6r',#6,$,$,(#696),#698);
#703=IFCRELDEFINESBYPROPERTIES('1c42mzexZZvmaMfNkIwayM',#6,$,$,(#696),#700);
#704=IFCRELDEFINESBYPROPERTIES('2$6lLlXQz3vpwfM0ZDUGMR',#6,$,$,(#696),#701);
#705=IFCAXIS2PLACEMENT3D(#10,$,$);
#706=IFCLOCALPLACEMENT(#24,#705);
#707=IFCCARTESIANPOINT((-1.0871303857129533E-012,0.));
#708=IFCAXIS2PLACEMENT2D(#707,#48);
#709=IFCRECTANGLEPROFILEDEF(.AREA.,$,#708,200.,499.99999999999898);
#710=IFCCARTESIANPOINT((17178.785745378911,11361.361329759588,-100.));
#711=IFCAXIS2PLACEMENT3D(#710,#52,#53);
#712=IFCEXTRUDEDAREASOLID(#709,#711,#55,150.);
#713=IFCSTYLEDITEM(#712,(#60),$);
#714=IFCSHAPEREPRESENTATION(#15,'Body','SweptSolid',(#712));
#715=IFCPRODUCTDEFINITIONSHAPE($,$,(#714));
#716=IFCSLAB('3MsR0LfPbDzeWI2nZHulZ7',#6,'Foundation Slab:15mm Foundation Slab:306588',$,$,#706,#715,'306588',.BASESLAB.);
#717=IFCMATERIALLAYERSETUSAGE(#76,.AXIS3.,.POSITIVE.,0.);
#718=IFCPROPERTYSET('3bJzJO4EKnHC5b6qIAlAWY',#6,'Pset_QuantityTakeOff',$,(#78));
#719=IFCPROPERTYSINGLEVALUE('Reference',$,IFCLABEL('15mm Foundation Slab'),$);
#720=IFCPROPERTYSET('0_PXvO8le6_F3mJLaArlKS',#6,'Pset_ReinforcementBarPitchOfSlab',$,(#719));
#721=IFCPROPERTYSET('2A$IS5dVKwHcy0lFgjUAQD',#6,'Pset_SlabCommon',$,(#78,#82,#83,#84));
#722=IFCRELDEFINESBYPROPERTIES('3Tvr5UWIIh6bykKSjxojLy',#6,$,$,(#716),#718);
#723=IFCRELDEFINESBYPROPERTIES('1YRl0X5TBqEuIEpNnuTQe4',#6,$,$,(#716),#720);
#724=IFCRELDEFINESBYPROPERTIES('12BSQHXDLvHo1AYEgy_ZQ$',#6,$,$,(#716),#721);
#725=IFCAXIS2PLACEMENT3D(#10,$,$);
#726=IFCLOCALPLACEMENT(#24,#725);
#727=IFCCARTESIANPOINT((1.0871303857129533E-012,0.));
#728=IFCAXIS2PLACEMENT2D(#727,#48);
#729=IFCRECTANGLEPROFILEDEF(.AREA.,$,#728,200.,499.99999999999898);
#730=IFCCARTESIANPOINT((20378.785745378911,11361.361329759575,-100.));
#731=IFCAXIS2PLACEMENT3D(#730,#52,#53);
#732=IFCEXTRUDEDAREASOLID(#729,#731,#55,150.);
#733=IFCSTYLEDITEM(#732,(#60),$);
#734=IFCSHAPEREPRESENTATION(#15,'Body','SweptSolid',(#732));
#735=IFCPRODUCTDEFINITIONSHAPE($,$,(#734));
#736=IFCSLAB('3MsR0LfPbDzeWI2nZHulZm',#6,'Foundation Slab:15mm Foundation Slab:306603',$,$,#726,#735,'306603',.BASESLAB.);
#737=IFCMATERIALLAYERSETUSAGE(#76,.AXIS3.,.POSITIVE.,0.);
#738=IFCPROPERTYSET('3o_Iy9eYHrcxKmaupUDfSw',#6,'Pset_QuantityTakeOff',$,(#78));
#739=IFCPROPERTYSINGLEVALUE('Reference',$,IFCLABEL('15mm Foundation Slab'),$);
#740=IFCPROPERTYSET('0HVSQ3q7Rq$N8cltytCO4f',#6,'Pset_ReinforcementBarPitchOfSlab',$,(#739));
#741=IFCPROPERTYSET('1sE3gewwsfXR_paRTmQhAz',#6,'Pset_SlabCommon',$,(#78,#82,#83,#84));
#742=IFCRELDEFINESBYPROPERTIES('0qo8Qo$VE4FUxGNmjf7aen',#6,$,$,(#736),#738);
#743=IFCRELDEFINESBYPROPERTIES('1g4GNErloRJvy7k9fSZH2U',#6,$,$,(#736),#740);
#744=IFCRELDEFINESBYPROPERTIES('1jVxAOBYvEj0$A6gjMxobt',#6,$,$,(#736),#741);
#745=IFCAXIS2PLACEMENT3D(#10,$,$);
#746=IFCLOCALPLACEMENT(#24,#745);
#747=IFCCARTESIANPOINT((1.0871303857129533E-012,2.1600499167107046E-012));
#748=IFCAXIS2PLACEMENT2D(#747,#48);
#749=IFCRECTANGLEPROFILEDEF(.AREA.,$,#748,200.,299.99999999999676);
#750=IFCCARTESIANPOINT((20753.78574537886,14561.361329759575,-100.));
#751=IFCAXIS2PLACEMENT3D(#750,#52,#53);
#752=IFCEXTRUDEDAREASOLID(#749,#751,#55,150.);
#753=IFCSTYLEDITEM(#752,(#60),$);
#754=IFCSHAPEREPRESENTATION(#15,'Body','SweptSolid',(#752));
#755=IFCPRODUCTDEFINITIONSHAPE($,$,(#754));
#756=IFCSLAB('3MsR0LfPbDzeWI2nZHulYI',#6,'Foundation Slab:15mm Foundation Slab:306633',$,$,#746,#755,'306633',.BASESLAB.);
#757=IFCMATERIALLAYERSETUSAGE(#76,.AXIS3.,.POSITIVE.,0.);
#758=IFCPROPERTYSET('2ZaeTFy8o00mP4x$xtpbTk',#6,'Pset_QuantityTakeOff',$,(#78));
#759=IFCPROPERTYSINGLEVALUE('Reference',$,IFCLABEL('15mm Foundation Slab'),$);
#760=IFCPROPERTYSET('1BbBBBFHaBFgQWliSX61qo',#6,'Pset_ReinforcementBarPitchOfSlab',$,(#759));
#761=IFCPROPERTYSET('2yirpp7up5apJgVrUkHgW8',#6,'Pset_SlabCommon',$,(#78,#82,#83,#84));
#762=IFCRELDEFINESBYPROPERTIES('0kIltIgdh43$IHeTagvZmP',#6,$,$,(#756),#758);
#763=IFCRELDEFINESBYPROPERTIES('3tpUH5h5ZXizd1SrGr_dO6',#6,$,$,(#756),#760);
#764=IFCRELDEFINESBYPROPERTIES('0qrNCKlmKC5CF9u3aOohz8',#6,$,$,(#756),#761);
#765=IFCAXIS2PLACEMENT3D(#10,$,$);
#766=IFCLOCALPLACEMENT(#24,#765);
#767=IFCCARTESIANPOINT((1.0871303857129533E-012,0.));
#768=IFCAXIS2PLACEMENT2D(#767,#48);
#769=IFCRECTANGLEPROFILEDEF(.AREA.,$,#768,200.,1200.);
#770=IFCCARTESIANPOINT((-11621.214254621111,11361.361329759684,-100.));
#771=IFCAXIS2PLACEMENT3D(#770,#52,#53);
#772=IFCEXTRUDEDAREASOLID(#769,#771,#55,150.);
#773=IFCSTYLEDITEM(#772,(#60),$);
#774=IFCSHAPEREPRESENTATION(#15,'Body','SweptSolid',(#772));
#775=IFCPRODUCTDEFINITIONSHAPE($,$,(#774));
#776=IFCSLAB('3MsR0LfPbDzeWI2nZHulf9',#6,'Foundation Slab:15mm Foundation Slab:306962',$,$,#766,#775,'306962',.BASESLAB.);
#777=IFCMATERIALLAYERSETUSAGE(#76,.AXIS3.,.POSITIVE.,0.);
#778=IFCPROPERTYSET('08$GNJgfg890yIVzCYr6j7',#6,'Pset_QuantityTakeOff',$,(#78));
#779=IFCPROPERTYSINGLEVALUE('Reference',$,IFCLABEL('15mm Foundation Slab'),$);
#780=IFCPROPERTYSET('0pTUrjNMgJMabN6xAL34A5',#6,'Pset_ReinforcementBarPitchOfSlab',$,(#779));
#781=IFCPROPERTYSET('3M0OJRqH$fUYPpRcJr4VpY',#6,'Pset_SlabCommon',$,(#78,#82,#83,#84));
#782=IFCRELDEFINESBYPROPERTIES('2IkUu95Bb91FBXt2xsQmFS',#6,$,$,(#776),#778);
#783=IFCRELDEFINESBYPROPERTIES('3TgWZcYRdReHn9Gt8G$k4a',#6,$,$,(#776),#780);
#784=IFCRELDEFINESBYPROPERTIES('18MdRNAADH8kcqIlnNtyM7',#6,$,$,(#776),#781);
#785=IFCAXIS2PLACEMENT3D(#10,$,$);
#786=IFCLOCALPLACEMENT(#24,#785);
#787=IFCCARTESIANPOINT((-1.0871303857129533E-012,2.1600499167107046E-012));
#788=IFCAXIS2PLACEMENT2D(#787,#48);
#789=IFCRECTANGLEPROFILEDEF(.AREA.,$,#788,200.,1200.);
#790=IFCCARTESIANPOINT((-24421.214254621114,11361.361329759726,-100.));
#791=IFCAXIS2PLACEMENT3D(#790,#52,#53);
#792=IFCEXTRUDEDAREASOLID(#789,#791,#55,150.);
#793=IFCSTYLEDITEM(#792,(#60),$);
#794=IFCSHAPEREPRESENTATION(#15,'Body','SweptSolid',(#792));
#795=IFCPRODUCTDEFINITIONSHAPE($,$,(#794));
#796=IFCSLAB('3MsR0LfPbDzeWI2nZHulfw',#6,'Foundation Slab:15mm Foundation Slab:306977',$,$,#786,#795,'306977',.BASESLAB.);
#797=IFCMATERIALLAYERSETUSAGE(#76,.AXIS3.,.POSITIVE.,0.);
#798=IFCPROPERTYSET('0kO3EWTLkaVDl13Vyy_qlq',#6,'Pset_QuantityTakeOff',$,(#78));
#799=IFCPROPERTYSINGLEVALUE('Reference',$,IFCLABEL('15mm Foundation Slab'),$);
#800=IFCPROPERTYSET('1w$23d1my2E8ygBV9Jf1hj',#6,'Pset_ReinforcementBarPitchOfSlab',$,(#799));
#801=IFCPROPERTYSET('2rAvzJSfxdZ4Rp8OFFQuNF',#6,'Pset_SlabCommon',$,(#78,#82,#83,#84));
#802=IFCRELDEFINESBYPROPERTIES('3e9gud2E3lRxtaQm7M33Ye',#6,$,$,(#796),#798);
#803=IFCRELDEFINESBYPROPERTIES('2Xf31$Pz0KR$balxDXb8Dh',#6,$,$,(#796),#800);
#804=IFCRELDEFINESBYPROPERTIES('1RMxijcmNKFTYjKmZdIkkh',#6,$,$,(#796),#801);
#805=IFCAXIS2PLACEMENT3D(#10,$,$);
#806=IFCLOCALPLACEMENT(#24,#805);
#807=IFCCARTESIANPOINT((1.0871303857129533E-012,0.));
#808=IFCAXIS2PLACEMENT2D(#807,#48);
#809=IFCRECTANGLEPROFILEDEF(.AREA.,$,#808,200.,499.99999999999898);
#810=IFCCARTESIANPOINT((29728.785745378893,14561.361329759553,-100.));
#811=IFCAXIS2PLACEMENT3D(#810,#52,#53);
#812=IFCEXTRUDEDAREASOLID(#809,#811,#55,150.);
#813=IFCSTYLEDITEM(#812,(#60),$);
#814=IFCSHAPEREPRESENTATION(#15,'Body','SweptSolid',(#812));
#815=IFCPRODUCTDEFINITIONSHAPE($,$,(#814));
#816=IFCSLAB('3MsR0LfPbDzeWI2nZHule$',#6,'Foundation Slab:15mm Foundation Slab:307044',$,$,#806,#815,'307044',.BASESLAB.);
#817=IFCMATERIALLAYERSETUSAGE(#76,.AXIS3.,.POSITIVE.,0.);
#818=IFCPROPERTYSET('2xOA1aKawDuP3wq$4p8BLH',#6,'Pset_QuantityTakeOff',$,(#78));
#819=IFCPROPERTYSINGLEVALUE('Reference',$,IFCLABEL('15mm Foundation Slab'),$);
#820=IFCPROPERTYSET('1sSnM0zy3lLoJRd9VU3t1h',#6,'Pset_ReinforcementBarPitchOfSlab',$,(#819));
#821=IFCPROPERTYSET('1nOD6snpKx6zoN$XTFphiz',#6,'Pset_SlabCommon',$,(#78,#82,#83,#84));
#822=IFCRELDEFINESBYPROPERTIES('1ty3grpiXPszFSwfgM72Sv',#6,$,$,(#816),#818);
#823=IFCRELDEFINESBYPROPERTIES('1juEKLXRVSpSqkn1XC_rby',#6,$,$,(#816),#820);
#824=IFCRELDEFINESBYPROPERTIES('2zfGSqqQPoF0$zCkAzWMCk',#6,$,$,(#816),#821);
#825=IFCAXIS2PLACEMENT3D(#10,$,$);
#826=IFCLOCALPLACEMENT(#24,#825);
#827=IFCCARTESIANPOINT((0.,0.));
#828=IFCAXIS2PLACEMENT2D(#827,#48);
#829=IFCRECTANGLEPROFILEDEF(.AREA.,$,#828,200.,499.99999999999898);
#830=IFCCARTESIANPOINT((29728.785745378893,4961.3613297595512,-100.));
#831=IFCAXIS2PLACEMENT3D(#830,#52,#53);
#832=IFCEXTRUDEDAREASOLID(#829,#831,#55,150.);
#833=IFCSTYLEDITEM(#832,(#60),$);
#834=IFCSHAPEREPRESENTATION(#15,'Body','SweptSolid',(#832));
#835=IFCPRODUCTDEFINITIONSHAPE($,$,(#834));
#836=IFCSLAB('3MsR0LfPbDzeWI2nZHulhA',#6,'Foundation Slab:15mm Foundation Slab:307089',$,$,#826,#835,'307089',.BASESLAB.);
#837=IFCMATERIALLAYERSETUSAGE(#76,.AXIS3.,.POSITIVE.,0.);
#838=IFCPROPERTYSET('0HB54x7f2M2NhnPNxlAGCx',#6,'Pset_QuantityTakeOff',$,(#78));
#839=IFCPROPERTYSINGLEVALUE('Reference',$,IFCLABEL('15mm Foundation Slab'),$);
#840=IFCPROPERTYSET('3qheAieNS$Aq9A3ThSPpHM',#6,'Pset_ReinforcementBarPitchOfSlab',$,(#839));
#841=IFCPROPERTYSET('13zgSoa83jfmd$PVFAYygI',#6,'Pset_SlabCommon',$,(#78,#82,#83,#84));
#842=IFCRELDEFINESBYPROPERTIES('0P4e1BlF8ATFK8J0b$zcp$',#6,$,$,(#836),#838);
#843=IFCRELDEFINESBYPROPERTIES('0glOp0wRbOQ$w$j1dNPAqy',#6,$,$,(#836),#840);
#844=IFCRELDEFINESBYPROPERTIES('1$a_$_mZDhwlppgwGhNVDA',#6,$,$,(#836),#841);
#845=IFCAXIS2PLACEMENT3D(#10,$,$);
#846=IFCLOCALPLACEMENT(#24,#845);
#847=IFCCARTESIANPOINT((0.,0.));
#848=IFCAXIS2PLACEMENT2D(#847,#48);
#849=IFCRECTANGLEPROFILEDEF(.AREA.,$,#848,200.,499.99999999999898);
#850=IFCCARTESIANPOINT((29728.785745378893,1761.3613297595514,-100.));
#851=IFCAXIS2PLACEMENT3D(#850,#52,#53);
#852=IFCEXTRUDEDAREASOLID(#849,#851,#55,150.);
#853=IFCSTYLEDITEM(#852,(#60),$);
#854=IFCSHAPEREPRESENTATION(#15,'Body','SweptSolid',(#852));
#855=IFCPRODUCTDEFINITIONSHAPE($,$,(#854));
#856=IFCSLAB('3MsR0LfPbDzeWI2nZHulhx',#6,'Foundation Slab:15mm Foundation Slab:307104',$,$,#846,#855,'307104',.BASESLAB.);
#857=IFCMATERIALLAYERSETUSAGE(#76,.AXIS3.,.POSITIVE.,0.);
#858=IFCPROPERTYSET('0RCegC5rZRGPsb2KvtIRKn',#6,'Pset_QuantityTakeOff',$,(#78));
#859=IFCPROPERTYSINGLEVALUE('Reference',$,IFCLABEL('15mm Foundation Slab'),$);
#860=IFCPROPERTYSET('2PvTtpYcyvXu1z$kXbLRtW',#6,'Pset_ReinforcementBarPitchOfSlab',$,(#859));
#861=IFCPROPERTYSET('2N6$kuFqBKHVOGXLM1Ai0x',#6,'Pset_SlabCommon',$,(#78,#82,#83,#84));
#862=IFCRELDEFINESBYPROPERTIES('2FF0lEkmwy_MX2IOUOe6_2',#6,$,$,(#856),#858);
#863=IFCRELDEFINESBYPROPERTIES('0Ug0GdUx$0cYThoFl$7chE',#6,$,$,(#856),#860);
#864=IFCRELDEFINESBYPROPERTIES('1tMaNno9q28VKGrCYosxus',#6,$,$,(#856),#861);
#865=IFCAXIS2PLACEMENT3D(#10,$,$);
#866=IFCLOCALPLACEMENT(#24,#865);
#867=IFCCARTESIANPOINT((0.,0.));
#868=IFCAXIS2PLACEMENT2D(#867,#48);
#869=IFCRECTANGLEPROFILEDEF(.AREA.,$,#868,200.,499.99999999999898);
#870=IFCCARTESIANPOINT((29728.785745378893,-1438.6386702404488,-100.));
#871=IFCAXIS2PLACEMENT3D(#870,#52,#53);
#872=IFCEXTRUDEDAREASOLID(#869,#871,#55,150.);
#873=IFCSTYLEDITEM(#872,(#60),$);
#874=IFCSHAPEREPRESENTATION(#15,'Body','SweptSolid',(#872));
#875=IFCPRODUCTDEFINITIONSHAPE($,$,(#874));
#876=IFCSLAB('3MsR0LfPbDzeWI2nZHulhq',#6,'Foundation Slab:15mm Foundation Slab:307119',$,$,#866,#875,'307119',.BASESLAB.);
#877=IFCMATERIALLAYERSETUSAGE(#76,.AXIS3.,.POSITIVE.,0.);
#878=IFCPROPERTYSET('3PvVbcJt9T5PFt2xkv5jey',#6,'Pset_QuantityTakeOff',$,(#78));
#879=IFCPROPERTYSINGLEVALUE('Reference',$,IFCLABEL('15mm Foundation Slab'),$);
#880=IFCPROPERTYSET('1pCx5PRkSC$bfw6w7o8Fla',#6,'Pset_ReinforcementBarPitchOfSlab',$,(#879));
#881=IFCPROPERTYSET('2b4oLwRiZO9vT6yH1NS5KZ',#6,'Pset_SlabCommon',$,(#78,#82,#83,#84));
#882=IFCRELDEFINESBYPROPERTIES('0LABoEzCl_KYt2uEq$b1ZM',#6,$,$,(#876),#878);
#883=IFCRELDEFINESBYPROPERTIES('1$L2iyZ7JskiboP_QxGZOF',#6,$,$,(#876),#880);
#884=IFCRELDEFINESBYPROPERTIES('1Z5rx1TAFs9hAq3pz4rgd4',#6,$,$,(#876),#881);
#885=IFCAXIS2PLACEMENT3D(#10,$,$);
#886=IFCLOCALPLACEMENT(#24,#885);
#887=IFCCARTESIANPOINT((0.,0.));
#888=IFCAXIS2PLACEMENT2D(#887,#48);
#889=IFCRECTANGLEPROFILEDEF(.AREA.,$,#888,200.,499.99999999999898);
#890=IFCCARTESIANPOINT((29728.785745378893,-4638.6386702404488,-100.));
#891=IFCAXIS2PLACEMENT3D(#890,#52,#53);
#892=IFCEXTRUDEDAREASOLID(#889,#891,#55,150.);
#893=IFCSTYLEDITEM(#892,(#60),$);
#894=IFCSHAPEREPRESENTATION(#15,'Body','SweptSolid',(#892));
#895=IFCPRODUCTDEFINITIONSHAPE($,$,(#894));
#896=IFCSLAB('3MsR0LfPbDzeWI2nZHulhb',#6,'Foundation Slab:15mm Foundation Slab:307134',$,$,#886,#895,'307134',.BASESLAB.);
#897=IFCMATERIALLAYERSETUSAGE(#76,.AXIS3.,.POSITIVE.,0.);
#898=IFCPROPERTYSET('0DSkgfC3KEk3EcUqTS3eW3',#6,'Pset_QuantityTakeOff',$,(#78));
#899=IFCPROPERTYSINGLEVALUE('Reference',$,IFCLABEL('15mm Foundation Slab'),$);
#900=IFCPROPERTYSET('1KA$tZ_DqablFzftMKuZKJ',#6,'Pset_ReinforcementBarPitchOfSlab',$,(#899));
#901=IFCPROPERTYSET('2EV7qoEjT7whBqg47vts49',#6,'Pset_SlabCommon',$,(#78,#82,#83,#84));
#902=IFCRELDEFINESBYPROPERTIES('3vRGZOeSApssDka6iDwqp$',#6,$,$,(#896),#898);
#903=IFCRELDEFINESBYPROPERTIES('0lchIWA5j7OQdNEpSufLfu',#6,$,$,(#896),#900);
#904=IFCRELDEFINESBYPROPERTIES('0iN$lUrDu$w6_b07c67Cbc',#6,$,$,(#896),#901);
#905=IFCAXIS2PLACEMENT3D(#10,$,$);
#906=IFCLOCALPLACEMENT(#24,#905);
#907=IFCCARTESIANPOINT((0.,0.));
#908=IFCAXIS2PLACEMENT2D(#907,#48);
#909=IFCRECTANGLEPROFILEDEF(.AREA.,$,#908,200.,499.99999999999898);
#910=IFCCARTESIANPOINT((29728.785745378893,-7838.638670240447,-100.));
#911=IFCAXIS2PLACEMENT3D(#910,#52,#53);
#912=IFCEXTRUDEDAREASOLID(#909,#911,#55,150.);
#913=IFCSTYLEDITEM(#912,(#60),$);
#914=IFCSHAPEREPRESENTATION(#15,'Body','SweptSolid',(#912));
#915=IFCPRODUCTDEFINITIONSHAPE($,$,(#914));
#916=IFCSLAB('3MsR0LfPbDzeWI2nZHulgK',#6,'Foundation Slab:15mm Foundation Slab:307151',$,$,#906,#915,'307151',.BASESLAB.);
#917=IFCMATERIALLAYERSETUSAGE(#76,.AXIS3.,.POSITIVE.,0.);
#918=IFCPROPERTYSET('0IvyuwtTHgIo6rdZFkZVDS',#6,'Pset_QuantityTakeOff',$,(#78));
#919=IFCPROPERTYSINGLEVALUE('Reference',$,IFCLABEL('15mm Foundation Slab'),$);
#920=IFCPROPERTYSET('100IMQDnWp3o4rD03WTvbQ',#6,'Pset_ReinforcementBarPitchOfSlab',$,(#919));
#921=IFCPROPERTYSET('1VgpyHRQez5BpfobIdxPK2',#6,'Pset_SlabCommon',$,(#78,#82,#83,#84));
#922=IFCRELDEFINESBYPROPERTIES('0vTBPeaAe3QiM4hVZcSDRZ',#6,$,$,(#916),#918);
#923=IFCRELDEFINESBYPROPERTIES('0FmwqfY$Mhtw5VscPw2$X9',#6,$,$,(#916),#920);
#924=IFCRELDEFINESBYPROPERTIES('1lAc04NrENrTgdfq$EGmbs',#6,$,$,(#916),#921);
#925=IFCAXIS2PLACEMENT3D(#10,$,$);
#926=IFCLOCALPLACEMENT(#24,#925);
#927=IFCCARTESIANPOINT((1.0871303857129533E-012,0.));
#928=IFCAXIS2PLACEMENT2D(#927,#48);
#929=IFCRECTANGLEPROFILEDEF(.AREA.,$,#928,200.,499.99999999999898);
#930=IFCCARTESIANPOINT((29728.785745378893,-11038.638670240449,-100.));
#931=IFCAXIS2PLACEMENT3D(#930,#52,#53);
#932=IFCEXTRUDEDAREASOLID(#929,#931,#55,150.);
#933=IFCSTYLEDITEM(#932,(#60),$);
#934=IFCSHAPEREPRESENTATION(#15,'Body','SweptSolid',(#932));
#935=IFCPRODUCTDEFINITIONSHAPE($,$,(#934));
#936=IFCSLAB('3MsR0LfPbDzeWI2nZHulg5',#6,'Foundation Slab:15mm Foundation Slab:307166',$,$,#926,#935,'307166',.BASESLAB.);
#937=IFCMATERIALLAYERSETUSAGE(#76,.AXIS3.,.POSITIVE.,0.);
#938=IFCPROPERTYSET('2Rs81PUKLjfUVEM2dI860D',#6,'Pset_QuantityTakeOff',$,(#78));
#939=IFCPROPERTYSINGLEVALUE('Reference',$,IFCLABEL('15mm Foundation Slab'),$);
#940=IFCPROPERTYSET('38pBYboXXdO6JfZHyjPHJD',#6,'Pset_ReinforcementBarPitchOfSlab',$,(#939));
#941=IFCPROPERTYSET('1lJ3CgCKBQ5$owU7fILWJJ',#6,'Pset_SlabCommon',$,(#78,#82,#83,#84));
#942=IFCRELDEFINESBYPROPERTIES('0XbvAk0Q5emSXAfHSLmymn',#6,$,$,(#936),#938);
#943=IFCRELDEFINESBYPROPERTIES('1xsDoJbSIrhNCNYPlPiekR',#6,$,$,(#936),#940);
#944=IFCRELDEFINESBYPROPERTIES('22_1MRtIAF9r13_lrybPlu',#6,$,$,(#936),#941);
#945=IFCAXIS2PLACEMENT3D(#10,$,$);
#946=IFCLOCALPLACEMENT(#24,#945);
#947=IFCCARTESIANPOINT((0.,0.));
#948=IFCAXIS2PLACEMENT2D(#947,#48);
#949=IFCRECTANGLEPROFILEDEF(.AREA.,$,#948,200.,300.00000000000108);
#950=IFCCARTESIANPOINT((20578.785745378889,8261.3613297595839,-100.));
#951=IFCAXIS2PLACEMENT3D(#950,#52,#53);
#952=IFCEXTRUDEDAREASOLID(#949,#951,#55,150.);
#953=IFCSTYLEDITEM(#952,(#60),$);
#954=IFCSHAPEREPRESENTATION(#15,'Body','SweptSolid',(#952));
#955=IFCPRODUCTDEFINITIONSHAPE($,$,(#954));
#956=IFCSLAB('3MsR0LfPbDzeWI2nZHukLJ',#6,'Foundation Slab:15mm Foundation Slab:307208',$,$,#946,#955,'307208',.BASESLAB.);
#957=IFCMATERIALLAYERSETUSAGE(#76,.AXIS3.,.POSITIVE.,0.);
#958=IFCPROPERTYSET('1CJp6nnFPHPn1xjVClaJwc',#6,'Pset_QuantityTakeOff',$,(#78));
#959=IFCPROPERTYSINGLEVALUE('Reference',$,IFCLABEL('15mm Foundation Slab'),$);
#960=IFCPROPERTYSET('1GFj12s2queNgwIGjbhOWS',#6,'Pset_ReinforcementBarPitchOfSlab',$,(#959));
#961=IFCPROPERTYSET('2P_Z_xzmLLlUR3V3CFIc6e',#6,'Pset_SlabCommon',$,(#78,#82,#83,#84));
#962=IFCRELDEFINESBYPROPERTIES('1mv4GsXOcjSkDwB9nogYFL',#6,$,$,(#956),#958);
#963=IFCRELDEFINESBYPROPERTIES('1_6S_2_5cywlGevyt7I4CG',#6,$,$,(#956),#960);
#964=IFCRELDEFINESBYPROPERTIES('1qcTewYgrgyEYy$87Bbwtm',#6,$,$,(#956),#961);
#965=IFCAXIS2PLACEMENT3D(#10,$,$);
#966=IFCLOCALPLACEMENT(#24,#965);
#967=IFCCARTESIANPOINT((0.,0.));
#968=IFCAXIS2PLACEMENT2D(#967,#48);
#969=IFCRECTANGLEPROFILEDEF(.AREA.,$,#968,200.,300.00000000000108);
#970=IFCCARTESIANPOINT((20578.785745378889,5061.3613297595948,-100.));
#971=IFCAXIS2PLACEMENT3D(#970,#52,#53);
#972=IFCEXTRUDEDAREASOLID(#969,#971,#55,150.);
#973=IFCSTYLEDITEM(#972,(#60),$);
#974=IFCSHAPEREPRESENTATION(#15,'Body','SweptSolid',(#972));
#975=IFCPRODUCTDEFINITIONSHAPE($,$,(#974));
#976=IFCSLAB('3MsR0LfPbDzeWI2nZHukM5',#6,'Foundation Slab:15mm Foundation Slab:307422',$,$,#966,#975,'307422',.BASESLAB.);
#977=IFCMATERIALLAYERSETUSAGE(#76,.AXIS3.,.POSITIVE.,0.);
#978=IFCPROPERTYSET('0uBv36a96fWhATCaXkavew',#6,'Pset_QuantityTakeOff',$,(#78));
#979=IFCPROPERTYSINGLEVALUE('Reference',$,IFCLABEL('15mm Foundation Slab'),$);
#980=IFCPROPERTYSET('2YtuDFEol5H5hO2Q4Ym7a4',#6,'Pset_ReinforcementBarPitchOfSlab',$,(#979));
#981=IFCPROPERTYSET('3InP7Co2FvLhd0vJ5DZQ4q',#6,'Pset_SlabCommon',$,(#78,#82,#83,#84));
#982=IFCRELDEFINESBYPROPERTIES('258GbuFLYitdYzNzyIQbje',#6,$,$,(#976),#978);
#983=IFCRELDEFINESBYPROPERTIES('3oRjmZlEdYWAxK5_95pR29',#6,$,$,(#976),#980);
#984=IFCRELDEFINESBYPROPERTIES('1xgu$ibhouu_NIJD3laWyO',#6,$,$,(#976),#981);
#985=IFCAXIS2PLACEMENT3D(#10,$,$);
#986=IFCLOCALPLACEMENT(#24,#985);
#987=IFCCARTESIANPOINT((0.,0.));
#988=IFCAXIS2PLACEMENT2D(#987,#48);
#989=IFCRECTANGLEPROFILEDEF(.AREA.,$,#988,200.,300.00000000000108);
#990=IFCCARTESIANPOINT((20578.785745378889,1861.3613297595957,-100.));
#991=IFCAXIS2PLACEMENT3D(#990,#52,#53);
#992=IFCEXTRUDEDAREASOLID(#989,#991,#55,150.);
#993=IFCSTYLEDITEM(#992,(#60),$);
#994=IFCSHAPEREPRESENTATION(#15,'Body','SweptSolid',(#992));
#995=IFCPRODUCTDEFINITIONSHAPE($,$,(#994));
#996=IFCSLAB('3MsR0LfPbDzeWI2nZHukMq',#6,'Foundation Slab:15mm Foundation Slab:307439',$,$,#986,#995,'307439',.BASESLAB.);
#997=IFCMATERIALLAYERSETUSAGE(#76,.AXIS3.,.POSITIVE.,0.);
#998=IFCPROPERTYSET('0O$3z_oXJxx01At3rVia3y',#6,'Pset_QuantityTakeOff',$,(#78));
#999=IFCPROPERTYSINGLEVALUE('Reference',$,IFCLABEL('15mm Foundation Slab'),$);
#1000=IFCPROPERTYSET('1UXBlAGs_x25w$7FANHuT5',#6,'Pset_ReinforcementBarPitchOfSlab',$,(#999));
#1001=IFCPROPERTYSET('0SPn9ZEg$mIAEzHGAgV3PW',#6,'Pset_SlabCommon',$,(#78,#82,#83,#84));
#1002=IFCRELDEFINESBYPROPERTIES('11OjhluwZub9cWyjgvU966',#6,$,$,(#996),#998);
#1003=IFCRELDEFINESBYPROPERTIES('3X_9g$1PDGONkYBwU$t5VK',#6,$,$,(#996),#1000);
#1004=IFCRELDEFINESBYPROPERTIES('1w38x4kwC$beF8AT9GIDUw',#6,$,$,(#996),#1001);
#1005=IFCAXIS2PLACEMENT3D(#10,$,$);
#1006=IFCLOCALPLACEMENT(#24,#1005);
#1007=IFCCARTESIANPOINT((0.,0.));
#1008=IFCAXIS2PLACEMENT2D(#1007,#48);
#1009=IFCRECTANGLEPROFILEDEF(.AREA.,$,#1008,200.,300.00000000000108);
#1010=IFCCARTESIANPOINT((20578.785745378889,-1338.6386702404045,-100.));
#1011=IFCAXIS2PLACEMENT3D(#1010,#52,#53);
#1012=IFCEXTRUDEDAREASOLID(#1009,#1011,#55,150.);
#1013=IFCSTYLEDITEM(#1012,(#60),$);
#1014=IFCSHAPEREPRESENTATION(#15,'Body','SweptSolid',(#1012));
#1015=IFCPRODUCTDEFINITIONSHAPE($,$,(#1014));
#1016=IFCSLAB('3MsR0LfPbDzeWI2nZHukMb',#6,'Foundation Slab:15mm Foundation Slab:307454',$,$,#1006,#1015,'307454',.BASESLAB.);
#1017=IFCMATERIALLAYERSETUSAGE(#76,.AXIS3.,.POSITIVE.,0.);
#1018=IFCPROPERTYSET('2et7OFMPllCGzA5CDTJWkh',#6,'Pset_QuantityTakeOff',$,(#78));
#1019=IFCPROPERTYSINGLEVALUE('Reference',$,IFCLABEL('15mm Foundation Slab'),$);
#1020=IFCPROPERTYSET('1KdLc2YZbJi7yHQ0OniqSY',#6,'Pset_ReinforcementBarPitchOfSlab',$,(#1019));
#1021=IFCPROPERTYSET('11GpCvbn9TC1YzVlYRllD7',#6,'Pset_SlabCommon',$,(#78,#82,#83,#84));
#1022=IFCRELDEFINESBYPROPERTIES('238SjCKhWPP4CuyARQvJ0N',#6,$,$,(#1016),#1018);
#1023=IFCRELDEFINESBYPROPERTIES('35q1wLTnfavTZQm92jXJjM',#6,$,$,(#1016),#1020);
#1024=IFCRELDEFINESBYPROPERTIES('0uJ8PR5n8DZZJ_NURLHK3k',#6,$,$,(#1016),#1021);
#1025=IFCAXIS2PLACEMENT3D(#10,$,$);
#1026=IFCLOCALPLACEMENT(#24,#1025);
#1027=IFCCARTESIANPOINT((0.,0.));
#1028=IFCAXIS2PLACEMENT2D(#1027,#48);
#1029=IFCRECTANGLEPROFILEDEF(.AREA.,$,#1028,200.,300.00000000000108);
#1030=IFCCARTESIANPOINT((20578.785745378889,-4538.6386702404043,-100.));
#1031=IFCAXIS2PLACEMENT3D(#1030,#52,#53);
#1032=IFCEXTRUDEDAREASOLID(#1029,#1031,#55,150.);
#1033=IFCSTYLEDITEM(#1032,(#60),$);
#1034=IFCSHAPEREPRESENTATION(#15,'Body','SweptSolid',(#1032));
#1035=IFCPRODUCTDEFINITIONSHAPE($,$,(#1034));
#1036=IFCSLAB('3MsR0LfPbDzeWI2nZHukHM',#6,'Foundation Slab:15mm Foundation Slab:307469',$,$,#1026,#1035,'307469',.BASESLAB.);
#1037=IFCMATERIALLAYERSETUSAGE(#76,.AXIS3.,.POSITIVE.,0.);
#1038=IFCPROPERTYSET('0km3vcc8aK3ENe1TCjrkjp',#6,'Pset_QuantityTakeOff',$,(#78));
#1039=IFCPROPERTYSINGLEVALUE('Reference',$,IFCLABEL('15mm Foundation Slab'),$);
#1040=IFCPROPERTYSET('0JowJvqcj5JUdL4$pKAnUP',#6,'Pset_ReinforcementBarPitchOfSlab',$,(#1039));
#1041=IFCPROPERTYSET('1y2VTGW4TABo93QAGNKs3$',#6,'Pset_SlabCommon',$,(#78,#82,#83,#84));
#1042=IFCRELDEFINESBYPROPERTIES('2JvSFnE8BnexFHs2W2GnLR',#6,$,$,(#1036),#1038);
#1043=IFCRELDEFINESBYPROPERTIES('34kQPBEhqoBNBlN8nXOuAf',#6,$,$,(#1036),#1040);
#1044=IFCRELDEFINESBYPROPERTIES('1aNdmqGC7sKu8fwDS_v0Iv',#6,$,$,(#1036),#1041);
#1045=IFCAXIS2PLACEMENT3D(#10,$,$);
#1046=IFCLOCALPLACEMENT(#24,#1045);
#1047=IFCCARTESIANPOINT((1.0871303857129533E-012,0.));
#1048=IFCAXIS2PLACEMENT2D(#1047,#48);
#1049=IFCRECTANGLEPROFILEDEF(.AREA.,$,#1048,200.,300.00000000000108);
#1050=IFCCARTESIANPOINT((20578.785745378889,-10938.638670240407,-100.));
#1051=IFCAXIS2PLACEMENT3D(#1050,#52,#53);
#1052=IFCEXTRUDEDAREASOLID(#1049,#1051,#55,150.);
#1053=IFCSTYLEDITEM(#1052,(#60),$);
#1054=IFCSHAPEREPRESENTATION(#15,'Body','SweptSolid',(#1052));
#1055=IFCPRODUCTDEFINITIONSHAPE($,$,(#1054));
#1056=IFCSLAB('3MsR0LfPbDzeWI2nZHukHm',#6,'Foundation Slab:15mm Foundation Slab:307499',$,$,#1046,#1055,'307499',.BASESLAB.);
#1057=IFCMATERIALLAYERSETUSAGE(#76,.AXIS3.,.POSITIVE.,0.);
#1058=IFCPROPERTYSET('3gErCzq_CdU33BUv5Jsxaz',#6,'Pset_QuantityTakeOff',$,(#78));
#1059=IFCPROPERTYSINGLEVALUE('Reference',$,IFCLABEL('15mm Foundation Slab'),$);
#1060=IFCPROPERTYSET('1hTIL76KZo3VJvylZxKo4p',#6,'Pset_ReinforcementBarPitchOfSlab',$,(#1059));
#1061=IFCPROPERTYSET('3mAsw22SLYQIlRfma0RY0E',#6,'Pset_SlabCommon',$,(#78,#82,#83,#84));
#1062=IFCRELDEFINESBYPROPERTIES('3J9BPK6jBTTWTN4siR6E$J',#6,$,$,(#1056),#1058);
#1063=IFCRELDEFINESBYPROPERTIES('07GVKgAHj6e2Zq6Sdie15L',#6,$,$,(#1056),#1060);
#1064=IFCRELDEFINESBYPROPERTIES('3NJS9nFYOH37jm3XdxiA10',#6,$,$,(#1056),#1061);
#1065=IFCAXIS2PLACEMENT3D(#10,$,$);
#1066=IFCLOCALPLACEMENT(#24,#1065);
#1067=IFCCARTESIANPOINT((0.,0.));
#1068=IFCAXIS2PLACEMENT2D(#1067,#48);
#1069=IFCRECTANGLEPROFILEDEF(.AREA.,$,#1068,400.,400.);
#1070=IFCCARTESIANPOINT((1623.7857453788813,-7173.638670240216,-100.));
#1071=IFCAXIS2PLACEMENT3D(#1070,#52,#53);
#1072=IFCEXTRUDEDAREASOLID(#1069,#1071,#55,150.);
#1073=IFCSTYLEDITEM(#1072,(#60),$);
#1074=IFCSHAPEREPRESENTATION(#15,'Body','SweptSolid',(#1072));
#1075=IFCPRODUCTDEFINITIONSHAPE($,$,(#1074));
#1076=IFCSLAB('3MsR0LfPbDzeWI2nZHukGD',#6,'Foundation Slab:15mm Foundation Slab:307542',$,$,#1066,#1075,'307542',.BASESLAB.);
#1077=IFCMATERIALLAYERSETUSAGE(#76,.AXIS3.,.POSITIVE.,0.);
#1078=IFCPROPERTYSET('3rMRHw14r3i7FxDRWfD_TJ',#6,'Pset_QuantityTakeOff',$,(#78));
#1079=IFCPROPERTYSINGLEVALUE('Reference',$,IFCLABEL('15mm Foundation Slab'),$);
#1080=IFCPROPERTYSET('2Edqs7_Ql3ENFeHZOpnDF9',#6,'Pset_ReinforcementBarPitchOfSlab',$,(#1079));
#1081=IFCPROPERTYSET('3V3XqwxhC90YEmm$XMS049',#6,'Pset_SlabCommon',$,(#78,#82,#83,#84));
#1082=IFCRELDEFINESBYPROPERTIES('0MSLPF5dZzv5JP_bi7Us1E',#6,$,$,(#1076),#1078);
#1083=IFCRELDEFINESBYPROPERTIES('3OOpEeFnJeO2H9ejFFigRf',#6,$,$,(#1076),#1080);
#1084=IFCRELDEFINESBYPROPERTIES('3vUqSaRdvBsQA5h2aMFfT8',#6,$,$,(#1076),#1081);
#1085=IFCAXIS2PLACEMENT3D(#10,$,$);
#1086=IFCLOCALPLACEMENT(#24,#1085);
#1087=IFCCARTESIANPOINT((0.,0.));
#1088=IFCAXIS2PLACEMENT2D(#1087,#48);
#1089=IFCRECTANGLEPROFILEDEF(.AREA.,$,#1088,400.,400.00000000000438);
#1090=IFCCARTESIANPOINT((-28556.21425462114,-7173.6386702402151,-100.));
#1091=IFCAXIS2PLACEMENT3D(#1090,#52,#53);
#1092=IFCEXTRUDEDAREASOLID(#1089,#1091,#55,150.);
#1093=IFCSTYLEDITEM(#1092,(#60),$);
#1094=IFCSHAPEREPRESENTATION(#15,'Body','SweptSolid',(#1092));
#1095=IFCPRODUCTDEFINITIONSHAPE($,$,(#1094));
#1096=IFCSLAB('3MsR0LfPbDzeWI2nZHukJt',#6,'Foundation Slab:15mm Foundation Slab:307628',$,$,#1086,#1095,'307628',.BASESLAB.);
#1097=IFCMATERIALLAYERSETUSAGE(#76,.AXIS3.,.POSITIVE.,0.);
#1098=IFCPROPERTYSET('08bQyukp$v25$_5xcvMd_m',#6,'Pset_QuantityTakeOff',$,(#78));
#1099=IFCPROPERTYSINGLEVALUE('Reference',$,IFCLABEL('15mm Foundation Slab'),$);
#1100=IFCPROPERTYSET('1piGFP$9NLOxlaZr5WWlso',#6,'Pset_ReinforcementBarPitchOfSlab',$,(#1099));
#1101=IFCPROPERTYSET('3g3UqJXb5y7H23zClSGwwi',#6,'Pset_SlabCommon',$,(#78,#82,#83,#84));
#1102=IFCRELDEFINESBYPROPERTIES('32$eEkiRAq8mFCDjgosjNu',#6,$,$,(#1096),#1098);
#1103=IFCRELDEFINESBYPROPERTIES('1oY4rEVIPvdlzV2EHuJ7ii',#6,$,$,(#1096),#1100);
#1104=IFCRELDEFINESBYPROPERTIES('18qISx5OY1Ux__JiX_K7yD',#6,$,$,(#1096),#1101);
#1105=IFCAXIS2PLACEMENT3D(#10,$,$);
#1106=IFCLOCALPLACEMENT(#24,#1105);
#1107=IFCCARTESIANPOINT((0.,0.));
#1108=IFCAXIS2PLACEMENT2D(#1107,#48);
#1109=IFCRECTANGLEPROFILEDEF(.AREA.,$,#1108,400.,400.00000000000438);
#1110=IFCCARTESIANPOINT((-25856.214254621129,-7173.6386702402151,-100.));
#1111=IFCAXIS2PLACEMENT3D(#1110,#52,#53);
#1112=IFCEXTRUDEDAREASOLID(#1109,#1111,#55,150.);
#1113=IFCSTYLEDITEM(#1112,(#60),$);
#1114=IFCSHAPEREPRESENTATION(#15,'Body','SweptSolid',(#1112));
#1115=IFCPRODUCTDEFINITIONSHAPE($,$,(#1114));
#1116=IFCSLAB('3MsR0LfPbDzeWI2nZHukJW',#6,'Foundation Slab:15mm Foundation Slab:307643',$,$,#1106,#1115,'307643',.BASESLAB.);
#1117=IFCMATERIALLAYERSETUSAGE(#76,.AXIS3.,.POSITIVE.,0.);
#1118=IFCPROPERTYSET('36rwZMUwd6jYOcsw$z2bUt',#6,'Pset_QuantityTakeOff',$,(#78));
#1119=IFCPROPERTYSINGLEVALUE('Reference',$,IFCLABEL('15mm Foundation Slab'),$);
#1120=IFCPROPERTYSET('2AyD7dXBqh8BkatNExTBKL',#6,'Pset_ReinforcementBarPitchOfSlab',$,(#1119));
#1121=IFCPROPERTYSET('3FDORUnaUeyCbSpIwqqBll',#6,'Pset_SlabCommon',$,(#78,#82,#83,#84));
#1122=IFCRELDEFINESBYPROPERTIES('3DP0dxOCApY4YOvuaQIzwU',#6,$,$,(#1116),#1118);
#1123=IFCRELDEFINESBYPROPERTIES('1Arvh8czCLnUetzQENuxfr',#6,$,$,(#1116),#1120);
#1124=IFCRELDEFINESBYPROPERTIES('2cqxUUzbrmhGIPLi8nKrrB',#6,$,$,(#1116),#1121);
#1125=IFCAXIS2PLACEMENT3D(#10,$,$);
#1126=IFCLOCALPLACEMENT(#24,#1125);
#1127=IFCCARTESIANPOINT((0.,0.));
#1128=IFCAXIS2PLACEMENT2D(#1127,#48);
#1129=IFCRECTANGLEPROFILEDEF(.AREA.,$,#1128,400.,400.00000000000438);
#1130=IFCCARTESIANPOINT((-23156.214254621136,-7173.6386702402151,-100.));
#1131=IFCAXIS2PLACEMENT3D(#1130,#52,#53);
#1132=IFCEXTRUDEDAREASOLID(#1129,#1131,#55,150.);
#1133=IFCSTYLEDITEM(#1132,(#60),$);
#1134=IFCSHAPEREPRESENTATION(#15,'Body','SweptSolid',(#1132));
#1135=IFCPRODUCTDEFINITIONSHAPE($,$,(#1134));
#1136=IFCSLAB('3MsR0LfPbDzeWI2nZHukIL',#6,'Foundation Slab:15mm Foundation Slab:307662',$,$,#1126,#1135,'307662',.BASESLAB.);
#1137=IFCMATERIALLAYERSETUSAGE(#76,.AXIS3.,.POSITIVE.,0.);
#1138=IFCPROPERTYSET('2AzVkJT$8opndo3RPuk$IU',#6,'Pset_QuantityTakeOff',$,(#78));
#1139=IFCPROPERTYSINGLEVALUE('Reference',$,IFCLABEL('15mm Foundation Slab'),$);
#1140=IFCPROPERTYSET('3i1sAsrIZFHVrrX1q1pM0T',#6,'Pset_ReinforcementBarPitchOfSlab',$,(#1139));
#1141=IFCPROPERTYSET('0XXWdIKEKAxYR4WDfR9Onx',#6,'Pset_SlabCommon',$,(#78,#82,#83,#84));
#1142=IFCRELDEFINESBYPROPERTIES('0iQiknPuX_MU_xURsgBi56',#6,$,$,(#1136),#1138);
#1143=IFCRELDEFINESBYPROPERTIES('2ceekFeBDhR2PSHFaJJHNt',#6,$,$,(#1136),#1140);
#1144=IFCRELDEFINESBYPROPERTIES('3EfZiqDRajxc9KCpJbMRpR',#6,$,$,(#1136),#1141);
#1145=IFCAXIS2PLACEMENT3D(#10,$,$);
#1146=IFCLOCALPLACEMENT(#24,#1145);
#1147=IFCCARTESIANPOINT((0.,0.));
#1148=IFCAXIS2PLACEMENT2D(#1147,#48);
#1149=IFCRECTANGLEPROFILEDEF(.AREA.,$,#1148,400.,400.00000000000438);
#1150=IFCCARTESIANPOINT((-20456.214254621125,-7173.638670240216,-100.));
#1151=IFCAXIS2PLACEMENT3D(#1150,#52,#53);
#1152=IFCEXTRUDEDAREASOLID(#1149,#1151,#55,150.);
#1153=IFCSTYLEDITEM(#1152,(#60),$);
#1154=IFCSHAPEREPRESENTATION(#15,'Body','SweptSolid',(#1152));
#1155=IFCPRODUCTDEFINITIONSHAPE($,$,(#1154));
#1156=IFCSLAB('3MsR0LfPbDzeWI2nZHukI6',#6,'Foundation Slab:15mm Foundation Slab:307677',$,$,#1146,#1155,'307677',.BASESLAB.);
#1157=IFCMATERIALLAYERSETUSAGE(#76,.AXIS3.,.POSITIVE.,0.);
#1158=IFCPROPERTYSET('2QPNFNY32ndO_b0Ys2H0Vu',#6,'Pset_QuantityTakeOff',$,(#78));
#1159=IFCPROPERTYSINGLEVALUE('Reference',$,IFCLABEL('15mm Foundation Slab'),$);
#1160=IFCPROPERTYSET('2$hIiPvlMVtRlD8yXeki5s',#6,'Pset_ReinforcementBarPitchOfSlab',$,(#1159));
#1161=IFCPROPERTYSET('03SpEMusJ4qyO4or$Ql5Yb',#6,'Pset_SlabCommon',$,(#78,#82,#83,#84));
#1162=IFCRELDEFINESBYPROPERTIES('1DAE3oBQuWhSjq$X$eNTbm',#6,$,$,(#1156),#1158);
#1163=IFCRELDEFINESBYPROPERTIES('2dgTffbo4h1LOmhpFqKGqJ',#6,$,$,(#1156),#1160);
#1164=IFCRELDEFINESBYPROPERTIES('3H4wDEaxDTm9f0XCMD2vvv',#6,$,$,(#1156),#1161);
#1165=IFCAXIS2PLACEMENT3D(#10,$,$);
#1166=IFCLOCALPLACEMENT(#24,#1165);
#1167=IFCCARTESIANPOINT((0.,0.));
#1168=IFCAXIS2PLACEMENT2D(#1167,#48);
#1169=IFCRECTANGLEPROFILEDEF(.AREA.,$,#1168,400.,400.00000000000438);
#1170=IFCCARTESIANPOINT((-17576.214254621122,-7173.6386702402151,-100.));
#1171=IFCAXIS2PLACEMENT3D(#1170,#52,#53);
#1172=IFCEXTRUDEDAREASOLID(#1169,#1171,#55,150.);
#1173=IFCSTYLEDITEM(#1172,(#60),$);
#1174=IFCSHAPEREPRESENTATION(#15,'Body','SweptSolid',(#1172));
#1175=IFCPRODUCTDEFINITIONSHAPE($,$,(#1174));
#1176=IFCSLAB('3MsR0LfPbDzeWI2nZHukIt',#6,'Foundation Slab:15mm Foundation Slab:307692',$,$,#1166,#1175,'307692',.BASESLAB.);
#1177=IFCMATERIALLAYERSETUSAGE(#76,.AXIS3.,.POSITIVE.,0.);
#1178=IFCPROPERTYSET('2Tt5N$_tOqusliuI5P371a',#6,'Pset_QuantityTakeOff',$,(#78));
#1179=IFCPROPERTYSINGLEVALUE('Reference',$,IFCLABEL('15mm Foundation Slab'),$);
#1180=IFCPROPERTYSET('3rORFAnToJdy8rRk74PMLM',#6,'Pset_ReinforcementBarPitchOfSlab',$,(#1179));
#1181=IFCPROPERTYSET('2j8cCwsoLKy3Nu_j1d58AX',#6,'Pset_SlabCommon',$,(#78,#82,#83,#84));
#1182=IFCRELDEFINESBYPROPERTIES('1IhRgHbnQQRB58xual22pT',#6,$,$,(#1176),#1178);
#1183=IFCRELDEFINESBYPROPERTIES('0Bu8iIgMpGcqj4s92AnOd4',#6,$,$,(#1176),#1180);
#1184=IFCRELDEFINESBYPROPERTIES('0UlLoeevVoSAX_Z_NMp8kd',#6,$,$,(#1176),#1181);
#1185=IFCAXIS2PLACEMENT3D(#10,$,$);
#1186=IFCLOCALPLACEMENT(#24,#1185);
#1187=IFCCARTESIANPOINT((0.,0.));
#1188=IFCAXIS2PLACEMENT2D(#1187,#48);
#1189=IFCRECTANGLEPROFILEDEF(.AREA.,$,#1188,400.,400.00000000000438);
#1190=IFCCARTESIANPOINT((-9356.214254621118,-7173.638670240216,-100.));
#1191=IFCAXIS2PLACEMENT3D(#1190,#52,#53);
#1192=IFCEXTRUDEDAREASOLID(#1189,#1191,#55,150.);
#1193=IFCSTYLEDITEM(#1192,(#60),$);
#1194=IFCSHAPEREPRESENTATION(#15,'Body','SweptSolid',(#1192));
#1195=IFCPRODUCTDEFINITIONSHAPE($,$,(#1194));
#1196=IFCSLAB('3MsR0LfPbDzeWI2nZHukIa',#6,'Foundation Slab:15mm Foundation Slab:307711',$,$,#1186,#1195,'307711',.BASESLAB.);
#1197=IFCMATERIALLAYERSETUSAGE(#76,.AXIS3.,.POSITIVE.,0.);
#1198=IFCPROPERTYSET('0uYiSzyl3UV5uqPyt0qRdj',#6,'Pset_QuantityTakeOff',$,(#78));
#1199=IFCPROPERTYSINGLEVALUE('Reference',$,IFCLABEL('15mm Foundation Slab'),$);
#1200=IFCPROPERTYSET('0aNWKQGzThzlPJf3wrVVZC',#6,'Pset_ReinforcementBarPitchOfSlab',$,(#1199));
#1201=IFCPROPERTYSET('04Xfzuwpj9K$i2MaS1CTAU',#6,'Pset_SlabCommon',$,(#78,#82,#83,#84));
#1202=IFCRELDEFINESBYPROPERTIES('2AIXUTphPgaN9p01HEowSZ',#6,$,$,(#1196),#1198);
#1203=IFCRELDEFINESBYPROPERTIES('1ADwKeQ4rg5SH2kqhdZzg6',#6,$,$,(#1196),#1200);
#1204=IFCRELDEFINESBYPROPERTIES('2a8j8w4OGjzDgIaQr1H6uE',#6,$,$,(#1196),#1201);
#1205=IFCAXIS2PLACEMENT3D(#10,$,$);
#1206=IFCLOCALPLACEMENT(#24,#1205);
#1207=IFCCARTESIANPOINT((0.,0.));
#1208=IFCAXIS2PLACEMENT2D(#1207,#48);
#1209=IFCRECTANGLEPROFILEDEF(.AREA.,$,#1208,400.,400.00000000000438);
#1210=IFCCARTESIANPOINT((-6656.2142546211298,-7173.6386702402151,-100.));
#1211=IFCAXIS2PLACEMENT3D(#1210,#52,#53);
#1212=IFCEXTRUDEDAREASOLID(#1209,#1211,#55,150.);
#1213=IFCSTYLEDITEM(#1212,(#60),$);
#1214=IFCSHAPEREPRESENTATION(#15,'Body','SweptSolid',(#1212));
#1215=IFCPRODUCTDEFINITIONSHAPE($,$,(#1214));
#1216=IFCSLAB('3MsR0LfPbDzeWI2nZHukTL',#6,'Foundation Slab:15mm Foundation Slab:307726',$,$,#1206,#1215,'307726',.BASESLAB.);
#1217=IFCMATERIALLAYERSETUSAGE(#76,.AXIS3.,.POSITIVE.,0.);
#1218=IFCPROPERTYSET('2Rhg6ApNGoGFGbgUOYxnkS',#6,'Pset_QuantityTakeOff',$,(#78));
#1219=IFCPROPERTYSINGLEVALUE('Reference',$,IFCLABEL('15mm Foundation Slab'),$);
#1220=IFCPROPERTYSET('2MachcSEnqWt2Y2b_JDZwR',#6,'Pset_ReinforcementBarPitchOfSlab',$,(#1219));
#1221=IFCPROPERTYSET('0ZyKmv5a$qLPURgSn5C6VV',#6,'Pset_SlabCommon',$,(#78,#82,#83,#84));
#1222=IFCRELDEFINESBYPROPERTIES('3d0hU_qob7_Q1wufwpS3OO',#6,$,$,(#1216),#1218);
#1223=IFCRELDEFINESBYPROPERTIES('3UpJMdog4ybm50zL6gx621',#6,$,$,(#1216),#1220);
#1224=IFCRELDEFINESBYPROPERTIES('34Q$yzTXBq7V0oJJQqG_id',#6,$,$,(#1216),#1221);
#1225=IFCAXIS2PLACEMENT3D(#10,$,$);
#1226=IFCLOCALPLACEMENT(#24,#1225);
#1227=IFCCARTESIANPOINT((0.,0.));
#1228=IFCAXIS2PLACEMENT2D(#1227,#48);
#1229=IFCRECTANGLEPROFILEDEF(.AREA.,$,#1228,400.,400.00000000000438);
#1230=IFCCARTESIANPOINT((-3956.214254621133,-7173.6386702402378,-100.));
#1231=IFCAXIS2PLACEMENT3D(#1230,#52,#53);
#1232=IFCEXTRUDEDAREASOLID(#1229,#1231,#55,150.);
#1233=IFCSTYLEDITEM(#1232,(#60),$);
#1234=IFCSHAPEREPRESENTATION(#15,'Body','SweptSolid',(#1232));
#1235=IFCPRODUCTDEFINITIONSHAPE($,$,(#1234));
#1236=IFCSLAB('3MsR0LfPbDzeWI2nZHukT6',#6,'Foundation Slab:15mm Foundation Slab:307741',$,$,#1226,#1235,'307741',.BASESLAB.);
#1237=IFCMATERIALLAYERSETUSAGE(#76,.AXIS3.,.POSITIVE.,0.);
#1238=IFCPROPERTYSET('34gjmqcmhcV8E25wVG0FC5',#6,'Pset_QuantityTakeOff',$,(#78));
#1239=IFCPROPERTYSINGLEVALUE('Reference',$,IFCLABEL('15mm Foundation Slab'),$);
#1240=IFCPROPERTYSET('3urM0BozcaNlSAGwprvrwn',#6,'Pset_ReinforcementBarPitchOfSlab',$,(#1239));
#1241=IFCPROPERTYSET('1S26X98WErWAzWvAgg_xVy',#6,'Pset_SlabCommon',$,(#78,#82,#83,#84));
#1242=IFCRELDEFINESBYPROPERTIES('3EgqYjoFePdbxe_v0wiAHi',#6,$,$,(#1236),#1238);
#1243=IFCRELDEFINESBYPROPERTIES('0OyOe3kAEJN0P0YOEoYfSJ',#6,$,$,(#1236),#1240);
#1244=IFCRELDEFINESBYPROPERTIES('1qr3$tUlwRrIClHEwT3ZF2',#6,$,$,(#1236),#1241);
#1245=IFCAXIS2PLACEMENT3D(#10,$,$);
#1246=IFCLOCALPLACEMENT(#24,#1245);
#1247=IFCCARTESIANPOINT((0.,0.));
#1248=IFCAXIS2PLACEMENT2D(#1247,#48);
#1249=IFCRECTANGLEPROFILEDEF(.AREA.,$,#1248,400.,400.00000000000438);
#1250=IFCCARTESIANPOINT((-1256.2142546211101,-7173.6386702402151,-100.));
#1251=IFCAXIS2PLACEMENT3D(#1250,#52,#53);
#1252=IFCEXTRUDEDAREASOLID(#1249,#1251,#55,150.);
#1253=IFCSTYLEDITEM(#1252,(#60),$);
#1254=IFCSHAPEREPRESENTATION(#15,'Body','SweptSolid',(#1252));
#1255=IFCPRODUCTDEFINITIONSHAPE($,$,(#1254));
#1256=IFCSLAB('3MsR0LfPbDzeWI2nZHukTt',#6,'Foundation Slab:15mm Foundation Slab:307756',$,$,#1246,#1255,'307756',.BASESLAB.);
#1257=IFCMATERIALLAYERSETUSAGE(#76,.AXIS3.,.POSITIVE.,0.);
#1258=IFCPROPERTYSET('0gRccQ8$PFVZ5$pr1_wRIP',#6,'Pset_QuantityTakeOff',$,(#78));
#1259=IFCPROPERTYSINGLEVALUE('Reference',$,IFCLABEL('15mm Foundation Slab'),$);
#1260=IFCPROPERTYSET('3OZzS8R$6$onbB_amum0jn',#6,'Pset_ReinforcementBarPitchOfSlab',$,(#1259));
#1261=IFCPROPERTYSET('1k3sYxwIjVMcqgy9d_$dfi',#6,'Pset_SlabCommon',$,(#78,#82,#83,#84));
#1262=IFCRELDEFINESBYPROPERTIES('0pG59NRq_i02E1romtuSKJ',#6,$,$,(#1256),#1258);
#1263=IFCRELDEFINESBYPROPERTIES('2GkVe3eJ6rTynBoYQEbyDq',#6,$,$,(#1256),#1260);
#1264=IFCRELDEFINESBYPROPERTIES('1JLMdif6DwHVnLyGMIw$JO',#6,$,$,(#1256),#1261);
#1265=IFCAXIS2PLACEMENT3D(#10,$,$);
#1266=IFCLOCALPLACEMENT(#24,#1265);
#1267=IFCCARTESIANPOINT((0.,0.));
#1268=IFCAXIS2PLACEMENT2D(#1267,#48);
#1269=IFCRECTANGLEPROFILEDEF(.AREA.,$,#1268,400.,400.00000000000438);
#1270=IFCCARTESIANPOINT((9093.7857453788802,-7173.6386702402151,-100.));
#1271=IFCAXIS2PLACEMENT3D(#1270,#52,#53);
#1272=IFCEXTRUDEDAREASOLID(#1269,#1271,#55,150.);
#1273=IFCSTYLEDITEM(#1272,(#60),$);
#1274=IFCSHAPEREPRESENTATION(#15,'Body','SweptSolid',(#1272));
#1275=IFCPRODUCTDEFINITIONSHAPE($,$,(#1274));
#1276=IFCSLAB('3MsR0LfPbDzeWI2nZHukTc',#6,'Foundation Slab:15mm Foundation Slab:307773',$,$,#1266,#1275,'307773',.BASESLAB.);
#1277=IFCMATERIALLAYERSETUSAGE(#76,.AXIS3.,.POSITIVE.,0.);
#1278=IFCPROPERTYSET('0DwUGx$u0KOaBrJWqHofYJ',#6,'Pset_QuantityTakeOff',$,(#78));
#1279=IFCPROPERTYSINGLEVALUE('Reference',$,IFCLABEL('15mm Foundation Slab'),$);
#1280=IFCPROPERTYSET('3z41f3IBO1itrabcGiFrM5',#6,'Pset_ReinforcementBarPitchOfSlab',$,(#1279));
#1281=IFCPROPERTYSET('2QwDDeaXb9LbQEZJKDCmoO',#6,'Pset_SlabCommon',$,(#78,#82,#83,#84));
#1282=IFCRELDEFINESBYPROPERTIES('1CaLsb9dMAZU8T2Iogi9kp',#6,$,$,(#1276),#1278);
#1283=IFCRELDEFINESBYPROPERTIES('0XTWF3SybE4IV8IOZW7Rd9',#6,$,$,(#1276),#1280);
#1284=IFCRELDEFINESBYPROPERTIES('1nUJJzV1OVidOHYrZHnMRq',#6,$,$,(#1276),#1281);
#1285=IFCAXIS2PLACEMENT3D(#10,$,$);
#1286=IFCLOCALPLACEMENT(#24,#1285);
#1287=IFCCARTESIANPOINT((0.,0.));
#1288=IFCAXIS2PLACEMENT2D(#1287,#48);
#1289=IFCRECTANGLEPROFILEDEF(.AREA.,$,#1288,400.,400.00000000000438);
#1290=IFCCARTESIANPOINT((11793.785745378891,-7173.638670240216,-100.));
#1291=IFCAXIS2PLACEMENT3D(#1290,#52,#53);
#1292=IFCEXTRUDEDAREASOLID(#1289,#1291,#55,150.);
#1293=IFCSTYLEDITEM(#1292,(#60),$);
#1294=IFCSHAPEREPRESENTATION(#15,'Body','SweptSolid',(#1292));
#1295=IFCPRODUCTDEFINITIONSHAPE($,$,(#1294));
#1296=IFCSLAB('3MsR0LfPbDzeWI2nZHukSN',#6,'Foundation Slab:15mm Foundation Slab:307788',$,$,#1286,#1295,'307788',.BASESLAB.);
#1297=IFCMATERIALLAYERSETUSAGE(#76,.AXIS3.,.POSITIVE.,0.);
#1298=IFCPROPERTYSET('0AhqnnBaVIBKXnnHHt0gP0',#6,'Pset_QuantityTakeOff',$,(#78));
#1299=IFCPROPERTYSINGLEVALUE('Reference',$,IFCLABEL('15mm Foundation Slab'),$);
#1300=IFCPROPERTYSET('1JyG_ZGn1$PI4u$GRoJeAB',#6,'Pset_ReinforcementBarPitchOfSlab',$,(#1299));
#1301=IFCPROPERTYSET('0AOgH6sO2Vk2v4GHUt_GeO',#6,'Pset_SlabCommon',$,(#78,#82,#83,#84));
#1302=IFCRELDEFINESBYPROPERTIES('3h6alEs644mO7ItocL6I7p',#6,$,$,(#1296),#1298);
#1303=IFCRELDEFINESBYPROPERTIES('19ZUXsp66fJNnN8PZ3yWlJ',#6,$,$,(#1296),#1300);
#1304=IFCRELDEFINESBYPROPERTIES('3RWpOhU0PvVDrLuARzQGTb',#6,$,$,(#1296),#1301);
#1305=IFCAXIS2PLACEMENT3D(#10,$,$);
#1306=IFCLOCALPLACEMENT(#24,#1305);
#1307=IFCCARTESIANPOINT((0.,0.));
#1308=IFCAXIS2PLACEMENT2D(#1307,#48);
#1309=IFCRECTANGLEPROFILEDEF(.AREA.,$,#1308,499.99999999999898,300.00000000000108);
#1310=IFCCARTESIANPOINT((-30821.214254621169,-20283.638670240256,-100.));
#1311=IFCAXIS2PLACEMENT3D(#1310,#52,#53);
#1312=IFCEXTRUDEDAREASOLID(#1309,#1311,#55,150.);
#1313=IFCSTYLEDITEM(#1312,(#60),$);
#1314=IFCSHAPEREPRESENTATION(#15,'Body','SweptSolid',(#1312));
#1315=IFCPRODUCTDEFINITIONSHAPE($,$,(#1314));
#1316=IFCSLAB('3MsR0LfPbDzeWI2nZHukVJ',#6,'Foundation Slab:15mm Foundation Slab:307848',$,$,#1306,#1315,'307848',.BASESLAB.);
#1317=IFCMATERIALLAYERSETUSAGE(#76,.AXIS3.,.POSITIVE.,0.);
#1318=IFCPROPERTYSET('19oTM$GNzeu8nGyMb6zIUq',#6,'Pset_QuantityTakeOff',$,(#78));
#1319=IFCPROPERTYSINGLEVALUE('Reference',$,IFCLABEL('15mm Foundation Slab'),$);
#1320=IFCPROPERTYSET('2xVTwdWPz8F6B1kQmzvXsS',#6,'Pset_ReinforcementBarPitchOfSlab',$,(#1319));
#1321=IFCPROPERTYSET('2PD04IvmE851Jx6pFHpcJZ',#6,'Pset_SlabCommon',$,(#78,#82,#83,#84));
#1322=IFCRELDEFINESBYPROPERTIES('0FtZcrYdB5vS4Dvwf_wDKf',#6,$,$,(#1316),#1318);
#1323=IFCRELDEFINESBYPROPERTIES('3hsuA7PHmyvHEfy3THAxSA',#6,$,$,(#1316),#1320);
#1324=IFCRELDEFINESBYPROPERTIES('2iqIK_cxBl0l1Nk6brFqeX',#6,$,$,(#1316),#1321);
#1325=IFCAXIS2PLACEMENT3D(#10,$,$);
#1326=IFCLOCALPLACEMENT(#24,#1325);
#1327=IFCCARTESIANPOINT((0.,0.));
#1328=IFCAXIS2PLACEMENT2D(#1327,#48);
#1329=IFCRECTANGLEPROFILEDEF(.AREA.,$,#1328,499.99999999999898,300.00000000000108);
#1330=IFCCARTESIANPOINT((-27621.214254621173,-20283.638670240267,-100.));
#1331=IFCAXIS2PLACEMENT3D(#1330,#52,#53);
#1332=IFCEXTRUDEDAREASOLID(#1329,#1331,#55,150.);
#1333=IFCSTYLEDITEM(#1332,(#60),$);
#1334=IFCSHAPEREPRESENTATION(#15,'Body','SweptSolid',(#1332));
#1335=IFCPRODUCTDEFINITIONSHAPE($,$,(#1334));
#1336=IFCSLAB('3MsR0LfPbDzeWI2nZHukPJ',#6,'Foundation Slab:15mm Foundation Slab:307976',$,$,#1326,#1335,'307976',.BASESLAB.);
#1337=IFCMATERIALLAYERSETUSAGE(#76,.AXIS3.,.POSITIVE.,0.);
#1338=IFCPROPERTYSET('2imnpCF_g17F__4Xkxr4$o',#6,'Pset_QuantityTakeOff',$,(#78));
#1339=IFCPROPERTYSINGLEVALUE('Reference',$,IFCLABEL('15mm Foundation Slab'),$);
#1340=IFCPROPERTYSET('0X0HC0fbX4_uwa87nVEE$b',#6,'Pset_ReinforcementBarPitchOfSlab',$,(#1339));
#1341=IFCPROPERTYSET('2VMmjHrho8BBPqkK1Lewl7',#6,'Pset_SlabCommon',$,(#78,#82,#83,#84));
#1342=IFCRELDEFINESBYPROPERTIES('38OQJDxnSQCj9iL$YDbi_F',#6,$,$,(#1336),#1338);
#1343=IFCRELDEFINESBYPROPERTIES('0_06NjTH5_nS3$8oaFGl7N',#6,$,$,(#1336),#1340);
#1344=IFCRELDEFINESBYPROPERTIES('33PCC4fXlx6qUxDMvBSiH4',#6,$,$,(#1336),#1341);
#1345=IFCAXIS2PLACEMENT3D(#10,$,$);
#1346=IFCLOCALPLACEMENT(#24,#1345);
#1347=IFCCARTESIANPOINT((0.,0.));
#1348=IFCAXIS2PLACEMENT2D(#1347,#48);
#1349=IFCRECTANGLEPROFILEDEF(.AREA.,$,#1348,499.99999999999898,300.00000000000108);
#1350=IFCCARTESIANPOINT((-24421.214254621165,-20283.638670240274,-100.));
#1351=IFCAXIS2PLACEMENT3D(#1350,#52,#53);
#1352=IFCEXTRUDEDAREASOLID(#1349,#1351,#55,150.);
#1353=IFCSTYLEDITEM(#1352,(#60),$);
#1354=IFCSHAPEREPRESENTATION(#15,'Body','SweptSolid',(#1352));
#1355=IFCPRODUCTDEFINITIONSHAPE($,$,(#1354));
#1356=IFCSLAB('3MsR0LfPbDzeWI2nZHukP0',#6,'Foundation Slab:15mm Foundation Slab:307995',$,$,#1346,#1355,'307995',.BASESLAB.);
#1357=IFCMATERIALLAYERSETUSAGE(#76,.AXIS3.,.POSITIVE.,0.);
#1358=IFCPROPERTYSET('37QPGqB3BqGAehh3yWqHge',#6,'Pset_QuantityTakeOff',$,(#78));
#1359=IFCPROPERTYSINGLEVALUE('Reference',$,IFCLABEL('15mm Foundation Slab'),$);
#1360=IFCPROPERTYSET('2Em3fkpCziPrZYCoos9BJo',#6,'Pset_ReinforcementBarPitchOfSlab',$,(#1359));
#1361=IFCPROPERTYSET('0VwQhGF6MCk2Nr5N7DY_5p',#6,'Pset_SlabCommon',$,(#78,#82,#83,#84));
#1362=IFCRELDEFINESBYPROPERTIES('0TC_IZxCkQ79ZWuxATEsyw',#6,$,$,(#1356),#1358);
#1363=IFCRELDEFINESBYPROPERTIES('2kSgUWOnh5Ls04dI1_gIjD',#6,$,$,(#1356),#1360);
#1364=IFCRELDEFINESBYPROPERTIES('1$uycuM8opAb3qq5D1AAVx',#6,$,$,(#1356),#1361);
#1365=IFCAXIS2PLACEMENT3D(#10,$,$);
#1366=IFCLOCALPLACEMENT(#24,#1365);
#1367=IFCCARTESIANPOINT((0.,0.));
#1368=IFCAXIS2PLACEMENT2D(#1367,#48);
#1369=IFCRECTANGLEPROFILEDEF(.AREA.,$,#1368,499.99999999999898,300.00000000000108);
#1370=IFCCARTESIANPOINT((-21221.214254621165,-20283.638670240281,-100.));
#1371=IFCAXIS2PLACEMENT3D(#1370,#52,#53);
#1372=IFCEXTRUDEDAREASOLID(#1369,#1371,#55,150.);
#1373=IFCSTYLEDITEM(#1372,(#60),$);
#1374=IFCSHAPEREPRESENTATION(#15,'Body','SweptSolid',(#1372));
#1375=IFCPRODUCTDEFINITIONSHAPE($,$,(#1374));
#1376=IFCSLAB('3MsR0LfPbDzeWI2nZHukPn',#6,'Foundation Slab:15mm Foundation Slab:308010',$,$,#1366,#1375,'308010',.BASESLAB.);
#1377=IFCMATERIALLAYERSETUSAGE(#76,.AXIS3.,.POSITIVE.,0.);
#1378=IFCPROPERTYSET('2aDSVTaTSfNwFBxOE$4Yp$',#6,'Pset_QuantityTakeOff',$,(#78));
#1379=IFCPROPERTYSINGLEVALUE('Reference',$,IFCLABEL('15mm Foundation Slab'),$);
#1380=IFCPROPERTYSET('2$DuLW5RPa3RCJdwft7l_f',#6,'Pset_ReinforcementBarPitchOfSlab',$,(#1379));
#1381=IFCPROPERTYSET('26AK5MgDUZ0jOcwkCy9hPG',#6,'Pset_SlabCommon',$,(#78,#82,#83,#84));
#1382=IFCRELDEFINESBYPROPERTIES('2EGdw8VWUlDHguqRMiut5U',#6,$,$,(#1376),#1378);
#1383=IFCRELDEFINESBYPROPERTIES('3W9bSppb1T$Dr1K0SWLKOS',#6,$,$,(#1376),#1380);
#1384=IFCRELDEFINESBYPROPERTIES('2LiyHDnLrQg6B$uBfeuz8f',#6,$,$,(#1376),#1381);
#1385=IFCAXIS2PLACEMENT3D(#10,$,$);
#1386=IFCLOCALPLACEMENT(#24,#1385);
#1387=IFCCARTESIANPOINT((0.,0.));
#1388=IFCAXIS2PLACEMENT2D(#1387,#48);
#1389=IFCRECTANGLEPROFILEDEF(.AREA.,$,#1388,499.99999999999898,300.00000000000108);
#1390=IFCCARTESIANPOINT((-18021.214254621162,-20283.638670240292,-100.));
#1391=IFCAXIS2PLACEMENT3D(#1390,#52,#53);
#1392=IFCEXTRUDEDAREASOLID(#1389,#1391,#55,150.);
#1393=IFCSTYLEDITEM(#1392,(#60),$);
#1394=IFCSHAPEREPRESENTATION(#15,'Body','SweptSolid',(#1392));
#1395=IFCPRODUCTDEFINITIONSHAPE($,$,(#1394));
#1396=IFCSLAB('3MsR0LfPbDzeWI2nZHukPY',#6,'Foundation Slab:15mm Foundation Slab:308025',$,$,#1386,#1395,'308025',.BASESLAB.);
#1397=IFCMATERIALLAYERSETUSAGE(#76,.AXIS3.,.POSITIVE.,0.);
#1398=IFCPROPERTYSET('1emqUNc_CvbvkE0bvkc_Re',#6,'Pset_QuantityTakeOff',$,(#78));
#1399=IFCPROPERTYSINGLEVALUE('Reference',$,IFCLABEL('15mm Foundation Slab'),$);
#1400=IFCPROPERTYSET('2kIXl2o2B64qt2g$aoQawp',#6,'Pset_ReinforcementBarPitchOfSlab',$,(#1399));
#1401=IFCPROPERTYSET('0gjCN7umM$Fx5B1PnYX6ge',#6,'Pset_SlabCommon',$,(#78,#82,#83,#84));
#1402=IFCRELDEFINESBYPROPERTIES('0jeFV6$5RU6cRiC8y0k0XI',#6,$,$,(#1396),#1398);
#1403=IFCRELDEFINESBYPROPERTIES('1DsEKIwZ6wANPALlOPeGDF',#6,$,$,(#1396),#1400);
#1404=IFCRELDEFINESBYPROPERTIES('2teWmUTCX1lrSDZo1HtrNO',#6,$,$,(#1396),#1401);
#1405=IFCAXIS2PLACEMENT3D(#10,$,$);
#1406=IFCLOCALPLACEMENT(#24,#1405);
#1407=IFCCARTESIANPOINT((0.,0.));
#1408=IFCAXIS2PLACEMENT2D(#1407,#48);
#1409=IFCRECTANGLEPROFILEDEF(.AREA.,$,#1408,499.99999999999898,300.00000000000108);
#1410=IFCCARTESIANPOINT((-14821.214254621162,-20283.6386702403,-100.));
#1411=IFCAXIS2PLACEMENT3D(#1410,#52,#53);
#1412=IFCEXTRUDEDAREASOLID(#1409,#1411,#55,150.);
#1413=IFCSTYLEDITEM(#1412,(#60),$);
#1414=IFCSHAPEREPRESENTATION(#15,'Body','SweptSolid',(#1412));
#1415=IFCPRODUCTDEFINITIONSHAPE($,$,(#1414));
#1416=IFCSLAB('3MsR0LfPbDzeWI2nZHukOJ',#6,'Foundation Slab:15mm Foundation Slab:308040',$,$,#1406,#1415,'308040',.BASESLAB.);
#1417=IFCMATERIALLAYERSETUSAGE(#76,.AXIS3.,.POSITIVE.,0.);
#1418=IFCPROPERTYSET('2hFCLi_hyi3efjBj$ql$Kh',#6,'Pset_QuantityTakeOff',$,(#78));
#1419=IFCPROPERTYSINGLEVALUE('Reference',$,IFCLABEL('15mm Foundation Slab'),$);
#1420=IFCPROPERTYSET('06F1qfmg5gCIWtHst0Wwth',#6,'Pset_ReinforcementBarPitchOfSlab',$,(#1419));
#1421=IFCPROPERTYSET('3k$LNCe_OEfUQfwqFSWPiC',#6,'Pset_SlabCommon',$,(#78,#82,#83,#84));
#1422=IFCRELDEFINESBYPROPERTIES('3ym8rQd9YitMAhs0fXBdUZ',#6,$,$,(#1416),#1418);
#1423=IFCRELDEFINESBYPROPERTIES('1icmwPjjoXRn6rLmpy1syZ',#6,$,$,(#1416),#1420);
#1424=IFCRELDEFINESBYPROPERTIES('2JPmldBP9Mk0NKWGcIV9wd',#6,$,$,(#1416),#1421);
#1425=IFCAXIS2PLACEMENT3D(#10,$,$);
#1426=IFCLOCALPLACEMENT(#24,#1425);
#1427=IFCCARTESIANPOINT((0.,0.));
#1428=IFCAXIS2PLACEMENT2D(#1427,#48);
#1429=IFCRECTANGLEPROFILEDEF(.AREA.,$,#1428,499.99999999999898,300.00000000000108);
#1430=IFCCARTESIANPOINT((-11621.214254621162,-20283.638670240311,-100.));
#1431=IFCAXIS2PLACEMENT3D(#1430,#52,#53);
#1432=IFCEXTRUDEDAREASOLID(#1429,#1431,#55,150.);
#1433=IFCSTYLEDITEM(#1432,(#60),$);
#1434=IFCSHAPEREPRESENTATION(#15,'Body','SweptSolid',(#1432));
#1435=IFCPRODUCTDEFINITIONSHAPE($,$,(#1434));
#1436=IFCSLAB('3MsR0LfPbDzeWI2nZHukOC',#6,'Foundation Slab:15mm Foundation Slab:308055',$,$,#1426,#1435,'308055',.BASESLAB.);
#1437=IFCMATERIALLAYERSETUSAGE(#76,.AXIS3.,.POSITIVE.,0.);
#1438=IFCPROPERTYSET('0RJdPXWFXPaoYJjoH33GfX',#6,'Pset_QuantityTakeOff',$,(#78));
#1439=IFCPROPERTYSINGLEVALUE('Reference',$,IFCLABEL('15mm Foundation Slab'),$);
#1440=IFCPROPERTYSET('13b795yq8aUPWLHJXDX1zG',#6,'Pset_ReinforcementBarPitchOfSlab',$,(#1439));
#1441=IFCPROPERTYSET('0bEali3slA8N6C8ixDK4rC',#6,'Pset_SlabCommon',$,(#78,#82,#83,#84));
#1442=IFCRELDEFINESBYPROPERTIES('0bdXxXmkeP44dkVGgRECVx',#6,$,$,(#1436),#1438);
#1443=IFCRELDEFINESBYPROPERTIES('1vwSedWxTYabEcyBd_dpcr',#6,$,$,(#1436),#1440);
#1444=IFCRELDEFINESBYPROPERTIES('0vVASY5HgsNtGvVlAUTxt6',#6,$,$,(#1436),#1441);
#1445=IFCAXIS2PLACEMENT3D(#10,$,$);
#1446=IFCLOCALPLACEMENT(#24,#1445);
#1447=IFCCARTESIANPOINT((0.,0.));
#1448=IFCAXIS2PLACEMENT2D(#1447,#48);
#1449=IFCRECTANGLEPROFILEDEF(.AREA.,$,#1448,499.99999999999898,300.00000000000108);
#1450=IFCCARTESIANPOINT((-8421.2142546211617,-20283.638670240318,-100.));
#1451=IFCAXIS2PLACEMENT3D(#1450,#52,#53);
#1452=IFCEXTRUDEDAREASOLID(#1449,#1451,#55,150.);
#1453=IFCSTYLEDITEM(#1452,(#60),$);
#1454=IFCSHAPEREPRESENTATION(#15,'Body','SweptSolid',(#1452));
#1455=IFCPRODUCTDEFINITIONSHAPE($,$,(#1454));
#1456=IFCSLAB('3MsR0LfPbDzeWI2nZHukOz',#6,'Foundation Slab:15mm Foundation Slab:308070',$,$,#1446,#1455,'308070',.BASESLAB.);
#1457=IFCMATERIALLAYERSETUSAGE(#76,.AXIS3.,.POSITIVE.,0.);
#1458=IFCPROPERTYSET('3ffyNw5Hgdc1Fq7LX92TiI',#6,'Pset_QuantityTakeOff',$,(#78));
#1459=IFCPROPERTYSINGLEVALUE('Reference',$,IFCLABEL('15mm Foundation Slab'),$);
#1460=IFCPROPERTYSET('0M7$7fYlN7Aco9kpoznmXV',#6,'Pset_ReinforcementBarPitchOfSlab',$,(#1459));
#1461=IFCPROPERTYSET('2A5kn7P337WqBTcz_tfUgd',#6,'Pset_SlabCommon',$,(#78,#82,#83,#84));
#1462=IFCRELDEFINESBYPROPERTIES('18L5EVEqaabyJ3yj6RDl4j',#6,$,$,(#1456),#1458);
#1463=IFCRELDEFINESBYPROPERTIES('3o3kw1GJ4KklkWlB0UUSoa',#6,$,$,(#1456),#1460);
#1464=IFCRELDEFINESBYPROPERTIES('1drhhLCaYDDfpShwoSzBT1',#6,$,$,(#1456),#1461);
#1465=IFCAXIS2PLACEMENT3D(#10,$,$);
#1466=IFCLOCALPLACEMENT(#24,#1465);
#1467=IFCCARTESIANPOINT((0.,0.));
#1468=IFCAXIS2PLACEMENT2D(#1467,#48);
#1469=IFCRECTANGLEPROFILEDEF(.AREA.,$,#1468,499.99999999999898,300.00000000000108);
#1470=IFCCARTESIANPOINT((-5221.2142546211526,-20283.638670240325,-100.));
#1471=IFCAXIS2PLACEMENT3D(#1470,#52,#53);
#1472=IFCEXTRUDEDAREASOLID(#1469,#1471,#55,150.);
#1473=IFCSTYLEDITEM(#1472,(#60),$);
#1474=IFCSHAPEREPRESENTATION(#15,'Body','SweptSolid',(#1472));
#1475=IFCPRODUCTDEFINITIONSHAPE($,$,(#1474));
#1476=IFCSLAB('3MsR0LfPbDzeWI2nZHukOk',#6,'Foundation Slab:15mm Foundation Slab:308085',$,$,#1466,#1475,'308085',.BASESLAB.);
#1477=IFCMATERIALLAYERSETUSAGE(#76,.AXIS3.,.POSITIVE.,0.);
#1478=IFCPROPERTYSET('2_otq63pyakAZAz9CxjmpB',#6,'Pset_QuantityTakeOff',$,(#78));
#1479=IFCPROPERTYSINGLEVALUE('Reference',$,IFCLABEL('15mm Foundation Slab'),$);
#1480=IFCPROPERTYSET('08SURH3aKLamFEFh6dvM3v',#6,'Pset_ReinforcementBarPitchOfSlab',$,(#1479));
#1481=IFCPROPERTYSET('2b_JhFMrGxVnixyi0Y3U3N',#6,'Pset_SlabCommon',$,(#78,#82,#83,#84));
#1482=IFCRELDEFINESBYPROPERTIES('1O6pCQlXq_d0uSk4l8BCa2',#6,$,$,(#1476),#1478);
#1483=IFCRELDEFINESBYPROPERTIES('38Jk7muEjqCxZxZnKXqIT$',#6,$,$,(#1476),#1480);
#1484=IFCRELDEFINESBYPROPERTIES('3ny9ZSgFcHy_ZTAZ4zKodx',#6,$,$,(#1476),#1481);
#1485=IFCAXIS2PLACEMENT3D(#10,$,$);
#1486=IFCLOCALPLACEMENT(#24,#1485);
#1487=IFCCARTESIANPOINT((0.,0.));
#1488=IFCAXIS2PLACEMENT2D(#1487,#48);
#1489=IFCRECTANGLEPROFILEDEF(.AREA.,$,#1488,499.99999999999898,300.00000000000108);
#1490=IFCCARTESIANPOINT((-2021.2142546211526,-20283.638670240336,-100.));
#1491=IFCAXIS2PLACEMENT3D(#1490,#52,#53);
#1492=IFCEXTRUDEDAREASOLID(#1489,#1491,#55,150.);
#1493=IFCSTYLEDITEM(#1492,(#60),$);
#1494=IFCSHAPEREPRESENTATION(#15,'Body','SweptSolid',(#1492));
#1495=IFCPRODUCTDEFINITIONSHAPE($,$,(#1494));
#1496=IFCSLAB('3MsR0LfPbDzeWI2nZHukRV',#6,'Foundation Slab:15mm Foundation Slab:308100',$,$,#1486,#1495,'308100',.BASESLAB.);
#1497=IFCMATERIALLAYERSETUSAGE(#76,.AXIS3.,.POSITIVE.,0.);
#1498=IFCPROPERTYSET('0c7bpsOxaG_9PIfDAGbqmm',#6,'Pset_QuantityTakeOff',$,(#78));
#1499=IFCPROPERTYSINGLEVALUE('Reference',$,IFCLABEL('15mm Foundation Slab'),$);
#1500=IFCPROPERTYSET('1ETatgH$KnNUZ16cVxFB9O',#6,'Pset_ReinforcementBarPitchOfSlab',$,(#1499));
#1501=IFCPROPERTYSET('2vMqjx7$fbtTQ3WbcUepXz',#6,'Pset_SlabCommon',$,(#78,#82,#83,#84));
#1502=IFCRELDEFINESBYPROPERTIES('0xJN_P8Ye2OalvOkVopQAP',#6,$,$,(#1496),#1498);
#1503=IFCRELDEFINESBYPROPERTIES('35o5J4JsnnbwpuzSsIGnxk',#6,$,$,(#1496),#1500);
#1504=IFCRELDEFINESBYPROPERTIES('1LC95MKu3SSm51HXNa4YdE',#6,$,$,(#1496),#1501);
#1505=IFCAXIS2PLACEMENT3D(#10,$,$);
#1506=IFCLOCALPLACEMENT(#24,#1505);
#1507=IFCCARTESIANPOINT((0.,0.));
#1508=IFCAXIS2PLACEMENT2D(#1507,#48);
#1509=IFCRECTANGLEPROFILEDEF(.AREA.,$,#1508,499.99999999999898,300.00000000000108);
#1510=IFCCARTESIANPOINT((1178.7857453788477,-20283.638670240343,-100.));
#1511=IFCAXIS2PLACEMENT3D(#1510,#52,#53);
#1512=IFCEXTRUDEDAREASOLID(#1509,#1511,#55,150.);
#1513=IFCSTYLEDITEM(#1512,(#60),$);
#1514=IFCSHAPEREPRESENTATION(#15,'Body','SweptSolid',(#1512));
#1515=IFCPRODUCTDEFINITIONSHAPE($,$,(#1514));
#1516=IFCSLAB('3MsR0LfPbDzeWI2nZHukR8',#6,'Foundation Slab:15mm Foundation Slab:308115',$,$,#1506,#1515,'308115',.BASESLAB.);
#1517=IFCMATERIALLAYERSETUSAGE(#76,.AXIS3.,.POSITIVE.,0.);
#1518=IFCPROPERTYSET('0jRlfDcAoe4QqW03dvGPWq',#6,'Pset_QuantityTakeOff',$,(#78));
#1519=IFCPROPERTYSINGLEVALUE('Reference',$,IFCLABEL('15mm Foundation Slab'),$);
#1520=IFCPROPERTYSET('2jklP6v4zXX78SNKtNOdVr',#6,'Pset_ReinforcementBarPitchOfSlab',$,(#1519));
#1521=IFCPROPERTYSET('3FPEVrdA1AFRXsmlLvGuFT',#6,'Pset_SlabCommon',$,(#78,#82,#83,#84));
#1522=IFCRELDEFINESBYPROPERTIES('3BYtG_DbEYN$CWxlwXOY$U',#6,$,$,(#1516),#1518);
#1523=IFCRELDEFINESBYPROPERTIES('1V5PAf6jIiWPjOKW7cePfP',#6,$,$,(#1516),#1520);
#1524=IFCRELDEFINESBYPROPERTIES('3jhnb62aCvu0NoNKtrXx6l',#6,$,$,(#1516),#1521);
#1525=IFCAXIS2PLACEMENT3D(#10,$,$);
#1526=IFCLOCALPLACEMENT(#24,#1525);
#1527=IFCCARTESIANPOINT((0.,0.));
#1528=IFCAXIS2PLACEMENT2D(#1527,#48);
#1529=IFCRECTANGLEPROFILEDEF(.AREA.,$,#1528,499.99999999999898,300.00000000000108);
#1530=IFCCARTESIANPOINT((4378.7857453788556,-20283.638670240351,-100.));
#1531=IFCAXIS2PLACEMENT3D(#1530,#52,#53);
#1532=IFCEXTRUDEDAREASOLID(#1529,#1531,#55,150.);
#1533=IFCSTYLEDITEM(#1532,(#60),$);
#1534=IFCSHAPEREPRESENTATION(#15,'Body','SweptSolid',(#1532));
#1535=IFCPRODUCTDEFINITIONSHAPE($,$,(#1534));
#1536=IFCSLAB('3MsR0LfPbDzeWI2nZHukRv',#6,'Foundation Slab:15mm Foundation Slab:308130',$,$,#1526,#1535,'308130',.BASESLAB.);
#1537=IFCMATERIALLAYERSETUSAGE(#76,.AXIS3.,.POSITIVE.,0.);
#1538=IFCPROPERTYSET('2QYBkhNbcr_ir$X034kR3X',#6,'Pset_QuantityTakeOff',$,(#78));
#1539=IFCPROPERTYSINGLEVALUE('Reference',$,IFCLABEL('15mm Foundation Slab'),$);
#1540=IFCPROPERTYSET('0xL0M50K2hZdLj25TKfjvi',#6,'Pset_ReinforcementBarPitchOfSlab',$,(#1539));
#1541=IFCPROPERTYSET('01oysvfHn8ICKmJyIz9pQA',#6,'Pset_SlabCommon',$,(#78,#82,#83,#84));
#1542=IFCRELDEFINESBYPROPERTIES('2x2kb6dpt5C3tCMviZu4nz',#6,$,$,(#1536),#1538);
#1543=IFCRELDEFINESBYPROPERTIES('0xNpk_UoD_ABTPK4UHsh1k',#6,$,$,(#1536),#1540);
#1544=IFCRELDEFINESBYPROPERTIES('23AUhdyNsEM1UFGpGnmPAN',#6,$,$,(#1536),#1541);
#1545=IFCAXIS2PLACEMENT3D(#10,$,$);
#1546=IFCLOCALPLACEMENT(#24,#1545);
#1547=IFCCARTESIANPOINT((0.,0.));
#1548=IFCAXIS2PLACEMENT2D(#1547,#48);
#1549=IFCRECTANGLEPROFILEDEF(.AREA.,$,#1548,499.99999999999898,300.00000000000108);
#1550=IFCCARTESIANPOINT((7578.7857453788656,-20283.638670240362,-100.));
#1551=IFCAXIS2PLACEMENT3D(#1550,#52,#53);
#1552=IFCEXTRUDEDAREASOLID(#1549,#1551,#55,150.);
#1553=IFCSTYLEDITEM(#1552,(#60),$);
#1554=IFCSHAPEREPRESENTATION(#15,'Body','SweptSolid',(#1552));
#1555=IFCPRODUCTDEFINITIONSHAPE($,$,(#1554));
#1556=IFCSLAB('3MsR0LfPbDzeWI2nZHukRg',#6,'Foundation Slab:15mm Foundation Slab:308145',$,$,#1546,#1555,'308145',.BASESLAB.);
#1557=IFCMATERIALLAYERSETUSAGE(#76,.AXIS3.,.POSITIVE.,0.);
#1558=IFCPROPERTYSET('20aChvOqybEQ$a3AUeZqRx',#6,'Pset_QuantityTakeOff',$,(#78));
#1559=IFCPROPERTYSINGLEVALUE('Reference',$,IFCLABEL('15mm Foundation Slab'),$);
#1560=IFCPROPERTYSET('3Oh63tLpWR3m$_p$6qmNpP',#6,'Pset_ReinforcementBarPitchOfSlab',$,(#1559));
#1561=IFCPROPERTYSET('3$dRJvAG9AtdM3PU15HEwo',#6,'Pset_SlabCommon',$,(#78,#82,#83,#84));
#1562=IFCRELDEFINESBYPROPERTIES('2RDYx0IZzk5nJmGPpEvRSj',#6,$,$,(#1556),#1558);
#1563=IFCRELDEFINESBYPROPERTIES('3R3etagB9bceU$aTijjPWk',#6,$,$,(#1556),#1560);
#1564=IFCRELDEFINESBYPROPERTIES('1aqfn6r3hn5PjxlXgeQ5ha',#6,$,$,(#1556),#1561);
#1565=IFCAXIS2PLACEMENT3D(#10,$,$);
#1566=IFCLOCALPLACEMENT(#24,#1565);
#1567=IFCCARTESIANPOINT((0.,0.));
#1568=IFCAXIS2PLACEMENT2D(#1567,#48);
#1569=IFCRECTANGLEPROFILEDEF(.AREA.,$,#1568,499.99999999999898,300.00000000000108);
#1570=IFCCARTESIANPOINT((10778.785745378866,-20283.638670240369,-100.));
#1571=IFCAXIS2PLACEMENT3D(#1570,#52,#53);
#1572=IFCEXTRUDEDAREASOLID(#1569,#1571,#55,150.);
#1573=IFCSTYLEDITEM(#1572,(#60),$);
#1574=IFCSHAPEREPRESENTATION(#15,'Body','SweptSolid',(#1572));
#1575=IFCPRODUCTDEFINITIONSHAPE($,$,(#1574));
#1576=IFCSLAB('3MsR0LfPbDzeWI2nZHukQR',#6,'Foundation Slab:15mm Foundation Slab:308160',$,$,#1566,#1575,'308160',.BASESLAB.);
#1577=IFCMATERIALLAYERSETUSAGE(#76,.AXIS3.,.POSITIVE.,0.);
#1578=IFCPROPERTYSET('0BYH8Wv2SiOq3B__Iyy9Gl',#6,'Pset_QuantityTakeOff',$,(#78));
#1579=IFCPROPERTYSINGLEVALUE('Reference',$,IFCLABEL('15mm Foundation Slab'),$);
#1580=IFCPROPERTYSET('2MGu8XwuQZtIHHtyWQ0Oty',#6,'Pset_ReinforcementBarPitchOfSlab',$,(#1579));
#1581=IFCPROPERTYSET('3pBYcdDDo8wootwSVjMoRO',#6,'Pset_SlabCommon',$,(#78,#82,#83,#84));
#1582=IFCRELDEFINESBYPROPERTIES('0WdV6ZWp6n2sU31Z_W6cmH',#6,$,$,(#1576),#1578);
#1583=IFCRELDEFINESBYPROPERTIES('0HLQXiCt6ht_MBV2Hlj7WF',#6,$,$,(#1576),#1580);
#1584=IFCRELDEFINESBYPROPERTIES('0152iB_fWeJcBlbTWGKIpD',#6,$,$,(#1576),#1581);
#1585=IFCAXIS2PLACEMENT3D(#10,$,$);
#1586=IFCLOCALPLACEMENT(#24,#1585);
#1587=IFCCARTESIANPOINT((0.,0.));
#1588=IFCAXIS2PLACEMENT2D(#1587,#48);
#1589=IFCRECTANGLEPROFILEDEF(.AREA.,$,#1588,499.99999999999898,300.00000000000108);
#1590=IFCCARTESIANPOINT((13978.785745378866,-20283.63867024038,-100.));
#1591=IFCAXIS2PLACEMENT3D(#1590,#52,#53);
#1592=IFCEXTRUDEDAREASOLID(#1589,#1591,#55,150.);
#1593=IFCSTYLEDITEM(#1592,(#60),$);
#1594=IFCSHAPEREPRESENTATION(#15,'Body','SweptSolid',(#1592));
#1595=IFCPRODUCTDEFINITIONSHAPE($,$,(#1594));
#1596=IFCSLAB('3MsR0LfPbDzeWI2nZHukQK',#6,'Foundation Slab:15mm Foundation Slab:308175',$,$,#1586,#1595,'308175',.BASESLAB.);
#1597=IFCMATERIALLAYERSETUSAGE(#76,.AXIS3.,.POSITIVE.,0.);
#1598=IFCPROPERTYSET('0bbAH5oA10RHO0Vbj66ZdF',#6,'Pset_QuantityTakeOff',$,(#78));
#1599=IFCPROPERTYSINGLEVALUE('Reference',$,IFCLABEL('15mm Foundation Slab'),$);
#1600=IFCPROPERTYSET('2DV7Ckmmw2j6pjdGcS9nvx',#6,'Pset_ReinforcementBarPitchOfSlab',$,(#1599));
#1601=IFCPROPERTYSET('1oKXs9OnA8X93NMlScER9R',#6,'Pset_SlabCommon',$,(#78,#82,#83,#84));
#1602=IFCRELDEFINESBYPROPERTIES('3s68t9uT7zm_p5I$imCU3z',#6,$,$,(#1596),#1598);
#1603=IFCRELDEFINESBYPROPERTIES('03gIhX5cpcTyxe4zGFPowc',#6,$,$,(#1596),#1600);
#1604=IFCRELDEFINESBYPROPERTIES('1$VuaDR6SXAeFLTcTVuTue',#6,$,$,(#1596),#1601);
#1605=IFCAXIS2PLACEMENT3D(#10,$,$);
#1606=IFCLOCALPLACEMENT(#24,#1605);
#1607=IFCCARTESIANPOINT((0.,0.));
#1608=IFCAXIS2PLACEMENT2D(#1607,#48);
#1609=IFCRECTANGLEPROFILEDEF(.AREA.,$,#1608,499.99999999999898,300.00000000000108);
#1610=IFCCARTESIANPOINT((17178.785745378867,-20283.638670240387,-100.));
#1611=IFCAXIS2PLACEMENT3D(#1610,#52,#53);
#1612=IFCEXTRUDEDAREASOLID(#1609,#1611,#55,150.);
#1613=IFCSTYLEDITEM(#1612,(#60),$);
#1614=IFCSHAPEREPRESENTATION(#15,'Body','SweptSolid',(#1612));
#1615=IFCPRODUCTDEFINITIONSHAPE($,$,(#1614));
#1616=IFCSLAB('3MsR0LfPbDzeWI2nZHukQ5',#6,'Foundation Slab:15mm Foundation Slab:308190',$,$,#1606,#1615,'308190',.BASESLAB.);
#1617=IFCMATERIALLAYERSETUSAGE(#76,.AXIS3.,.POSITIVE.,0.);
#1618=IFCPROPERTYSET('2r9c2qfSscXMH3jlBsa6D8',#6,'Pset_QuantityTakeOff',$,(#78));
#1619=IFCPROPERTYSINGLEVALUE('Reference',$,IFCLABEL('15mm Foundation Slab'),$);
#1620=IFCPROPERTYSET('1798CtxFHYyU73AN$QZqII',#6,'Pset_ReinforcementBarPitchOfSlab',$,(#1619));
#1621=IFCPROPERTYSET('18_bUc5ux6M1FPxggXVDaZ',#6,'Pset_SlabCommon',$,(#78,#82,#83,#84));
#1622=IFCRELDEFINESBYPROPERTIES('35z2O8HZVfI7F1tU7GhOex',#6,$,$,(#1616),#1618);
#1623=IFCRELDEFINESBYPROPERTIES('3esnhKIAnjORk0SpFjO3ue',#6,$,$,(#1616),#1620);
#1624=IFCRELDEFINESBYPROPERTIES('2RoAohEfzyRLcLfFr$lK01',#6,$,$,(#1616),#1621);
#1625=IFCAXIS2PLACEMENT3D(#10,$,$);
#1626=IFCLOCALPLACEMENT(#24,#1625);
#1627=IFCCARTESIANPOINT((0.,0.));
#1628=IFCAXIS2PLACEMENT2D(#1627,#48);
#1629=IFCRECTANGLEPROFILEDEF(.AREA.,$,#1628,499.99999999999898,300.00000000000108);
#1630=IFCCARTESIANPOINT((20378.785745378864,-20283.638670240394,-100.));
#1631=IFCAXIS2PLACEMENT3D(#1630,#52,#53);
#1632=IFCEXTRUDEDAREASOLID(#1629,#1631,#55,150.);
#1633=IFCSTYLEDITEM(#1632,(#60),$);
#1634=IFCSHAPEREPRESENTATION(#15,'Body','SweptSolid',(#1632));
#1635=IFCPRODUCTDEFINITIONSHAPE($,$,(#1634));
#1636=IFCSLAB('3MsR0LfPbDzeWI2nZHukQs',#6,'Foundation Slab:15mm Foundation Slab:308205',$,$,#1626,#1635,'308205',.BASESLAB.);
#1637=IFCMATERIALLAYERSETUSAGE(#76,.AXIS3.,.POSITIVE.,0.);
#1638=IFCPROPERTYSET('0F4IZ62VT37gIGzMB5W4U3',#6,'Pset_QuantityTakeOff',$,(#78));
#1639=IFCPROPERTYSINGLEVALUE('Reference',$,IFCLABEL('15mm Foundation Slab'),$);
#1640=IFCPROPERTYSET('0Ix4hP8iwQS76GeLLVt3ho',#6,'Pset_ReinforcementBarPitchOfSlab',$,(#1639));
#1641=IFCPROPERTYSET('1bN3kf18uQCHQloH4ejkdm',#6,'Pset_SlabCommon',$,(#78,#82,#83,#84));
#1642=IFCRELDEFINESBYPROPERTIES('2iQHkOKA_2hvrqCYZKL9OE',#6,$,$,(#1636),#1638);
#1643=IFCRELDEFINESBYPROPERTIES('0dU4eJotZ$wtvcr$g3IobQ',#6,$,$,(#1636),#1640);
#1644=IFCRELDEFINESBYPROPERTIES('1iSplKz1wSmIGJQSsElp3j',#6,$,$,(#1636),#1641);
#1645=IFCAXIS2PLACEMENT3D(#10,$,$);
#1646=IFCLOCALPLACEMENT(#24,#1645);
#1647=IFCCARTESIANPOINT((0.,0.));
#1648=IFCAXIS2PLACEMENT2D(#1647,#48);
#1649=IFCRECTANGLEPROFILEDEF(.AREA.,$,#1648,499.99999999999898,300.00000000000108);
#1650=IFCCARTESIANPOINT((23578.785745378864,-20283.638670240405,-100.));
#1651=IFCAXIS2PLACEMENT3D(#1650,#52,#53);
#1652=IFCEXTRUDEDAREASOLID(#1649,#1651,#55,150.);
#1653=IFCSTYLEDITEM(#1652,(#60),$);
#1654=IFCSHAPEREPRESENTATION(#15,'Body','SweptSolid',(#1652));
#1655=IFCPRODUCTDEFINITIONSHAPE($,$,(#1654));
#1656=IFCSLAB('3MsR0LfPbDzeWI2nZHukQd',#6,'Foundation Slab:15mm Foundation Slab:308220',$,$,#1646,#1655,'308220',.BASESLAB.);
#1657=IFCMATERIALLAYERSETUSAGE(#76,.AXIS3.,.POSITIVE.,0.);
#1658=IFCPROPERTYSET('2Yw3XjtYo8a4LTjL5X36Um',#6,'Pset_QuantityTakeOff',$,(#78));
#1659=IFCPROPERTYSINGLEVALUE('Reference',$,IFCLABEL('15mm Foundation Slab'),$);
#1660=IFCPROPERTYSET('3qj4GqgnTakb48kqDm6A5A',#6,'Pset_ReinforcementBarPitchOfSlab',$,(#1659));
#1661=IFCPROPERTYSET('3BA5PxTIAI3x_awh4C2nrT',#6,'Pset_SlabCommon',$,(#78,#82,#83,#84));
#1662=IFCRELDEFINESBYPROPERTIES('2SJU8nyc3DxZ2NY6zEUadp',#6,$,$,(#1656),#1658);
#1663=IFCRELDEFINESBYPROPERTIES('2_HC9aF7SOxfuKq78uV3X2',#6,$,$,(#1656),#1660);
#1664=IFCRELDEFINESBYPROPERTIES('3ViwD058hJrLaSEAIabfnl',#6,$,$,(#1656),#1661);
#1665=IFCAXIS2PLACEMENT3D(#10,$,$);
#1666=IFCLOCALPLACEMENT(#24,#1665);
#1667=IFCCARTESIANPOINT((0.,0.));
#1668=IFCAXIS2PLACEMENT2D(#1667,#48);
#1669=IFCRECTANGLEPROFILEDEF(.AREA.,$,#1668,499.99999999999898,300.00000000000108);
#1670=IFCCARTESIANPOINT((26778.785745378875,-20283.638670240412,-100.));
#1671=IFCAXIS2PLACEMENT3D(#1670,#52,#53);
#1672=IFCEXTRUDEDAREASOLID(#1669,#1671,#55,150.);
#1673=IFCSTYLEDITEM(#1672,(#60),$);
#1674=IFCSHAPEREPRESENTATION(#15,'Body','SweptSolid',(#1672));
#1675=IFCPRODUCTDEFINITIONSHAPE($,$,(#1674));
#1676=IFCSLAB('3MsR0LfPbDzeWI2nZHuk5G',#6,'Foundation Slab:15mm Foundation Slab:308235',$,$,#1666,#1675,'308235',.BASESLAB.);
#1677=IFCMATERIALLAYERSETUSAGE(#76,.AXIS3.,.POSITIVE.,0.);
#1678=IFCPROPERTYSET('3xhUninOunkybHiUaydzKj',#6,'Pset_QuantityTakeOff',$,(#78));
#1679=IFCPROPERTYSINGLEVALUE('Reference',$,IFCLABEL('15mm Foundation Slab'),$);
#1680=IFCPROPERTYSET('3RRBk6C6UKGGhpAUT1yfT5',#6,'Pset_ReinforcementBarPitchOfSlab',$,(#1679));
#1681=IFCPROPERTYSET('1icIyRfzedf5a2DsjjhI4S',#6,'Pset_SlabCommon',$,(#78,#82,#83,#84));
#1682=IFCRELDEFINESBYPROPERTIES('1tQTPQPzd6iXL6PvbJJCCH',#6,$,$,(#1676),#1678);
#1683=IFCRELDEFINESBYPROPERTIES('2aFueHXomdS9O88MwAvZVS',#6,$,$,(#1676),#1680);
#1684=IFCRELDEFINESBYPROPERTIES('1Cu4BfFwT68tui9F1r7cdS',#6,$,$,(#1676),#1681);
#1685=IFCCARTESIANPOINT((0.,0.));
#1686=IFCAXIS2PLACEMENT2D(#1685,#48);
#1687=IFCRECTANGLEPROFILEDEF(.AREA.,'330x360',#1686,330.00000000000006,360.);
#1688=IFCCARTESIANPOINT((-65.,80.,0.));
#1689=IFCDIRECTION((-1.,0.,0.));
#1690=IFCAXIS2PLACEMENT3D(#1688,#55,#1689);
#1691=IFCEXTRUDEDAREASOLID(#1687,#1690,#55,3900.0000000000005);
#1692=IFCCOLOURRGB($,0.47058823529411764,0.47058823529411764,0.47058823529411764);
#1693=IFCSURFACESTYLERENDERING(#1692,0.,$,$,$,$,IFCNORMALISEDRATIOMEASURE(0.5),IFCSPECULAREXPONENT(64.),.NOTDEFINED.);
#1694=IFCSURFACESTYLE('Concrete, Cast-in-Place - C35',.BOTH.,(#1693));
#1695=IFCPRESENTATIONSTYLEASSIGNMENT((#1694));
#1696=IFCSTYLEDITEM(#1691,(#1695),$);
#1697=IFCSHAPEREPRESENTATION(#15,'Body','SweptSolid',(#1691));
#1698=IFCAXIS2PLACEMENT3D(#10,$,$);
#1699=IFCREPRESENTATIONMAP(#1698,#1697);
#1700=IFCCOLUMNTYPE('1GgSMGs1bDKvotNlTC9KWh',#6,'Column:330x360',$,$,(#1722),(#1699),'310569',$,.COLUMN.);
#1701=IFCMATERIAL('Concrete, Cast-in-Place - C35');
#1702=IFCPRESENTATIONSTYLEASSIGNMENT((#1694));
#1703=IFCSTYLEDITEM($,(#1702),$);
#1704=IFCSTYLEDREPRESENTATION(#13,'Style','Material',(#1703));
#1705=IFCMATERIALDEFINITIONREPRESENTATION($,$,(#1704),#1701);
#1706=IFCCARTESIANTRANSFORMATIONOPERATOR3D($,$,#10,1.,$);
#1707=IFCMAPPEDITEM(#1699,#1706);
#1708=IFCSHAPEREPRESENTATION(#15,'Body','MappedRepresentation',(#1707));
#1709=IFCPRODUCTDEFINITIONSHAPE($,$,(#1708));
#1710=IFCCARTESIANPOINT((-34021.214254621133,-20363.63867024022,0.));
#1711=IFCAXIS2PLACEMENT3D(#1710,$,$);
#1712=IFCLOCALPLACEMENT(#24,#1711);
#1713=IFCCOLUMN('1MzzCu4tX5nAr$Y5GgwCIH',#6,'Column:330x360:310283',$,$,#1712,#1709,'310283');
#1714=IFCPROPERTYSINGLEVALUE('Reference',$,IFCIDENTIFIER('330x360'),$);
#1715=IFCPROPERTYSET('1mq7fZICThY8Hpd6qicSZT',#6,'Pset_ColumnCommon',$,(#82,#83,#1714));
#1716=IFCPROPERTYSET('1osFNhCYiVIOCIAa8lezW7',#6,'Pset_QuantityTakeOff',$,(#1714));
#1717=IFCPROPERTYSINGLEVALUE('Reference',$,IFCLABEL('330x360'),$);
#1718=IFCPROPERTYSET('2An18MLZXwE0zkadkSTwUa',#6,'Pset_ReinforcementBarPitchOfColumn',$,(#1717));
#1719=IFCRELDEFINESBYPROPERTIES('31cGgisl7vwbuvxaWXVztr',#6,$,$,(#1713),#1715);
#1720=IFCRELDEFINESBYPROPERTIES('3qBkCPKNe_W50OIqVU3Fez',#6,$,$,(#1713),#1716);
#1721=IFCRELDEFINESBYPROPERTIES('3fIzsabXI25JVSdByR0DYw',#6,$,$,(#1713),#1718);
#1722=IFCPROPERTYSET('1aKVAD7FcVwo7hRUdJOL02',#6,'Pset_ColumnCommon',$,(#83));
#1723=IFCCARTESIANPOINT((0.,0.));
#1724=IFCAXIS2PLACEMENT2D(#1723,#48);
#1725=IFCRECTANGLEPROFILEDEF(.AREA.,'200x360',#1724,200.,360.);
#1726=IFCCARTESIANPOINT((0.,80.,0.));
#1727=IFCAXIS2PLACEMENT3D(#1726,#55,#1689);
#1728=IFCEXTRUDEDAREASOLID(#1725,#1727,#55,3080.);
#1729=IFCSTYLEDITEM(#1728,(#1695),$);
#1730=IFCSHAPEREPRESENTATION(#15,'Body','SweptSolid',(#1728));
#1731=IFCAXIS2PLACEMENT3D(#10,$,$);
#1732=IFCREPRESENTATIONMAP(#1731,#1730);
#1733=IFCCOLUMNTYPE('1GgSMGs1bDKvotNlTC9KWg',#6,'Column:200x360',$,$,(#1749),(#1732),'310489',$,.COLUMN.);
#1734=IFCMAPPEDITEM(#1732,#1706);
#1735=IFCSHAPEREPRESENTATION(#15,'Body','MappedRepresentation',(#1734));
#1736=IFCPRODUCTDEFINITIONSHAPE($,$,(#1735));
#1737=IFCCARTESIANPOINT((-30821.214254621169,-20363.638670240256,0.));
#1738=IFCAXIS2PLACEMENT3D(#1737,$,$);
#1739=IFCLOCALPLACEMENT(#24,#1738);
#1740=IFCCOLUMN('1MzzCu4tX5nAr$Y5GgwCNi',#6,'Column:200x360:310646',$,$,#1739,#1736,'310646');
#1741=IFCPROPERTYSINGLEVALUE('Reference',$,IFCIDENTIFIER('200x360'),$);
#1742=IFCPROPERTYSET('3qS3L5SJhzpQ8R4EY77_Ou',#6,'Pset_ColumnCommon',$,(#82,#83,#1741));
#1743=IFCPROPERTYSET('1224Iwuqv5CbVHRDGjbmRI',#6,'Pset_QuantityTakeOff',$,(#1741));
#1744=IFCPROPERTYSINGLEVALUE('Reference',$,IFCLABEL('200x360'),$);
#1745=IFCPROPERTYSET('25nuuKNKFm6agQMvdMeITI',#6,'Pset_ReinforcementBarPitchOfColumn',$,(#1744));
#1746=IFCRELDEFINESBYPROPERTIES('1KsF7Dcpo9dXCHVKPeCpB1',#6,$,$,(#1740),#1742);
#1747=IFCRELDEFINESBYPROPERTIES('3yYzAkzDAdGFPF0k_ViTwR',#6,$,$,(#1740),#1743);
#1748=IFCRELDEFINESBYPROPERTIES('0HrIAvNRdh7XuaYcTKdpK2',#6,$,$,(#1740),#1745);
#1749=IFCPROPERTYSET('0xz4mp7g_AaO6IvvpG_iXd',#6,'Pset_ColumnCommon',$,(#83));
#1750=IFCMAPPEDITEM(#1732,#1706);
#1751=IFCSHAPEREPRESENTATION(#15,'Body','MappedRepresentation',(#1750));
#1752=IFCPRODUCTDEFINITIONSHAPE($,$,(#1751));
#1753=IFCCARTESIANPOINT((-27621.214254621173,-20363.638670240263,0.));
#1754=IFCAXIS2PLACEMENT3D(#1753,$,$);
#1755=IFCLOCALPLACEMENT(#24,#1754);
#1756=IFCCOLUMN('1MzzCu4tX5nAr$Y5GgwCLR',#6,'Column:200x360:310721',$,$,#1755,#1752,'310721');
#1757=IFCPROPERTYSET('0cvUzkH6fGplxBYw0OC9Rq',#6,'Pset_ColumnCommon',$,(#82,#83,#1741));
#1758=IFCPROPERTYSET('0x8oWth9clWva_3fXsqfta',#6,'Pset_QuantityTakeOff',$,(#1741));
#1759=IFCPROPERTYSINGLEVALUE('Reference',$,IFCLABEL('200x360'),$);
#1760=IFCPROPERTYSET('2GzDPdUxBy3pKZo7E3eu2h',#6,'Pset_ReinforcementBarPitchOfColumn',$,(#1759));
#1761=IFCRELDEFINESBYPROPERTIES('1bVJjC$0gxyYc3k5YttQ6U',#6,$,$,(#1756),#1757);
#1762=IFCRELDEFINESBYPROPERTIES('3NR2SmkuWC331YNRtkzTTI',#6,$,$,(#1756),#1758);
#1763=IFCRELDEFINESBYPROPERTIES('3eu0xn4m6iqd6OWMqz3Vq3',#6,$,$,(#1756),#1760);
#1764=IFCMAPPEDITEM(#1732,#1706);
#1765=IFCSHAPEREPRESENTATION(#15,'Body','MappedRepresentation',(#1764));
#1766=IFCPRODUCTDEFINITIONSHAPE($,$,(#1765));
#1767=IFCCARTESIANPOINT((-24421.214254621165,-20363.638670240274,0.));
#1768=IFCAXIS2PLACEMENT3D(#1767,$,$);
#1769=IFCLOCALPLACEMENT(#24,#1768);
#1770=IFCCOLUMN('1MzzCu4tX5nAr$Y5GgwCLL',#6,'Column:200x360:310735',$,$,#1769,#1766,'310735');
#1771=IFCPROPERTYSET('2w0BESwJMFeQhRviYGQdQl',#6,'Pset_ColumnCommon',$,(#82,#83,#1741));
#1772=IFCPROPERTYSET('2Wrr$fK8sLNG0v5kEzhZwe',#6,'Pset_QuantityTakeOff',$,(#1741));
#1773=IFCPROPERTYSINGLEVALUE('Reference',$,IFCLABEL('200x360'),$);
#1774=IFCPROPERTYSET('1uxhur7Dy9E5or1e4ZJ6eU',#6,'Pset_ReinforcementBarPitchOfColumn',$,(#1773));
#1775=IFCRELDEFINESBYPROPERTIES('0I8GxF2ybMSVLcxjOSlQ6Q',#6,$,$,(#1770),#1771);
#1776=IFCRELDEFINESBYPROPERTIES('19j_KkFw$is_VNsv1TVaCG',#6,$,$,(#1770),#1772);
#1777=IFCRELDEFINESBYPROPERTIES('1OTgQAUbJVFH_66Yzvc3oe',#6,$,$,(#1770),#1774);
#1778=IFCMAPPEDITEM(#1732,#1706);
#1779=IFCSHAPEREPRESENTATION(#15,'Body','MappedRepresentation',(#1778));
#1780=IFCPRODUCTDEFINITIONSHAPE($,$,(#1779));
#1781=IFCCARTESIANPOINT((-21221.214254621165,-20363.638670240281,0.));
#1782=IFCAXIS2PLACEMENT3D(#1781,$,$);
#1783=IFCLOCALPLACEMENT(#24,#1782);
#1784=IFCCOLUMN('1MzzCu4tX5nAr$Y5GgwCL1',#6,'Column:200x360:310747',$,$,#1783,#1780,'310747');
#1785=IFCPROPERTYSET('1clInmr9olTU9f4oQ9Wh8x',#6,'Pset_ColumnCommon',$,(#82,#83,#1741));
#1786=IFCPROPERTYSET('2a2JJyTDpxAkQLbeEr73oi',#6,'Pset_QuantityTakeOff',$,(#1741));
#1787=IFCPROPERTYSINGLEVALUE('Reference',$,IFCLABEL('200x360'),$);
#1788=IFCPROPERTYSET('00SwsoUdvYd0DCqJzv4FBL',#6,'Pset_ReinforcementBarPitchOfColumn',$,(#1787));
#1789=IFCRELDEFINESBYPROPERTIES('2hx_sx5QEh153DnLvl_nIR',#6,$,$,(#1784),#1785);
#1790=IFCRELDEFINESBYPROPERTIES('3YnOfk_TOtfD4NZg5190ir',#6,$,$,(#1784),#1786);
#1791=IFCRELDEFINESBYPROPERTIES('1nJcpMzeFADe3obczygwj4',#6,$,$,(#1784),#1788);
#1792=IFCMAPPEDITEM(#1732,#1706);
#1793=IFCSHAPEREPRESENTATION(#15,'Body','MappedRepresentation',(#1792));
#1794=IFCPRODUCTDEFINITIONSHAPE($,$,(#1793));
#1795=IFCCARTESIANPOINT((-18021.214254621162,-20363.638670240292,0.));
#1796=IFCAXIS2PLACEMENT3D(#1795,$,$);
#1797=IFCLOCALPLACEMENT(#24,#1796);
#1798=IFCCOLUMN('1MzzCu4tX5nAr$Y5GgwCLr',#6,'Column:200x360:310767',$,$,#1797,#1794,'310767');
#1799=IFCPROPERTYSET('3iZkPETKhrwFRsXl71GQ2O',#6,'Pset_ColumnCommon',$,(#82,#83,#1741));
#1800=IFCPROPERTYSET('2ORTYW1aVcYIjhWXrCPUfw',#6,'Pset_QuantityTakeOff',$,(#1741));
#1801=IFCPROPERTYSINGLEVALUE('Reference',$,IFCLABEL('200x360'),$);
#1802=IFCPROPERTYSET('1LBKd9KH2qOajDRGjPhycP',#6,'Pset_ReinforcementBarPitchOfColumn',$,(#1801));
#1803=IFCRELDEFINESBYPROPERTIES('1NsPHDEl766iytTPeWfSnh',#6,$,$,(#1798),#1799);
#1804=IFCRELDEFINESBYPROPERTIES('1zdZyZYIkNaKvSZQZLzFTq',#6,$,$,(#1798),#1800);
#1805=IFCRELDEFINESBYPROPERTIES('2uhgH12x20eSl6jIsr9nfG',#6,$,$,(#1798),#1802);
#1806=IFCMAPPEDITEM(#1732,#1706);
#1807=IFCSHAPEREPRESENTATION(#15,'Body','MappedRepresentation',(#1806));
#1808=IFCPRODUCTDEFINITIONSHAPE($,$,(#1807));
#1809=IFCCARTESIANPOINT((-14821.214254621162,-20363.6386702403,0.));
#1810=IFCAXIS2PLACEMENT3D(#1809,$,$);
#1811=IFCLOCALPLACEMENT(#24,#1810);
#1812=IFCCOLUMN('1MzzCu4tX5nAr$Y5GgwCLZ',#6,'Column:200x360:310777',$,$,#1811,#1808,'310777');
#1813=IFCPROPERTYSET('1MKQo_2KZ7sdFNhFA$Mo7F',#6,'Pset_ColumnCommon',$,(#82,#83,#1741));
#1814=IFCPROPERTYSET('0zGCf4ZJq1WeizV75FKJIi',#6,'Pset_QuantityTakeOff',$,(#1741));
#1815=IFCPROPERTYSINGLEVALUE('Reference',$,IFCLABEL('200x360'),$);
#1816=IFCPROPERTYSET('37yyXWYZiKNdG4XQGgJcac',#6,'Pset_ReinforcementBarPitchOfColumn',$,(#1815));
#1817=IFCRELDEFINESBYPROPERTIES('229r08GMpOFZ$EBiuRVbwU',#6,$,$,(#1812),#1813);
#1818=IFCRELDEFINESBYPROPERTIES('21k_QFlZ5qEh2ay7genDTL',#6,$,$,(#1812),#1814);
#1819=IFCRELDEFINESBYPROPERTIES('2aqeEifZgADQZAMMC$wSoE',#6,$,$,(#1812),#1816);
#1820=IFCMAPPEDITEM(#1732,#1706);
#1821=IFCSHAPEREPRESENTATION(#15,'Body','MappedRepresentation',(#1820));
#1822=IFCPRODUCTDEFINITIONSHAPE($,$,(#1821));
#1823=IFCCARTESIANPOINT((-11621.214254621162,-20363.638670240307,0.));
#1824=IFCAXIS2PLACEMENT3D(#1823,$,$);
#1825=IFCLOCALPLACEMENT(#24,#1824);
#1826=IFCCOLUMN('1MzzCu4tX5nAr$Y5GgwCQV',#6,'Column:200x360:310789',$,$,#1825,#1822,'310789');
#1827=IFCPROPERTYSET('3v5Sn1aXg79zLmxIfhS4hx',#6,'Pset_ColumnCommon',$,(#82,#83,#1741));
#1828=IFCPROPERTYSET('34x4yZNeYpJu_JT0dN66fR',#6,'Pset_QuantityTakeOff',$,(#1741));
#1829=IFCPROPERTYSINGLEVALUE('Reference',$,IFCLABEL('200x360'),$);
#1830=IFCPROPERTYSET('0jNzmAUhzsIZxqU_t_wKr0',#6,'Pset_ReinforcementBarPitchOfColumn',$,(#1829));
#1831=IFCRELDEFINESBYPROPERTIES('2q8zG8JGUMiO6amIeJprC5',#6,$,$,(#1826),#1827);
#1832=IFCRELDEFINESBYPROPERTIES('3W1JWSwYXhZT8QHH59C$5g',#6,$,$,(#1826),#1828);
#1833=IFCRELDEFINESBYPROPERTIES('1ufFsUM6fFBhLvfK8FOLE1',#6,$,$,(#1826),#1830);
#1834=IFCMAPPEDITEM(#1732,#1706);
#1835=IFCSHAPEREPRESENTATION(#15,'Body','MappedRepresentation',(#1834));
#1836=IFCPRODUCTDEFINITIONSHAPE($,$,(#1835));
#1837=IFCCARTESIANPOINT((-8421.2142546211617,-20363.638670240318,0.));
#1838=IFCAXIS2PLACEMENT3D(#1837,$,$);
#1839=IFCLOCALPLACEMENT(#24,#1838);
#1840=IFCCOLUMN('1MzzCu4tX5nAr$Y5GgwCQ9',#6,'Column:200x360:310803',$,$,#1839,#1836,'310803');
#1841=IFCPROPERTYSET('1gRa4poTm_gtTL4fiQriLq',#6,'Pset_ColumnCommon',$,(#82,#83,#1741));
#1842=IFCPROPERTYSET('3efS5ko6uYCwOkPg5qZ1kn',#6,'Pset_QuantityTakeOff',$,(#1741));
#1843=IFCPROPERTYSINGLEVALUE('Reference',$,IFCLABEL('200x360'),$);
#1844=IFCPROPERTYSET('2caY0bpb4XPG0N0Mb2Sxz1',#6,'Pset_ReinforcementBarPitchOfColumn',$,(#1843));
#1845=IFCRELDEFINESBYPROPERTIES('0V0X1$_Q7zot_6ZfInF8VR',#6,$,$,(#1840),#1841);
#1846=IFCRELDEFINESBYPROPERTIES('1ecePvH0kFxFjn9Q0Xu792',#6,$,$,(#1840),#1842);
#1847=IFCRELDEFINESBYPROPERTIES('19mL4KHWbLu1DEGkbt_3dZ',#6,$,$,(#1840),#1844);
#1848=IFCMAPPEDITEM(#1732,#1706);
#1849=IFCSHAPEREPRESENTATION(#15,'Body','MappedRepresentation',(#1848));
#1850=IFCPRODUCTDEFINITIONSHAPE($,$,(#1849));
#1851=IFCCARTESIANPOINT((-5221.2142546211526,-20363.638670240325,0.));
#1852=IFCAXIS2PLACEMENT3D(#1851,$,$);
#1853=IFCLOCALPLACEMENT(#24,#1852);
#1854=IFCCOLUMN('1MzzCu4tX5nAr$Y5GgwCQ7',#6,'Column:200x360:310813',$,$,#1853,#1850,'310813');
#1855=IFCPROPERTYSET('0Vr1HaXcJrxx5euxCiIShs',#6,'Pset_ColumnCommon',$,(#82,#83,#1741));
#1856=IFCPROPERTYSET('2WPNEd_$BqO4k4O7HjdNPy',#6,'Pset_QuantityTakeOff',$,(#1741));
#1857=IFCPROPERTYSINGLEVALUE('Reference',$,IFCLABEL('200x360'),$);
#1858=IFCPROPERTYSET('2V0H6fxK5dU$w177G4eWAl',#6,'Pset_ReinforcementBarPitchOfColumn',$,(#1857));
#1859=IFCRELDEFINESBYPROPERTIES('1BR49uom62azXHQVw0N69r',#6,$,$,(#1854),#1855);
#1860=IFCRELDEFINESBYPROPERTIES('36wChxRmbX4RIw3UjWiVC1',#6,$,$,(#1854),#1856);
#1861=IFCRELDEFINESBYPROPERTIES('1GCTWlzMoxtM4529yttIQ4',#6,$,$,(#1854),#1858);
#1862=IFCMAPPEDITEM(#1732,#1706);
#1863=IFCSHAPEREPRESENTATION(#15,'Body','MappedRepresentation',(#1862));
#1864=IFCPRODUCTDEFINITIONSHAPE($,$,(#1863));
#1865=IFCCARTESIANPOINT((1178.7857453788477,-20363.638670240347,0.));
#1866=IFCAXIS2PLACEMENT3D(#1865,$,$);
#1867=IFCLOCALPLACEMENT(#24,#1866);
#1868=IFCCOLUMN('1MzzCu4tX5nAr$Y5GgwCQt',#6,'Column:200x360:310829',$,$,#1867,#1864,'310829');
#1869=IFCPROPERTYSET('0MqajOXUesQ3rDjqrjYZTr',#6,'Pset_ColumnCommon',$,(#82,#83,#1741));
#1870=IFCPROPERTYSET('0iXH8ksyOM3NQhQ9eSWVgI',#6,'Pset_QuantityTakeOff',$,(#1741));
#1871=IFCPROPERTYSINGLEVALUE('Reference',$,IFCLABEL('200x360'),$);
#1872=IFCPROPERTYSET('3X445FkcIIBei3zL57H_Ov',#6,'Pset_ReinforcementBarPitchOfColumn',$,(#1871));
#1873=IFCRELDEFINESBYPROPERTIES('1oVCHBAIlQBJfS4xPuUid2',#6,$,$,(#1868),#1869);
#1874=IFCRELDEFINESBYPROPERTIES('0swsabrf3V_0HeBWMnpTW9',#6,$,$,(#1868),#1870);
#1875=IFCRELDEFINESBYPROPERTIES('13kMSlwj0Z9iaN4IWW3$hT',#6,$,$,(#1868),#1872);
#1876=IFCMAPPEDITEM(#1732,#1706);
#1877=IFCSHAPEREPRESENTATION(#15,'Body','MappedRepresentation',(#1876));
#1878=IFCPRODUCTDEFINITIONSHAPE($,$,(#1877));
#1879=IFCCARTESIANPOINT((4378.7857453788556,-20363.638670240354,0.));
#1880=IFCAXIS2PLACEMENT3D(#1879,$,$);
#1881=IFCLOCALPLACEMENT(#24,#1880);
#1882=IFCCOLUMN('1MzzCu4tX5nAr$Y5GgwCQj',#6,'Column:200x360:310839',$,$,#1881,#1878,'310839');
#1883=IFCPROPERTYSET('2qZzcgYRv1X_APFJCwLym6',#6,'Pset_ColumnCommon',$,(#82,#83,#1741));
#1884=IFCPROPERTYSET('2NNXhMRMvUWEMsnr3tYbcv',#6,'Pset_QuantityTakeOff',$,(#1741));
#1885=IFCPROPERTYSINGLEVALUE('Reference',$,IFCLABEL('200x360'),$);
#1886=IFCPROPERTYSET('2hNdr1x_wm8Veg5StYXly4',#6,'Pset_ReinforcementBarPitchOfColumn',$,(#1885));
#1887=IFCRELDEFINESBYPROPERTIES('3aruZBGKo59c$reCDu82TZ',#6,$,$,(#1882),#1883);
#1888=IFCRELDEFINESBYPROPERTIES('1jhoLuig9ze68qeL$gM4zC',#6,$,$,(#1882),#1884);
#1889=IFCRELDEFINESBYPROPERTIES('2Up$qDRq_FWl$NO7r8xVX8',#6,$,$,(#1882),#1886);
#1890=IFCMAPPEDITEM(#1732,#1706);
#1891=IFCSHAPEREPRESENTATION(#15,'Body','MappedRepresentation',(#1890));
#1892=IFCPRODUCTDEFINITIONSHAPE($,$,(#1891));
#1893=IFCCARTESIANPOINT((7578.7857453788656,-20363.638670240365,0.));
#1894=IFCAXIS2PLACEMENT3D(#1893,$,$);
#1895=IFCLOCALPLACEMENT(#24,#1894);
#1896=IFCCOLUMN('1MzzCu4tX5nAr$Y5GgwCRR',#6,'Column:200x360:310849',$,$,#1895,#1892,'310849');
#1897=IFCPROPERTYSET('3zyAgtLH07VIa_moni9f_s',#6,'Pset_ColumnCommon',$,(#82,#83,#1741));
#1898=IFCPROPERTYSET('2ZuoUHyW0XOLutF$7VcMoo',#6,'Pset_QuantityTakeOff',$,(#1741));
#1899=IFCPROPERTYSINGLEVALUE('Reference',$,IFCLABEL('200x360'),$);
#1900=IFCPROPERTYSET('3LKpu_sa4vLEWTAQlIYUNk',#6,'Pset_ReinforcementBarPitchOfColumn',$,(#1899));
#1901=IFCRELDEFINESBYPROPERTIES('1dRFxkbnAhd7dAdlDrY0$y',#6,$,$,(#1896),#1897);
#1902=IFCRELDEFINESBYPROPERTIES('0apAlxv_OpQ5CUN0XYcpA2',#6,$,$,(#1896),#1898);
#1903=IFCRELDEFINESBYPROPERTIES('0KETOSq2zYyXihkkuEbxcK',#6,$,$,(#1896),#1900);
#1904=IFCMAPPEDITEM(#1732,#1706);
#1905=IFCSHAPEREPRESENTATION(#15,'Body','MappedRepresentation',(#1904));
#1906=IFCPRODUCTDEFINITIONSHAPE($,$,(#1905));
#1907=IFCCARTESIANPOINT((10778.785745378866,-20363.638670240372,0.));
#1908=IFCAXIS2PLACEMENT3D(#1907,$,$);
#1909=IFCLOCALPLACEMENT(#24,#1908);
#1910=IFCCOLUMN('1MzzCu4tX5nAr$Y5GgwCRL',#6,'Column:200x360:310863',$,$,#1909,#1906,'310863');
#1911=IFCPROPERTYSET('0TkqrNuckdUb_LI9aItl03',#6,'Pset_ColumnCommon',$,(#82,#83,#1741));
#1912=IFCPROPERTYSET('0sE$Dm2SghUDKTzFN_6Uyy',#6,'Pset_QuantityTakeOff',$,(#1741));
#1913=IFCPROPERTYSINGLEVALUE('Reference',$,IFCLABEL('200x360'),$);
#1914=IFCPROPERTYSET('07Re_PHus2ZE9GgoWp5875',#6,'Pset_ReinforcementBarPitchOfColumn',$,(#1913));
#1915=IFCRELDEFINESBYPROPERTIES('1ETk5mIlwDm3lN7aJzoHR0',#6,$,$,(#1910),#1911);
#1916=IFCRELDEFINESBYPROPERTIES('2WN_KEzyUPybkBYbnw_d$A',#6,$,$,(#1910),#1912);
#1917=IFCRELDEFINESBYPROPERTIES('2ina1rwl8LK14aXlpviwFy',#6,$,$,(#1910),#1914);
#1918=IFCMAPPEDITEM(#1732,#1706);
#1919=IFCSHAPEREPRESENTATION(#15,'Body','MappedRepresentation',(#1918));
#1920=IFCPRODUCTDEFINITIONSHAPE($,$,(#1919));
#1921=IFCCARTESIANPOINT((13978.785745378864,-20363.638670240383,0.));
#1922=IFCAXIS2PLACEMENT3D(#1921,$,$);
#1923=IFCLOCALPLACEMENT(#24,#1922);
#1924=IFCCOLUMN('1MzzCu4tX5nAr$Y5GgwCOt',#6,'Column:200x360:310957',$,$,#1923,#1920,'310957');
#1925=IFCPROPERTYSET('21ROqDWwjyDe_EedGzBsJX',#6,'Pset_ColumnCommon',$,(#82,#83,#1741));
#1926=IFCPROPERTYSET('217nu9mNM$faAsvn6EooYW',#6,'Pset_QuantityTakeOff',$,(#1741));
#1927=IFCPROPERTYSINGLEVALUE('Reference',$,IFCLABEL('200x360'),$);
#1928=IFCPROPERTYSET('1qRj52_UV7D899r1l0YqVv',#6,'Pset_ReinforcementBarPitchOfColumn',$,(#1927));
#1929=IFCRELDEFINESBYPROPERTIES('3SCzn5hLGx1chj6qI4gEPk',#6,$,$,(#1924),#1925);
#1930=IFCRELDEFINESBYPROPERTIES('2cjHndnzoXPTP_cYca_lY1',#6,$,$,(#1924),#1926);
#1931=IFCRELDEFINESBYPROPERTIES('1XEGsLgCfJ6W8OrdwboLVI',#6,$,$,(#1924),#1928);
#1932=IFCMAPPEDITEM(#1732,#1706);
#1933=IFCSHAPEREPRESENTATION(#15,'Body','MappedRepresentation',(#1932));
#1934=IFCPRODUCTDEFINITIONSHAPE($,$,(#1933));
#1935=IFCCARTESIANPOINT((17178.785745378864,-20363.638670240391,0.));
#1936=IFCAXIS2PLACEMENT3D(#1935,$,$);
#1937=IFCLOCALPLACEMENT(#24,#1936);
#1938=IFCCOLUMN('1MzzCu4tX5nAr$Y5GgwCOZ',#6,'Column:200x360:310969',$,$,#1937,#1934,'310969');
#1939=IFCPROPERTYSET('0XxKFZa2H90mZKyY5nUFMK',#6,'Pset_ColumnCommon',$,(#82,#83,#1741));
#1940=IFCPROPERTYSET('0zhR3qZ8dgd1wqCqHJl4D0',#6,'Pset_QuantityTakeOff',$,(#1741));
#1941=IFCPROPERTYSINGLEVALUE('Reference',$,IFCLABEL('200x360'),$);
#1942=IFCPROPERTYSET('1YmyHDTq5$Cu7tDDydCyhN',#6,'Pset_ReinforcementBarPitchOfColumn',$,(#1941));
#1943=IFCRELDEFINESBYPROPERTIES('2MD8ymxxFkPVSz6lehAHkP',#6,$,$,(#1938),#1939);
#1944=IFCRELDEFINESBYPROPERTIES('2wVD1SDhodShrJ1pjU_$mZ',#6,$,$,(#1938),#1940);
#1945=IFCRELDEFINESBYPROPERTIES('3JchgnjBiJW7PVvPAMloI0',#6,$,$,(#1938),#1942);
#1946=IFCMAPPEDITEM(#1732,#1706);
#1947=IFCSHAPEREPRESENTATION(#15,'Body','MappedRepresentation',(#1946));
#1948=IFCPRODUCTDEFINITIONSHAPE($,$,(#1947));
#1949=IFCCARTESIANPOINT((20378.785745378864,-20363.638670240398,0.));
#1950=IFCAXIS2PLACEMENT3D(#1949,$,$);
#1951=IFCLOCALPLACEMENT(#24,#1950);
#1952=IFCCOLUMN('1MzzCu4tX5nAr$Y5GgwCPJ',#6,'Column:200x360:310985',$,$,#1951,#1948,'310985');
#1953=IFCPROPERTYSET('2qacknpqJzFmTEpvryOepQ',#6,'Pset_ColumnCommon',$,(#82,#83,#1741));
#1954=IFCPROPERTYSET('137CGozCxC4tGiV1Kop9qY',#6,'Pset_QuantityTakeOff',$,(#1741));
#1955=IFCPROPERTYSINGLEVALUE('Reference',$,IFCLABEL('200x360'),$);
#1956=IFCPROPERTYSET('19svVkbRTDDVSFDkn$X3KQ',#6,'Pset_ReinforcementBarPitchOfColumn',$,(#1955));
#1957=IFCRELDEFINESBYPROPERTIES('130Y96lEDTiFqNHtIeQ1nt',#6,$,$,(#1952),#1953);
#1958=IFCRELDEFINESBYPROPERTIES('0iWDl0oynvU9JOPa0AIusK',#6,$,$,(#1952),#1954);
#1959=IFCRELDEFINESBYPROPERTIES('0CsJUOLEHi4VEztHN13Z3E',#6,$,$,(#1952),#1956);
#1960=IFCMAPPEDITEM(#1732,#1706);
#1961=IFCSHAPEREPRESENTATION(#15,'Body','MappedRepresentation',(#1960));
#1962=IFCPRODUCTDEFINITIONSHAPE($,$,(#1961));
#1963=IFCCARTESIANPOINT((23578.785745378864,-20363.638670240409,0.));
#1964=IFCAXIS2PLACEMENT3D(#1963,$,$);
#1965=IFCLOCALPLACEMENT(#24,#1964);
#1966=IFCCOLUMN('1MzzCu4tX5nAr$Y5GgwCP9',#6,'Column:200x360:310995',$,$,#1965,#1962,'310995');
#1967=IFCPROPERTYSET('1xngsc9Wc$Ty_3WR3P1CVi',#6,'Pset_ColumnCommon',$,(#82,#83,#1741));
#1968=IFCPROPERTYSET('0jeSCLd6igCyyLYmO7tXit',#6,'Pset_QuantityTakeOff',$,(#1741));
#1969=IFCPROPERTYSINGLEVALUE('Reference',$,IFCLABEL('200x360'),$);
#1970=IFCPROPERTYSET('2bcW2d_MM8hLRdklWPBSQc',#6,'Pset_ReinforcementBarPitchOfColumn',$,(#1969));
#1971=IFCRELDEFINESBYPROPERTIES('34EnUlU81G27veaVgV1w5x',#6,$,$,(#1966),#1967);
#1972=IFCRELDEFINESBYPROPERTIES('232qIO_S8LQXaTAJkyxKAW',#6,$,$,(#1966),#1968);
#1973=IFCRELDEFINESBYPROPERTIES('0kQgWaPkMH3yC2iDOO3Opu',#6,$,$,(#1966),#1970);
#1974=IFCMAPPEDITEM(#1732,#1706);
#1975=IFCSHAPEREPRESENTATION(#15,'Body','MappedRepresentation',(#1974));
#1976=IFCPRODUCTDEFINITIONSHAPE($,$,(#1975));
#1977=IFCCARTESIANPOINT((26778.785745378875,-20363.638670240416,0.));
#1978=IFCAXIS2PLACEMENT3D(#1977,$,$);
#1979=IFCLOCALPLACEMENT(#24,#1978);
#1980=IFCCOLUMN('1MzzCu4tX5nAr$Y5GgwCPx',#6,'Column:200x360:311009',$,$,#1979,#1976,'311009');
#1981=IFCPROPERTYSET('23mb0e2E38VW0eicS5gviw',#6,'Pset_ColumnCommon',$,(#82,#83,#1741));
#1982=IFCPROPERTYSET('2qigG6Gh78MU9CdgAUHlJN',#6,'Pset_QuantityTakeOff',$,(#1741));
#1983=IFCPROPERTYSINGLEVALUE('Reference',$,IFCLABEL('200x360'),$);
#1984=IFCPROPERTYSET('1mab6KboTWkK8iLgIxGn5Y',#6,'Pset_ReinforcementBarPitchOfColumn',$,(#1983));
#1985=IFCRELDEFINESBYPROPERTIES('2ec07kwbnTM_iWghLTjuer',#6,$,$,(#1980),#1981);
#1986=IFCRELDEFINESBYPROPERTIES('0IBqw_FOix$G09YpVz2bQf',#6,$,$,(#1980),#1982);
#1987=IFCRELDEFINESBYPROPERTIES('2HiWyjMhGl92YTORgq6KxS',#6,$,$,(#1980),#1984);
#1988=IFCMAPPEDITEM(#1699,#1706);
#1989=IFCSHAPEREPRESENTATION(#15,'Body','MappedRepresentation',(#1988));
#1990=IFCPRODUCTDEFINITIONSHAPE($,$,(#1989));
#1991=IFCCARTESIANPOINT((30108.785745378893,-20362.638670240238,0.));
#1992=IFCAXIS2PLACEMENT3D(#1991,$,$);
#1993=IFCLOCALPLACEMENT(#24,#1992);
#1994=IFCCOLUMN('1MzzCu4tX5nAr$Y5GgwCUV',#6,'Column:330x360:311045',$,$,#1993,#1990,'311045');
#1995=IFCPROPERTYSET('1ChNNjxdvN5VQFbz0TUlX9',#6,'Pset_ColumnCommon',$,(#82,#83,#1714));
#1996=IFCPROPERTYSET('2R7bc01PUEFJGddlUJoD4h',#6,'Pset_QuantityTakeOff',$,(#1714));
#1997=IFCPROPERTYSINGLEVALUE('Reference',$,IFCLABEL('330x360'),$);
#1998=IFCPROPERTYSET('2TipO_oTl8Qje5YPaVqjOA',#6,'Pset_ReinforcementBarPitchOfColumn',$,(#1997));
#1999=IFCRELDEFINESBYPROPERTIES('0fDyft1a0bDDWK9mIum18k',#6,$,$,(#1994),#1995);
#2000=IFCRELDEFINESBYPROPERTIES('19xABsQ0Y79o5TXLBRm3P8',#6,$,$,(#1994),#1996);
#2001=IFCRELDEFINESBYPROPERTIES('0caQJ1k6yTj3QN1AGzHllK',#6,$,$,(#1994),#1998);
#2002=IFCCARTESIANPOINT((0.,0.));
#2003=IFCAXIS2PLACEMENT2D(#2002,#48);
#2004=IFCRECTANGLEPROFILEDEF(.AREA.,'250x250',#2003,250.00000000000003,250.00000000000003);
#2005=IFCCARTESIANPOINT((-25.,25.,0.));
#2006=IFCAXIS2PLACEMENT3D(#2005,#55,#1689);
#2007=IFCEXTRUDEDAREASOLID(#2004,#2006,#55,3280.);
#2008=IFCSTYLEDITEM(#2007,(#1695),$);
#2009=IFCSHAPEREPRESENTATION(#15,'Body','SweptSolid',(#2007));
#2010=IFCAXIS2PLACEMENT3D(#10,$,$);
#2011=IFCREPRESENTATIONMAP(#2010,#2009);
#2012=IFCCOLUMNTYPE('1GgSMGs1bDKvotNlTC9KWf',#6,'Column:250x250',$,$,(#2028),(#2011),'311193',$,.COLUMN.);
#2013=IFCMAPPEDITEM(#2011,#1706);
#2014=IFCSHAPEREPRESENTATION(#15,'Body','MappedRepresentation',(#2013));
#2015=IFCPRODUCTDEFINITIONSHAPE($,$,(#2014));
#2016=IFCCARTESIANPOINT((-25831.214254621129,-7198.638670240216,0.));
#2017=IFCAXIS2PLACEMENT3D(#2016,$,$);
#2018=IFCLOCALPLACEMENT(#24,#2017);
#2019=IFCCOLUMN('1MzzCu4tX5nAr$Y5GgwCSR',#6,'Column:250x250:311169',$,$,#2018,#2015,'311169');
#2020=IFCPROPERTYSINGLEVALUE('Reference',$,IFCIDENTIFIER('250x250'),$);
#2021=IFCPROPERTYSET('34Pg7hsTEIb4bMF5GFSEkx',#6,'Pset_ColumnCommon',$,(#82,#83,#2020));
#2022=IFCPROPERTYSET('2TBSkqvAzcPN1e6t4G3PbK',#6,'Pset_QuantityTakeOff',$,(#2020));
#2023=IFCPROPERTYSINGLEVALUE('Reference',$,IFCLABEL('250x250'),$);
#2024=IFCPROPERTYSET('1O4UPsQP46Gts5tA7eOSJI',#6,'Pset_ReinforcementBarPitchOfColumn',$,(#2023));
#2025=IFCRELDEFINESBYPROPERTIES('0v0HuMWSspB4_mxxu7JyvM',#6,$,$,(#2019),#2021);
#2026=IFCRELDEFINESBYPROPERTIES('0kNyWWM$8kmw$YEVt7khs9',#6,$,$,(#2019),#2022);
#2027=IFCRELDEFINESBYPROPERTIES('3E4HjHhke0IdG750gzBhez',#6,$,$,(#2019),#2024);
#2028=IFCPROPERTYSET('1igVx5ZmlbnpgkKwJcUHH$',#6,'Pset_ColumnCommon',$,(#83));
#2029=IFCMAPPEDITEM(#2011,#1706);
#2030=IFCSHAPEREPRESENTATION(#15,'Body','MappedRepresentation',(#2029));
#2031=IFCPRODUCTDEFINITIONSHAPE($,$,(#2030));
#2032=IFCCARTESIANPOINT((-28531.21425462114,-7198.638670240216,0.));
#2033=IFCAXIS2PLACEMENT3D(#2032,$,$);
#2034=IFCLOCALPLACEMENT(#24,#2033);
#2035=IFCCOLUMN('1MzzCu4tX5nAr$Y5GgwBZJ',#6,'Column:250x250:311369',$,$,#2034,#2031,'311369');
#2036=IFCPROPERTYSET('11mPdKv8bD1o7sVdo4RkCk',#6,'Pset_ColumnCommon',$,(#82,#83,#2020));
#2037=IFCPROPERTYSET('1FvRPC3GGwWQF1TFR6mUEE',#6,'Pset_QuantityTakeOff',$,(#2020));
#2038=IFCPROPERTYSINGLEVALUE('Reference',$,IFCLABEL('250x250'),$);
#2039=IFCPROPERTYSET('2O$8McTbYqLBDbsWxmFf2X',#6,'Pset_ReinforcementBarPitchOfColumn',$,(#2038));
#2040=IFCRELDEFINESBYPROPERTIES('2vQrKGCvx5IlODvtsnDHLb',#6,$,$,(#2035),#2036);
#2041=IFCRELDEFINESBYPROPERTIES('0hsSZwjq7icFWgZyAtUv4f',#6,$,$,(#2035),#2037);
#2042=IFCRELDEFINESBYPROPERTIES('3ZgSkd6$dhnDbTD2EaNHyx',#6,$,$,(#2035),#2039);
#2043=IFCMAPPEDITEM(#2011,#1706);
#2044=IFCSHAPEREPRESENTATION(#15,'Body','MappedRepresentation',(#2043));
#2045=IFCPRODUCTDEFINITIONSHAPE($,$,(#2044));
#2046=IFCCARTESIANPOINT((-23131.214254621133,-7198.638670240216,0.));
#2047=IFCAXIS2PLACEMENT3D(#2046,$,$);
#2048=IFCLOCALPLACEMENT(#24,#2047);
#2049=IFCCOLUMN('1MzzCu4tX5nAr$Y5GgwBZD',#6,'Column:250x250:311383',$,$,#2048,#2045,'311383');
#2050=IFCPROPERTYSET('0FaIBQC0SjpmCfkYm0R0Lj',#6,'Pset_ColumnCommon',$,(#82,#83,#2020));
#2051=IFCPROPERTYSET('2IShOQChRsfelJiHkHPBbB',#6,'Pset_QuantityTakeOff',$,(#2020));
#2052=IFCPROPERTYSINGLEVALUE('Reference',$,IFCLABEL('250x250'),$);
#2053=IFCPROPERTYSET('2S9GXVsEVTGyHkF7AZd_wo',#6,'Pset_ReinforcementBarPitchOfColumn',$,(#2052));
#2054=IFCRELDEFINESBYPROPERTIES('0wYtgj6sa4pHZ3d0LUo5GY',#6,$,$,(#2049),#2050);
#2055=IFCRELDEFINESBYPROPERTIES('1z05Dd1j0ueH6CxlG8eyP$',#6,$,$,(#2049),#2051);
#2056=IFCRELDEFINESBYPROPERTIES('3aWJMC22fILjrHB7YM7NC1',#6,$,$,(#2049),#2053);
#2057=IFCMAPPEDITEM(#2011,#1706);
#2058=IFCSHAPEREPRESENTATION(#15,'Body','MappedRepresentation',(#2057));
#2059=IFCPRODUCTDEFINITIONSHAPE($,$,(#2058));
#2060=IFCCARTESIANPOINT((-20431.214254621122,-7198.6386702402169,0.));
#2061=IFCAXIS2PLACEMENT3D(#2060,$,$);
#2062=IFCLOCALPLACEMENT(#24,#2061);
#2063=IFCCOLUMN('1MzzCu4tX5nAr$Y5GgwBZx',#6,'Column:250x250:311393',$,$,#2062,#2059,'311393');
#2064=IFCPROPERTYSET('3chY4HK4ZkUjxg$C_9gZAb',#6,'Pset_ColumnCommon',$,(#82,#83,#2020));
#2065=IFCPROPERTYSET('3WeGZbZGYeP1Ek6XtBeogX',#6,'Pset_QuantityTakeOff',$,(#2020));
#2066=IFCPROPERTYSINGLEVALUE('Reference',$,IFCLABEL('250x250'),$);
#2067=IFCPROPERTYSET('2GVnLpQzOiwXOABvujP7rz',#6,'Pset_ReinforcementBarPitchOfColumn',$,(#2066));
#2068=IFCRELDEFINESBYPROPERTIES('1oN7dZ9Wkh97ufy82ioXv4',#6,$,$,(#2063),#2064);
#2069=IFCRELDEFINESBYPROPERTIES('2mx8Y2SDgNFmkA14yy3t_V',#6,$,$,(#2063),#2065);
#2070=IFCRELDEFINESBYPROPERTIES('38$8VEA2JSm3ECYy9DybXJ',#6,$,$,(#2063),#2067);
#2071=IFCMAPPEDITEM(#2011,#1706);
#2072=IFCSHAPEREPRESENTATION(#15,'Body','MappedRepresentation',(#2071));
#2073=IFCPRODUCTDEFINITIONSHAPE($,$,(#2072));
#2074=IFCCARTESIANPOINT((-17551.214254621122,-7198.638670240216,0.));
#2075=IFCAXIS2PLACEMENT3D(#2074,$,$);
#2076=IFCLOCALPLACEMENT(#24,#2075);
#2077=IFCCOLUMN('1MzzCu4tX5nAr$Y5GgwBZt',#6,'Column:250x250:311405',$,$,#2076,#2073,'311405');
#2078=IFCPROPERTYSET('2Rhet49ztTPWW6YKQSeGy5',#6,'Pset_ColumnCommon',$,(#82,#83,#2020));
#2079=IFCPROPERTYSET('320ML7oejGXmcgo5azTzhW',#6,'Pset_QuantityTakeOff',$,(#2020));
#2080=IFCPROPERTYSINGLEVALUE('Reference',$,IFCLABEL('250x250'),$);
#2081=IFCPROPERTYSET('0ONSHQVFttQLpebJ2uUt_b',#6,'Pset_ReinforcementBarPitchOfColumn',$,(#2080));
#2082=IFCRELDEFINESBYPROPERTIES('03bkLDhDnMtF1ekrsN0CeP',#6,$,$,(#2077),#2078);
#2083=IFCRELDEFINESBYPROPERTIES('3Wg8ngYLewwGGuPkjY7osj',#6,$,$,(#2077),#2079);
#2084=IFCRELDEFINESBYPROPERTIES('1NYbDhSMp_2IFzsbUfBPLd',#6,$,$,(#2077),#2081);
#2085=IFCMAPPEDITEM(#2011,#1706);
#2086=IFCSHAPEREPRESENTATION(#15,'Body','MappedRepresentation',(#2085));
#2087=IFCPRODUCTDEFINITIONSHAPE($,$,(#2086));
#2088=IFCCARTESIANPOINT((-9331.214254621118,-7198.6386702402169,0.));
#2089=IFCAXIS2PLACEMENT3D(#2088,$,$);
#2090=IFCLOCALPLACEMENT(#24,#2089);
#2091=IFCCOLUMN('1MzzCu4tX5nAr$Y5GgwBZd',#6,'Column:250x250:311421',$,$,#2090,#2087,'311421');
#2092=IFCPROPERTYSET('0sW0TTHWtLrXgZWIu56ZTO',#6,'Pset_ColumnCommon',$,(#82,#83,#2020));
#2093=IFCPROPERTYSET('2NGLdwKcBK7zwdHf48qY4O',#6,'Pset_QuantityTakeOff',$,(#2020));
#2094=IFCPROPERTYSINGLEVALUE('Reference',$,IFCLABEL('250x250'),$);
#2095=IFCPROPERTYSET('2vAiRn9j1hzOceIaRloZzV',#6,'Pset_ReinforcementBarPitchOfColumn',$,(#2094));
#2096=IFCRELDEFINESBYPROPERTIES('0dDc8uovXs1Lfkpjfg1BQx',#6,$,$,(#2091),#2092);
#2097=IFCRELDEFINESBYPROPERTIES('0$MNIiTCOSG3lV_myOLU3L',#6,$,$,(#2091),#2093);
#2098=IFCRELDEFINESBYPROPERTIES('2w1PX2TzfbXhItYAjqOUcV',#6,$,$,(#2091),#2095);
#2099=IFCMAPPEDITEM(#2011,#1706);
#2100=IFCSHAPEREPRESENTATION(#15,'Body','MappedRepresentation',(#2099));
#2101=IFCPRODUCTDEFINITIONSHAPE($,$,(#2100));
#2102=IFCCARTESIANPOINT((-6631.2142546211307,-7198.638670240216,0.));
#2103=IFCAXIS2PLACEMENT3D(#2102,$,$);
#2104=IFCLOCALPLACEMENT(#24,#2103);
#2105=IFCCOLUMN('1MzzCu4tX5nAr$Y5GgwBWJ',#6,'Column:250x250:311433',$,$,#2104,#2101,'311433');
#2106=IFCPROPERTYSET('3Ql3wsq94Y1FbTKpSlBTdn',#6,'Pset_ColumnCommon',$,(#82,#83,#2020));
#2107=IFCPROPERTYSET('33MwJjNxe45HfKpCkrz01M',#6,'Pset_QuantityTakeOff',$,(#2020));
#2108=IFCPROPERTYSINGLEVALUE('Reference',$,IFCLABEL('250x250'),$);
#2109=IFCPROPERTYSET('2MNezQ6Ed11gixIKrgR$An',#6,'Pset_ReinforcementBarPitchOfColumn',$,(#2108));
#2110=IFCRELDEFINESBYPROPERTIES('1ZIQe7M$6qU9GTBpTLDziq',#6,$,$,(#2105),#2106);
#2111=IFCRELDEFINESBYPROPERTIES('1IHjWkN0eDkQtU8WANi8lm',#6,$,$,(#2105),#2107);
#2112=IFCRELDEFINESBYPROPERTIES('1kG4vasSoWwBS5UcLNmn6u',#6,$,$,(#2105),#2109);
#2113=IFCMAPPEDITEM(#2011,#1706);
#2114=IFCSHAPEREPRESENTATION(#15,'Body','MappedRepresentation',(#2113));
#2115=IFCPRODUCTDEFINITIONSHAPE($,$,(#2114));
#2116=IFCCARTESIANPOINT((-3931.214254621133,-7198.6386702402388,0.));
#2117=IFCAXIS2PLACEMENT3D(#2116,$,$);
#2118=IFCLOCALPLACEMENT(#24,#2117);
#2119=IFCCOLUMN('1MzzCu4tX5nAr$Y5GgwBWF',#6,'Column:250x250:311445',$,$,#2118,#2115,'311445');
#2120=IFCPROPERTYSET('2LMUjGiyDZgLxzFs01M4W0',#6,'Pset_ColumnCommon',$,(#82,#83,#2020));
#2121=IFCPROPERTYSET('0pRnwfvg3aG9arBb9PAOJj',#6,'Pset_QuantityTakeOff',$,(#2020));
#2122=IFCPROPERTYSINGLEVALUE('Reference',$,IFCLABEL('250x250'),$);
#2123=IFCPROPERTYSET('2f_44IK1sixmZCuJUCN0SX',#6,'Pset_ReinforcementBarPitchOfColumn',$,(#2122));
#2124=IFCRELDEFINESBYPROPERTIES('20USMMI2Ak6GwplW9JER3h',#6,$,$,(#2119),#2120);
#2125=IFCRELDEFINESBYPROPERTIES('3SdeKYPAnUyRNAb3F5WGD7',#6,$,$,(#2119),#2121);
#2126=IFCRELDEFINESBYPROPERTIES('19QiFqDxR3WFqr6xw9v4Aw',#6,$,$,(#2119),#2123);
#2127=IFCMAPPEDITEM(#2011,#1706);
#2128=IFCSHAPEREPRESENTATION(#15,'Body','MappedRepresentation',(#2127));
#2129=IFCPRODUCTDEFINITIONSHAPE($,$,(#2128));
#2130=IFCCARTESIANPOINT((-1231.2142546211107,-7198.638670240216,0.));
#2131=IFCAXIS2PLACEMENT3D(#2130,$,$);
#2132=IFCLOCALPLACEMENT(#24,#2131);
#2133=IFCCOLUMN('1MzzCu4tX5nAr$Y5GgwBWx',#6,'Column:250x250:311457',$,$,#2132,#2129,'311457');
#2134=IFCPROPERTYSET('0RzdADkR7EBu6uOfWbHwBu',#6,'Pset_ColumnCommon',$,(#82,#83,#2020));
#2135=IFCPROPERTYSET('2cnazVB8pf7laJ9zHb49Hx',#6,'Pset_QuantityTakeOff',$,(#2020));
#2136=IFCPROPERTYSINGLEVALUE('Reference',$,IFCLABEL('250x250'),$);
#2137=IFCPROPERTYSET('3AnCuLRVES7UcT3KuoxTLu',#6,'Pset_ReinforcementBarPitchOfColumn',$,(#2136));
#2138=IFCRELDEFINESBYPROPERTIES('1mt9zaZHhP3RmQBdw_Tzlc',#6,$,$,(#2133),#2134);
#2139=IFCRELDEFINESBYPROPERTIES('1_0wrv_lG7FHddKwGOK$Qx',#6,$,$,(#2133),#2135);
#2140=IFCRELDEFINESBYPROPERTIES('1CChVVpV2vtd6Tz3zf$eo1',#6,$,$,(#2133),#2137);
#2141=IFCMAPPEDITEM(#2011,#1706);
#2142=IFCSHAPEREPRESENTATION(#15,'Body','MappedRepresentation',(#2141));
#2143=IFCPRODUCTDEFINITIONSHAPE($,$,(#2142));
#2144=IFCCARTESIANPOINT((1648.7857453788804,-7198.6386702402169,0.));
#2145=IFCAXIS2PLACEMENT3D(#2144,$,$);
#2146=IFCLOCALPLACEMENT(#24,#2145);
#2147=IFCCOLUMN('1MzzCu4tX5nAr$Y5GgwBWt',#6,'Column:250x250:311469',$,$,#2146,#2143,'311469');
#2148=IFCPROPERTYSET('3Fx2EcXGS4EqfFRhSJCxGx',#6,'Pset_ColumnCommon',$,(#82,#83,#2020));
#2149=IFCPROPERTYSET('2jyjuHbipUW7cTQ5BW_oZR',#6,'Pset_QuantityTakeOff',$,(#2020));
#2150=IFCPROPERTYSINGLEVALUE('Reference',$,IFCLABEL('250x250'),$);
#2151=IFCPROPERTYSET('1w8RTj8tQ1be8WAEU2ktn6',#6,'Pset_ReinforcementBarPitchOfColumn',$,(#2150));
#2152=IFCRELDEFINESBYPROPERTIES('2GflDOd7ELqLEtS_dZbN1b',#6,$,$,(#2147),#2148);
#2153=IFCRELDEFINESBYPROPERTIES('2v9GmdfVXYTm_7vYIWIFWM',#6,$,$,(#2147),#2149);
#2154=IFCRELDEFINESBYPROPERTIES('1qibljTmm2zsYAUuLKiP43',#6,$,$,(#2147),#2151);
#2155=IFCMAPPEDITEM(#2011,#1706);
#2156=IFCSHAPEREPRESENTATION(#15,'Body','MappedRepresentation',(#2155));
#2157=IFCPRODUCTDEFINITIONSHAPE($,$,(#2156));
#2158=IFCCARTESIANPOINT((9118.7857453788802,-7198.638670240216,0.));
#2159=IFCAXIS2PLACEMENT3D(#2158,$,$);
#2160=IFCLOCALPLACEMENT(#24,#2159);
#2161=IFCCOLUMN('1MzzCu4tX5nAr$Y5GgwBXj',#6,'Column:250x250:311543',$,$,#2160,#2157,'311543');
#2162=IFCPROPERTYSET('03WmhiJlhnNMYRz$XU5xgs',#6,'Pset_ColumnCommon',$,(#82,#83,#2020));
#2163=IFCPROPERTYSET('0dIbh_BL_Wn$n1tdmMb3Kh',#6,'Pset_QuantityTakeOff',$,(#2020));
#2164=IFCPROPERTYSINGLEVALUE('Reference',$,IFCLABEL('250x250'),$);
#2165=IFCPROPERTYSET('0CCeshOoqS9B8nLQedY88e',#6,'Pset_ReinforcementBarPitchOfColumn',$,(#2164));
#2166=IFCRELDEFINESBYPROPERTIES('34HFImdz8350PVebb4Lin3',#6,$,$,(#2161),#2162);
#2167=IFCRELDEFINESBYPROPERTIES('3r8nlmq4IaZQ3fqf$0McAh',#6,$,$,(#2161),#2163);
#2168=IFCRELDEFINESBYPROPERTIES('2vKI$U1o_agOtauGmJlPFv',#6,$,$,(#2161),#2165);
#2169=IFCMAPPEDITEM(#2011,#1706);
#2170=IFCSHAPEREPRESENTATION(#15,'Body','MappedRepresentation',(#2169));
#2171=IFCPRODUCTDEFINITIONSHAPE($,$,(#2170));
#2172=IFCCARTESIANPOINT((11818.785745378889,-7198.6386702402169,0.));
#2173=IFCAXIS2PLACEMENT3D(#2172,$,$);
#2174=IFCLOCALPLACEMENT(#24,#2173);
#2175=IFCCOLUMN('1MzzCu4tX5nAr$Y5GgwBcR',#6,'Column:250x250:311553',$,$,#2174,#2171,'311553');
#2176=IFCPROPERTYSET('2KMMIYtKKQn5JZ3efTekTW',#6,'Pset_ColumnCommon',$,(#82,#83,#2020));
#2177=IFCPROPERTYSET('1iPteZUhP3CxtocOVfOocs',#6,'Pset_QuantityTakeOff',$,(#2020));
#2178=IFCPROPERTYSINGLEVALUE('Reference',$,IFCLABEL('250x250'),$);
#2179=IFCPROPERTYSET('2JgglnJw13n$kzHPxYJ0qU',#6,'Pset_ReinforcementBarPitchOfColumn',$,(#2178));
#2180=IFCRELDEFINESBYPROPERTIES('1ePxRKMfHp4HB$R_oVAYry',#6,$,$,(#2175),#2176);
#2181=IFCRELDEFINESBYPROPERTIES('1XCXk9Gg3k8F_D6Yt1js91',#6,$,$,(#2175),#2177);
#2182=IFCRELDEFINESBYPROPERTIES('16GGAYlb23t0A4klOo6hoE',#6,$,$,(#2175),#2179);
#2183=IFCMAPPEDITEM(#2011,#1706);
#2184=IFCSHAPEREPRESENTATION(#15,'Body','MappedRepresentation',(#2183));
#2185=IFCPRODUCTDEFINITIONSHAPE($,$,(#2184));
#2186=IFCCARTESIANPOINT((14003.78574537886,-7198.638670240216,0.));
#2187=IFCAXIS2PLACEMENT3D(#2186,$,$);
#2188=IFCLOCALPLACEMENT(#24,#2187);
#2189=IFCCOLUMN('1MzzCu4tX5nAr$Y5GgwBcz',#6,'Column:250x250:311591',$,$,#2188,#2185,'311591');
#2190=IFCPROPERTYSET('2HGuN7WR7bLgB33Qmt3zo8',#6,'Pset_ColumnCommon',$,(#82,#83,#2020));
#2191=IFCPROPERTYSET('1IILEeQrht9$2P6zwhb0yD',#6,'Pset_QuantityTakeOff',$,(#2020));
#2192=IFCPROPERTYSINGLEVALUE('Reference',$,IFCLABEL('250x250'),$);
#2193=IFCPROPERTYSET('1R_p_C4nZhD7L0zY2OG4XI',#6,'Pset_ReinforcementBarPitchOfColumn',$,(#2192));
#2194=IFCRELDEFINESBYPROPERTIES('3mGxg4FvpkejkhhRPDjp5i',#6,$,$,(#2189),#2190);
#2195=IFCRELDEFINESBYPROPERTIES('0LRnuj5Zb$JiJDYSRZktvE',#6,$,$,(#2189),#2191);
#2196=IFCRELDEFINESBYPROPERTIES('2L3j9rgJ2jT4tfPMlKd3uC',#6,$,$,(#2189),#2193);
#2197=IFCCARTESIANPOINT((0.,0.));
#2198=IFCAXIS2PLACEMENT2D(#2197,#48);
#2199=IFCRECTANGLEPROFILEDEF(.AREA.,'240x240',#2198,250.00000000000003,250.00000000000003);
#2200=IFCCARTESIANPOINT((-25.,25.,0.));
#2201=IFCAXIS2PLACEMENT3D(#2200,#55,#1689);
#2202=IFCEXTRUDEDAREASOLID(#2199,#2201,#55,2950.);
#2203=IFCSTYLEDITEM(#2202,(#1695),$);
#2204=IFCSHAPEREPRESENTATION(#15,'Body','SweptSolid',(#2202));
#2205=IFCAXIS2PLACEMENT3D(#10,$,$);
#2206=IFCREPRESENTATIONMAP(#2205,#2204);
#2207=IFCCOLUMNTYPE('0YIoPHn7T9RREZfDI76YWU',#6,'Column:240x240',$,$,(#2223),(#2206),'350584',$,.COLUMN.);
#2208=IFCMAPPEDITEM(#2206,#1706);
#2209=IFCSHAPEREPRESENTATION(#15,'Body','MappedRepresentation',(#2208));
#2210=IFCPRODUCTDEFINITIONSHAPE($,$,(#2209));
#2211=IFCCARTESIANPOINT((-4696.2198698551165,1731.3625504627455,0.));
#2212=IFCAXIS2PLACEMENT3D(#2211,$,$);
#2213=IFCLOCALPLACEMENT(#24,#2212);
#2214=IFCCOLUMN('1MzzCu4tX5nAr$Y5GgwBbT',#6,'Column:240x240:311751',$,$,#2213,#2210,'311751');
#2215=IFCPROPERTYSINGLEVALUE('Reference',$,IFCIDENTIFIER('240x240'),$);
#2216=IFCPROPERTYSET('1HBlYI090kj8mf9WBnDNie',#6,'Pset_ColumnCommon',$,(#82,#83,#2215));
#2217=IFCPROPERTYSET('3kdvrNUfVWURS_eJv9BQIe',#6,'Pset_QuantityTakeOff',$,(#2215));
#2218=IFCPROPERTYSINGLEVALUE('Reference',$,IFCLABEL('240x240'),$);
#2219=IFCPROPERTYSET('15gS9glqp2e_XYijkJeVjq',#6,'Pset_ReinforcementBarPitchOfColumn',$,(#2218));
#2220=IFCRELDEFINESBYPROPERTIES('0DIWF77uqLBRG5X$G$Dk27',#6,$,$,(#2214),#2216);
#2221=IFCRELDEFINESBYPROPERTIES('3wDervH8GxQYi0QieBWEsE',#6,$,$,(#2214),#2217);
#2222=IFCRELDEFINESBYPROPERTIES('29qvvXMLi77G7aFiYesPyV',#6,$,$,(#2214),#2219);
#2223=IFCPROPERTYSET('15EWQpwK5XEgxasmnm$7a3',#6,'Pset_ColumnCommon',$,(#83));
#2224=IFCMAPPEDITEM(#2206,#1706);
#2225=IFCSHAPEREPRESENTATION(#15,'Body','MappedRepresentation',(#2224));
#2226=IFCPRODUCTDEFINITIONSHAPE($,$,(#2225));
#2227=IFCCARTESIANPOINT((-4696.2061979801338,4941.3532731187515,0.));
#2228=IFCAXIS2PLACEMENT3D(#2227,$,$);
#2229=IFCLOCALPLACEMENT(#24,#2228);
#2230=IFCCOLUMN('1MzzCu4tX5nAr$Y5GgwBbB',#6,'Column:240x240:311761',$,$,#2229,#2226,'311761');
#2231=IFCPROPERTYSET('2L9Ff5se52$q0R$rOtf5vg',#6,'Pset_ColumnCommon',$,(#82,#83,#2215));
#2232=IFCPROPERTYSET('3Bf$eI6ogKlyAWEghjc$OU',#6,'Pset_QuantityTakeOff',$,(#2215));
#2233=IFCPROPERTYSINGLEVALUE('Reference',$,IFCLABEL('240x240'),$);
#2234=IFCPROPERTYSET('2yrUDjOKBbw8LkqF7QYfLc',#6,'Pset_ReinforcementBarPitchOfColumn',$,(#2233));
#2235=IFCRELDEFINESBYPROPERTIES('22iH4hUcER19oIh8Bn_6DT',#6,$,$,(#2230),#2231);
#2236=IFCRELDEFINESBYPROPERTIES('2qhoutTWr1rmVXLul0rcbs',#6,$,$,(#2230),#2232);
#2237=IFCRELDEFINESBYPROPERTIES('1wTEfBz$6U$$1L3rMPnasC',#6,$,$,(#2230),#2234);
#2238=IFCCARTESIANPOINT((0.,0.));
#2239=IFCAXIS2PLACEMENT2D(#2238,#48);
#2240=IFCRECTANGLEPROFILEDEF(.AREA.,'200x450',#2239,450.00000000000006,200.);
#2241=IFCCARTESIANPOINT((-125.,0.,0.));
#2242=IFCAXIS2PLACEMENT3D(#2241,#55,#1689);
#2243=IFCEXTRUDEDAREASOLID(#2240,#2242,#55,4000.0000000000005);
#2244=IFCSTYLEDITEM(#2243,(#1695),$);
#2245=IFCSHAPEREPRESENTATION(#15,'Body','SweptSolid',(#2243));
#2246=IFCAXIS2PLACEMENT3D(#10,$,$);
#2247=IFCREPRESENTATIONMAP(#2246,#2245);
#2248=IFCCOLUMNTYPE('3HkFCfaT99ex6xHFlqJYIe',#6,'Column:200x450',$,$,(#2264),(#2247),'400111',$,.COLUMN.);
#2249=IFCMAPPEDITEM(#2247,#1706);
#2250=IFCSHAPEREPRESENTATION(#15,'Body','MappedRepresentation',(#2249));
#2251=IFCPRODUCTDEFINITIONSHAPE($,$,(#2250));
#2252=IFCCARTESIANPOINT((30108.785745378871,-11038.638670240451,0.));
#2253=IFCAXIS2PLACEMENT3D(#2252,$,$);
#2254=IFCLOCALPLACEMENT(#24,#2253);
#2255=IFCCOLUMN('1MzzCu4tX5nAr$Y5GgwBbW',#6,'Column:200x450:311802',$,$,#2254,#2251,'311802');
#2256=IFCPROPERTYSINGLEVALUE('Reference',$,IFCIDENTIFIER('200x450'),$);
#2257=IFCPROPERTYSET('1FE8OSNHKvCdyy24_eQjmy',#6,'Pset_ColumnCommon',$,(#82,#83,#2256));
#2258=IFCPROPERTYSET('2Wd4h_OZWZYJWKSIQmyn3a',#6,'Pset_QuantityTakeOff',$,(#2256));
#2259=IFCPROPERTYSINGLEVALUE('Reference',$,IFCLABEL('200x450'),$);
#2260=IFCPROPERTYSET('1hWQjz0jficRKCvXg_EfOC',#6,'Pset_ReinforcementBarPitchOfColumn',$,(#2259));
#2261=IFCRELDEFINESBYPROPERTIES('3QjQ_iyBYziEBclQb9uGuo',#6,$,$,(#2255),#2257);
#2262=IFCRELDEFINESBYPROPERTIES('0qoYR$cPOuBwK2_2SSmcSn',#6,$,$,(#2255),#2258);
#2263=IFCRELDEFINESBYPROPERTIES('2nzsdw7sNbxCAzUk2HznU4',#6,$,$,(#2255),#2260);
#2264=IFCPROPERTYSET('2cN8lExu9wN9LlN5_ToPFY',#6,'Pset_ColumnCommon',$,(#83));
#2265=IFCCARTESIANPOINT((0.,0.));
#2266=IFCAXIS2PLACEMENT2D(#2265,#48);
#2267=IFCRECTANGLEPROFILEDEF(.AREA.,'200x520',#2266,520.,200.);
#2268=IFCCARTESIANPOINT((-160.,0.,0.));
#2269=IFCAXIS2PLACEMENT3D(#2268,#55,#1689);
#2270=IFCEXTRUDEDAREASOLID(#2267,#2269,#55,4000.0000000000005);
#2271=IFCSTYLEDITEM(#2270,(#1695),$);
#2272=IFCSHAPEREPRESENTATION(#15,'Body','SweptSolid',(#2270));
#2273=IFCAXIS2PLACEMENT3D(#10,$,$);
#2274=IFCREPRESENTATIONMAP(#2273,#2272);
#2275=IFCCOLUMNTYPE('1GgSMGs1bDKvotNlTC9KWk',#6,'Column:200x520',$,$,(#2291),(#2274),'311985',$,.COLUMN.);
#2276=IFCMAPPEDITEM(#2274,#1706);
#2277=IFCSHAPEREPRESENTATION(#15,'Body','MappedRepresentation',(#2276));
#2278=IFCPRODUCTDEFINITIONSHAPE($,$,(#2277));
#2279=IFCCARTESIANPOINT((20803.785745378889,-4638.6386702402087,0.));
#2280=IFCAXIS2PLACEMENT3D(#2279,$,$);
#2281=IFCLOCALPLACEMENT(#24,#2280);
#2282=IFCCOLUMN('1MzzCu4tX5nAr$Y5GgwBe3',#6,'Column:200x520:311961',$,$,#2281,#2278,'311961');
#2283=IFCPROPERTYSINGLEVALUE('Reference',$,IFCIDENTIFIER('200x520'),$);
#2284=IFCPROPERTYSET('1Qzo3jBprrsWLRbg76sBdc',#6,'Pset_ColumnCommon',$,(#82,#83,#2283));
#2285=IFCPROPERTYSET('2wIGVdTy0_tviasACdljVr',#6,'Pset_QuantityTakeOff',$,(#2283));
#2286=IFCPROPERTYSINGLEVALUE('Reference',$,IFCLABEL('200x520'),$);
#2287=IFCPROPERTYSET('2o4inC5M7Sj83XPCjFTDeW',#6,'Pset_ReinforcementBarPitchOfColumn',$,(#2286));
#2288=IFCRELDEFINESBYPROPERTIES('0aMdsHNSXBj4V82fslA9OJ',#6,$,$,(#2282),#2284);
#2289=IFCRELDEFINESBYPROPERTIES('2V8GCEkTchEba3EC9xaKyd',#6,$,$,(#2282),#2285);
#2290=IFCRELDEFINESBYPROPERTIES('1SfZd5w14MUrqQ5nc29eQZ',#6,$,$,(#2282),#2287);
#2291=IFCPROPERTYSET('369qvShzwpoIoc8V9vnOu7',#6,'Pset_ColumnCommon',$,(#83));
#2292=IFCMAPPEDITEM(#2247,#1706);
#2293=IFCSHAPEREPRESENTATION(#15,'Body','MappedRepresentation',(#2292));
#2294=IFCPRODUCTDEFINITIONSHAPE($,$,(#2293));
#2295=IFCCARTESIANPOINT((30108.785745378886,-4638.6386702404461,0.));
#2296=IFCAXIS2PLACEMENT3D(#2295,$,$);
#2297=IFCLOCALPLACEMENT(#24,#2296);
#2298=IFCCOLUMN('1MzzCu4tX5nAr$Y5GgwBlA',#6,'Column:200x450:312144',$,$,#2297,#2294,'312144');
#2299=IFCPROPERTYSET('0B2RpAFu9MoqDOqxFpiLGt',#6,'Pset_ColumnCommon',$,(#82,#83,#2256));
#2300=IFCPROPERTYSET('3h28Rk1AcrTeK4yeWfmx6w',#6,'Pset_QuantityTakeOff',$,(#2256));
#2301=IFCPROPERTYSINGLEVALUE('Reference',$,IFCLABEL('200x450'),$);
#2302=IFCPROPERTYSET('0fcFYSCxLxCurq6IAIqXYV',#6,'Pset_ReinforcementBarPitchOfColumn',$,(#2301));
#2303=IFCRELDEFINESBYPROPERTIES('3zWrTfRxHTZ$iXtqnHrYAY',#6,$,$,(#2298),#2299);
#2304=IFCRELDEFINESBYPROPERTIES('3AqAsRmmHvYbLfl7IJEKx0',#6,$,$,(#2298),#2300);
#2305=IFCRELDEFINESBYPROPERTIES('3y4RvW2xWA9wXE2UchAsDX',#6,$,$,(#2298),#2302);
#2306=IFCMAPPEDITEM(#2274,#1706);
#2307=IFCSHAPEREPRESENTATION(#15,'Body','MappedRepresentation',(#2306));
#2308=IFCPRODUCTDEFINITIONSHAPE($,$,(#2307));
#2309=IFCCARTESIANPOINT((20803.785745378889,-11038.638670240211,0.));
#2310=IFCAXIS2PLACEMENT3D(#2309,$,$);
#2311=IFCLOCALPLACEMENT(#24,#2310);
#2312=IFCCOLUMN('1MzzCu4tX5nAr$Y5GgwBjB',#6,'Column:200x520:312273',$,$,#2311,#2308,'312273');
#2313=IFCPROPERTYSET('3kyoZvgeYIMmKaSiwZbX1W',#6,'Pset_ColumnCommon',$,(#82,#83,#2283));
#2314=IFCPROPERTYSET('2NL87Vco4Spo14Yghwdh$4',#6,'Pset_QuantityTakeOff',$,(#2283));
#2315=IFCPROPERTYSINGLEVALUE('Reference',$,IFCLABEL('200x520'),$);
#2316=IFCPROPERTYSET('3oTB4GvPorOqrR1Gp7HXys',#6,'Pset_ReinforcementBarPitchOfColumn',$,(#2315));
#2317=IFCRELDEFINESBYPROPERTIES('3mLO0_12idXVhOeJA4Jclk',#6,$,$,(#2312),#2313);
#2318=IFCRELDEFINESBYPROPERTIES('0vxDV7Q1lumz9jmyUj$CeE',#6,$,$,(#2312),#2314);
#2319=IFCRELDEFINESBYPROPERTIES('1M3YIrAKySQITRUpLEJN8X',#6,$,$,(#2312),#2316);
#2320=IFCMAPPEDITEM(#2274,#1706);
#2321=IFCSHAPEREPRESENTATION(#15,'Body','MappedRepresentation',(#2320));
#2322=IFCPRODUCTDEFINITIONSHAPE($,$,(#2321));
#2323=IFCCARTESIANPOINT((20803.785745378889,-7838.6386702402779,0.));
#2324=IFCAXIS2PLACEMENT3D(#2323,$,$);
#2325=IFCLOCALPLACEMENT(#24,#2324);
#2326=IFCCOLUMN('1MzzCu4tX5nAr$Y5GgwBj1',#6,'Column:200x520:312283',$,$,#2325,#2322,'312283');
#2327=IFCPROPERTYSET('2xEWFYO1HDhmfUIfpypNyN',#6,'Pset_ColumnCommon',$,(#82,#83,#2283));
#2328=IFCPROPERTYSET('2pl6VzFpPygVxygy6_tH1v',#6,'Pset_QuantityTakeOff',$,(#2283));
#2329=IFCPROPERTYSINGLEVALUE('Reference',$,IFCLABEL('200x520'),$);
#2330=IFCPROPERTYSET('0eYN6Lqg5Xbw0dR3r3qzwl',#6,'Pset_ReinforcementBarPitchOfColumn',$,(#2329));
#2331=IFCRELDEFINESBYPROPERTIES('0qt1NbZ3GhfX8ZxUi3Kvzs',#6,$,$,(#2326),#2327);
#2332=IFCRELDEFINESBYPROPERTIES('3I7M_v8pDZJRLJX2seZu4T',#6,$,$,(#2326),#2328);
#2333=IFCRELDEFINESBYPROPERTIES('2_DV4pM$g1yJY$n4TTFCSW',#6,$,$,(#2326),#2330);
#2334=IFCCARTESIANPOINT((0.,0.));
#2335=IFCAXIS2PLACEMENT2D(#2334,#48);
#2336=IFCRECTANGLEPROFILEDEF(.AREA.,'200x300',#2335,300.,200.);
#2337=IFCCARTESIANPOINT((-50.,0.,0.));
#2338=IFCAXIS2PLACEMENT3D(#2337,#55,#1689);
#2339=IFCEXTRUDEDAREASOLID(#2336,#2338,#55,4000.0000000000005);
#2340=IFCSTYLEDITEM(#2339,(#1695),$);
#2341=IFCSHAPEREPRESENTATION(#15,'Body','SweptSolid',(#2339));
#2342=IFCAXIS2PLACEMENT3D(#10,$,$);
#2343=IFCREPRESENTATIONMAP(#2342,#2341);
#2344=IFCCOLUMNTYPE('1GgSMGs1bDKvotNlTC9KWj',#6,'Column:200x300',$,$,(#2360),(#2343),'312317',$,.COLUMN.);
#2345=IFCMAPPEDITEM(#2343,#1706);
#2346=IFCSHAPEREPRESENTATION(#15,'Body','MappedRepresentation',(#2345));
#2347=IFCPRODUCTDEFINITIONSHAPE($,$,(#2346));
#2348=IFCCARTESIANPOINT((29768.785745378875,-1438.6386702404423,0.));
#2349=IFCAXIS2PLACEMENT3D(#2348,$,$);
#2350=IFCLOCALPLACEMENT(#24,#2349);
#2351=IFCCOLUMN('1MzzCu4tX5nAr$Y5GgwBpj',#6,'Column:200x300:312439',$,$,#2350,#2347,'312439');
#2352=IFCPROPERTYSINGLEVALUE('Reference',$,IFCIDENTIFIER('200x300'),$);
#2353=IFCPROPERTYSET('1TExrgpRMhNZ97csBSBF2A',#6,'Pset_ColumnCommon',$,(#82,#83,#2352));
#2354=IFCPROPERTYSET('11i_$QXKgcxqs_soOlqbTE',#6,'Pset_QuantityTakeOff',$,(#2352));
#2355=IFCPROPERTYSINGLEVALUE('Reference',$,IFCLABEL('200x300'),$);
#2356=IFCPROPERTYSET('3CYWctrpbSkMtNuYw4Nfre',#6,'Pset_ReinforcementBarPitchOfColumn',$,(#2355));
#2357=IFCRELDEFINESBYPROPERTIES('2q7yZRsDH6LNAczHk8RDB3',#6,$,$,(#2351),#2353);
#2358=IFCRELDEFINESBYPROPERTIES('2VS_kFqdf0AyrhgG96U1xs',#6,$,$,(#2351),#2354);
#2359=IFCRELDEFINESBYPROPERTIES('0H6c5Un5a6CH$6FsYB5kjm',#6,$,$,(#2351),#2356);
#2360=IFCPROPERTYSET('1pzYSdRac6pVJhE6vIM0$l',#6,'Pset_ColumnCommon',$,(#83));
#2361=IFCMAPPEDITEM(#2343,#1706);
#2362=IFCSHAPEREPRESENTATION(#15,'Body','MappedRepresentation',(#2361));
#2363=IFCPRODUCTDEFINITIONSHAPE($,$,(#2362));
#2364=IFCCARTESIANPOINT((29768.785745378889,8161.3613297595375,0.));
#2365=IFCAXIS2PLACEMENT3D(#2364,$,$);
#2366=IFCLOCALPLACEMENT(#24,#2365);
#2367=IFCCOLUMN('1MzzCu4tX5nAr$Y5GgwBmR',#6,'Column:200x300:312449',$,$,#2366,#2363,'312449');
#2368=IFCPROPERTYSET('0GTXslFD$_osbrrIEa6dIX',#6,'Pset_ColumnCommon',$,(#82,#83,#2352));
#2369=IFCPROPERTYSET('0tdwsvTBpAQJ7k4lq2skst',#6,'Pset_QuantityTakeOff',$,(#2352));
#2370=IFCPROPERTYSINGLEVALUE('Reference',$,IFCLABEL('200x300'),$);
#2371=IFCPROPERTYSET('1lw8JbNRcJ7UflCZg4UgcV',#6,'Pset_ReinforcementBarPitchOfColumn',$,(#2370));
#2372=IFCRELDEFINESBYPROPERTIES('1Dqx55blB2LlgnKmUiueXr',#6,$,$,(#2367),#2368);
#2373=IFCRELDEFINESBYPROPERTIES('3Sk5B1kuhkc_kxUkjjkqbh',#6,$,$,(#2367),#2369);
#2374=IFCRELDEFINESBYPROPERTIES('0XdPL9PKtYluLfs9gHtfOp',#6,$,$,(#2367),#2371);
#2375=IFCMAPPEDITEM(#2343,#1706);
#2376=IFCSHAPEREPRESENTATION(#15,'Body','MappedRepresentation',(#2375));
#2377=IFCPRODUCTDEFINITIONSHAPE($,$,(#2376));
#2378=IFCCARTESIANPOINT((29768.785745378886,4961.3613297595566,0.));
#2379=IFCAXIS2PLACEMENT3D(#2378,$,$);
#2380=IFCLOCALPLACEMENT(#24,#2379);
#2381=IFCCOLUMN('1MzzCu4tX5nAr$Y5GgwBmH',#6,'Column:200x300:312459',$,$,#2380,#2377,'312459');
#2382=IFCPROPERTYSET('2cWgk1AzgM2TEl8DLydYgM',#6,'Pset_ColumnCommon',$,(#82,#83,#2352));
#2383=IFCPROPERTYSET('04qqaI$P8m2YvhHpWYDBOT',#6,'Pset_QuantityTakeOff',$,(#2352));
#2384=IFCPROPERTYSINGLEVALUE('Reference',$,IFCLABEL('200x300'),$);
#2385=IFCPROPERTYSET('3BefsdZUOCJiXt_$EVhTmQ',#6,'Pset_ReinforcementBarPitchOfColumn',$,(#2384));
#2386=IFCRELDEFINESBYPROPERTIES('2nbratBnOg7zdpqDmIH17K',#6,$,$,(#2381),#2382);
#2387=IFCRELDEFINESBYPROPERTIES('0MgDhoMwSumCgkNaLyDgpa',#6,$,$,(#2381),#2383);
#2388=IFCRELDEFINESBYPROPERTIES('1rPfuLnv$GzdI5V8Fi$Vjh',#6,$,$,(#2381),#2385);
#2389=IFCCARTESIANPOINT((1.4210854715202004E-014,0.));
#2390=IFCAXIS2PLACEMENT2D(#2389,#48);
#2391=IFCRECTANGLEPROFILEDEF(.AREA.,'200x200',#2390,200.,200.00000000000006);
#2392=IFCAXIS2PLACEMENT3D(#10,#55,#1689);
#2393=IFCEXTRUDEDAREASOLID(#2391,#2392,#55,3310.);
#2394=IFCSTYLEDITEM(#2393,(#1695),$);
#2395=IFCSHAPEREPRESENTATION(#15,'Body','SweptSolid',(#2393));
#2396=IFCAXIS2PLACEMENT3D(#10,$,$);
#2397=IFCREPRESENTATIONMAP(#2396,#2395);
#2398=IFCCOLUMNTYPE('1GgSMGs1bDKvotNlTC9KWi',#6,'Column:200x200',$,$,(#2414),(#2397),'310266',$,.COLUMN.);
#2399=IFCMAPPEDITEM(#2397,#1706);
#2400=IFCSHAPEREPRESENTATION(#15,'Body','MappedRepresentation',(#2399));
#2401=IFCPRODUCTDEFINITIONSHAPE($,$,(#2400));
#2402=IFCCARTESIANPOINT((29968.7857453789,14561.36132975956,0.));
#2403=IFCAXIS2PLACEMENT3D(#2402,$,$);
#2404=IFCLOCALPLACEMENT(#24,#2403);
#2405=IFCCOLUMN('1MzzCu4tX5nAr$Y5GgwBmn',#6,'Column:200x200:312491',$,$,#2404,#2401,'312491');
#2406=IFCPROPERTYSINGLEVALUE('Reference',$,IFCIDENTIFIER('200x200'),$);
#2407=IFCPROPERTYSET('1jSMzigjwSTRw2B6EFMgVi',#6,'Pset_ColumnCommon',$,(#82,#83,#2406));
#2408=IFCPROPERTYSET('1DEDfZW4CDtTdPY$66Q8Br',#6,'Pset_QuantityTakeOff',$,(#2406));
#2409=IFCPROPERTYSINGLEVALUE('Reference',$,IFCLABEL('200x200'),$);
#2410=IFCPROPERTYSET('2pEOzYrbeRRVzJyUhmKrhf',#6,'Pset_ReinforcementBarPitchOfColumn',$,(#2409));
#2411=IFCRELDEFINESBYPROPERTIES('2VOaOUy_0UZIrmx7hVFXtm',#6,$,$,(#2405),#2407);
#2412=IFCRELDEFINESBYPROPERTIES('2OkPv4qdUY8oV9GhbAGpVp',#6,$,$,(#2405),#2408);
#2413=IFCRELDEFINESBYPROPERTIES('3fP4qGB5vwYKbS6cdSV5fP',#6,$,$,(#2405),#2410);
#2414=IFCPROPERTYSET('1MqjYPJH0po0dcimLGvy5Y',#6,'Pset_ColumnCommon',$,(#83));
#2415=IFCMAPPEDITEM(#2343,#1706);
#2416=IFCSHAPEREPRESENTATION(#15,'Body','MappedRepresentation',(#2415));
#2417=IFCPRODUCTDEFINITIONSHAPE($,$,(#2416));
#2418=IFCCARTESIANPOINT((20803.78574537886,-1438.6386702402317,0.));
#2419=IFCAXIS2PLACEMENT3D(#2418,$,$);
#2420=IFCLOCALPLACEMENT(#24,#2419);
#2421=IFCCOLUMN('1MzzCu4tX5nAr$Y5GgwBna',#6,'Column:200x300:312574',$,$,#2420,#2417,'312574');
#2422=IFCPROPERTYSET('0ch6tS2aJ87nQq6s01QahB',#6,'Pset_ColumnCommon',$,(#82,#83,#2352));
#2423=IFCPROPERTYSET('1u4L6vZwX0BN7FIKUf2cUX',#6,'Pset_QuantityTakeOff',$,(#2352));
#2424=IFCPROPERTYSINGLEVALUE('Reference',$,IFCLABEL('200x300'),$);
#2425=IFCPROPERTYSET('14_oMq88q_msq2mzwA$LHu',#6,'Pset_ReinforcementBarPitchOfColumn',$,(#2424));
#2426=IFCRELDEFINESBYPROPERTIES('1z4IUIte7FyL$zPRtuvtyT',#6,$,$,(#2421),#2422);
#2427=IFCRELDEFINESBYPROPERTIES('2gFkJMCu43tHjWQgj5nhge',#6,$,$,(#2421),#2423);
#2428=IFCRELDEFINESBYPROPERTIES('0PieWy1kgXJp_ooiOBOGt0',#6,$,$,(#2421),#2425);
#2429=IFCMAPPEDITEM(#2343,#1706);
#2430=IFCSHAPEREPRESENTATION(#15,'Body','MappedRepresentation',(#2429));
#2431=IFCPRODUCTDEFINITIONSHAPE($,$,(#2430));
#2432=IFCCARTESIANPOINT((20803.785745378864,1761.3613297597685,0.));
#2433=IFCAXIS2PLACEMENT3D(#2432,$,$);
#2434=IFCLOCALPLACEMENT(#24,#2433);
#2435=IFCCOLUMN('1MzzCu4tX5nAr$Y5GgwBsI',#6,'Column:200x300:312584',$,$,#2434,#2431,'312584');
#2436=IFCPROPERTYSET('0PQ5LnGoPoLXawWC0GLc_t',#6,'Pset_ColumnCommon',$,(#82,#83,#2352));
#2437=IFCPROPERTYSET('1yvVjP_FZDJkKLlKcCprtA',#6,'Pset_QuantityTakeOff',$,(#2352));
#2438=IFCPROPERTYSINGLEVALUE('Reference',$,IFCLABEL('200x300'),$);
#2439=IFCPROPERTYSET('3$3IdrLolU5gRfmWPIwbKa',#6,'Pset_ReinforcementBarPitchOfColumn',$,(#2438));
#2440=IFCRELDEFINESBYPROPERTIES('1VNKuLU8zg4E5GNe7RM7lM',#6,$,$,(#2435),#2436);
#2441=IFCRELDEFINESBYPROPERTIES('3G$r$X6V_U0aIKm32Z_bMp',#6,$,$,(#2435),#2437);
#2442=IFCRELDEFINESBYPROPERTIES('2bQW_k6XPDhPckuSP4jSqH',#6,$,$,(#2435),#2439);
#2443=IFCMAPPEDITEM(#2343,#1706);
#2444=IFCSHAPEREPRESENTATION(#15,'Body','MappedRepresentation',(#2443));
#2445=IFCPRODUCTDEFINITIONSHAPE($,$,(#2444));
#2446=IFCCARTESIANPOINT((20803.785745378867,4961.3613297597685,0.));
#2447=IFCAXIS2PLACEMENT3D(#2446,$,$);
#2448=IFCLOCALPLACEMENT(#24,#2447);
#2449=IFCCOLUMN('1MzzCu4tX5nAr$Y5GgwBs8',#6,'Column:200x300:312594',$,$,#2448,#2445,'312594');
#2450=IFCPROPERTYSET('0uWH0Riy614WOxMLWs7AoV',#6,'Pset_ColumnCommon',$,(#82,#83,#2352));
#2451=IFCPROPERTYSET('3Dg0qWwYkZiQQIhDTcyZzh',#6,'Pset_QuantityTakeOff',$,(#2352));
#2452=IFCPROPERTYSINGLEVALUE('Reference',$,IFCLABEL('200x300'),$);
#2453=IFCPROPERTYSET('3J19O5aka8CxK5wf93v193',#6,'Pset_ReinforcementBarPitchOfColumn',$,(#2452));
#2454=IFCRELDEFINESBYPROPERTIES('3tMyt2bRVYQkWpacaTXXVQ',#6,$,$,(#2449),#2450);
#2455=IFCRELDEFINESBYPROPERTIES('0ftHRymZ_dWk4Tj$_JYFdv',#6,$,$,(#2449),#2451);
#2456=IFCRELDEFINESBYPROPERTIES('1sMVRZ4vBnlCZ8IQy68tHr',#6,$,$,(#2449),#2453);
#2457=IFCMAPPEDITEM(#2343,#1706);
#2458=IFCSHAPEREPRESENTATION(#15,'Body','MappedRepresentation',(#2457));
#2459=IFCPRODUCTDEFINITIONSHAPE($,$,(#2458));
#2460=IFCCARTESIANPOINT((20803.785745378871,8161.3613297597576,0.));
#2461=IFCAXIS2PLACEMENT3D(#2460,$,$);
#2462=IFCLOCALPLACEMENT(#24,#2461);
#2463=IFCCOLUMN('1MzzCu4tX5nAr$Y5GgwBs4',#6,'Column:200x300:312606',$,$,#2462,#2459,'312606');
#2464=IFCPROPERTYSET('0OQzGjZ38vyyUZp7Wk87oy',#6,'Pset_ColumnCommon',$,(#82,#83,#2352));
#2465=IFCPROPERTYSET('1WC4J_alQhvXZEqmaVCDs9',#6,'Pset_QuantityTakeOff',$,(#2352));
#2466=IFCPROPERTYSINGLEVALUE('Reference',$,IFCLABEL('200x300'),$);
#2467=IFCPROPERTYSET('2GHZgBZ4dTUfLTqlR_gujy',#6,'Pset_ReinforcementBarPitchOfColumn',$,(#2466));
#2468=IFCRELDEFINESBYPROPERTIES('240FuSKfL8X7TX_TuWany1',#6,$,$,(#2463),#2464);
#2469=IFCRELDEFINESBYPROPERTIES('1ocLQwQKc7QGm4Cpl0aC6S',#6,$,$,(#2463),#2465);
#2470=IFCRELDEFINESBYPROPERTIES('3cdZmcZyb84i2P1$69RfWk',#6,$,$,(#2463),#2467);
#2471=IFCMAPPEDITEM(#2343,#1706);
#2472=IFCSHAPEREPRESENTATION(#15,'Body','MappedRepresentation',(#2471));
#2473=IFCPRODUCTDEFINITIONSHAPE($,$,(#2472));
#2474=IFCCARTESIANPOINT((20193.785745378867,11361.361329759575,0.));
#2475=IFCAXIS2PLACEMENT3D(#2474,$,$);
#2476=IFCLOCALPLACEMENT(#24,#2475);
#2477=IFCCOLUMN('1MzzCu4tX5nAr$Y5GgwBso',#6,'Column:200x300:312616',$,$,#2476,#2473,'312616');
#2478=IFCPROPERTYSET('0lR1__q5G0czpZzF$ADE8C',#6,'Pset_ColumnCommon',$,(#82,#83,#2352));
#2479=IFCPROPERTYSET('2BG3dxk39n0Xotc6lkkBAo',#6,'Pset_QuantityTakeOff',$,(#2352));
#2480=IFCPROPERTYSINGLEVALUE('Reference',$,IFCLABEL('200x300'),$);
#2481=IFCPROPERTYSET('3PUfmXfCslgqfF9kVp6FzU',#6,'Pset_ReinforcementBarPitchOfColumn',$,(#2480));
#2482=IFCRELDEFINESBYPROPERTIES('2LB1wfNoICRSTTJhg0wyYO',#6,$,$,(#2477),#2478);
#2483=IFCRELDEFINESBYPROPERTIES('3nQZssehtcZd1Hng8VCQvT',#6,$,$,(#2477),#2479);
#2484=IFCRELDEFINESBYPROPERTIES('2asXi67DShdfILX4ABVhgX',#6,$,$,(#2477),#2481);
#2485=IFCCARTESIANPOINT((0.,0.));
#2486=IFCAXIS2PLACEMENT2D(#2485,#48);
#2487=IFCRECTANGLEPROFILEDEF(.AREA.,'200x300',#2486,300.,200.);
#2488=IFCCARTESIANPOINT((-50.,0.,0.));
#2489=IFCAXIS2PLACEMENT3D(#2488,#55,#1689);
#2490=IFCEXTRUDEDAREASOLID(#2487,#2489,#55,3310.);
#2491=IFCSTYLEDITEM(#2490,(#1695),$);
#2492=IFCSHAPEREPRESENTATION(#15,'Body','SweptSolid',(#2490));
#2493=IFCAXIS2PLACEMENT3D(#10,$,$);
#2494=IFCREPRESENTATIONMAP(#2493,#2492);
#2495=IFCCOLUMNTYPE('1GgSMGs1bDKvotNlTC9KWZ',#6,'Column:200x300',$,$,(#2510),(#2494),'312317',$,.COLUMN.);
#2496=IFCMAPPEDITEM(#2494,#1706);
#2497=IFCSHAPEREPRESENTATION(#15,'Body','MappedRepresentation',(#2496));
#2498=IFCPRODUCTDEFINITIONSHAPE($,$,(#2497));
#2499=IFCCARTESIANPOINT((20803.785745378867,14561.361329759575,0.));
#2500=IFCAXIS2PLACEMENT3D(#2499,$,$);
#2501=IFCLOCALPLACEMENT(#24,#2500);
#2502=IFCCOLUMN('1MzzCu4tX5nAr$Y5GgwBsi',#6,'Column:200x300:312630',$,$,#2501,#2498,'312630');
#2503=IFCPROPERTYSET('2MPSI5iN5Yg46N4l5Xw5OI',#6,'Pset_ColumnCommon',$,(#82,#83,#2352));
#2504=IFCPROPERTYSET('0LtcVApX_vt6WErYn24D8V',#6,'Pset_QuantityTakeOff',$,(#2352));
#2505=IFCPROPERTYSINGLEVALUE('Reference',$,IFCLABEL('200x300'),$);
#2506=IFCPROPERTYSET('1QFF9zoE3hL4uzeindObQf',#6,'Pset_ReinforcementBarPitchOfColumn',$,(#2505));
#2507=IFCRELDEFINESBYPROPERTIES('3lBVH1GR7uErcz_Fm1GhBQ',#6,$,$,(#2502),#2503);
#2508=IFCRELDEFINESBYPROPERTIES('2TvGNWuD6SSs_vp_IJfwm5',#6,$,$,(#2502),#2504);
#2509=IFCRELDEFINESBYPROPERTIES('1D6qNYd3RoE70U6m1WAqkf',#6,$,$,(#2502),#2506);
#2510=IFCPROPERTYSET('1eG_5wcT3Km7urAALxU222',#6,'Pset_ColumnCommon',$,(#83));
#2511=IFCCARTESIANPOINT((0.,0.));
#2512=IFCAXIS2PLACEMENT2D(#2511,#48);
#2513=IFCRECTANGLEPROFILEDEF(.AREA.,'200x380',#2512,380.00000000000006,200.);
#2514=IFCCARTESIANPOINT((-90.,0.,0.));
#2515=IFCAXIS2PLACEMENT3D(#2514,#55,#1689);
#2516=IFCEXTRUDEDAREASOLID(#2513,#2515,#55,3360.);
#2517=IFCSTYLEDITEM(#2516,(#1695),$);
#2518=IFCSHAPEREPRESENTATION(#15,'Body','SweptSolid',(#2516));
#2519=IFCAXIS2PLACEMENT3D(#10,$,$);
#2520=IFCREPRESENTATIONMAP(#2519,#2518);
#2521=IFCCOLUMNTYPE('1GgSMGs1bDKvotNlTC9KWY',#6,'Column:200x380',$,$,(#2537),(#2520),'312710',$,.COLUMN.);
#2522=IFCMAPPEDITEM(#2520,#1706);
#2523=IFCSHAPEREPRESENTATION(#15,'Body','MappedRepresentation',(#2522));
#2524=IFCPRODUCTDEFINITIONSHAPE($,$,(#2523));
#2525=IFCCARTESIANPOINT((30158.785745378875,19681.361329759777,0.));
#2526=IFCAXIS2PLACEMENT3D(#2525,$,$);
#2527=IFCLOCALPLACEMENT(#24,#2526);
#2528=IFCCOLUMN('1MzzCu4tX5nAr$Y5GgwBts',#6,'Column:200x380:312684',$,$,#2527,#2524,'312684');
#2529=IFCPROPERTYSINGLEVALUE('Reference',$,IFCIDENTIFIER('200x380'),$);
#2530=IFCPROPERTYSET('0xlZougQprlsaBOWHLTCcI',#6,'Pset_ColumnCommon',$,(#82,#83,#2529));
#2531=IFCPROPERTYSET('0v68Kk5DxRZZQxLttyfwd3',#6,'Pset_QuantityTakeOff',$,(#2529));
#2532=IFCPROPERTYSINGLEVALUE('Reference',$,IFCLABEL('200x380'),$);
#2533=IFCPROPERTYSET('2zQ2ypBuUbRJtXIdC_CveQ',#6,'Pset_ReinforcementBarPitchOfColumn',$,(#2532));
#2534=IFCRELDEFINESBYPROPERTIES('2qnIpyiUxujekATAwOVNyK',#6,$,$,(#2528),#2530);
#2535=IFCRELDEFINESBYPROPERTIES('1vViuUHjd_QIO209YpMw0M',#6,$,$,(#2528),#2531);
#2536=IFCRELDEFINESBYPROPERTIES('3en4hizJxtFjF$4kPiABzY',#6,$,$,(#2528),#2533);
#2537=IFCPROPERTYSET('0VrtSNiwABhDFL_ECOMNUm',#6,'Pset_ColumnCommon',$,(#83));
#2538=IFCCARTESIANPOINT((1.4210854715202004E-014,0.));
#2539=IFCAXIS2PLACEMENT2D(#2538,#48);
#2540=IFCRECTANGLEPROFILEDEF(.AREA.,'200x200 L=3350',#2539,200.,200.00000000000006);
#2541=IFCAXIS2PLACEMENT3D(#10,#55,#1689);
#2542=IFCEXTRUDEDAREASOLID(#2540,#2541,#55,3360.);
#2543=IFCSTYLEDITEM(#2542,(#1695),$);
#2544=IFCSHAPEREPRESENTATION(#15,'Body','SweptSolid',(#2542));
#2545=IFCAXIS2PLACEMENT3D(#10,$,$);
#2546=IFCREPRESENTATIONMAP(#2545,#2544);
#2547=IFCCOLUMNTYPE('1GgSMGs1bDKvotNlTC9KWX',#6,'Column:200x200 L=3350',$,$,(#2563),(#2546),'373586',$,.COLUMN.);
#2548=IFCMAPPEDITEM(#2546,#1706);
#2549=IFCSHAPEREPRESENTATION(#15,'Body','MappedRepresentation',(#2548));
#2550=IFCPRODUCTDEFINITIONSHAPE($,$,(#2549));
#2551=IFCCARTESIANPOINT((26778.785745378947,19681.361329759759,0.));
#2552=IFCAXIS2PLACEMENT3D(#2551,$,$);
#2553=IFCLOCALPLACEMENT(#24,#2552);
#2554=IFCCOLUMN('1MzzCu4tX5nAr$Y5GgwBrf',#6,'Column:200x200 L=3350:312819',$,$,#2553,#2550,'312819');
#2555=IFCPROPERTYSINGLEVALUE('Reference',$,IFCIDENTIFIER('200x200 L=3350'),$);
#2556=IFCPROPERTYSET('1Zg1B$nofnkw0uq5JMRx5Q',#6,'Pset_ColumnCommon',$,(#82,#83,#2555));
#2557=IFCPROPERTYSET('0kSpNRf889zQsuXS_AY6K8',#6,'Pset_QuantityTakeOff',$,(#2555));
#2558=IFCPROPERTYSINGLEVALUE('Reference',$,IFCLABEL('200x200 L=3350'),$);
#2559=IFCPROPERTYSET('35rZP7hn7SSv6RICiZ6K6X',#6,'Pset_ReinforcementBarPitchOfColumn',$,(#2558));
#2560=IFCRELDEFINESBYPROPERTIES('2thWa$bYjwe0e9ptMk8IDj',#6,$,$,(#2554),#2556);
#2561=IFCRELDEFINESBYPROPERTIES('1fJRoEszCP0eBB_Ov9npdG',#6,$,$,(#2554),#2557);
#2562=IFCRELDEFINESBYPROPERTIES('1WKxAqPkdZZRFPUCvUtaHT',#6,$,$,(#2554),#2559);
#2563=IFCPROPERTYSET('0CqqB6zmJwJAtK8OkdtVfl',#6,'Pset_ColumnCommon',$,(#83));
#2564=IFCMAPPEDITEM(#2546,#1706);
#2565=IFCSHAPEREPRESENTATION(#15,'Body','MappedRepresentation',(#2564));
#2566=IFCPRODUCTDEFINITIONSHAPE($,$,(#2565));
#2567=IFCCARTESIANPOINT((23578.785745378937,19681.361329759759,0.));
#2568=IFCAXIS2PLACEMENT3D(#2567,$,$);
#2569=IFCLOCALPLACEMENT(#24,#2568);
#2570=IFCCOLUMN('1MzzCu4tX5nAr$Y5GgwBwk',#6,'Column:200x200 L=3350:312884',$,$,#2569,#2566,'312884');
#2571=IFCPROPERTYSET('15GnL6AiyABazC2jxcRmlp',#6,'Pset_ColumnCommon',$,(#82,#83,#2555));
#2572=IFCPROPERTYSET('1tn$UB1$J0zvkKnyDRUtT_',#6,'Pset_QuantityTakeOff',$,(#2555));
#2573=IFCPROPERTYSINGLEVALUE('Reference',$,IFCLABEL('200x200 L=3350'),$);
#2574=IFCPROPERTYSET('1OapB216QJThSvWhp53laR',#6,'Pset_ReinforcementBarPitchOfColumn',$,(#2573));
#2575=IFCRELDEFINESBYPROPERTIES('0_7uQWKpqkqlsB4E8ejWDR',#6,$,$,(#2570),#2571);
#2576=IFCRELDEFINESBYPROPERTIES('2FohIBMn$r4dHtYDrD92zs',#6,$,$,(#2570),#2572);
#2577=IFCRELDEFINESBYPROPERTIES('2kxAgByz4Lu0$wUfMdoNut',#6,$,$,(#2570),#2574);
#2578=IFCMAPPEDITEM(#2546,#1706);
#2579=IFCSHAPEREPRESENTATION(#15,'Body','MappedRepresentation',(#2578));
#2580=IFCPRODUCTDEFINITIONSHAPE($,$,(#2579));
#2581=IFCCARTESIANPOINT((20378.785745378937,19681.361329759762,0.));
#2582=IFCAXIS2PLACEMENT3D(#2581,$,$);
#2583=IFCLOCALPLACEMENT(#24,#2582);
#2584=IFCCOLUMN('1MzzCu4tX5nAr$Y5GgwBx2',#6,'Column:200x200 L=3350:312920',$,$,#2583,#2580,'312920');
#2585=IFCPROPERTYSET('3cckD$jIDBYRJ$a8yA7kC$',#6,'Pset_ColumnCommon',$,(#82,#83,#2555));
#2586=IFCPROPERTYSET('0Y8Rh6l1SvsbWbEjBST3yA',#6,'Pset_QuantityTakeOff',$,(#2555));
#2587=IFCPROPERTYSINGLEVALUE('Reference',$,IFCLABEL('200x200 L=3350'),$);
#2588=IFCPROPERTYSET('2xy4sNVEHnRxnfDApwlaXY',#6,'Pset_ReinforcementBarPitchOfColumn',$,(#2587));
#2589=IFCRELDEFINESBYPROPERTIES('2q2gLMKrC1TXxrf0EHURll',#6,$,$,(#2584),#2585);
#2590=IFCRELDEFINESBYPROPERTIES('2snb5H4cxouslp8_GDDD_C',#6,$,$,(#2584),#2586);
#2591=IFCRELDEFINESBYPROPERTIES('208Z5G_h4FFulMxDaAyx3t',#6,$,$,(#2584),#2588);
#2592=IFCMAPPEDITEM(#2546,#1706);
#2593=IFCSHAPEREPRESENTATION(#15,'Body','MappedRepresentation',(#2592));
#2594=IFCPRODUCTDEFINITIONSHAPE($,$,(#2593));
#2595=IFCCARTESIANPOINT((17178.785745378933,19681.361329759762,0.));
#2596=IFCAXIS2PLACEMENT3D(#2595,$,$);
#2597=IFCLOCALPLACEMENT(#24,#2596);
#2598=IFCCOLUMN('1MzzCu4tX5nAr$Y5GgwBxu',#6,'Column:200x200 L=3350:312930',$,$,#2597,#2594,'312930');
#2599=IFCPROPERTYSET('0Y_8I0vkYZK0Gkm6C5lGko',#6,'Pset_ColumnCommon',$,(#82,#83,#2555));
#2600=IFCPROPERTYSET('1iFIg0p1_ZmHB5f6kB5CTx',#6,'Pset_QuantityTakeOff',$,(#2555));
#2601=IFCPROPERTYSINGLEVALUE('Reference',$,IFCLABEL('200x200 L=3350'),$);
#2602=IFCPROPERTYSET('1ZTBk4$rBJ89Y7txNKO0ow',#6,'Pset_ReinforcementBarPitchOfColumn',$,(#2601));
#2603=IFCRELDEFINESBYPROPERTIES('33a_nR3IfPp6Uji8_4iO9R',#6,$,$,(#2598),#2599);
#2604=IFCRELDEFINESBYPROPERTIES('0sLVNFyzdSoAbsI4OWxEQt',#6,$,$,(#2598),#2600);
#2605=IFCRELDEFINESBYPROPERTIES('3aRpHAzD9gydMAtSIrwGHU',#6,$,$,(#2598),#2602);
#2606=IFCMAPPEDITEM(#2546,#1706);
#2607=IFCSHAPEREPRESENTATION(#15,'Body','MappedRepresentation',(#2606));
#2608=IFCPRODUCTDEFINITIONSHAPE($,$,(#2607));
#2609=IFCCARTESIANPOINT((13978.785745378933,19681.361329759777,0.));
#2610=IFCAXIS2PLACEMENT3D(#2609,$,$);
#2611=IFCLOCALPLACEMENT(#24,#2610);
#2612=IFCCOLUMN('1MzzCu4tX5nAr$Y5GgwBxg',#6,'Column:200x200 L=3350:312944',$,$,#2611,#2608,'312944');
#2613=IFCPROPERTYSET('1QRx1SpPEUAVw4rg6S5qSj',#6,'Pset_ColumnCommon',$,(#82,#83,#2555));
#2614=IFCPROPERTYSET('3c5RxDJoIOll5ckX4nM3L5',#6,'Pset_QuantityTakeOff',$,(#2555));
#2615=IFCPROPERTYSINGLEVALUE('Reference',$,IFCLABEL('200x200 L=3350'),$);
#2616=IFCPROPERTYSET('0rddsn1Ltl2pSDoiNVz5dH',#6,'Pset_ReinforcementBarPitchOfColumn',$,(#2615));
#2617=IFCRELDEFINESBYPROPERTIES('2wSIkS85$A2yRy3dvQ7brQ',#6,$,$,(#2612),#2613);
#2618=IFCRELDEFINESBYPROPERTIES('3lVws9dSg8xVsOvVKHqUk3',#6,$,$,(#2612),#2614);
#2619=IFCRELDEFINESBYPROPERTIES('2TRlQX1NBQ1EkbUpj4f4lS',#6,$,$,(#2612),#2616);
#2620=IFCMAPPEDITEM(#2546,#1706);
#2621=IFCSHAPEREPRESENTATION(#15,'Body','MappedRepresentation',(#2620));
#2622=IFCPRODUCTDEFINITIONSHAPE($,$,(#2621));
#2623=IFCCARTESIANPOINT((10778.785745378933,19681.361329759784,0.));
#2624=IFCAXIS2PLACEMENT3D(#2623,$,$);
#2625=IFCLOCALPLACEMENT(#24,#2624);
#2626=IFCCOLUMN('1MzzCu4tX5nAr$Y5GgwBxW',#6,'Column:200x200 L=3350:312954',$,$,#2625,#2622,'312954');
#2627=IFCPROPERTYSET('2gWkZeZulLIOeTdOsZEgKy',#6,'Pset_ColumnCommon',$,(#82,#83,#2555));
#2628=IFCPROPERTYSET('25RbHiBJH01LnxPWTSlepC',#6,'Pset_QuantityTakeOff',$,(#2555));
#2629=IFCPROPERTYSINGLEVALUE('Reference',$,IFCLABEL('200x200 L=3350'),$);
#2630=IFCPROPERTYSET('1Wu5MwPVmd2wN1i6fBpOuV',#6,'Pset_ReinforcementBarPitchOfColumn',$,(#2629));
#2631=IFCRELDEFINESBYPROPERTIES('0aF_ZikiXTTkjJIXtawcN3',#6,$,$,(#2626),#2627);
#2632=IFCRELDEFINESBYPROPERTIES('1n9MP2_jlOBIwKCYPkkn6Z',#6,$,$,(#2626),#2628);
#2633=IFCRELDEFINESBYPROPERTIES('0OUZZnxuEnaMooQiF$Sc9U',#6,$,$,(#2626),#2630);
#2634=IFCMAPPEDITEM(#2546,#1706);
#2635=IFCSHAPEREPRESENTATION(#15,'Body','MappedRepresentation',(#2634));
#2636=IFCPRODUCTDEFINITIONSHAPE($,$,(#2635));
#2637=IFCCARTESIANPOINT((7578.785745378932,19681.361329759791,0.));
#2638=IFCAXIS2PLACEMENT3D(#2637,$,$);
#2639=IFCLOCALPLACEMENT(#24,#2638);
#2640=IFCCOLUMN('1MzzCu4tX5nAr$Y5GgwBuU',#6,'Column:200x200 L=3350:312964',$,$,#2639,#2636,'312964');
#2641=IFCPROPERTYSET('19K23FjJWZrQqj$$pRzr1k',#6,'Pset_ColumnCommon',$,(#82,#83,#2555));
#2642=IFCPROPERTYSET('0euY979RUiA5s7FRZuacos',#6,'Pset_QuantityTakeOff',$,(#2555));
#2643=IFCPROPERTYSINGLEVALUE('Reference',$,IFCLABEL('200x200 L=3350'),$);
#2644=IFCPROPERTYSET('0tsZ8OzXeuAfXY9Ms0mhtk',#6,'Pset_ReinforcementBarPitchOfColumn',$,(#2643));
#2645=IFCRELDEFINESBYPROPERTIES('3HovQJcDo3gC7HQVWvdDRp',#6,$,$,(#2640),#2641);
#2646=IFCRELDEFINESBYPROPERTIES('3yNHPpM3Fuowd59gPswl6O',#6,$,$,(#2640),#2642);
#2647=IFCRELDEFINESBYPROPERTIES('02sxy9hRTKJzAYri64uiff',#6,$,$,(#2640),#2644);
#2648=IFCMAPPEDITEM(#2546,#1706);
#2649=IFCSHAPEREPRESENTATION(#15,'Body','MappedRepresentation',(#2648));
#2650=IFCPRODUCTDEFINITIONSHAPE($,$,(#2649));
#2651=IFCCARTESIANPOINT((4378.7857453789229,19681.361329759806,0.));
#2652=IFCAXIS2PLACEMENT3D(#2651,$,$);
#2653=IFCLOCALPLACEMENT(#24,#2652);
#2654=IFCCOLUMN('1MzzCu4tX5nAr$Y5GgwBuA',#6,'Column:200x200 L=3350:312976',$,$,#2653,#2650,'312976');
#2655=IFCPROPERTYSET('2QnhKWMTAKtamO58AMDV26',#6,'Pset_ColumnCommon',$,(#82,#83,#2555));
#2656=IFCPROPERTYSET('0sD0P5SfOC8lywG9XCJjb3',#6,'Pset_QuantityTakeOff',$,(#2555));
#2657=IFCPROPERTYSINGLEVALUE('Reference',$,IFCLABEL('200x200 L=3350'),$);
#2658=IFCPROPERTYSET('0edDdGcwtiYD9LN4XAPZfq',#6,'Pset_ReinforcementBarPitchOfColumn',$,(#2657));
#2659=IFCRELDEFINESBYPROPERTIES('0xperktqSDBtK8d3m5UzEo',#6,$,$,(#2654),#2655);
#2660=IFCRELDEFINESBYPROPERTIES('24me1aVEe$VYQWRkzL9D$y',#6,$,$,(#2654),#2656);
#2661=IFCRELDEFINESBYPROPERTIES('0ixt7zDBMOniFI92UGhioz',#6,$,$,(#2654),#2658);
#2662=IFCMAPPEDITEM(#2546,#1706);
#2663=IFCSHAPEREPRESENTATION(#15,'Body','MappedRepresentation',(#2662));
#2664=IFCPRODUCTDEFINITIONSHAPE($,$,(#2663));
#2665=IFCCARTESIANPOINT((1178.7857453789152,19681.36132975982,0.));
#2666=IFCAXIS2PLACEMENT3D(#2665,$,$);
#2667=IFCLOCALPLACEMENT(#24,#2666);
#2668=IFCCOLUMN('1MzzCu4tX5nAr$Y5GgwBu0',#6,'Column:200x200 L=3350:312986',$,$,#2667,#2664,'312986');
#2669=IFCPROPERTYSET('3GAYWPFKSeNtQQmflN5W34',#6,'Pset_ColumnCommon',$,(#82,#83,#2555));
#2670=IFCPROPERTYSET('1vzEOFFXifoanJDD5Rx4iW',#6,'Pset_QuantityTakeOff',$,(#2555));
#2671=IFCPROPERTYSINGLEVALUE('Reference',$,IFCLABEL('200x200 L=3350'),$);
#2672=IFCPROPERTYSET('3$WFTkFazydYOWqDKC81mR',#6,'Pset_ReinforcementBarPitchOfColumn',$,(#2671));
#2673=IFCRELDEFINESBYPROPERTIES('3TCguMIt$a80eTPSVm2NtY',#6,$,$,(#2668),#2669);
#2674=IFCRELDEFINESBYPROPERTIES('0P6lm1xQzqEzVk7zAfRnWs',#6,$,$,(#2668),#2670);
#2675=IFCRELDEFINESBYPROPERTIES('27ESrOPBpQ6aotXXVLfiNd',#6,$,$,(#2668),#2672);
#2676=IFCMAPPEDITEM(#2546,#1706);
#2677=IFCSHAPEREPRESENTATION(#15,'Body','MappedRepresentation',(#2676));
#2678=IFCPRODUCTDEFINITIONSHAPE($,$,(#2677));
#2679=IFCCARTESIANPOINT((-2021.214254621085,19681.361329759828,0.));
#2680=IFCAXIS2PLACEMENT3D(#2679,$,$);
#2681=IFCLOCALPLACEMENT(#24,#2680);
#2682=IFCCOLUMN('1MzzCu4tX5nAr$Y5GgwBu_',#6,'Column:200x200 L=3350:312996',$,$,#2681,#2678,'312996');
#2683=IFCPROPERTYSET('18jxepyLniA5RUgAieHwlO',#6,'Pset_ColumnCommon',$,(#82,#83,#2555));
#2684=IFCPROPERTYSET('0wfAYDt3mum3UxOc5ReUa0',#6,'Pset_QuantityTakeOff',$,(#2555));
#2685=IFCPROPERTYSINGLEVALUE('Reference',$,IFCLABEL('200x200 L=3350'),$);
#2686=IFCPROPERTYSET('2b6mt9n3IubJURXed0xYmB',#6,'Pset_ReinforcementBarPitchOfColumn',$,(#2685));
#2687=IFCRELDEFINESBYPROPERTIES('2ugAqY3TCIynfAcFDXRluF',#6,$,$,(#2682),#2683);
#2688=IFCRELDEFINESBYPROPERTIES('1nFNYagxqYutP5q0WnTLPf',#6,$,$,(#2682),#2684);
#2689=IFCRELDEFINESBYPROPERTIES('2$VKDC2iHHoWR$iyavq4Sr',#6,$,$,(#2682),#2686);
#2690=IFCMAPPEDITEM(#2546,#1706);
#2691=IFCSHAPEREPRESENTATION(#15,'Body','MappedRepresentation',(#2690));
#2692=IFCPRODUCTDEFINITIONSHAPE($,$,(#2691));
#2693=IFCCARTESIANPOINT((-5221.2142546210853,19681.361329759835,0.));
#2694=IFCAXIS2PLACEMENT3D(#2693,$,$);
#2695=IFCLOCALPLACEMENT(#24,#2694);
#2696=IFCCOLUMN('1MzzCu4tX5nAr$Y5GgwBuq',#6,'Column:200x200 L=3350:313006',$,$,#2695,#2692,'313006');
#2697=IFCPROPERTYSET('09lzFDCdEYVrxFcvE1x1Rd',#6,'Pset_ColumnCommon',$,(#82,#83,#2555));
#2698=IFCPROPERTYSET('1o28ZwGzezTaaMgzTTG7gJ',#6,'Pset_QuantityTakeOff',$,(#2555));
#2699=IFCPROPERTYSINGLEVALUE('Reference',$,IFCLABEL('200x200 L=3350'),$);
#2700=IFCPROPERTYSET('37kgQcraIoe1uZZicfr0jg',#6,'Pset_ReinforcementBarPitchOfColumn',$,(#2699));
#2701=IFCRELDEFINESBYPROPERTIES('3goDmnw_Dg5ecKjUgxK6Bq',#6,$,$,(#2696),#2697);
#2702=IFCRELDEFINESBYPROPERTIES('2L_IfGCUPHsusU0_TFdC7q',#6,$,$,(#2696),#2698);
#2703=IFCRELDEFINESBYPROPERTIES('1PjTSWHDlBCviD3_us6hkw',#6,$,$,(#2696),#2700);
#2704=IFCMAPPEDITEM(#2546,#1706);
#2705=IFCSHAPEREPRESENTATION(#15,'Body','MappedRepresentation',(#2704));
#2706=IFCPRODUCTDEFINITIONSHAPE($,$,(#2705));
#2707=IFCCARTESIANPOINT((-8421.2142546210944,19681.361329759849,0.));
#2708=IFCAXIS2PLACEMENT3D(#2707,$,$);
#2709=IFCLOCALPLACEMENT(#24,#2708);
#2710=IFCCOLUMN('1MzzCu4tX5nAr$Y5GgwBuY',#6,'Column:200x200 L=3350:313016',$,$,#2709,#2706,'313016');
#2711=IFCPROPERTYSET('08Tpos6kUZ$wVnqlnapweD',#6,'Pset_ColumnCommon',$,(#82,#83,#2555));
#2712=IFCPROPERTYSET('297YOFRPEk505slAWBpVri',#6,'Pset_QuantityTakeOff',$,(#2555));
#2713=IFCPROPERTYSINGLEVALUE('Reference',$,IFCLABEL('200x200 L=3350'),$);
#2714=IFCPROPERTYSET('3$IbXE7WRMiQp0$X4yXWIj',#6,'Pset_ReinforcementBarPitchOfColumn',$,(#2713));
#2715=IFCRELDEFINESBYPROPERTIES('3UOMjs4GLD5zImVMQCcYcM',#6,$,$,(#2710),#2711);
#2716=IFCRELDEFINESBYPROPERTIES('2Aq6kKreS9_GC$GxVLr$TP',#6,$,$,(#2710),#2712);
#2717=IFCRELDEFINESBYPROPERTIES('3HKQCKDd599dn3bZ6PcH1e',#6,$,$,(#2710),#2714);
#2718=IFCMAPPEDITEM(#2546,#1706);
#2719=IFCSHAPEREPRESENTATION(#15,'Body','MappedRepresentation',(#2718));
#2720=IFCPRODUCTDEFINITIONSHAPE($,$,(#2719));
#2721=IFCCARTESIANPOINT((-11621.214254621094,19681.36132975986,0.));
#2722=IFCAXIS2PLACEMENT3D(#2721,$,$);
#2723=IFCLOCALPLACEMENT(#24,#2722);
#2724=IFCCOLUMN('1MzzCu4tX5nAr$Y5GgwBvO',#6,'Column:200x200 L=3350:313026',$,$,#2723,#2720,'313026');
#2725=IFCPROPERTYSET('1mNJvS95VzQcKAqMARGDeC',#6,'Pset_ColumnCommon',$,(#82,#83,#2555));
#2726=IFCPROPERTYSET('2qxPjizOT7mmeU9PSf3DeV',#6,'Pset_QuantityTakeOff',$,(#2555));
#2727=IFCPROPERTYSINGLEVALUE('Reference',$,IFCLABEL('200x200 L=3350'),$);
#2728=IFCPROPERTYSET('0ET9kRG5FCTeOc$zf9EnZE',#6,'Pset_ReinforcementBarPitchOfColumn',$,(#2727));
#2729=IFCRELDEFINESBYPROPERTIES('0fa5GLw6n70cENrpWw1bHs',#6,$,$,(#2724),#2725);
#2730=IFCRELDEFINESBYPROPERTIES('38egovqKbYV2oY2gmAnK$i',#6,$,$,(#2724),#2726);
#2731=IFCRELDEFINESBYPROPERTIES('3dZa41EFpwM4BkbMsFB0YM',#6,$,$,(#2724),#2728);
#2732=IFCMAPPEDITEM(#2546,#1706);
#2733=IFCSHAPEREPRESENTATION(#15,'Body','MappedRepresentation',(#2732));
#2734=IFCPRODUCTDEFINITIONSHAPE($,$,(#2733));
#2735=IFCCARTESIANPOINT((-14821.214254621094,19681.361329759871,0.));
#2736=IFCAXIS2PLACEMENT3D(#2735,$,$);
#2737=IFCLOCALPLACEMENT(#24,#2736);
#2738=IFCCOLUMN('1MzzCu4tX5nAr$Y5GgwBvK',#6,'Column:200x200 L=3350:313038',$,$,#2737,#2734,'313038');
#2739=IFCPROPERTYSET('2l2TcZ44TaazkiNPnJnZsB',#6,'Pset_ColumnCommon',$,(#82,#83,#2555));
#2740=IFCPROPERTYSET('1oILw3pRMxvVeDoE3kgYTP',#6,'Pset_QuantityTakeOff',$,(#2555));
#2741=IFCPROPERTYSINGLEVALUE('Reference',$,IFCLABEL('200x200 L=3350'),$);
#2742=IFCPROPERTYSET('1_7Saa8$YrqOP7$xobWF_T',#6,'Pset_ReinforcementBarPitchOfColumn',$,(#2741));
#2743=IFCRELDEFINESBYPROPERTIES('3mncgaOuLMtkKLQgcHx4pG',#6,$,$,(#2738),#2739);
#2744=IFCRELDEFINESBYPROPERTIES('0YG$cYjf$f_t_3GR$1NtPN',#6,$,$,(#2738),#2740);
#2745=IFCRELDEFINESBYPROPERTIES('38$4dfT6bcs7_A6z70_9Ru',#6,$,$,(#2738),#2742);
#2746=IFCMAPPEDITEM(#2546,#1706);
#2747=IFCSHAPEREPRESENTATION(#15,'Body','MappedRepresentation',(#2746));
#2748=IFCPRODUCTDEFINITIONSHAPE($,$,(#2747));
#2749=IFCCARTESIANPOINT((-18021.214254621096,19681.361329759879,0.));
#2750=IFCAXIS2PLACEMENT3D(#2749,$,$);
#2751=IFCLOCALPLACEMENT(#24,#2750);
#2752=IFCCOLUMN('1MzzCu4tX5nAr$Y5GgwBv2',#6,'Column:200x200 L=3350:313048',$,$,#2751,#2748,'313048');
#2753=IFCPROPERTYSET('0FNQu62p4_qjPWQZSGwixK',#6,'Pset_ColumnCommon',$,(#82,#83,#2555));
#2754=IFCPROPERTYSET('2MvIuXyXNneSVj5L0wmwCR',#6,'Pset_QuantityTakeOff',$,(#2555));
#2755=IFCPROPERTYSINGLEVALUE('Reference',$,IFCLABEL('200x200 L=3350'),$);
#2756=IFCPROPERTYSET('0deMNTzqmBo0ZcS_9$FhHe',#6,'Pset_ReinforcementBarPitchOfColumn',$,(#2755));
#2757=IFCRELDEFINESBYPROPERTIES('14OqNnC_WTn9JFwwjgxumd',#6,$,$,(#2752),#2753);
#2758=IFCRELDEFINESBYPROPERTIES('1cd5MCR1KQVYmg9oN4ptaY',#6,$,$,(#2752),#2754);
#2759=IFCRELDEFINESBYPROPERTIES('2pQ5MnCdX8jIYoYnUa3Z$P',#6,$,$,(#2752),#2756);
#2760=IFCMAPPEDITEM(#2546,#1706);
#2761=IFCSHAPEREPRESENTATION(#15,'Body','MappedRepresentation',(#2760));
#2762=IFCPRODUCTDEFINITIONSHAPE($,$,(#2761));
#2763=IFCCARTESIANPOINT((-21221.214254621093,19681.361329759893,0.));
#2764=IFCAXIS2PLACEMENT3D(#2763,$,$);
#2765=IFCLOCALPLACEMENT(#24,#2764);
#2766=IFCCOLUMN('1MzzCu4tX5nAr$Y5GgwBvu',#6,'Column:200x200 L=3350:313058',$,$,#2765,#2762,'313058');
#2767=IFCPROPERTYSET('32naqKs31kWKl9n0DpWTUG',#6,'Pset_ColumnCommon',$,(#82,#83,#2555));
#2768=IFCPROPERTYSET('0C8$6ktB2PWblYqrRa9Jlz',#6,'Pset_QuantityTakeOff',$,(#2555));
#2769=IFCPROPERTYSINGLEVALUE('Reference',$,IFCLABEL('200x200 L=3350'),$);
#2770=IFCPROPERTYSET('2DLoaJbMZ6nSqNGM8ZadeA',#6,'Pset_ReinforcementBarPitchOfColumn',$,(#2769));
#2771=IFCRELDEFINESBYPROPERTIES('0HAxiOxHi4Ws97eZV019Vh',#6,$,$,(#2766),#2767);
#2772=IFCRELDEFINESBYPROPERTIES('3RAqlcQPcGuql7gWvbttQg',#6,$,$,(#2766),#2768);
#2773=IFCRELDEFINESBYPROPERTIES('0lyCPqMHkfcYMA_HXTvzWd',#6,$,$,(#2766),#2770);
#2774=IFCMAPPEDITEM(#2546,#1706);
#2775=IFCSHAPEREPRESENTATION(#15,'Body','MappedRepresentation',(#2774));
#2776=IFCPRODUCTDEFINITIONSHAPE($,$,(#2775));
#2777=IFCCARTESIANPOINT((-24421.214254621093,19681.361329759904,0.));
#2778=IFCAXIS2PLACEMENT3D(#2777,$,$);
#2779=IFCLOCALPLACEMENT(#24,#2778);
#2780=IFCCOLUMN('1MzzCu4tX5nAr$Y5GgwBvs',#6,'Column:200x200 L=3350:313068',$,$,#2779,#2776,'313068');
#2781=IFCPROPERTYSET('1Q43vc6H8HqF0q59kU1_hS',#6,'Pset_ColumnCommon',$,(#82,#83,#2555));
#2782=IFCPROPERTYSET('27GPHfRs3c_d8VMmNILjoy',#6,'Pset_QuantityTakeOff',$,(#2555));
#2783=IFCPROPERTYSINGLEVALUE('Reference',$,IFCLABEL('200x200 L=3350'),$);
#2784=IFCPROPERTYSET('37uz3xoioiXUGAvHwhScl4',#6,'Pset_ReinforcementBarPitchOfColumn',$,(#2783));
#2785=IFCRELDEFINESBYPROPERTIES('3SlBwbvpUcNTl0FgrxKnLF',#6,$,$,(#2780),#2781);
#2786=IFCRELDEFINESBYPROPERTIES('3uV18CX_5ravwYYrRS4lve',#6,$,$,(#2780),#2782);
#2787=IFCRELDEFINESBYPROPERTIES('2XXBYTad7741TaPzfPzZ7M',#6,$,$,(#2780),#2784);
#2788=IFCMAPPEDITEM(#2546,#1706);
#2789=IFCSHAPEREPRESENTATION(#15,'Body','MappedRepresentation',(#2788));
#2790=IFCPRODUCTDEFINITIONSHAPE($,$,(#2789));
#2791=IFCCARTESIANPOINT((-27621.2142546211,19681.361329759915,0.));
#2792=IFCAXIS2PLACEMENT3D(#2791,$,$);
#2793=IFCLOCALPLACEMENT(#24,#2792);
#2794=IFCCOLUMN('1MzzCu4tX5nAr$Y5GgwBvi',#6,'Column:200x200 L=3350:313078',$,$,#2793,#2790,'313078');
#2795=IFCPROPERTYSET('0WKu437_Xd1Y30IJEu7GBQ',#6,'Pset_ColumnCommon',$,(#82,#83,#2555));
#2796=IFCPROPERTYSET('2zDFy7RylbfjFD0Amrxk7g',#6,'Pset_QuantityTakeOff',$,(#2555));
#2797=IFCPROPERTYSINGLEVALUE('Reference',$,IFCLABEL('200x200 L=3350'),$);
#2798=IFCPROPERTYSET('2wbRquCmGUROzNoUGneFMa',#6,'Pset_ReinforcementBarPitchOfColumn',$,(#2797));
#2799=IFCRELDEFINESBYPROPERTIES('2GxVT45A6AkllG9jySSK4m',#6,$,$,(#2794),#2795);
#2800=IFCRELDEFINESBYPROPERTIES('0$rwW6sUPgiaj6I4JJs$nC',#6,$,$,(#2794),#2796);
#2801=IFCRELDEFINESBYPROPERTIES('0YogZfajwqzPHbZyS4$WW8',#6,$,$,(#2794),#2798);
#2802=IFCMAPPEDITEM(#2546,#1706);
#2803=IFCSHAPEREPRESENTATION(#15,'Body','MappedRepresentation',(#2802));
#2804=IFCPRODUCTDEFINITIONSHAPE($,$,(#2803));
#2805=IFCCARTESIANPOINT((-30821.2142546211,19681.361329759922,0.));
#2806=IFCAXIS2PLACEMENT3D(#2805,$,$);
#2807=IFCLOCALPLACEMENT(#24,#2806);
#2808=IFCCOLUMN('1MzzCu4tX5nAr$Y5GgwB_Q',#6,'Column:200x200 L=3350:313088',$,$,#2807,#2804,'313088');
#2809=IFCPROPERTYSET('0whq1VRGzHNVxfMkv40WyY',#6,'Pset_ColumnCommon',$,(#82,#83,#2555));
#2810=IFCPROPERTYSET('3Vg_tU7JzX5xTFrTWYc6Gr',#6,'Pset_QuantityTakeOff',$,(#2555));
#2811=IFCPROPERTYSINGLEVALUE('Reference',$,IFCLABEL('200x200 L=3350'),$);
#2812=IFCPROPERTYSET('1XdKBXIPl6H7Lzv8zLqb6q',#6,'Pset_ReinforcementBarPitchOfColumn',$,(#2811));
#2813=IFCRELDEFINESBYPROPERTIES('3NavaEabjg_OGZse0_Aqm$',#6,$,$,(#2808),#2809);
#2814=IFCRELDEFINESBYPROPERTIES('0OFFlvcH83IDqP7_GtHnkZ',#6,$,$,(#2808),#2810);
#2815=IFCRELDEFINESBYPROPERTIES('350ZPh17P0wEKjqrklWNsE',#6,$,$,(#2808),#2812);
#2816=IFCMAPPEDITEM(#2520,#1706);
#2817=IFCSHAPEREPRESENTATION(#15,'Body','MappedRepresentation',(#2816));
#2818=IFCPRODUCTDEFINITIONSHAPE($,$,(#2817));
#2819=IFCCARTESIANPOINT((-34121.214254621023,19681.361329759762,0.));
#2820=IFCAXIS2PLACEMENT3D(#2819,$,$);
#2821=IFCLOCALPLACEMENT(#24,#2820);
#2822=IFCCOLUMN('1MzzCu4tX5nAr$Y5GgwB_G',#6,'Column:200x380:313098',$,$,#2821,#2818,'313098');
#2823=IFCPROPERTYSET('3UOmHo8$F$O6wmu2MnLRBT',#6,'Pset_ColumnCommon',$,(#82,#83,#2529));
#2824=IFCPROPERTYSET('2dMBMs_hfN3WMr6B_e3Fls',#6,'Pset_QuantityTakeOff',$,(#2529));
#2825=IFCPROPERTYSINGLEVALUE('Reference',$,IFCLABEL('200x380'),$);
#2826=IFCPROPERTYSET('21HbaY9NcEDbw$$YaatiEi',#6,'Pset_ReinforcementBarPitchOfColumn',$,(#2825));
#2827=IFCRELDEFINESBYPROPERTIES('1tun6U0Osq3jubIZrb9c6J',#6,$,$,(#2822),#2823);
#2828=IFCRELDEFINESBYPROPERTIES('1dHj9EXVqTpT0BQJV6LLkJ',#6,$,$,(#2822),#2824);
#2829=IFCRELDEFINESBYPROPERTIES('08vghtZhi8IafGL_oLehhh',#6,$,$,(#2822),#2826);
#2830=IFCMAPPEDITEM(#2343,#1706);
#2831=IFCSHAPEREPRESENTATION(#15,'Body','MappedRepresentation',(#2830));
#2832=IFCPRODUCTDEFINITIONSHAPE($,$,(#2831));
#2833=IFCCARTESIANPOINT((-30771.214254621122,11361.361329759748,0.));
#2834=IFCAXIS2PLACEMENT3D(#2833,$,$);
#2835=IFCLOCALPLACEMENT(#24,#2834);
#2836=IFCCOLUMN('1MzzCu4tX5nAr$Y5GgwByj',#6,'Column:200x300:313271',$,$,#2835,#2832,'313271');
#2837=IFCPROPERTYSET('3ipmkmEEnRMjXVLnb6y23$',#6,'Pset_ColumnCommon',$,(#82,#83,#2352));
#2838=IFCPROPERTYSET('0d6LuajPnkFj2rpy55nALH',#6,'Pset_QuantityTakeOff',$,(#2352));
#2839=IFCPROPERTYSINGLEVALUE('Reference',$,IFCLABEL('200x300'),$);
#2840=IFCPROPERTYSET('1q2RER5RTaXKBtwT25mhK7',#6,'Pset_ReinforcementBarPitchOfColumn',$,(#2839));
#2841=IFCRELDEFINESBYPROPERTIES('2MXLW7lvBQTp4xH5GZcrzp',#6,$,$,(#2836),#2837);
#2842=IFCRELDEFINESBYPROPERTIES('0lvy7Aa9fzR1neW9cBJE9w',#6,$,$,(#2836),#2838);
#2843=IFCRELDEFINESBYPROPERTIES('12me$AaIk0stIBHq4cxZhS',#6,$,$,(#2836),#2840);
#2844=IFCMAPPEDITEM(#2343,#1706);
#2845=IFCSHAPEREPRESENTATION(#15,'Body','MappedRepresentation',(#2844));
#2846=IFCPRODUCTDEFINITIONSHAPE($,$,(#2845));
#2847=IFCCARTESIANPOINT((-27571.214254621122,11361.361329759737,0.));
#2848=IFCAXIS2PLACEMENT3D(#2847,$,$);
#2849=IFCLOCALPLACEMENT(#24,#2848);
#2850=IFCCOLUMN('1MzzCu4tX5nAr$Y5GgwBzj',#6,'Column:200x300:313335',$,$,#2849,#2846,'313335');
#2851=IFCPROPERTYSET('1AC5VR42zSgJhBFzJa3VJg',#6,'Pset_ColumnCommon',$,(#82,#83,#2352));
#2852=IFCPROPERTYSET('1bYy0e2CSkMnG8sGFGRko2',#6,'Pset_QuantityTakeOff',$,(#2352));
#2853=IFCPROPERTYSINGLEVALUE('Reference',$,IFCLABEL('200x300'),$);
#2854=IFCPROPERTYSET('0t5v4VCHeRahJI0mvFgU98',#6,'Pset_ReinforcementBarPitchOfColumn',$,(#2853));
#2855=IFCRELDEFINESBYPROPERTIES('2QFnJbIlW9A4_6nBFSdM$3',#6,$,$,(#2850),#2851);
#2856=IFCRELDEFINESBYPROPERTIES('2_hWraKaWLXrrnOFBNm883',#6,$,$,(#2850),#2852);
#2857=IFCRELDEFINESBYPROPERTIES('1YzuK1YzeJ5H4VlkIenH3Y',#6,$,$,(#2850),#2854);
#2858=IFCMAPPEDITEM(#2343,#1706);
#2859=IFCSHAPEREPRESENTATION(#15,'Body','MappedRepresentation',(#2858));
#2860=IFCPRODUCTDEFINITIONSHAPE($,$,(#2859));
#2861=IFCCARTESIANPOINT((-21171.214254621111,11361.361329759715,0.));
#2862=IFCAXIS2PLACEMENT3D(#2861,$,$);
#2863=IFCLOCALPLACEMENT(#24,#2862);
#2864=IFCCOLUMN('1MzzCu4tX5nAr$Y5GgwB2V',#6,'Column:200x300:313349',$,$,#2863,#2860,'313349');
#2865=IFCPROPERTYSET('0K78RRZCEvnt8dHPrMWe_w',#6,'Pset_ColumnCommon',$,(#82,#83,#2352));
#2866=IFCPROPERTYSET('2fsxScWNtjafm3cj4oKcGW',#6,'Pset_QuantityTakeOff',$,(#2352));
#2867=IFCPROPERTYSINGLEVALUE('Reference',$,IFCLABEL('200x300'),$);
#2868=IFCPROPERTYSET('3e6_qIIASTQ45U2XnX6cMc',#6,'Pset_ReinforcementBarPitchOfColumn',$,(#2867));
#2869=IFCRELDEFINESBYPROPERTIES('0qVEhVrvKETOKXtsfx0lXR',#6,$,$,(#2864),#2865);
#2870=IFCRELDEFINESBYPROPERTIES('0YnHrg_Ni6MT6VEuwnX9Hj',#6,$,$,(#2864),#2866);
#2871=IFCRELDEFINESBYPROPERTIES('1gEtJFFZF$P2sUn5xmndCA',#6,$,$,(#2864),#2868);
#2872=IFCMAPPEDITEM(#2343,#1706);
#2873=IFCSHAPEREPRESENTATION(#15,'Body','MappedRepresentation',(#2872));
#2874=IFCPRODUCTDEFINITIONSHAPE($,$,(#2873));
#2875=IFCCARTESIANPOINT((-17971.214254621111,11361.361329759704,0.));
#2876=IFCAXIS2PLACEMENT3D(#2875,$,$);
#2877=IFCLOCALPLACEMENT(#24,#2876);
#2878=IFCCOLUMN('1MzzCu4tX5nAr$Y5GgwB2L',#6,'Column:200x300:313359',$,$,#2877,#2874,'313359');
#2879=IFCPROPERTYSET('1FhLGXnWeZ3muh93V1Sijm',#6,'Pset_ColumnCommon',$,(#82,#83,#2352));
#2880=IFCPROPERTYSET('3cqMd_fS3incHd_QeCS30b',#6,'Pset_QuantityTakeOff',$,(#2352));
#2881=IFCPROPERTYSINGLEVALUE('Reference',$,IFCLABEL('200x300'),$);
#2882=IFCPROPERTYSET('2U4qPHntCIJLwHmQJB0G5h',#6,'Pset_ReinforcementBarPitchOfColumn',$,(#2881));
#2883=IFCRELDEFINESBYPROPERTIES('2ug0$cHWK2YUz_cL2KVhy5',#6,$,$,(#2878),#2879);
#2884=IFCRELDEFINESBYPROPERTIES('1aCVdbdA41U2urws14OUhd',#6,$,$,(#2878),#2880);
#2885=IFCRELDEFINESBYPROPERTIES('0WjVO3eBO_20h46exfD7pY',#6,$,$,(#2878),#2882);
#2886=IFCMAPPEDITEM(#2343,#1706);
#2887=IFCSHAPEREPRESENTATION(#15,'Body','MappedRepresentation',(#2886));
#2888=IFCPRODUCTDEFINITIONSHAPE($,$,(#2887));
#2889=IFCCARTESIANPOINT((-14771.214254621111,11361.361329759693,0.));
#2890=IFCAXIS2PLACEMENT3D(#2889,$,$);
#2891=IFCLOCALPLACEMENT(#24,#2890);
#2892=IFCCOLUMN('1MzzCu4tX5nAr$Y5GgwB2D',#6,'Column:200x300:313367',$,$,#2891,#2888,'313367');
#2893=IFCPROPERTYSET('1lp$WugraXq1Z__f_ekRaD',#6,'Pset_ColumnCommon',$,(#82,#83,#2352));
#2894=IFCPROPERTYSET('3RRRl0ucv_ObnxzdTmH8C_',#6,'Pset_QuantityTakeOff',$,(#2352));
#2895=IFCPROPERTYSINGLEVALUE('Reference',$,IFCLABEL('200x300'),$);
#2896=IFCPROPERTYSET('1VSKatVghprk25hsLtQO0H',#6,'Pset_ReinforcementBarPitchOfColumn',$,(#2895));
#2897=IFCRELDEFINESBYPROPERTIES('22n8k2tmrbmbNxetJ1D96W',#6,$,$,(#2892),#2893);
#2898=IFCRELDEFINESBYPROPERTIES('2umMjXEbhyzJcWrlvgVL9_',#6,$,$,(#2892),#2894);
#2899=IFCRELDEFINESBYPROPERTIES('15VtLh3J3W2jUk0y7w3oMw',#6,$,$,(#2892),#2896);
#2900=IFCMAPPEDITEM(#2343,#1706);
#2901=IFCSHAPEREPRESENTATION(#15,'Body','MappedRepresentation',(#2900));
#2902=IFCPRODUCTDEFINITIONSHAPE($,$,(#2901));
#2903=IFCCARTESIANPOINT((-8371.2142546211107,11361.361329759673,0.));
#2904=IFCAXIS2PLACEMENT3D(#2903,$,$);
#2905=IFCLOCALPLACEMENT(#24,#2904);
#2906=IFCCOLUMN('1MzzCu4tX5nAr$Y5GgwB2v',#6,'Column:200x300:313379',$,$,#2905,#2902,'313379');
#2907=IFCPROPERTYSET('3KpIG8XsbDYvVUqbbhUtG0',#6,'Pset_ColumnCommon',$,(#82,#83,#2352));
#2908=IFCPROPERTYSET('19luGVhPvhR$PA6wIchcAj',#6,'Pset_QuantityTakeOff',$,(#2352));
#2909=IFCPROPERTYSINGLEVALUE('Reference',$,IFCLABEL('200x300'),$);
#2910=IFCPROPERTYSET('0zllzThl23pWEkC7lAjU9B',#6,'Pset_ReinforcementBarPitchOfColumn',$,(#2909));
#2911=IFCRELDEFINESBYPROPERTIES('2W72vvKE8dTTSqzdXPfRo3',#6,$,$,(#2906),#2907);
#2912=IFCRELDEFINESBYPROPERTIES('2LRZjBFUoTZNXS3y91dLzc',#6,$,$,(#2906),#2908);
#2913=IFCRELDEFINESBYPROPERTIES('1Yw7TEdK2wnUlJ3GxZXdyU',#6,$,$,(#2906),#2910);
#2914=IFCMAPPEDITEM(#2343,#1706);
#2915=IFCSHAPEREPRESENTATION(#15,'Body','MappedRepresentation',(#2914));
#2916=IFCPRODUCTDEFINITIONSHAPE($,$,(#2915));
#2917=IFCCARTESIANPOINT((-5171.2142546211016,11361.361329759662,0.));
#2918=IFCAXIS2PLACEMENT3D(#2917,$,$);
#2919=IFCLOCALPLACEMENT(#24,#2918);
#2920=IFCCOLUMN('1MzzCu4tX5nAr$Y5GgwB2t',#6,'Column:200x300:313389',$,$,#2919,#2916,'313389');
#2921=IFCPROPERTYSET('1eobK3SRpm0Uyx4$FAUSi_',#6,'Pset_ColumnCommon',$,(#82,#83,#2352));
#2922=IFCPROPERTYSET('2v$1kqafLn6C98QSKrYx8J',#6,'Pset_QuantityTakeOff',$,(#2352));
#2923=IFCPROPERTYSINGLEVALUE('Reference',$,IFCLABEL('200x300'),$);
#2924=IFCPROPERTYSET('0okLIF$iEYczC$VS7WMoLO',#6,'Pset_ReinforcementBarPitchOfColumn',$,(#2923));
#2925=IFCRELDEFINESBYPROPERTIES('3XFo6pzJg0qX_vwM8QP8W_',#6,$,$,(#2920),#2921);
#2926=IFCRELDEFINESBYPROPERTIES('2z73aLHnnHXqFrsxcLaK9N',#6,$,$,(#2920),#2922);
#2927=IFCRELDEFINESBYPROPERTIES('379o0Pcjr5dJrZyg2Q$CRT',#6,$,$,(#2920),#2924);
#2928=IFCMAPPEDITEM(#2343,#1706);
#2929=IFCSHAPEREPRESENTATION(#15,'Body','MappedRepresentation',(#2928));
#2930=IFCPRODUCTDEFINITIONSHAPE($,$,(#2929));
#2931=IFCCARTESIANPOINT((-1971.2142546211012,11361.361329759651,0.));
#2932=IFCAXIS2PLACEMENT3D(#2931,$,$);
#2933=IFCLOCALPLACEMENT(#24,#2932);
#2934=IFCCOLUMN('1MzzCu4tX5nAr$Y5GgwB2l',#6,'Column:200x300:313397',$,$,#2933,#2930,'313397');
#2935=IFCPROPERTYSET('2XUJ2nCaCv_uxKjQhaKRSu',#6,'Pset_ColumnCommon',$,(#82,#83,#2352));
#2936=IFCPROPERTYSET('2Gb4KJi8X6gjM0mtPmhZS6',#6,'Pset_QuantityTakeOff',$,(#2352));
#2937=IFCPROPERTYSINGLEVALUE('Reference',$,IFCLABEL('200x300'),$);
#2938=IFCPROPERTYSET('17ROqUElrpJ4KaqsHo0tXM',#6,'Pset_ReinforcementBarPitchOfColumn',$,(#2937));
#2939=IFCRELDEFINESBYPROPERTIES('3r6gFBVyThJ2yA9b9KwhWJ',#6,$,$,(#2934),#2935);
#2940=IFCRELDEFINESBYPROPERTIES('1zjsxNNl8rOEmzfArRKZhD',#6,$,$,(#2934),#2936);
#2941=IFCRELDEFINESBYPROPERTIES('2$CqljPyCoI$7JEfgXdKuM',#6,$,$,(#2934),#2938);
#2942=IFCMAPPEDITEM(#2343,#1706);
#2943=IFCSHAPEREPRESENTATION(#15,'Body','MappedRepresentation',(#2942));
#2944=IFCPRODUCTDEFINITIONSHAPE($,$,(#2943));
#2945=IFCCARTESIANPOINT((4428.7857453788993,11361.361329759629,0.));
#2946=IFCAXIS2PLACEMENT3D(#2945,$,$);
#2947=IFCLOCALPLACEMENT(#24,#2946);
#2948=IFCCOLUMN('1MzzCu4tX5nAr$Y5GgwB3R',#6,'Column:200x300:313409',$,$,#2947,#2944,'313409');
#2949=IFCPROPERTYSET('1piYYYNEp07GTxL9lqypqB',#6,'Pset_ColumnCommon',$,(#82,#83,#2352));
#2950=IFCPROPERTYSET('0CJwKBHESCYdYzVG5KK8bY',#6,'Pset_QuantityTakeOff',$,(#2352));
#2951=IFCPROPERTYSINGLEVALUE('Reference',$,IFCLABEL('200x300'),$);
#2952=IFCPROPERTYSET('2zdThQGB6MXlgFvN5n_RVc',#6,'Pset_ReinforcementBarPitchOfColumn',$,(#2951));
#2953=IFCRELDEFINESBYPROPERTIES('0P9JgxmDA_qG1WrX24FV9C',#6,$,$,(#2948),#2949);
#2954=IFCRELDEFINESBYPROPERTIES('2xfiYdXoHuBOg3OQM88l5o',#6,$,$,(#2948),#2950);
#2955=IFCRELDEFINESBYPROPERTIES('2GmmR5JeB7fw6OIzb4QDzC',#6,$,$,(#2948),#2952);
#2956=IFCMAPPEDITEM(#2343,#1706);
#2957=IFCSHAPEREPRESENTATION(#15,'Body','MappedRepresentation',(#2956));
#2958=IFCPRODUCTDEFINITIONSHAPE($,$,(#2957));
#2959=IFCCARTESIANPOINT((7628.7857453789084,11361.361329759618,0.));
#2960=IFCAXIS2PLACEMENT3D(#2959,$,$);
#2961=IFCLOCALPLACEMENT(#24,#2960);
#2962=IFCCOLUMN('1MzzCu4tX5nAr$Y5GgwB3H',#6,'Column:200x300:313419',$,$,#2961,#2958,'313419');
#2963=IFCPROPERTYSET('04lgjOKLEburqE0LmBNRyD',#6,'Pset_ColumnCommon',$,(#82,#83,#2352));
#2964=IFCPROPERTYSET('3tFGeRpSgPsY5zBreK_yVv',#6,'Pset_QuantityTakeOff',$,(#2352));
#2965=IFCPROPERTYSINGLEVALUE('Reference',$,IFCLABEL('200x300'),$);
#2966=IFCPROPERTYSET('1tU6FRCYsl6U5k58jSIXHj',#6,'Pset_ReinforcementBarPitchOfColumn',$,(#2965));
#2967=IFCRELDEFINESBYPROPERTIES('057nWgol4tWOG19TQaBKQg',#6,$,$,(#2962),#2963);
#2968=IFCRELDEFINESBYPROPERTIES('1cezScHxOaltE08FNru_xa',#6,$,$,(#2962),#2964);
#2969=IFCRELDEFINESBYPROPERTIES('3bPlKl2v4CIGd7$xgV3TOS',#6,$,$,(#2962),#2966);
#2970=IFCMAPPEDITEM(#2343,#1706);
#2971=IFCSHAPEREPRESENTATION(#15,'Body','MappedRepresentation',(#2970));
#2972=IFCPRODUCTDEFINITIONSHAPE($,$,(#2971));
#2973=IFCCARTESIANPOINT((10828.785745378907,11361.361329759608,0.));
#2974=IFCAXIS2PLACEMENT3D(#2973,$,$);
#2975=IFCLOCALPLACEMENT(#24,#2974);
#2976=IFCCOLUMN('1MzzCu4tX5nAr$Y5GgwB39',#6,'Column:200x300:313427',$,$,#2975,#2972,'313427');
#2977=IFCPROPERTYSET('2eXn2TM0IqTdpZXckFV$dm',#6,'Pset_ColumnCommon',$,(#82,#83,#2352));
#2978=IFCPROPERTYSET('1D0ImUW3tF6zYrdkBeZ_XG',#6,'Pset_QuantityTakeOff',$,(#2352));
#2979=IFCPROPERTYSINGLEVALUE('Reference',$,IFCLABEL('200x300'),$);
#2980=IFCPROPERTYSET('1qy12dn3M$B5hjcNZOUSs8',#6,'Pset_ReinforcementBarPitchOfColumn',$,(#2979));
#2981=IFCRELDEFINESBYPROPERTIES('3uBN_9c5QKRuPpVU0hh34O',#6,$,$,(#2976),#2977);
#2982=IFCRELDEFINESBYPROPERTIES('0jDYciZazGXpjY5_trlmy3',#6,$,$,(#2976),#2978);
#2983=IFCRELDEFINESBYPROPERTIES('3XSmKfAFs1zOMhMNNkqnIb',#6,$,$,(#2976),#2980);
#2984=IFCMAPPEDITEM(#2343,#1706);
#2985=IFCSHAPEREPRESENTATION(#15,'Body','MappedRepresentation',(#2984));
#2986=IFCPRODUCTDEFINITIONSHAPE($,$,(#2985));
#2987=IFCCARTESIANPOINT((17228.785745378907,11361.361329759586,0.));
#2988=IFCAXIS2PLACEMENT3D(#2987,$,$);
#2989=IFCLOCALPLACEMENT(#24,#2988);
#2990=IFCCOLUMN('1MzzCu4tX5nAr$Y5GgwB35',#6,'Column:200x300:313439',$,$,#2989,#2986,'313439');
#2991=IFCPROPERTYSET('1P9MCWkeqycC3SNMa81wPS',#6,'Pset_ColumnCommon',$,(#82,#83,#2352));
#2992=IFCPROPERTYSET('0uQDOULKfnkw6UgwuQlyNy',#6,'Pset_QuantityTakeOff',$,(#2352));
#2993=IFCPROPERTYSINGLEVALUE('Reference',$,IFCLABEL('200x300'),$);
#2994=IFCPROPERTYSET('1Y1SLRLHxZfDO3zQ0rVXIW',#6,'Pset_ReinforcementBarPitchOfColumn',$,(#2993));
#2995=IFCRELDEFINESBYPROPERTIES('01q9UdSS1rAfLAk5KnZ0n3',#6,$,$,(#2990),#2991);
#2996=IFCRELDEFINESBYPROPERTIES('3sEMZH_L6QV92cAJ_bDfOo',#6,$,$,(#2990),#2992);
#2997=IFCRELDEFINESBYPROPERTIES('3IBhk3nAJd$KEJiyx$tRth',#6,$,$,(#2990),#2994);
#2998=IFCCARTESIANPOINT((0.,0.));
#2999=IFCAXIS2PLACEMENT2D(#2998,#48);
#3000=IFCRECTANGLEPROFILEDEF(.AREA.,'200x1090',#2999,1090.,200.);
#3001=IFCCARTESIANPOINT((-445.,0.,0.));
#3002=IFCAXIS2PLACEMENT3D(#3001,#55,#1689);
#3003=IFCEXTRUDEDAREASOLID(#3000,#3002,#55,4000.0000000000005);
#3004=IFCSTYLEDITEM(#3003,(#1695),$);
#3005=IFCSHAPEREPRESENTATION(#15,'Body','SweptSolid',(#3003));
#3006=IFCAXIS2PLACEMENT3D(#10,$,$);
#3007=IFCREPRESENTATIONMAP(#3006,#3005);
#3008=IFCCOLUMNTYPE('1GgSMGs1bDKvotNlTC9KWd',#6,'Column:200x1090',$,$,(#3024),(#3007),'313511',$,.COLUMN.);
#3009=IFCMAPPEDITEM(#3007,#1706);
#3010=IFCSHAPEREPRESENTATION(#15,'Body','MappedRepresentation',(#3009));
#3011=IFCPRODUCTDEFINITIONSHAPE($,$,(#3010));
#3012=IFCCARTESIANPOINT((-10781.214254621116,11361.36132975968,0.));
#3013=IFCAXIS2PLACEMENT3D(#3012,$,$);
#3014=IFCLOCALPLACEMENT(#24,#3013);
#3015=IFCCOLUMN('1MzzCu4tX5nAr$Y5GgwB6s',#6,'Column:200x1090:313644',$,$,#3014,#3011,'313644');
#3016=IFCPROPERTYSINGLEVALUE('Reference',$,IFCIDENTIFIER('200x1090'),$);
#3017=IFCPROPERTYSET('2pm5TPn25fZs9w7MEMtZpm',#6,'Pset_ColumnCommon',$,(#82,#83,#3016));
#3018=IFCPROPERTYSET('2vRWulGgcStvFN1wZSRR0m',#6,'Pset_QuantityTakeOff',$,(#3016));
#3019=IFCPROPERTYSINGLEVALUE('Reference',$,IFCLABEL('200x1090'),$);
#3020=IFCPROPERTYSET('2Z7bhmU40fEbGrqp3iNV07',#6,'Pset_ReinforcementBarPitchOfColumn',$,(#3019));
#3021=IFCRELDEFINESBYPROPERTIES('3kkVVeCdzb0yIua2QGD$gL',#6,$,$,(#3015),#3017);
#3022=IFCRELDEFINESBYPROPERTIES('0x7NpLGSXpejUO01YwNdAn',#6,$,$,(#3015),#3018);
#3023=IFCRELDEFINESBYPROPERTIES('21flx_9Y1h9qjudxB3M9_L',#6,$,$,(#3015),#3020);
#3024=IFCPROPERTYSET('3rTDgXtLdQ2LsUScOyZI_D',#6,'Pset_ColumnCommon',$,(#83));
#3025=IFCMAPPEDITEM(#3007,#1706);
#3026=IFCSHAPEREPRESENTATION(#15,'Body','MappedRepresentation',(#3025));
#3027=IFCPRODUCTDEFINITIONSHAPE($,$,(#3026));
#3028=IFCCARTESIANPOINT((2018.7857453788836,11361.36132975964,0.));
#3029=IFCAXIS2PLACEMENT3D(#3028,$,$);
#3030=IFCLOCALPLACEMENT(#24,#3029);
#3031=IFCCOLUMN('1MzzCu4tX5nAr$Y5GgwB6c',#6,'Column:200x1090:313660',$,$,#3030,#3027,'313660');
#3032=IFCPROPERTYSET('35PmWnxkhMTPuJm$LsGBnp',#6,'Pset_ColumnCommon',$,(#82,#83,#3016));
#3033=IFCPROPERTYSET('1Oy2fC6i_ePwYoyaUqs$0m',#6,'Pset_QuantityTakeOff',$,(#3016));
#3034=IFCPROPERTYSINGLEVALUE('Reference',$,IFCLABEL('200x1090'),$);
#3035=IFCPROPERTYSET('2yOmCGDlB8J_HGdurFtEv_',#6,'Pset_ReinforcementBarPitchOfColumn',$,(#3034));
#3036=IFCRELDEFINESBYPROPERTIES('0QvOwNlnZt_weylAnk47Xs',#6,$,$,(#3031),#3032);
#3037=IFCRELDEFINESBYPROPERTIES('2uMTqdXzXplrkpzSoqmw4A',#6,$,$,(#3031),#3033);
#3038=IFCRELDEFINESBYPROPERTIES('01aR8C01ZBgmqgvfcgSaEK',#6,$,$,(#3031),#3035);
#3039=IFCMAPPEDITEM(#3007,#1706);
#3040=IFCSHAPEREPRESENTATION(#15,'Body','MappedRepresentation',(#3039));
#3041=IFCPRODUCTDEFINITIONSHAPE($,$,(#3040));
#3042=IFCCARTESIANPOINT((14818.785745378867,11361.361329759598,0.));
#3043=IFCAXIS2PLACEMENT3D(#3042,$,$);
#3044=IFCLOCALPLACEMENT(#24,#3043);
#3045=IFCCOLUMN('1MzzCu4tX5nAr$Y5GgwB7S',#6,'Column:200x1090:313670',$,$,#3044,#3041,'313670');
#3046=IFCPROPERTYSET('2ICiLgKYL3iRrEQiKE$1MI',#6,'Pset_ColumnCommon',$,(#82,#83,#3016));
#3047=IFCPROPERTYSET('2LryFGoEhe8foqcFUTF36P',#6,'Pset_QuantityTakeOff',$,(#3016));
#3048=IFCPROPERTYSINGLEVALUE('Reference',$,IFCLABEL('200x1090'),$);
#3049=IFCPROPERTYSET('3zDhJWrW2J2myfMl$l3wra',#6,'Pset_ReinforcementBarPitchOfColumn',$,(#3048));
#3050=IFCRELDEFINESBYPROPERTIES('2MTQl5LsY1aOBi8V6XtYy2',#6,$,$,(#3045),#3046);
#3051=IFCRELDEFINESBYPROPERTIES('3HDO3PtMu_xzLedUbttCe2',#6,$,$,(#3045),#3047);
#3052=IFCRELDEFINESBYPROPERTIES('1FdRqmup5QzAxC7KV08A6c',#6,$,$,(#3045),#3049);
#3053=IFCMAPPEDITEM(#1732,#1706);
#3054=IFCSHAPEREPRESENTATION(#15,'Body','MappedRepresentation',(#3053));
#3055=IFCPRODUCTDEFINITIONSHAPE($,$,(#3054));
#3056=IFCCARTESIANPOINT((-2021.2142546211537,-20363.638670240332,0.));
#3057=IFCAXIS2PLACEMENT3D(#3056,$,$);
#3058=IFCLOCALPLACEMENT(#24,#3057);
#3059=IFCCOLUMN('1MzzCu4tX5nAr$Y5GgwB5z',#6,'Column:200x360:313831',$,$,#3058,#3055,'313831');
#3060=IFCPROPERTYSET('2l28_sl3w4tQ2ogKCp5iQ_',#6,'Pset_ColumnCommon',$,(#82,#83,#1741));
#3061=IFCPROPERTYSET('15f4W7AkkaP3B8Y3scLsos',#6,'Pset_QuantityTakeOff',$,(#1741));
#3062=IFCPROPERTYSINGLEVALUE('Reference',$,IFCLABEL('200x360'),$);
#3063=IFCPROPERTYSET('2cqhDDw_Am0zWdtrbAxIVB',#6,'Pset_ReinforcementBarPitchOfColumn',$,(#3062));
#3064=IFCRELDEFINESBYPROPERTIES('3XaIoxZw9QEPYNz0FWr7$E',#6,$,$,(#3059),#3060);
#3065=IFCRELDEFINESBYPROPERTIES('2OdjPDSc3jkDA3RdNMIDWZ',#6,$,$,(#3059),#3061);
#3066=IFCRELDEFINESBYPROPERTIES('2uqjEN$wV6W41VuVTiyX6_',#6,$,$,(#3059),#3063);
#3067=IFCMAPPEDITEM(#2520,#1706);
#3068=IFCSHAPEREPRESENTATION(#15,'Body','MappedRepresentation',(#3067));
#3069=IFCPRODUCTDEFINITIONSHAPE($,$,(#3068));
#3070=IFCCARTESIANPOINT((-34121.214254621038,11361.361329759759,0.));
#3071=IFCAXIS2PLACEMENT3D(#3070,$,$);
#3072=IFCLOCALPLACEMENT(#24,#3071);
#3073=IFCCOLUMN('1MzzCu4tX5nAr$Y5GgwBAN',#6,'Column:200x380:313869',$,$,#3072,#3069,'313869');
#3074=IFCPROPERTYSET('05nw7Pp0_uI_c3IFDYicUs',#6,'Pset_ColumnCommon',$,(#82,#83,#2529));
#3075=IFCPROPERTYSET('3IOBE$tK$ggo0wgYxaEm_5',#6,'Pset_QuantityTakeOff',$,(#2529));
#3076=IFCPROPERTYSINGLEVALUE('Reference',$,IFCLABEL('200x380'),$);
#3077=IFCPROPERTYSET('2RF92HGW1f6UOYhIxYUVO1',#6,'Pset_ReinforcementBarPitchOfColumn',$,(#3076));
#3078=IFCRELDEFINESBYPROPERTIES('31KKdWhgTTnkPThb4n7FNk',#6,$,$,(#3073),#3074);
#3079=IFCRELDEFINESBYPROPERTIES('1749HaDFrqwP$XnsvwSAgk',#6,$,$,(#3073),#3075);
#3080=IFCRELDEFINESBYPROPERTIES('0zm$pdeNW7CVdZ$zU1aJK5',#6,$,$,(#3073),#3077);
#3081=IFCMAPPEDITEM(#3007,#1706);
#3082=IFCSHAPEREPRESENTATION(#15,'Body','MappedRepresentation',(#3081));
#3083=IFCPRODUCTDEFINITIONSHAPE($,$,(#3082));
#3084=IFCCARTESIANPOINT((-23581.214254621118,11361.361329759722,0.));
#3085=IFCAXIS2PLACEMENT3D(#3084,$,$);
#3086=IFCLOCALPLACEMENT(#24,#3085);
#3087=IFCCOLUMN('35YAWf9bH39hTsvmRiuqSZ',#6,'Column:200x1090:314247',$,$,#3086,#3083,'314247');
#3088=IFCPROPERTYSET('2oYXDc6Zfzd5_ag9EbrztO',#6,'Pset_ColumnCommon',$,(#82,#83,#3016));
#3089=IFCPROPERTYSET('1SyzqQiDVdv$Ck5bMdpg0g',#6,'Pset_QuantityTakeOff',$,(#3016));
#3090=IFCPROPERTYSINGLEVALUE('Reference',$,IFCLABEL('200x1090'),$);
#3091=IFCPROPERTYSET('2bz3gyqYPSE9koQxRdumKj',#6,'Pset_ReinforcementBarPitchOfColumn',$,(#3090));
#3092=IFCRELDEFINESBYPROPERTIES('0WHdsAVV_yWbK7WE_AujN2',#6,$,$,(#3087),#3088);
#3093=IFCRELDEFINESBYPROPERTIES('1X26BcaewjrAZvW$a6gJhD',#6,$,$,(#3087),#3089);
#3094=IFCRELDEFINESBYPROPERTIES('0hvKIIVkTqzYhpGDGtzMz4',#6,$,$,(#3087),#3091);
#3095=IFCMAPPEDITEM(#2343,#1706);
#3096=IFCSHAPEREPRESENTATION(#15,'Body','MappedRepresentation',(#3095));
#3097=IFCPRODUCTDEFINITIONSHAPE($,$,(#3096));
#3098=IFCCARTESIANPOINT((20803.785745378867,11361.361329759573,0.));
#3099=IFCAXIS2PLACEMENT3D(#3098,$,$);
#3100=IFCLOCALPLACEMENT(#24,#3099);
#3101=IFCCOLUMN('35YAWf9bH39hTsvmRiuq2D',#6,'Column:200x300:314409',$,$,#3100,#3097,'314409');
#3102=IFCPROPERTYSET('0GztwJtu1ijmf5pOWj5AGB',#6,'Pset_ColumnCommon',$,(#82,#83,#2352));
#3103=IFCPROPERTYSET('0g73AuONmHSHEc$qlJ4Jac',#6,'Pset_QuantityTakeOff',$,(#2352));
#3104=IFCPROPERTYSINGLEVALUE('Reference',$,IFCLABEL('200x300'),$);
#3105=IFCPROPERTYSET('3ce$YyPJimwsk$SkjV7Ovi',#6,'Pset_ReinforcementBarPitchOfColumn',$,(#3104));
#3106=IFCRELDEFINESBYPROPERTIES('12u0Fji9FUkiK2wmZAKH2Y',#6,$,$,(#3101),#3102);
#3107=IFCRELDEFINESBYPROPERTIES('1oFOZIvwDrRKJl6Ba1822L',#6,$,$,(#3101),#3103);
#3108=IFCRELDEFINESBYPROPERTIES('2uNL5NiNgB5aaIrvxgN_5i',#6,$,$,(#3101),#3105);
#3109=IFCMAPPEDITEM(#2247,#1706);
#3110=IFCSHAPEREPRESENTATION(#15,'Body','MappedRepresentation',(#3109));
#3111=IFCPRODUCTDEFINITIONSHAPE($,$,(#3110));
#3112=IFCCARTESIANPOINT((30108.785745378882,-7838.6386702404507,0.));
#3113=IFCAXIS2PLACEMENT3D(#3112,$,$);
#3114=IFCLOCALPLACEMENT(#24,#3113);
#3115=IFCCOLUMN('3Sks_JQaL5Nukng6ka6YkS',#6,'Column:200x450:315722',$,$,#3114,#3111,'315722');
#3116=IFCPROPERTYSET('3sYcvCMPa6zBWXystYYcM0',#6,'Pset_ColumnCommon',$,(#82,#83,#2256));
#3117=IFCPROPERTYSET('01ZWP2_D3wmfHn0ralfrAm',#6,'Pset_QuantityTakeOff',$,(#2256));
#3118=IFCPROPERTYSINGLEVALUE('Reference',$,IFCLABEL('200x450'),$);
#3119=IFCPROPERTYSET('1X$P_UnveAipEPqazOZNw5',#6,'Pset_ReinforcementBarPitchOfColumn',$,(#3118));
#3120=IFCRELDEFINESBYPROPERTIES('1ybdp69ikMffI0We_uqWXB',#6,$,$,(#3115),#3116);
#3121=IFCRELDEFINESBYPROPERTIES('1E4lQlcB4WFP3reRoNRF_p',#6,$,$,(#3115),#3117);
#3122=IFCRELDEFINESBYPROPERTIES('2og$Vl5AiYy$UX_l4bFNhG',#6,$,$,(#3115),#3119);
#3123=IFCCARTESIANPOINT((-28556.214254621143,-6978.6386702403815,-120.));
#3124=IFCAXIS2PLACEMENT3D(#3123,#55,#53);
#3125=IFCLOCALPLACEMENT(#28,#3124);
#3126=IFCCARTESIANPOINT((-2.5579538487363607E-013,2.1671553440683056E-012));
#3127=IFCAXIS2PLACEMENT2D(#3126,#48);
#3128=IFCRECTANGLEPROFILEDEF(.AREA.,'Beam 250x600',#3127,600.,249.99999999999949);
#3129=IFCCARTESIANPOINT((42.700000000165716,-0.,-300.));
#3130=IFCDIRECTION((1.,0.,0.));
#3131=IFCAXIS2PLACEMENT3D(#3129,#3130,#52);
#3132=IFCEXTRUDEDAREASOLID(#3128,#3131,#55,5084.5999999998339);
#3133=IFCCOLOURRGB($,0.75294117647058822,0.75294117647058822,0.75294117647058822);
#3134=IFCSURFACESTYLERENDERING(#3133,0.,$,$,$,$,IFCNORMALISEDRATIOMEASURE(0.5),IFCSPECULAREXPONENT(128.),.NOTDEFINED.);
#3135=IFCSURFACESTYLE('Concrete - Cast-in-Place Concrete',.BOTH.,(#3134));
#3136=IFCPRESENTATIONSTYLEASSIGNMENT((#3135));
#3137=IFCSTYLEDITEM(#3132,(#3136),$);
#3138=IFCSHAPEREPRESENTATION(#15,'Body','SweptSolid',(#3132));
#3139=IFCCARTESIANPOINT((0.,0.));
#3140=IFCCARTESIANPOINT((5240.,0.));
#3141=IFCPOLYLINE((#3139,#3140));
#3142=IFCSHAPEREPRESENTATION(#14,'Axis','Curve2D',(#3141));
#3143=IFCPRODUCTDEFINITIONSHAPE($,$,(#3142,#3138));
#3144=IFCBEAM('20yiJc8Gv2EBT1x$GoM0j5',#6,'Beam:Beam 250x600:319949',$,$,#3125,#3143,'319949');
#3145=IFCBEAMTYPE('38Id_6aY5A9wV9rPNyyktb',#6,'Beam:Beam 250x600',$,$,(#3161),$,'338676',$,.BEAM.);
#3146=IFCMATERIAL('Concrete - Cast-in-Place Concrete');
#3147=IFCPRESENTATIONSTYLEASSIGNMENT((#3135));
#3148=IFCSTYLEDITEM($,(#3147),$);
#3149=IFCSTYLEDREPRESENTATION(#13,'Style','Material',(#3148));
#3150=IFCMATERIALDEFINITIONREPRESENTATION($,$,(#3149),#3146);
#3151=IFCPROPERTYSINGLEVALUE('Reference',$,IFCIDENTIFIER('Beam 250x600'),$);
#3152=IFCPROPERTYSINGLEVALUE('Span',$,IFCPOSITIVELENGTHMEASURE(5240.),$);
#3153=IFCPROPERTYSINGLEVALUE('Slope',$,IFCPLANEANGLEMEASURE(0.),$);
#3154=IFCPROPERTYSET('0RGa3m9KBsIFU42oSV1hQC',#6,'Pset_BeamCommon',$,(#82,#83,#3151,#3152,#3153));
#3155=IFCPROPERTYSET('1EHGZDv94pEMA_gYs0izQs',#6,'Pset_QuantityTakeOff',$,(#3151));
#3156=IFCPROPERTYSINGLEVALUE('Reference',$,IFCLABEL('Beam 250x600'),$);
#3157=IFCPROPERTYSET('1pxYwchfdFuTSeYYvZk30V',#6,'Pset_ReinforcementBarPitchOfBeam',$,(#3156));
#3158=IFCRELDEFINESBYPROPERTIES('2vnbiGZ0qPYivMKylFO5p4',#6,$,$,(#3144),#3154);
#3159=IFCRELDEFINESBYPROPERTIES('3RZ5DogiJ8ggT6kaJNwlA9',#6,$,$,(#3144),#3155);
#3160=IFCRELDEFINESBYPROPERTIES('1KgiRED4s8PQMPGmdwluv_',#6,$,$,(#3144),#3157);
#3161=IFCPROPERTYSET('239Zv7Pd7BVQ5j0h8bFqXD',#6,'Pset_BeamCommon',$,(#83));
#3162=IFCCARTESIANPOINT((-30846.214254621154,-14418.638670240271,-120.));
#3163=IFCDIRECTION((0.,-1.,0.));
#3164=IFCAXIS2PLACEMENT3D(#3162,#55,#3163);
#3165=IFCLOCALPLACEMENT(#28,#3164);
#3166=IFCCARTESIANPOINT((0.,2.1671553440683056E-012));
#3167=IFCAXIS2PLACEMENT2D(#3166,#48);
#3168=IFCRECTANGLEPROFILEDEF(.AREA.,'Beam 200x800',#3167,800.,200.00000000000216);
#3169=IFCCARTESIANPOINT((0.,25.,-400.));
#3170=IFCAXIS2PLACEMENT3D(#3169,#3130,#52);
#3171=IFCEXTRUDEDAREASOLID(#3168,#3170,#55,8307.3000000000029);
#3172=IFCSHAPEREPRESENTATION(#15,'Body','SweptSolid',(#3171));
#3173=IFCCARTESIANPOINT((8420.,0.));
#3174=IFCPOLYLINE((#3139,#3173));
#3175=IFCSHAPEREPRESENTATION(#14,'Axis','Curve2D',(#3174));
#3176=IFCPRODUCTDEFINITIONSHAPE($,$,(#3175,#3172));
#3177=IFCBEAM('20yiJc8Gv2EBT1x$GoM0y4',#6,'Beam:Beam 200x800:320908',$,$,#3165,#3176,'320908');
#3178=IFCBEAMTYPE('38Id_6aY5A9wV9rPNyykcz',#6,'Beam:Beam 200x800',$,$,(#3188),$,'339628',$,.BEAM.);
#3179=IFCPROPERTYSINGLEVALUE('Reference',$,IFCIDENTIFIER('Beam 200x800'),$);
#3180=IFCPROPERTYSINGLEVALUE('Span',$,IFCPOSITIVELENGTHMEASURE(8420.),$);
#3181=IFCPROPERTYSET('3SfSMWc30i5zAeQDHy_V6x',#6,'Pset_BeamCommon',$,(#82,#83,#3153,#3179,#3180));
#3182=IFCPROPERTYSET('2mAv3bpy3awdW1jP0KEpvm',#6,'Pset_QuantityTakeOff',$,(#3179));
#3183=IFCPROPERTYSINGLEVALUE('Reference',$,IFCLABEL('Beam 200x800'),$);
#3184=IFCPROPERTYSET('30JELhIAYe8FFVK2f$Ipo4',#6,'Pset_ReinforcementBarPitchOfBeam',$,(#3183));
#3185=IFCRELDEFINESBYPROPERTIES('2lBaZC67cdmDYioYrZ6PLQ',#6,$,$,(#3177),#3181);
#3186=IFCRELDEFINESBYPROPERTIES('1L51NeZseOMSZzEw$KECjf',#6,$,$,(#3177),#3182);
#3187=IFCRELDEFINESBYPROPERTIES('2Pl6ZYyvz9$lPK_4jPlbdn',#6,$,$,(#3177),#3184);
#3188=IFCPROPERTYSET('2g2ypV9gxgZgjnjum1xTyF',#6,'Pset_BeamCommon',$,(#83));
#3189=IFCCARTESIANPOINT((-27646.214254621158,-14413.638670240467,-120.));
#3190=IFCAXIS2PLACEMENT3D(#3189,#55,#3163);
#3191=IFCLOCALPLACEMENT(#28,#3190);
#3192=IFCCARTESIANPOINT((0.,-2.1671553440683056E-012));
#3193=IFCAXIS2PLACEMENT2D(#3192,#48);
#3194=IFCRECTANGLEPROFILEDEF(.AREA.,'Beam 200x800',#3193,800.,200.00000000000216);
#3195=IFCCARTESIANPOINT((0.,25.,-400.));
#3196=IFCAXIS2PLACEMENT3D(#3195,#3130,#52);
#3197=IFCEXTRUDEDAREASOLID(#3194,#3196,#55,8420.0000000000055);
#3198=IFCSHAPEREPRESENTATION(#15,'Body','SweptSolid',(#3197));
#3199=IFCCARTESIANPOINT((8420.,0.));
#3200=IFCPOLYLINE((#3139,#3199));
#3201=IFCSHAPEREPRESENTATION(#14,'Axis','Curve2D',(#3200));
#3202=IFCPRODUCTDEFINITIONSHAPE($,$,(#3201,#3198));
#3203=IFCBEAM('20yiJc8Gv2EBT1x$GoM0rI',#6,'Beam:Beam 200x800:321498',$,$,#3191,#3202,'321498');
#3204=IFCPROPERTYSET('177VvBCtgkk50oBUJxnpn$',#6,'Pset_BeamCommon',$,(#82,#83,#3153,#3179,#3180));
#3205=IFCPROPERTYSET('3tzVkuABwXeQaEPMTEmAoq',#6,'Pset_QuantityTakeOff',$,(#3179));
#3206=IFCPROPERTYSINGLEVALUE('Reference',$,IFCLABEL('Beam 200x800'),$);
#3207=IFCPROPERTYSET('0hTIWvQZW05cMFuKa_DeUK',#6,'Pset_ReinforcementBarPitchOfBeam',$,(#3206));
#3208=IFCRELDEFINESBYPROPERTIES('2ipZfsY9o2YEfc7W7bLuYn',#6,$,$,(#3203),#3204);
#3209=IFCRELDEFINESBYPROPERTIES('1q6usSKecA5WJ1rGZ5EXMb',#6,$,$,(#3203),#3205);
#3210=IFCRELDEFINESBYPROPERTIES('0NgNQAuDwgPQWrgF5VsSyB',#6,$,$,(#3203),#3207);
#3211=IFCCARTESIANPOINT((-24446.214254621151,-14413.638670240476,-120.));
#3212=IFCAXIS2PLACEMENT3D(#3211,#55,#3163);
#3213=IFCLOCALPLACEMENT(#28,#3212);
#3214=IFCCARTESIANPOINT((0.,2.1671553440683056E-012));
#3215=IFCAXIS2PLACEMENT2D(#3214,#48);
#3216=IFCRECTANGLEPROFILEDEF(.AREA.,'Beam 200x800',#3215,800.,200.00000000000216);
#3217=IFCCARTESIANPOINT((0.,25.,-400.));
#3218=IFCAXIS2PLACEMENT3D(#3217,#3130,#52);
#3219=IFCEXTRUDEDAREASOLID(#3216,#3218,#55,8420.0000000000018);
#3220=IFCSHAPEREPRESENTATION(#15,'Body','SweptSolid',(#3219));
#3221=IFCCARTESIANPOINT((8420.,0.));
#3222=IFCPOLYLINE((#3139,#3221));
#3223=IFCSHAPEREPRESENTATION(#14,'Axis','Curve2D',(#3222));
#3224=IFCPRODUCTDEFINITIONSHAPE($,$,(#3223,#3220));
#3225=IFCBEAM('20yiJc8Gv2EBT1x$GoM0rW',#6,'Beam:Beam 200x800:321512',$,$,#3213,#3224,'321512');
#3226=IFCPROPERTYSET('3ktqOs9fXF50JMYWzmoG9v',#6,'Pset_BeamCommon',$,(#82,#83,#3153,#3179,#3180));
#3227=IFCPROPERTYSET('0eQCo0IrFLGwWVGfcxo4U0',#6,'Pset_QuantityTakeOff',$,(#3179));
#3228=IFCPROPERTYSINGLEVALUE('Reference',$,IFCLABEL('Beam 200x800'),$);
#3229=IFCPROPERTYSET('0CPVLv2ACA$uVkXN68Agra',#6,'Pset_ReinforcementBarPitchOfBeam',$,(#3228));
#3230=IFCRELDEFINESBYPROPERTIES('2$$TIqOC0KHGWs$ehOPt11',#6,$,$,(#3225),#3226);
#3231=IFCRELDEFINESBYPROPERTIES('3hwOk$$eQTBxA5NFyfEM2K',#6,$,$,(#3225),#3227);
#3232=IFCRELDEFINESBYPROPERTIES('2W8FTEF2EDSogUknoKcIt$',#6,$,$,(#3225),#3229);
#3233=IFCCARTESIANPOINT((-21246.214254621151,-14413.638670240482,-120.));
#3234=IFCAXIS2PLACEMENT3D(#3233,#55,#3163);
#3235=IFCLOCALPLACEMENT(#28,#3234);
#3236=IFCCARTESIANPOINT((0.,2.1671553440683056E-012));
#3237=IFCAXIS2PLACEMENT2D(#3236,#48);
#3238=IFCRECTANGLEPROFILEDEF(.AREA.,'Beam 200x800',#3237,800.,200.00000000000216);
#3239=IFCCARTESIANPOINT((0.,25.,-400.));
#3240=IFCAXIS2PLACEMENT3D(#3239,#3130,#52);
#3241=IFCEXTRUDEDAREASOLID(#3238,#3240,#55,8400.);
#3242=IFCSHAPEREPRESENTATION(#15,'Body','SweptSolid',(#3241));
#3243=IFCCARTESIANPOINT((8400.,0.));
#3244=IFCPOLYLINE((#3139,#3243));
#3245=IFCSHAPEREPRESENTATION(#14,'Axis','Curve2D',(#3244));
#3246=IFCPRODUCTDEFINITIONSHAPE($,$,(#3245,#3242));
#3247=IFCBEAM('20yiJc8Gv2EBT1x$GoM0ru',#6,'Beam:Beam 200x800:321520',$,$,#3235,#3246,'321520');
#3248=IFCPROPERTYSINGLEVALUE('Span',$,IFCPOSITIVELENGTHMEASURE(8400.),$);
#3249=IFCPROPERTYSET('1Hwu8rPIDY8KqfaGeavluI',#6,'Pset_BeamCommon',$,(#82,#83,#3153,#3179,#3248));
#3250=IFCPROPERTYSET('14GfrgLK6Hap2V5StzdTPs',#6,'Pset_QuantityTakeOff',$,(#3179));
#3251=IFCPROPERTYSINGLEVALUE('Reference',$,IFCLABEL('Beam 200x800'),$);
#3252=IFCPROPERTYSET('32dIwf3StSo5fsWb43Zjrk',#6,'Pset_ReinforcementBarPitchOfBeam',$,(#3251));
#3253=IFCRELDEFINESBYPROPERTIES('3rAdAeALp_SfPtK7Y_Tj7Z',#6,$,$,(#3247),#3249);
#3254=IFCRELDEFINESBYPROPERTIES('3Jmnh6_DEETCsi57z7ZJIz',#6,$,$,(#3247),#3250);
#3255=IFCRELDEFINESBYPROPERTIES('3gzwg9Am4e0gtcVqWo2Xno',#6,$,$,(#3247),#3252);
#3256=IFCCARTESIANPOINT((-18046.214254621147,-14413.638670240493,-120.));
#3257=IFCAXIS2PLACEMENT3D(#3256,#55,#3163);
#3258=IFCLOCALPLACEMENT(#28,#3257);
#3259=IFCCARTESIANPOINT((0.,1.0871303857129533E-012));
#3260=IFCAXIS2PLACEMENT2D(#3259,#48);
#3261=IFCRECTANGLEPROFILEDEF(.AREA.,'Beam 200x800',#3260,800.,200.);
#3262=IFCCARTESIANPOINT((0.,25.,-400.));
#3263=IFCAXIS2PLACEMENT3D(#3262,#3130,#52);
#3264=IFCEXTRUDEDAREASOLID(#3261,#3263,#55,8420.0000000000018);
#3265=IFCSHAPEREPRESENTATION(#15,'Body','SweptSolid',(#3264));
#3266=IFCCARTESIANPOINT((8420.,0.));
#3267=IFCPOLYLINE((#3139,#3266));
#3268=IFCSHAPEREPRESENTATION(#14,'Axis','Curve2D',(#3267));
#3269=IFCPRODUCTDEFINITIONSHAPE($,$,(#3268,#3265));
#3270=IFCBEAM('20yiJc8Gv2EBT1x$GoM0rm',#6,'Beam:Beam 200x800:321528',$,$,#3258,#3269,'321528');
#3271=IFCPROPERTYSET('0s05dt6rzdjAJ2ztmM7fsK',#6,'Pset_BeamCommon',$,(#82,#83,#3153,#3179,#3180));
#3272=IFCPROPERTYSET('2jtJo1q10xTm47nrUCjzch',#6,'Pset_QuantityTakeOff',$,(#3179));
#3273=IFCPROPERTYSINGLEVALUE('Reference',$,IFCLABEL('Beam 200x800'),$);
#3274=IFCPROPERTYSET('1f9h9OxTf2$3xYzXzsTVq2',#6,'Pset_ReinforcementBarPitchOfBeam',$,(#3273));
#3275=IFCRELDEFINESBYPROPERTIES('0I03q$AGgPqa4Ls2_nua89',#6,$,$,(#3270),#3271);
#3276=IFCRELDEFINESBYPROPERTIES('0PFqIHcg6HdhSA03rVo$8F',#6,$,$,(#3270),#3272);
#3277=IFCRELDEFINESBYPROPERTIES('2kLp54wlUG$swvai1oFLEC',#6,$,$,(#3270),#3274);
#3278=IFCCARTESIANPOINT((-14846.214254621145,-14413.638670240502,-120.));
#3279=IFCAXIS2PLACEMENT3D(#3278,#55,#3163);
#3280=IFCLOCALPLACEMENT(#28,#3279);
#3281=IFCCARTESIANPOINT((0.,1.0871303857129533E-012));
#3282=IFCAXIS2PLACEMENT2D(#3281,#48);
#3283=IFCRECTANGLEPROFILEDEF(.AREA.,'Beam 200x800',#3282,800.,200.);
#3284=IFCCARTESIANPOINT((0.,25.,-400.));
#3285=IFCAXIS2PLACEMENT3D(#3284,#3130,#52);
#3286=IFCEXTRUDEDAREASOLID(#3283,#3285,#55,8399.9999999999982);
#3287=IFCSHAPEREPRESENTATION(#15,'Body','SweptSolid',(#3286));
#3288=IFCCARTESIANPOINT((8400.,0.));
#3289=IFCPOLYLINE((#3139,#3288));
#3290=IFCSHAPEREPRESENTATION(#14,'Axis','Curve2D',(#3289));
#3291=IFCPRODUCTDEFINITIONSHAPE($,$,(#3290,#3287));
#3292=IFCBEAM('20yiJc8Gv2EBT1x$GoM0AC',#6,'Beam:Beam 200x800:321540',$,$,#3280,#3291,'321540');
#3293=IFCPROPERTYSET('1gy$3s2Yd1oOgphpwMKKI7',#6,'Pset_BeamCommon',$,(#82,#83,#3153,#3179,#3248));
#3294=IFCPROPERTYSET('0RWebBGmtf$wD101rUjByx',#6,'Pset_QuantityTakeOff',$,(#3179));
#3295=IFCPROPERTYSINGLEVALUE('Reference',$,IFCLABEL('Beam 200x800'),$);
#3296=IFCPROPERTYSET('2MOWsa4EW7GsezuFVbS2yu',#6,'Pset_ReinforcementBarPitchOfBeam',$,(#3295));
#3297=IFCRELDEFINESBYPROPERTIES('2hTjWONKj0ji4mQth8GaTB',#6,$,$,(#3292),#3293);
#3298=IFCRELDEFINESBYPROPERTIES('2HsGfa1mRCouqPEzq9BcgL',#6,$,$,(#3292),#3294);
#3299=IFCRELDEFINESBYPROPERTIES('0KkTrzj_h_UyjGxxC$5GwV',#6,$,$,(#3292),#3296);
#3300=IFCCARTESIANPOINT((-11646.214254621145,-14413.638670240236,-120.));
#3301=IFCAXIS2PLACEMENT3D(#3300,#55,#3163);
#3302=IFCLOCALPLACEMENT(#28,#3301);
#3303=IFCCARTESIANPOINT((0.,-1.0871303857129533E-012));
#3304=IFCAXIS2PLACEMENT2D(#3303,#48);
#3305=IFCRECTANGLEPROFILEDEF(.AREA.,'Beam 200x800',#3304,800.,200.);
#3306=IFCCARTESIANPOINT((0.,25.,-400.));
#3307=IFCAXIS2PLACEMENT3D(#3306,#3130,#52);
#3308=IFCEXTRUDEDAREASOLID(#3305,#3307,#55,8400.);
#3309=IFCSHAPEREPRESENTATION(#15,'Body','SweptSolid',(#3308));
#3310=IFCCARTESIANPOINT((8400.,0.));
#3311=IFCPOLYLINE((#3139,#3310));
#3312=IFCSHAPEREPRESENTATION(#14,'Axis','Curve2D',(#3311));
#3313=IFCPRODUCTDEFINITIONSHAPE($,$,(#3312,#3309));
#3314=IFCBEAM('20yiJc8Gv2EBT1x$GoM0A6',#6,'Beam:Beam 200x800:321550',$,$,#3302,#3313,'321550');
#3315=IFCPROPERTYSET('2oyhqLNEcWiwS3yKVoneO7',#6,'Pset_BeamCommon',$,(#82,#83,#3153,#3179,#3248));
#3316=IFCPROPERTYSET('26QeuzTs4vJITi1yeIzFCw',#6,'Pset_QuantityTakeOff',$,(#3179));
#3317=IFCPROPERTYSINGLEVALUE('Reference',$,IFCLABEL('Beam 200x800'),$);
#3318=IFCPROPERTYSET('2p9NBqWOdH77ckvjrEjSRg',#6,'Pset_ReinforcementBarPitchOfBeam',$,(#3317));
#3319=IFCRELDEFINESBYPROPERTIES('1reLQJACl48feoEPgPB36y',#6,$,$,(#3314),#3315);
#3320=IFCRELDEFINESBYPROPERTIES('2q39Q1D3eWxg5CoS5i4pRU',#6,$,$,(#3314),#3316);
#3321=IFCRELDEFINESBYPROPERTIES('0BR52cii_d8Vn9EUpPJ0ce',#6,$,$,(#3314),#3318);
#3322=IFCCARTESIANPOINT((-8446.2142546211453,-14413.63867024052,-120.));
#3323=IFCAXIS2PLACEMENT3D(#3322,#55,#3163);
#3324=IFCLOCALPLACEMENT(#28,#3323);
#3325=IFCCARTESIANPOINT((0.,0.));
#3326=IFCAXIS2PLACEMENT2D(#3325,#48);
#3327=IFCRECTANGLEPROFILEDEF(.AREA.,'Beam 200x800',#3326,800.,200.);
#3328=IFCCARTESIANPOINT((0.,25.,-400.));
#3329=IFCAXIS2PLACEMENT3D(#3328,#3130,#52);
#3330=IFCEXTRUDEDAREASOLID(#3327,#3329,#55,8399.9999999999982);
#3331=IFCSHAPEREPRESENTATION(#15,'Body','SweptSolid',(#3330));
#3332=IFCCARTESIANPOINT((8400.,0.));
#3333=IFCPOLYLINE((#3139,#3332));
#3334=IFCSHAPEREPRESENTATION(#14,'Axis','Curve2D',(#3333));
#3335=IFCPRODUCTDEFINITIONSHAPE($,$,(#3334,#3331));
#3336=IFCBEAM('20yiJc8Gv2EBT1x$GoM0AU',#6,'Beam:Beam 200x800:321558',$,$,#3324,#3335,'321558');
#3337=IFCPROPERTYSET('3cmoBnA2Wx2BO9iDymAqc0',#6,'Pset_BeamCommon',$,(#82,#83,#3153,#3179,#3248));
#3338=IFCPROPERTYSET('0OS_bASzvGydIGqpdDsHgn',#6,'Pset_QuantityTakeOff',$,(#3179));
#3339=IFCPROPERTYSINGLEVALUE('Reference',$,IFCLABEL('Beam 200x800'),$);
#3340=IFCPROPERTYSET('27i39sAsaLe06Hc$A1HJWE',#6,'Pset_ReinforcementBarPitchOfBeam',$,(#3339));
#3341=IFCRELDEFINESBYPROPERTIES('3xehJjtBAbi_l5b2VyzEVZ',#6,$,$,(#3336),#3337);
#3342=IFCRELDEFINESBYPROPERTIES('0mNuFuCH4xLhjDvi6JC10V',#6,$,$,(#3336),#3338);
#3343=IFCRELDEFINESBYPROPERTIES('2J6iXv$wlxWLbWGb9kdEQr',#6,$,$,(#3336),#3340);
#3344=IFCCARTESIANPOINT((-5246.2142546211362,-14413.638670240527,-120.));
#3345=IFCAXIS2PLACEMENT3D(#3344,#55,#3163);
#3346=IFCLOCALPLACEMENT(#28,#3345);
#3347=IFCCARTESIANPOINT((0.,0.));
#3348=IFCAXIS2PLACEMENT2D(#3347,#48);
#3349=IFCRECTANGLEPROFILEDEF(.AREA.,'Beam 200x800',#3348,800.,200.);
#3350=IFCCARTESIANPOINT((0.,25.,-400.));
#3351=IFCAXIS2PLACEMENT3D(#3350,#3130,#52);
#3352=IFCEXTRUDEDAREASOLID(#3349,#3351,#55,8399.9999999999982);
#3353=IFCSHAPEREPRESENTATION(#15,'Body','SweptSolid',(#3352));
#3354=IFCCARTESIANPOINT((8400.,0.));
#3355=IFCPOLYLINE((#3139,#3354));
#3356=IFCSHAPEREPRESENTATION(#14,'Axis','Curve2D',(#3355));
#3357=IFCPRODUCTDEFINITIONSHAPE($,$,(#3356,#3353));
#3358=IFCBEAM('20yiJc8Gv2EBT1x$GoM0Ai',#6,'Beam:Beam 200x800:321572',$,$,#3346,#3357,'321572');
#3359=IFCPROPERTYSET('3uK6Zj9uWU_9O__34W_yaw',#6,'Pset_BeamCommon',$,(#82,#83,#3153,#3179,#3248));
#3360=IFCPROPERTYSET('0GkMS4pekwq8We4Oniq7JK',#6,'Pset_QuantityTakeOff',$,(#3179));
#3361=IFCPROPERTYSINGLEVALUE('Reference',$,IFCLABEL('Beam 200x800'),$);
#3362=IFCPROPERTYSET('1PXnL07Um9oaZvlShS8PKf',#6,'Pset_ReinforcementBarPitchOfBeam',$,(#3361));
#3363=IFCRELDEFINESBYPROPERTIES('1Qp06Jg53G6MasbuFtmt6I',#6,$,$,(#3358),#3359);
#3364=IFCRELDEFINESBYPROPERTIES('21Fb6MMnWiZ$aLeJyXj3vz',#6,$,$,(#3358),#3360);
#3365=IFCRELDEFINESBYPROPERTIES('0T0X2xFWm4OPJuL9pj4IpV',#6,$,$,(#3358),#3362);
#3366=IFCCARTESIANPOINT((-2046.2142546211378,-14413.638670240536,-120.));
#3367=IFCAXIS2PLACEMENT3D(#3366,#55,#3163);
#3368=IFCLOCALPLACEMENT(#28,#3367);
#3369=IFCCARTESIANPOINT((0.,1.4210854715202004E-013));
#3370=IFCAXIS2PLACEMENT2D(#3369,#48);
#3371=IFCRECTANGLEPROFILEDEF(.AREA.,'Beam 200x800',#3370,800.,200.00000000000028);
#3372=IFCCARTESIANPOINT((0.,25.,-400.));
#3373=IFCAXIS2PLACEMENT3D(#3372,#3130,#52);
#3374=IFCEXTRUDEDAREASOLID(#3371,#3373,#55,8399.9999999999982);
#3375=IFCSHAPEREPRESENTATION(#15,'Body','SweptSolid',(#3374));
#3376=IFCCARTESIANPOINT((8400.,0.));
#3377=IFCPOLYLINE((#3139,#3376));
#3378=IFCSHAPEREPRESENTATION(#14,'Axis','Curve2D',(#3377));
#3379=IFCPRODUCTDEFINITIONSHAPE($,$,(#3378,#3375));
#3380=IFCBEAM('20yiJc8Gv2EBT1x$GoM0Ac',#6,'Beam:Beam 200x800:321582',$,$,#3368,#3379,'321582');
#3381=IFCPROPERTYSET('06G_V2jV8xQQQk7bOXVFMx',#6,'Pset_BeamCommon',$,(#82,#83,#3153,#3179,#3248));
#3382=IFCPROPERTYSET('0UUmbpwvq7l_r02G2jfpsz',#6,'Pset_QuantityTakeOff',$,(#3179));
#3383=IFCPROPERTYSINGLEVALUE('Reference',$,IFCLABEL('Beam 200x800'),$);
#3384=IFCPROPERTYSET('3KdkAnardYjBGftow5ZqqS',#6,'Pset_ReinforcementBarPitchOfBeam',$,(#3383));
#3385=IFCRELDEFINESBYPROPERTIES('3i0WLrqfsAnDlwtyDIDK7Q',#6,$,$,(#3380),#3381);
#3386=IFCRELDEFINESBYPROPERTIES('3YIElMZEizgHV0UVF2S3mY',#6,$,$,(#3380),#3382);
#3387=IFCRELDEFINESBYPROPERTIES('0T1cL1lxjVbErfDZ1T0Mi8',#6,$,$,(#3380),#3384);
#3388=IFCCARTESIANPOINT((1153.7857453788636,-14413.638670240545,-120.));
#3389=IFCAXIS2PLACEMENT3D(#3388,#55,#3163);
#3390=IFCLOCALPLACEMENT(#28,#3389);
#3391=IFCCARTESIANPOINT((0.,-7.1054273576010019E-014));
#3392=IFCAXIS2PLACEMENT2D(#3391,#48);
#3393=IFCRECTANGLEPROFILEDEF(.AREA.,'Beam 200x800',#3392,800.,200.00000000000017);
#3394=IFCCARTESIANPOINT((0.,25.,-400.));
#3395=IFCAXIS2PLACEMENT3D(#3394,#3130,#52);
#3396=IFCEXTRUDEDAREASOLID(#3393,#3395,#55,8399.9999999999982);
#3397=IFCSHAPEREPRESENTATION(#15,'Body','SweptSolid',(#3396));
#3398=IFCCARTESIANPOINT((8400.,0.));
#3399=IFCPOLYLINE((#3139,#3398));
#3400=IFCSHAPEREPRESENTATION(#14,'Axis','Curve2D',(#3399));
#3401=IFCPRODUCTDEFINITIONSHAPE($,$,(#3400,#3397));
#3402=IFCBEAM('20yiJc8Gv2EBT1x$GoM0Am',#6,'Beam:Beam 200x800:321592',$,$,#3390,#3401,'321592');
#3403=IFCPROPERTYSET('3nFOz2CFe4XV$Cgx$PuYow',#6,'Pset_BeamCommon',$,(#82,#83,#3153,#3179,#3248));
#3404=IFCPROPERTYSET('0l3jdRsPbwK67Sb4zIY46L',#6,'Pset_QuantityTakeOff',$,(#3179));
#3405=IFCPROPERTYSINGLEVALUE('Reference',$,IFCLABEL('Beam 200x800'),$);
#3406=IFCPROPERTYSET('0lRVc94HxCY7akYppBzqbM',#6,'Pset_ReinforcementBarPitchOfBeam',$,(#3405));
#3407=IFCRELDEFINESBYPROPERTIES('1_q6XsCa61YAHjWdm6bKC_',#6,$,$,(#3402),#3403);
#3408=IFCRELDEFINESBYPROPERTIES('0p7CjBkcIKHzLJSf5Nm5qI',#6,$,$,(#3402),#3404);
#3409=IFCRELDEFINESBYPROPERTIES('1g25rNBhyKg7nNhp2vgrOu',#6,$,$,(#3402),#3406);
#3410=IFCCARTESIANPOINT((4353.7857453788711,-14413.638670240554,-120.));
#3411=IFCAXIS2PLACEMENT3D(#3410,#55,#3163);
#3412=IFCLOCALPLACEMENT(#28,#3411);
#3413=IFCCARTESIANPOINT((0.,0.));
#3414=IFCAXIS2PLACEMENT2D(#3413,#48);
#3415=IFCRECTANGLEPROFILEDEF(.AREA.,'Beam 200x800',#3414,800.,200.00000000000057);
#3416=IFCCARTESIANPOINT((0.,25.,-400.));
#3417=IFCAXIS2PLACEMENT3D(#3416,#3130,#52);
#3418=IFCEXTRUDEDAREASOLID(#3415,#3417,#55,8399.9999999999982);
#3419=IFCSHAPEREPRESENTATION(#15,'Body','SweptSolid',(#3418));
#3420=IFCCARTESIANPOINT((8400.,0.));
#3421=IFCPOLYLINE((#3139,#3420));
#3422=IFCSHAPEREPRESENTATION(#14,'Axis','Curve2D',(#3421));
#3423=IFCPRODUCTDEFINITIONSHAPE($,$,(#3422,#3419));
#3424=IFCBEAM('20yiJc8Gv2EBT1x$GoM0BC',#6,'Beam:Beam 200x800:321604',$,$,#3412,#3423,'321604');
#3425=IFCPROPERTYSET('3NlW8V1krZ94l8b3zJk5jN',#6,'Pset_BeamCommon',$,(#82,#83,#3153,#3179,#3248));
#3426=IFCPROPERTYSET('1B08wb45nwO0Sk$SdlQs6W',#6,'Pset_QuantityTakeOff',$,(#3179));
#3427=IFCPROPERTYSINGLEVALUE('Reference',$,IFCLABEL('Beam 200x800'),$);
#3428=IFCPROPERTYSET('0DOTTsHgMgEIXRO1ETykPA',#6,'Pset_ReinforcementBarPitchOfBeam',$,(#3427));
#3429=IFCRELDEFINESBYPROPERTIES('3HjkFzCSgQkz2jOfeEmTld',#6,$,$,(#3424),#3425);
#3430=IFCRELDEFINESBYPROPERTIES('1BByANi78YITEsBMzE9y$c',#6,$,$,(#3424),#3426);
#3431=IFCRELDEFINESBYPROPERTIES('0Ix57kLvsMY6SOMrgEpEYo',#6,$,$,(#3424),#3428);
#3432=IFCCARTESIANPOINT((7553.785745378882,-14413.638670240563,-120.));
#3433=IFCAXIS2PLACEMENT3D(#3432,#55,#3163);
#3434=IFCLOCALPLACEMENT(#28,#3433);
#3435=IFCCARTESIANPOINT((0.,0.));
#3436=IFCAXIS2PLACEMENT2D(#3435,#48);
#3437=IFCRECTANGLEPROFILEDEF(.AREA.,'Beam 200x800',#3436,800.,200.);
#3438=IFCCARTESIANPOINT((0.,25.,-400.));
#3439=IFCAXIS2PLACEMENT3D(#3438,#3130,#52);
#3440=IFCEXTRUDEDAREASOLID(#3437,#3439,#55,8399.9999999999982);
#3441=IFCSHAPEREPRESENTATION(#15,'Body','SweptSolid',(#3440));
#3442=IFCCARTESIANPOINT((8400.,0.));
#3443=IFCPOLYLINE((#3139,#3442));
#3444=IFCSHAPEREPRESENTATION(#14,'Axis','Curve2D',(#3443));
#3445=IFCPRODUCTDEFINITIONSHAPE($,$,(#3444,#3441));
#3446=IFCBEAM('20yiJc8Gv2EBT1x$GoM0B4',#6,'Beam:Beam 200x800:321612',$,$,#3434,#3445,'321612');
#3447=IFCPROPERTYSET('0kDr7QJ3DP5Fss1GgPblsc',#6,'Pset_BeamCommon',$,(#82,#83,#3153,#3179,#3248));
#3448=IFCPROPERTYSET('2V1YdGesB129Ev25lFOq$0',#6,'Pset_QuantityTakeOff',$,(#3179));
#3449=IFCPROPERTYSINGLEVALUE('Reference',$,IFCLABEL('Beam 200x800'),$);
#3450=IFCPROPERTYSET('0j4QrBPLTJmlxQtlDwm958',#6,'Pset_ReinforcementBarPitchOfBeam',$,(#3449));
#3451=IFCRELDEFINESBYPROPERTIES('0JHF47nwmKeuXv2NXz7UHy',#6,$,$,(#3446),#3447);
#3452=IFCRELDEFINESBYPROPERTIES('0nX1Rm1k2irx6obFMUMN9A',#6,$,$,(#3446),#3448);
#3453=IFCRELDEFINESBYPROPERTIES('1mQL5QiIXKDG3z2gHsjZ5E',#6,$,$,(#3446),#3450);
#3454=IFCCARTESIANPOINT((10753.785745378882,-14413.638670240571,-120.));
#3455=IFCAXIS2PLACEMENT3D(#3454,#55,#3163);
#3456=IFCLOCALPLACEMENT(#28,#3455);
#3457=IFCCARTESIANPOINT((0.,-1.0871303857129533E-012));
#3458=IFCAXIS2PLACEMENT2D(#3457,#48);
#3459=IFCRECTANGLEPROFILEDEF(.AREA.,'Beam 200x800',#3458,800.,200.);
#3460=IFCCARTESIANPOINT((0.,25.,-400.));
#3461=IFCAXIS2PLACEMENT3D(#3460,#3130,#52);
#3462=IFCEXTRUDEDAREASOLID(#3459,#3461,#55,8399.9999999999982);
#3463=IFCSHAPEREPRESENTATION(#15,'Body','SweptSolid',(#3462));
#3464=IFCCARTESIANPOINT((8400.,0.));
#3465=IFCPOLYLINE((#3139,#3464));
#3466=IFCSHAPEREPRESENTATION(#14,'Axis','Curve2D',(#3465));
#3467=IFCPRODUCTDEFINITIONSHAPE($,$,(#3466,#3463));
#3468=IFCBEAM('20yiJc8Gv2EBT1x$GoM0BM',#6,'Beam:Beam 200x800:321630',$,$,#3456,#3467,'321630');
#3469=IFCPROPERTYSET('1bWZ_ve64x1iGFR5lba3na',#6,'Pset_BeamCommon',$,(#82,#83,#3153,#3179,#3248));
#3470=IFCPROPERTYSET('3Qo9E4JC6qw37Yq5lSSf_F',#6,'Pset_QuantityTakeOff',$,(#3179));
#3471=IFCPROPERTYSINGLEVALUE('Reference',$,IFCLABEL('Beam 200x800'),$);
#3472=IFCPROPERTYSET('0GOD1GFBzbYPNe7yuM5xO8',#6,'Pset_ReinforcementBarPitchOfBeam',$,(#3471));
#3473=IFCRELDEFINESBYPROPERTIES('0g5xytYXfTh50mDh$FqAtm',#6,$,$,(#3468),#3469);
#3474=IFCRELDEFINESBYPROPERTIES('0QT12aaP1jgaSHFKuGTkH7',#6,$,$,(#3468),#3470);
#3475=IFCRELDEFINESBYPROPERTIES('2W470FxPcICFF$W7SRjX1q',#6,$,$,(#3468),#3472);
#3476=IFCCARTESIANPOINT((13953.78574537888,-14413.63867024058,-120.));
#3477=IFCAXIS2PLACEMENT3D(#3476,#55,#3163);
#3478=IFCLOCALPLACEMENT(#28,#3477);
#3479=IFCCARTESIANPOINT((0.,-1.0871303857129533E-012));
#3480=IFCAXIS2PLACEMENT2D(#3479,#48);
#3481=IFCRECTANGLEPROFILEDEF(.AREA.,'Beam 200x800',#3480,800.,200.);
#3482=IFCCARTESIANPOINT((0.,25.,-400.));
#3483=IFCAXIS2PLACEMENT3D(#3482,#3130,#52);
#3484=IFCEXTRUDEDAREASOLID(#3481,#3483,#55,8399.9999999999982);
#3485=IFCSHAPEREPRESENTATION(#15,'Body','SweptSolid',(#3484));
#3486=IFCCARTESIANPOINT((8400.,0.));
#3487=IFCPOLYLINE((#3139,#3486));
#3488=IFCSHAPEREPRESENTATION(#14,'Axis','Curve2D',(#3487));
#3489=IFCPRODUCTDEFINITIONSHAPE($,$,(#3488,#3485));
#3490=IFCBEAM('20yiJc8Gv2EBT1x$GoM0BW',#6,'Beam:Beam 200x800:321640',$,$,#3478,#3489,'321640');
#3491=IFCPROPERTYSET('2S77ZMYdq0tsjdjyVuIrIw',#6,'Pset_BeamCommon',$,(#82,#83,#3153,#3179,#3248));
#3492=IFCPROPERTYSET('2ZO5y$6bp5p4_FAvO1yMj_',#6,'Pset_QuantityTakeOff',$,(#3179));
#3493=IFCPROPERTYSINGLEVALUE('Reference',$,IFCLABEL('Beam 200x800'),$);
#3494=IFCPROPERTYSET('00vMzO70k4pbUo3HvV5dkD',#6,'Pset_ReinforcementBarPitchOfBeam',$,(#3493));
#3495=IFCRELDEFINESBYPROPERTIES('0fRon5sc79O25zaAKAx1HG',#6,$,$,(#3490),#3491);
#3496=IFCRELDEFINESBYPROPERTIES('0qLn0pNiS_Y_qotYs1lI2N',#6,$,$,(#3490),#3492);
#3497=IFCRELDEFINESBYPROPERTIES('26Reif4OQdbqMtrxZQJ3nd',#6,$,$,(#3490),#3494);
#3498=IFCCARTESIANPOINT((17153.785745378882,-14413.638670240589,-120.));
#3499=IFCAXIS2PLACEMENT3D(#3498,#55,#3163);
#3500=IFCLOCALPLACEMENT(#28,#3499);
#3501=IFCCARTESIANPOINT((0.,-1.0871303857129533E-012));
#3502=IFCAXIS2PLACEMENT2D(#3501,#48);
#3503=IFCRECTANGLEPROFILEDEF(.AREA.,'Beam 200x800',#3502,800.,200.);
#3504=IFCCARTESIANPOINT((0.,25.,-400.));
#3505=IFCAXIS2PLACEMENT3D(#3504,#3130,#52);
#3506=IFCEXTRUDEDAREASOLID(#3503,#3505,#55,8399.9999999999982);
#3507=IFCSHAPEREPRESENTATION(#15,'Body','SweptSolid',(#3506));
#3508=IFCCARTESIANPOINT((8400.,0.));
#3509=IFCPOLYLINE((#3139,#3508));
#3510=IFCSHAPEREPRESENTATION(#14,'Axis','Curve2D',(#3509));
#3511=IFCPRODUCTDEFINITIONSHAPE($,$,(#3510,#3507));
#3512=IFCBEAM('20yiJc8Gv2EBT1x$GoM0Bw',#6,'Beam:Beam 200x800:321650',$,$,#3500,#3511,'321650');
#3513=IFCPROPERTYSET('3zbgtPgQ6jePhDdWgmN$Yi',#6,'Pset_BeamCommon',$,(#82,#83,#3153,#3179,#3248));
#3514=IFCPROPERTYSET('0FK8$Tv9zEozHKFWqmV16p',#6,'Pset_QuantityTakeOff',$,(#3179));
#3515=IFCPROPERTYSINGLEVALUE('Reference',$,IFCLABEL('Beam 200x800'),$);
#3516=IFCPROPERTYSET('2Crnzm97Iu78LEJa6bW82F',#6,'Pset_ReinforcementBarPitchOfBeam',$,(#3515));
#3517=IFCRELDEFINESBYPROPERTIES('19nJ_ktYLf459_4NwP_SW0',#6,$,$,(#3512),#3513);
#3518=IFCRELDEFINESBYPROPERTIES('0pkn$1jkMwf5ViGa2xBrnL',#6,$,$,(#3512),#3514);
#3519=IFCRELDEFINESBYPROPERTIES('0U0j2RIejEXqTJZHGdhvLT',#6,$,$,(#3512),#3516);
#3520=IFCCARTESIANPOINT((20353.785745378878,-14413.638670240598,-120.));
#3521=IFCAXIS2PLACEMENT3D(#3520,#55,#3163);
#3522=IFCLOCALPLACEMENT(#28,#3521);
#3523=IFCCARTESIANPOINT((0.,-2.1671553440683056E-012));
#3524=IFCAXIS2PLACEMENT2D(#3523,#48);
#3525=IFCRECTANGLEPROFILEDEF(.AREA.,'Beam 200x800',#3524,800.,200.00000000000216);
#3526=IFCCARTESIANPOINT((0.,25.,-400.));
#3527=IFCAXIS2PLACEMENT3D(#3526,#3130,#52);
#3528=IFCEXTRUDEDAREASOLID(#3525,#3527,#55,8399.9999999999982);
#3529=IFCSHAPEREPRESENTATION(#15,'Body','SweptSolid',(#3528));
#3530=IFCCARTESIANPOINT((8400.,0.));
#3531=IFCPOLYLINE((#3139,#3530));
#3532=IFCSHAPEREPRESENTATION(#14,'Axis','Curve2D',(#3531));
#3533=IFCPRODUCTDEFINITIONSHAPE($,$,(#3532,#3529));
#3534=IFCBEAM('20yiJc8Gv2EBT1x$GoM08C',#6,'Beam:Beam 200x800:321668',$,$,#3522,#3533,'321668');
#3535=IFCPROPERTYSET('0FFA8tlAxjLiKhRVJs3Wtb',#6,'Pset_BeamCommon',$,(#82,#83,#3153,#3179,#3248));
#3536=IFCPROPERTYSET('1_304S1MYwNkdmuJkKXT_I',#6,'Pset_QuantityTakeOff',$,(#3179));
#3537=IFCPROPERTYSINGLEVALUE('Reference',$,IFCLABEL('Beam 200x800'),$);
#3538=IFCPROPERTYSET('1o1bVAK8YOHt8NBfDndDw5',#6,'Pset_ReinforcementBarPitchOfBeam',$,(#3537));
#3539=IFCRELDEFINESBYPROPERTIES('3xoVv7MQPmSHP3GXFvLrs7',#6,$,$,(#3534),#3535);
#3540=IFCRELDEFINESBYPROPERTIES('2GnPpahJqp6zjM8zsMhUjD',#6,$,$,(#3534),#3536);
#3541=IFCRELDEFINESBYPROPERTIES('1YxCv8$cVQ4lqlDQf7pyqc',#6,$,$,(#3534),#3538);
#3542=IFCCARTESIANPOINT((23553.785745378878,-14413.638670240605,-120.));
#3543=IFCAXIS2PLACEMENT3D(#3542,#55,#3163);
#3544=IFCLOCALPLACEMENT(#28,#3543);
#3545=IFCCARTESIANPOINT((0.,-2.1671553440683056E-012));
#3546=IFCAXIS2PLACEMENT2D(#3545,#48);
#3547=IFCRECTANGLEPROFILEDEF(.AREA.,'Beam 200x800',#3546,800.,200.00000000000216);
#3548=IFCCARTESIANPOINT((0.,25.,-400.));
#3549=IFCAXIS2PLACEMENT3D(#3548,#3130,#52);
#3550=IFCEXTRUDEDAREASOLID(#3547,#3549,#55,8399.9999999999982);
#3551=IFCSHAPEREPRESENTATION(#15,'Body','SweptSolid',(#3550));
#3552=IFCCARTESIANPOINT((8400.,0.));
#3553=IFCPOLYLINE((#3139,#3552));
#3554=IFCSHAPEREPRESENTATION(#14,'Axis','Curve2D',(#3553));
#3555=IFCPRODUCTDEFINITIONSHAPE($,$,(#3554,#3551));
#3556=IFCBEAM('20yiJc8Gv2EBT1x$GoM086',#6,'Beam:Beam 200x800:321678',$,$,#3544,#3555,'321678');
#3557=IFCPROPERTYSET('2lbtuNbxrkBxzhtzIYuhps',#6,'Pset_BeamCommon',$,(#82,#83,#3153,#3179,#3248));
#3558=IFCPROPERTYSET('1umN1gPjDlDq0lpd2hHg2D',#6,'Pset_QuantityTakeOff',$,(#3179));
#3559=IFCPROPERTYSINGLEVALUE('Reference',$,IFCLABEL('Beam 200x800'),$);
#3560=IFCPROPERTYSET('0NUvpZnoIp2gWJ0GRWax61',#6,'Pset_ReinforcementBarPitchOfBeam',$,(#3559));
#3561=IFCRELDEFINESBYPROPERTIES('2f0l_QwCnq7455Mf4_jCX$',#6,$,$,(#3556),#3557);
#3562=IFCRELDEFINESBYPROPERTIES('2d5iLiXdstDx9qNukMoCNP',#6,$,$,(#3556),#3558);
#3563=IFCRELDEFINESBYPROPERTIES('0EYTUZhTqVi9R62ZQw1XN$',#6,$,$,(#3556),#3560);
#3564=IFCCARTESIANPOINT((26753.785745378886,-14413.638670240614,-120.));
#3565=IFCAXIS2PLACEMENT3D(#3564,#55,#3163);
#3566=IFCLOCALPLACEMENT(#28,#3565);
#3567=IFCCARTESIANPOINT((0.,2.1671553440683056E-012));
#3568=IFCAXIS2PLACEMENT2D(#3567,#48);
#3569=IFCRECTANGLEPROFILEDEF(.AREA.,'Beam 200x800',#3568,800.,200.00000000000216);
#3570=IFCCARTESIANPOINT((0.,25.,-400.));
#3571=IFCAXIS2PLACEMENT3D(#3570,#3130,#52);
#3572=IFCEXTRUDEDAREASOLID(#3569,#3571,#55,8399.9999999999982);
#3573=IFCSHAPEREPRESENTATION(#15,'Body','SweptSolid',(#3572));
#3574=IFCCARTESIANPOINT((8400.,0.));
#3575=IFCPOLYLINE((#3139,#3574));
#3576=IFCSHAPEREPRESENTATION(#14,'Axis','Curve2D',(#3575));
#3577=IFCPRODUCTDEFINITIONSHAPE($,$,(#3576,#3573));
#3578=IFCBEAM('20yiJc8Gv2EBT1x$GoM08U',#6,'Beam:Beam 200x800:321686',$,$,#3566,#3577,'321686');
#3579=IFCPROPERTYSET('0VELLGP2ysLT3tk1uufRlG',#6,'Pset_BeamCommon',$,(#82,#83,#3153,#3179,#3248));
#3580=IFCPROPERTYSET('1_pRf4yH5W75nTbKnE$pW5',#6,'Pset_QuantityTakeOff',$,(#3179));
#3581=IFCPROPERTYSINGLEVALUE('Reference',$,IFCLABEL('Beam 200x800'),$);
#3582=IFCPROPERTYSET('37d_jQ$7jvI7y1vKMZtyWS',#6,'Pset_ReinforcementBarPitchOfBeam',$,(#3581));
#3583=IFCRELDEFINESBYPROPERTIES('0nb5pdg3DFss_dwbSl6FVS',#6,$,$,(#3578),#3579);
#3584=IFCRELDEFINESBYPROPERTIES('1sAcT3K8SQ$O0Mu5YGn3hH',#6,$,$,(#3578),#3580);
#3585=IFCRELDEFINESBYPROPERTIES('1vsgXvsWfBRpBupPnF3Bc0',#6,$,$,(#3578),#3582);
#3586=IFCCARTESIANPOINT((-30846.214254621096,19791.361329759551,-120.));
#3587=IFCAXIS2PLACEMENT3D(#3586,#55,#3163);
#3588=IFCLOCALPLACEMENT(#28,#3587);
#3589=IFCCARTESIANPOINT((5.4001247917767614E-013,0.));
#3590=IFCAXIS2PLACEMENT2D(#3589,#48);
#3591=IFCRECTANGLEPROFILEDEF(.AREA.,'Beam 200x520',#3590,519.99999999999977,200.00000000000216);
#3592=IFCCARTESIANPOINT((0.,25.,-260.));
#3593=IFCAXIS2PLACEMENT3D(#3592,#3130,#52);
#3594=IFCEXTRUDEDAREASOLID(#3591,#3593,#55,8167.2999999998019);
#3595=IFCSHAPEREPRESENTATION(#15,'Body','SweptSolid',(#3594));
#3596=IFCCARTESIANPOINT((8430.,0.));
#3597=IFCPOLYLINE((#3139,#3596));
#3598=IFCSHAPEREPRESENTATION(#14,'Axis','Curve2D',(#3597));
#3599=IFCPRODUCTDEFINITIONSHAPE($,$,(#3598,#3595));
#3600=IFCBEAM('20yiJc8Gv2EBT1x$GoM03K',#6,'Beam:Beam 200x520:322140',$,$,#3588,#3599,'322140');
#3601=IFCBEAMTYPE('20yiJc8Gv2EBT1x$GoM3QL',#6,'Beam:Beam 200x520',$,$,(#3611),$,'318493',$,.BEAM.);
#3602=IFCPROPERTYSINGLEVALUE('Reference',$,IFCIDENTIFIER('Beam 200x520'),$);
#3603=IFCPROPERTYSINGLEVALUE('Span',$,IFCPOSITIVELENGTHMEASURE(8430.),$);
#3604=IFCPROPERTYSET('24G73rXcu3muPgsakXxlsq',#6,'Pset_BeamCommon',$,(#82,#83,#3153,#3602,#3603));
#3605=IFCPROPERTYSET('3dFU4F97pWztDbjqoy7Ni_',#6,'Pset_QuantityTakeOff',$,(#3602));
#3606=IFCPROPERTYSINGLEVALUE('Reference',$,IFCLABEL('Beam 200x520'),$);
#3607=IFCPROPERTYSET('3FtKozdswBLo7RiTEezwqz',#6,'Pset_ReinforcementBarPitchOfBeam',$,(#3606));
#3608=IFCRELDEFINESBYPROPERTIES('0pa$rHMOcsOnhrkgUrBpAL',#6,$,$,(#3600),#3604);
#3609=IFCRELDEFINESBYPROPERTIES('11lOk$zP0NrtZulaCEx0dv',#6,$,$,(#3600),#3605);
#3610=IFCRELDEFINESBYPROPERTIES('10zvuAivkrrWSOLQwkU4ln',#6,$,$,(#3600),#3607);
#3611=IFCPROPERTYSET('0xvvUaD_RC6$C083MeC6Vt',#6,'Pset_BeamCommon',$,(#83));
#3612=IFCCARTESIANPOINT((29968.7857453789,14586.361329759551,-120.));
#3613=IFCAXIS2PLACEMENT3D(#3612,#55,#1689);
#3614=IFCLOCALPLACEMENT(#28,#3613);
#3615=IFCCARTESIANPOINT((-2.8421709430404007E-013,0.));
#3616=IFCAXIS2PLACEMENT2D(#3615,#48);
#3617=IFCRECTANGLEPROFILEDEF(.AREA.,'Beam 200x570',#3616,569.99999999999977,200.);
#3618=IFCCARTESIANPOINT((262.69999999999766,25.,-285.));
#3619=IFCAXIS2PLACEMENT3D(#3618,#3130,#52);
#3620=IFCEXTRUDEDAREASOLID(#3617,#3619,#55,8639.6000000000386);
#3621=IFCSHAPEREPRESENTATION(#15,'Body','SweptSolid',(#3620));
#3622=IFCCARTESIANPOINT((9320.,-0.));
#3623=IFCPOLYLINE((#3139,#3622));
#3624=IFCSHAPEREPRESENTATION(#14,'Axis','Curve2D',(#3623));
#3625=IFCPRODUCTDEFINITIONSHAPE($,$,(#3624,#3621));
#3626=IFCBEAM('3Jcm064Vn2iOWhSW$Adug8',#6,'Beam:Beam 200x570:322662',$,$,#3614,#3625,'322662');
#3627=IFCBEAMTYPE('2wD2a2yV5CTwDfrarJ8gZa',#6,'Beam:Beam 200x570',$,$,(#3637),$,'340210',$,.BEAM.);
#3628=IFCPROPERTYSINGLEVALUE('Reference',$,IFCIDENTIFIER('Beam 200x570'),$);
#3629=IFCPROPERTYSINGLEVALUE('Span',$,IFCPOSITIVELENGTHMEASURE(9320.),$);
#3630=IFCPROPERTYSET('1Lg_U8vN3bLqnXrCmRni7$',#6,'Pset_BeamCommon',$,(#82,#83,#3153,#3628,#3629));
#3631=IFCPROPERTYSET('09uBlOR_zPp0bdkJwbe_xg',#6,'Pset_QuantityTakeOff',$,(#3628));
#3632=IFCPROPERTYSINGLEVALUE('Reference',$,IFCLABEL('Beam 200x570'),$);
#3633=IFCPROPERTYSET('0ALGYLRypfCmSiL5n0VZXt',#6,'Pset_ReinforcementBarPitchOfBeam',$,(#3632));
#3634=IFCRELDEFINESBYPROPERTIES('2Ys4XBySv3pUCWw7DqNpGM',#6,$,$,(#3626),#3630);
#3635=IFCRELDEFINESBYPROPERTIES('3vvkvS$x$7s_PZzAcjwqhV',#6,$,$,(#3626),#3631);
#3636=IFCRELDEFINESBYPROPERTIES('0wKF2AeAsxYiE$MTaKdaTX',#6,$,$,(#3626),#3633);
#3637=IFCPROPERTYSET('29oQ78ImVEXHHbETdq95VW',#6,'Pset_BeamCommon',$,(#83));
#3638=IFCCARTESIANPOINT((29993.785745378897,11386.361329759549,-120.));
#3639=IFCAXIS2PLACEMENT3D(#3638,#55,#1689);
#3640=IFCLOCALPLACEMENT(#28,#3639);
#3641=IFCCARTESIANPOINT((-2.5579538487363607E-013,1.0871303857129533E-012));
#3642=IFCAXIS2PLACEMENT2D(#3641,#48);
#3643=IFCRECTANGLEPROFILEDEF(.AREA.,'Beam 200x570',#3642,569.99999999999977,200.);
#3644=IFCCARTESIANPOINT((487.69999999999624,25.,-285.));
#3645=IFCAXIS2PLACEMENT3D(#3644,#3130,#52);
#3646=IFCEXTRUDEDAREASOLID(#3643,#3645,#55,8439.6000000000313);
#3647=IFCSHAPEREPRESENTATION(#15,'Body','SweptSolid',(#3646));
#3648=IFCCARTESIANPOINT((9390.,-0.));
#3649=IFCPOLYLINE((#3139,#3648));
#3650=IFCSHAPEREPRESENTATION(#14,'Axis','Curve2D',(#3649));
#3651=IFCPRODUCTDEFINITIONSHAPE($,$,(#3650,#3647));
#3652=IFCBEAM('3Jcm064Vn2iOWhSW$Adul2',#6,'Beam:Beam 200x570:322860',$,$,#3640,#3651,'322860');
#3653=IFCPROPERTYSINGLEVALUE('Span',$,IFCPOSITIVELENGTHMEASURE(9390.),$);
#3654=IFCPROPERTYSET('3lbamqVMoT5XknTDpa5g5O',#6,'Pset_BeamCommon',$,(#82,#83,#3153,#3628,#3653));
#3655=IFCPROPERTYSET('3f74xJv8eC8XzjxnNHAJFE',#6,'Pset_QuantityTakeOff',$,(#3628));
#3656=IFCPROPERTYSINGLEVALUE('Reference',$,IFCLABEL('Beam 200x570'),$);
#3657=IFCPROPERTYSET('2YTttdHn7Fq_gN98tabuhG',#6,'Pset_ReinforcementBarPitchOfBeam',$,(#3656));
#3658=IFCRELDEFINESBYPROPERTIES('11isXgt2w98JDwuJDXHGyo',#6,$,$,(#3652),#3654);
#3659=IFCRELDEFINESBYPROPERTIES('1SaFDHdwEGhyqJ7z7n3X1r',#6,$,$,(#3652),#3655);
#3660=IFCRELDEFINESBYPROPERTIES('0SIRrxmmqEwZS_R1il1_H1',#6,$,$,(#3652),#3657);
#3661=IFCCARTESIANPOINT((29993.785745378893,8186.3613297595502,-120.));
#3662=IFCAXIS2PLACEMENT3D(#3661,#55,#1689);
#3663=IFCLOCALPLACEMENT(#28,#3662);
#3664=IFCCARTESIANPOINT((-2.5579538487363607E-013,-1.0871303857129533E-012));
#3665=IFCAXIS2PLACEMENT2D(#3664,#48);
#3666=IFCRECTANGLEPROFILEDEF(.AREA.,'Beam 200x570',#3665,569.99999999999977,200.00000000000108);
#3667=IFCCARTESIANPOINT((487.70000000000294,25.,-285.));
#3668=IFCAXIS2PLACEMENT3D(#3667,#3130,#52);
#3669=IFCEXTRUDEDAREASOLID(#3666,#3668,#55,8439.6000000000149);
#3670=IFCSHAPEREPRESENTATION(#15,'Body','SweptSolid',(#3669));
#3671=IFCCARTESIANPOINT((9360.,0.));
#3672=IFCPOLYLINE((#3139,#3671));
#3673=IFCSHAPEREPRESENTATION(#14,'Axis','Curve2D',(#3672));
#3674=IFCPRODUCTDEFINITIONSHAPE($,$,(#3673,#3670));
#3675=IFCBEAM('3Jcm064Vn2iOWhSW$AdulQ',#6,'Beam:Beam 200x570:322868',$,$,#3663,#3674,'322868');
#3676=IFCPROPERTYSINGLEVALUE('Span',$,IFCPOSITIVELENGTHMEASURE(9360.),$);
#3677=IFCPROPERTYSET('3RgOPubR_rZMlmpi$lhtVa',#6,'Pset_BeamCommon',$,(#82,#83,#3153,#3628,#3676));
#3678=IFCPROPERTYSET('16RAL7WQzxvQLvv3UDqGGt',#6,'Pset_QuantityTakeOff',$,(#3628));
#3679=IFCPROPERTYSINGLEVALUE('Reference',$,IFCLABEL('Beam 200x570'),$);
#3680=IFCPROPERTYSET('2MGc$66_jzxT7OT6SoQtH9',#6,'Pset_ReinforcementBarPitchOfBeam',$,(#3679));
#3681=IFCRELDEFINESBYPROPERTIES('0r$k4FgBeRRg4yAkDDvH1U',#6,$,$,(#3675),#3677);
#3682=IFCRELDEFINESBYPROPERTIES('2Q93i3dzpGfv$p$tF1a1ZR',#6,$,$,(#3675),#3678);
#3683=IFCRELDEFINESBYPROPERTIES('3kXMl$URxqKh9lGqomOku8',#6,$,$,(#3675),#3680);
#3684=IFCCARTESIANPOINT((26778.785745378853,-1413.6386702404395,-120.));
#3685=IFCAXIS2PLACEMENT3D(#3684,#55,#1689);
#3686=IFCLOCALPLACEMENT(#28,#3685);
#3687=IFCCARTESIANPOINT((0.,0.));
#3688=IFCAXIS2PLACEMENT2D(#3687,#48);
#3689=IFCRECTANGLEPROFILEDEF(.AREA.,'Beam 200x420',#3688,419.99999999999983,200.00000000000057);
#3690=IFCCARTESIANPOINT((87.699999999996976,25.,-210.));
#3691=IFCAXIS2PLACEMENT3D(#3690,#3130,#52);
#3692=IFCEXTRUDEDAREASOLID(#3689,#3691,#55,2974.6000000000085);
#3693=IFCSHAPEREPRESENTATION(#15,'Body','SweptSolid',(#3692));
#3694=IFCCARTESIANPOINT((3200.,0.));
#3695=IFCPOLYLINE((#3139,#3694));
#3696=IFCSHAPEREPRESENTATION(#14,'Axis','Curve2D',(#3695));
#3697=IFCPRODUCTDEFINITIONSHAPE($,$,(#3696,#3693));
#3698=IFCBEAM('3Jcm064Vn2iOWhSW$AdukR',#6,'Beam:Beam 200x420:322933',$,$,#3686,#3697,'322933');
#3699=IFCBEAMTYPE('38Id_6aY5A9wV9rPNyykWO',#6,'Beam:Beam 200x420',$,$,(#3709),$,'339721',$,.BEAM.);
#3700=IFCPROPERTYSINGLEVALUE('Reference',$,IFCIDENTIFIER('Beam 200x420'),$);
#3701=IFCPROPERTYSINGLEVALUE('Span',$,IFCPOSITIVELENGTHMEASURE(3200.),$);
#3702=IFCPROPERTYSET('3VUOehyGX2X6A5PSaTkXsK',#6,'Pset_BeamCommon',$,(#82,#83,#3153,#3700,#3701));
#3703=IFCPROPERTYSET('0POJcbFUXnBSj_l$BW4e29',#6,'Pset_QuantityTakeOff',$,(#3700));
#3704=IFCPROPERTYSINGLEVALUE('Reference',$,IFCLABEL('Beam 200x420'),$);
#3705=IFCPROPERTYSET('1WIh2BvZs1AfiqbfLTGZsg',#6,'Pset_ReinforcementBarPitchOfBeam',$,(#3704));
#3706=IFCRELDEFINESBYPROPERTIES('06qquo2XWe33FgJigyu8If',#6,$,$,(#3698),#3702);
#3707=IFCRELDEFINESBYPROPERTIES('0NQZbpNnKJyvge7hZkdvQd',#6,$,$,(#3698),#3703);
#3708=IFCRELDEFINESBYPROPERTIES('1m$WboFl6zJxmDg78BGZQ4',#6,$,$,(#3698),#3705);
#3709=IFCPROPERTYSET('0qGc7ON9TqmrCfEn5kbHpB',#6,'Pset_BeamCommon',$,(#83));
#3710=IFCCARTESIANPOINT((26778.785745378864,4986.3613297595621,-120.));
#3711=IFCAXIS2PLACEMENT3D(#3710,#55,#1689);
#3712=IFCLOCALPLACEMENT(#28,#3711);
#3713=IFCCARTESIANPOINT((0.,-5.4711790653527714E-013));
#3714=IFCAXIS2PLACEMENT2D(#3713,#48);
#3715=IFCRECTANGLEPROFILEDEF(.AREA.,'Beam 200x420',#3714,419.99999999999983,200.00000000000165);
#3716=IFCCARTESIANPOINT((87.700000000000117,25.,-210.));
#3717=IFCAXIS2PLACEMENT3D(#3716,#3130,#52);
#3718=IFCEXTRUDEDAREASOLID(#3715,#3717,#55,2974.6000000000085);
#3719=IFCSHAPEREPRESENTATION(#15,'Body','SweptSolid',(#3718));
#3720=IFCCARTESIANPOINT((3200.,-0.));
#3721=IFCPOLYLINE((#3139,#3720));
#3722=IFCSHAPEREPRESENTATION(#14,'Axis','Curve2D',(#3721));
#3723=IFCPRODUCTDEFINITIONSHAPE($,$,(#3722,#3719));
#3724=IFCBEAM('3Jcm064Vn2iOWhSW$AducL',#6,'Beam:Beam 200x420:323451',$,$,#3712,#3723,'323451');
#3725=IFCPROPERTYSET('0wkgxaJCmuI$6qBjeQzenw',#6,'Pset_BeamCommon',$,(#82,#83,#3153,#3700,#3701));
#3726=IFCPROPERTYSET('14wmzNchRIa$Jy3sd2QD_M',#6,'Pset_QuantityTakeOff',$,(#3700));
#3727=IFCPROPERTYSINGLEVALUE('Reference',$,IFCLABEL('Beam 200x420'),$);
#3728=IFCPROPERTYSET('1XO1YBMchUVPlR3fMI3YC2',#6,'Pset_ReinforcementBarPitchOfBeam',$,(#3727));
#3729=IFCRELDEFINESBYPROPERTIES('26OuJtEQR7JzR8ov6q7LFV',#6,$,$,(#3724),#3725);
#3730=IFCRELDEFINESBYPROPERTIES('0h6KDuuROW6VvsfDFDs2b4',#6,$,$,(#3724),#3726);
#3731=IFCRELDEFINESBYPROPERTIES('38LtNV2Eth7TU9SdtpMnDz',#6,$,$,(#3724),#3728);
#3732=IFCCARTESIANPOINT((-25856.214254621133,-6978.6386702403906,-120.));
#3733=IFCAXIS2PLACEMENT3D(#3732,#55,#53);
#3734=IFCLOCALPLACEMENT(#28,#3733);
#3735=IFCCARTESIANPOINT((-2.5579538487363607E-013,2.1671553440683056E-012));
#3736=IFCAXIS2PLACEMENT2D(#3735,#48);
#3737=IFCRECTANGLEPROFILEDEF(.AREA.,'Beam 250x600',#3736,600.,249.99999999999949);
#3738=IFCCARTESIANPOINT((42.700000000165716,-0.,-300.));
#3739=IFCAXIS2PLACEMENT3D(#3738,#3130,#52);
#3740=IFCEXTRUDEDAREASOLID(#3737,#3739,#55,5084.5999999998339);
#3741=IFCSTYLEDITEM(#3740,(#3136),$);
#3742=IFCSHAPEREPRESENTATION(#15,'Body','SweptSolid',(#3740));
#3743=IFCCARTESIANPOINT((5240.,0.));
#3744=IFCPOLYLINE((#3139,#3743));
#3745=IFCSHAPEREPRESENTATION(#14,'Axis','Curve2D',(#3744));
#3746=IFCPRODUCTDEFINITIONSHAPE($,$,(#3745,#3742));
#3747=IFCBEAM('3E_vhdbv52u81LR2Ne1uj4',#6,'Beam:Beam 250x600:325352',$,$,#3734,#3746,'325352');
#3748=IFCPROPERTYSET('1cr0BaoDWYkbNQMBNxI5qC',#6,'Pset_BeamCommon',$,(#82,#83,#3151,#3152,#3153));
#3749=IFCPROPERTYSET('24zA3_JYmUaQZYi1Y6Txq2',#6,'Pset_QuantityTakeOff',$,(#3151));
#3750=IFCPROPERTYSINGLEVALUE('Reference',$,IFCLABEL('Beam 250x600'),$);
#3751=IFCPROPERTYSET('0_EQaqoqRPNJlUWtrzsweU',#6,'Pset_ReinforcementBarPitchOfBeam',$,(#3750));
#3752=IFCRELDEFINESBYPROPERTIES('0$x273Kill0M1_JUgdBVow',#6,$,$,(#3747),#3748);
#3753=IFCRELDEFINESBYPROPERTIES('1gpixWSqf3JBbPGdzlKb7y',#6,$,$,(#3747),#3749);
#3754=IFCRELDEFINESBYPROPERTIES('01p1KqauLrOZdnegvYI1kw',#6,$,$,(#3747),#3751);
#3755=IFCCARTESIANPOINT((-23156.214254621136,-6978.6386702403988,-120.));
#3756=IFCAXIS2PLACEMENT3D(#3755,#55,#53);
#3757=IFCLOCALPLACEMENT(#28,#3756);
#3758=IFCCARTESIANPOINT((-2.5579538487363607E-013,-2.1671553440683056E-012));
#3759=IFCAXIS2PLACEMENT2D(#3758,#48);
#3760=IFCRECTANGLEPROFILEDEF(.AREA.,'Beam 250x600',#3759,600.,249.99999999999949);
#3761=IFCCARTESIANPOINT((42.700000000165716,0.,-300.));
#3762=IFCAXIS2PLACEMENT3D(#3761,#3130,#52);
#3763=IFCEXTRUDEDAREASOLID(#3760,#3762,#55,5084.5999999998339);
#3764=IFCSTYLEDITEM(#3763,(#3136),$);
#3765=IFCSHAPEREPRESENTATION(#15,'Body','SweptSolid',(#3763));
#3766=IFCCARTESIANPOINT((5240.,0.));
#3767=IFCPOLYLINE((#3139,#3766));
#3768=IFCSHAPEREPRESENTATION(#14,'Axis','Curve2D',(#3767));
#3769=IFCPRODUCTDEFINITIONSHAPE($,$,(#3768,#3765));
#3770=IFCBEAM('3E_vhdbv52u81LR2Ne1ujT',#6,'Beam:Beam 250x600:325361',$,$,#3757,#3769,'325361');
#3771=IFCPROPERTYSET('2eCBgILz0dCeeWLxgNFfGn',#6,'Pset_BeamCommon',$,(#82,#83,#3151,#3152,#3153));
#3772=IFCPROPERTYSET('1ZxGoVciy9W_EC9GTSx7sQ',#6,'Pset_QuantityTakeOff',$,(#3151));
#3773=IFCPROPERTYSINGLEVALUE('Reference',$,IFCLABEL('Beam 250x600'),$);
#3774=IFCPROPERTYSET('3L7HfxQVdIy410eao_Hzdz',#6,'Pset_ReinforcementBarPitchOfBeam',$,(#3773));
#3775=IFCRELDEFINESBYPROPERTIES('2w5$mWmKTL1jZ$QrFlke16',#6,$,$,(#3770),#3771);
#3776=IFCRELDEFINESBYPROPERTIES('27VUaxL$DBHkUoaRNVLcmM',#6,$,$,(#3770),#3772);
#3777=IFCRELDEFINESBYPROPERTIES('0y408NQh8QQiSgQUxTs8zM',#6,$,$,(#3770),#3774);
#3778=IFCCARTESIANPOINT((-20456.214254621125,-6978.6386702404079,-120.));
#3779=IFCAXIS2PLACEMENT3D(#3778,#55,#53);
#3780=IFCLOCALPLACEMENT(#28,#3779);
#3781=IFCCARTESIANPOINT((-2.5579538487363607E-013,-2.1671553440683056E-012));
#3782=IFCAXIS2PLACEMENT2D(#3781,#48);
#3783=IFCRECTANGLEPROFILEDEF(.AREA.,'Beam 250x600',#3782,600.,249.99999999999949);
#3784=IFCCARTESIANPOINT((42.700000000165716,0.,-300.));
#3785=IFCAXIS2PLACEMENT3D(#3784,#3130,#52);
#3786=IFCEXTRUDEDAREASOLID(#3783,#3785,#55,5084.5999999998339);
#3787=IFCSTYLEDITEM(#3786,(#3136),$);
#3788=IFCSHAPEREPRESENTATION(#15,'Body','SweptSolid',(#3786));
#3789=IFCCARTESIANPOINT((5240.,0.));
#3790=IFCPOLYLINE((#3139,#3789));
#3791=IFCSHAPEREPRESENTATION(#14,'Axis','Curve2D',(#3790));
#3792=IFCPRODUCTDEFINITIONSHAPE($,$,(#3791,#3788));
#3793=IFCBEAM('3E_vhdbv52u81LR2Ne1ujI',#6,'Beam:Beam 250x600:325374',$,$,#3780,#3792,'325374');
#3794=IFCPROPERTYSET('2vm3FbhGCtiZllB0IcEwMx',#6,'Pset_BeamCommon',$,(#82,#83,#3151,#3152,#3153));
#3795=IFCPROPERTYSET('2W8NnE7f8eFYkv7icOA_9x',#6,'Pset_QuantityTakeOff',$,(#3151));
#3796=IFCPROPERTYSINGLEVALUE('Reference',$,IFCLABEL('Beam 250x600'),$);
#3797=IFCPROPERTYSET('3KTcRLwsyvSp6HPy_RZhwT',#6,'Pset_ReinforcementBarPitchOfBeam',$,(#3796));
#3798=IFCRELDEFINESBYPROPERTIES('21UltcgrT3Hx$OPvNa41V$',#6,$,$,(#3793),#3794);
#3799=IFCRELDEFINESBYPROPERTIES('1i4frno$Jz3_3kjpt5KhZ5',#6,$,$,(#3793),#3795);
#3800=IFCRELDEFINESBYPROPERTIES('3wwGTXjZZLTBzwVpxDcEV1',#6,$,$,(#3793),#3797);
#3801=IFCCARTESIANPOINT((-17576.214254621125,-6978.638670240417,-120.));
#3802=IFCAXIS2PLACEMENT3D(#3801,#55,#53);
#3803=IFCLOCALPLACEMENT(#28,#3802);
#3804=IFCCARTESIANPOINT((-2.5579538487363607E-013,0.));
#3805=IFCAXIS2PLACEMENT2D(#3804,#48);
#3806=IFCRECTANGLEPROFILEDEF(.AREA.,'Beam 250x600',#3805,600.,249.99999999999949);
#3807=IFCCARTESIANPOINT((42.700000000166803,-0.,-300.));
#3808=IFCAXIS2PLACEMENT3D(#3807,#3130,#52);
#3809=IFCEXTRUDEDAREASOLID(#3806,#3808,#55,5084.599999999833);
#3810=IFCSTYLEDITEM(#3809,(#3136),$);
#3811=IFCSHAPEREPRESENTATION(#15,'Body','SweptSolid',(#3809));
#3812=IFCCARTESIANPOINT((5240.,0.));
#3813=IFCPOLYLINE((#3139,#3812));
#3814=IFCSHAPEREPRESENTATION(#14,'Axis','Curve2D',(#3813));
#3815=IFCPRODUCTDEFINITIONSHAPE($,$,(#3814,#3811));
#3816=IFCBEAM('3E_vhdbv52u81LR2Ne1ugh',#6,'Beam:Beam 250x600:325383',$,$,#3803,#3815,'325383');
#3817=IFCPROPERTYSET('3LlcJaCLKMFm0$I5pUg1YA',#6,'Pset_BeamCommon',$,(#82,#83,#3151,#3152,#3153));
#3818=IFCPROPERTYSET('17QHJsUMWz9eopGuuHY9u7',#6,'Pset_QuantityTakeOff',$,(#3151));
#3819=IFCPROPERTYSINGLEVALUE('Reference',$,IFCLABEL('Beam 250x600'),$);
#3820=IFCPROPERTYSET('2Q0tXbK8XOuopy0_G_cL3u',#6,'Pset_ReinforcementBarPitchOfBeam',$,(#3819));
#3821=IFCRELDEFINESBYPROPERTIES('2Oh5fs7jLCP5OWfGRYNhNS',#6,$,$,(#3816),#3817);
#3822=IFCRELDEFINESBYPROPERTIES('33PUrKMmj6jXCEXGnqbr6D',#6,$,$,(#3816),#3818);
#3823=IFCRELDEFINESBYPROPERTIES('3Vyrsrc2OAOzqoGeDtkqWY',#6,$,$,(#3816),#3820);
#3824=IFCCARTESIANPOINT((-9356.2142546211217,-6978.6386702404443,-120.));
#3825=IFCAXIS2PLACEMENT3D(#3824,#55,#53);
#3826=IFCLOCALPLACEMENT(#28,#3825);
#3827=IFCCARTESIANPOINT((-2.5579538487363607E-013,0.));
#3828=IFCAXIS2PLACEMENT2D(#3827,#48);
#3829=IFCRECTANGLEPROFILEDEF(.AREA.,'Beam 250x600',#3828,600.,249.99999999999949);
#3830=IFCCARTESIANPOINT((42.700000000165716,-0.,-300.));
#3831=IFCAXIS2PLACEMENT3D(#3830,#3130,#52);
#3832=IFCEXTRUDEDAREASOLID(#3829,#3831,#55,5084.5999999998339);
#3833=IFCSTYLEDITEM(#3832,(#3136),$);
#3834=IFCSHAPEREPRESENTATION(#15,'Body','SweptSolid',(#3832));
#3835=IFCCARTESIANPOINT((5240.,0.));
#3836=IFCPOLYLINE((#3139,#3835));
#3837=IFCSHAPEREPRESENTATION(#14,'Axis','Curve2D',(#3836));
#3838=IFCPRODUCTDEFINITIONSHAPE($,$,(#3837,#3834));
#3839=IFCBEAM('3E_vhdbv52u81LR2Ne1ugq',#6,'Beam:Beam 250x600:325400',$,$,#3826,#3838,'325400');
#3840=IFCPROPERTYSET('3fKlVtvmK56jubf1HvScOb',#6,'Pset_BeamCommon',$,(#82,#83,#3151,#3152,#3153));
#3841=IFCPROPERTYSET('38DH3AEH7mwHdufBF6mQpw',#6,'Pset_QuantityTakeOff',$,(#3151));
#3842=IFCPROPERTYSINGLEVALUE('Reference',$,IFCLABEL('Beam 250x600'),$);
#3843=IFCPROPERTYSET('1GaB4fTV4G$HPQZzViN3_v',#6,'Pset_ReinforcementBarPitchOfBeam',$,(#3842));
#3844=IFCRELDEFINESBYPROPERTIES('19b3JA1O69ygH6uwNFagXP',#6,$,$,(#3839),#3840);
#3845=IFCRELDEFINESBYPROPERTIES('1QPp5ifbDVIqVaOmOL33dN',#6,$,$,(#3839),#3841);
#3846=IFCRELDEFINESBYPROPERTIES('1Z1He0i4i9PiH6y4Mwi3Cn',#6,$,$,(#3839),#3843);
#3847=IFCCARTESIANPOINT((-6656.2142546211344,-6978.6386702404534,-120.));
#3848=IFCAXIS2PLACEMENT3D(#3847,#55,#53);
#3849=IFCLOCALPLACEMENT(#28,#3848);
#3850=IFCCARTESIANPOINT((-2.5579538487363607E-013,0.));
#3851=IFCAXIS2PLACEMENT2D(#3850,#48);
#3852=IFCRECTANGLEPROFILEDEF(.AREA.,'Beam 250x600',#3851,600.,249.99999999999949);
#3853=IFCCARTESIANPOINT((42.700000000165716,-0.,-300.));
#3854=IFCAXIS2PLACEMENT3D(#3853,#3130,#52);
#3855=IFCEXTRUDEDAREASOLID(#3852,#3854,#55,5084.5999999998339);
#3856=IFCSTYLEDITEM(#3855,(#3136),$);
#3857=IFCSHAPEREPRESENTATION(#15,'Body','SweptSolid',(#3855));
#3858=IFCCARTESIANPOINT((5240.,0.));
#3859=IFCPOLYLINE((#3139,#3858));
#3860=IFCSHAPEREPRESENTATION(#14,'Axis','Curve2D',(#3859));
#3861=IFCPRODUCTDEFINITIONSHAPE($,$,(#3860,#3857));
#3862=IFCBEAM('3E_vhdbv52u81LR2Ne1ug9',#6,'Beam:Beam 250x600:325413',$,$,#3849,#3861,'325413');
#3863=IFCPROPERTYSET('1BznIx$XiBt8HF$$TFI4uT',#6,'Pset_BeamCommon',$,(#82,#83,#3151,#3152,#3153));
#3864=IFCPROPERTYSET('04oFV3mk1F592rvwppC_lY',#6,'Pset_QuantityTakeOff',$,(#3151));
#3865=IFCPROPERTYSINGLEVALUE('Reference',$,IFCLABEL('Beam 250x600'),$);
#3866=IFCPROPERTYSET('3vGXILq6t9ZLWxSqG6whLB',#6,'Pset_ReinforcementBarPitchOfBeam',$,(#3865));
#3867=IFCRELDEFINESBYPROPERTIES('0$XE1f4Pa1j4CUus8G40Pg',#6,$,$,(#3862),#3863);
#3868=IFCRELDEFINESBYPROPERTIES('3SkoUWZ$uVW5QfaaqHfk0a',#6,$,$,(#3862),#3864);
#3869=IFCRELDEFINESBYPROPERTIES('0T5g_4s8JfpRSMrpdvrAdb',#6,$,$,(#3862),#3866);
#3870=IFCCARTESIANPOINT((-3956.2142546211362,-6978.6386702404616,-120.));
#3871=IFCAXIS2PLACEMENT3D(#3870,#55,#53);
#3872=IFCLOCALPLACEMENT(#28,#3871);
#3873=IFCCARTESIANPOINT((-2.5579538487363607E-013,0.));
#3874=IFCAXIS2PLACEMENT2D(#3873,#48);
#3875=IFCRECTANGLEPROFILEDEF(.AREA.,'Beam 250x600',#3874,600.,249.99999999999949);
#3876=IFCCARTESIANPOINT((42.700000000165716,-0.,-300.));
#3877=IFCAXIS2PLACEMENT3D(#3876,#3130,#52);
#3878=IFCEXTRUDEDAREASOLID(#3875,#3877,#55,5084.5999999998339);
#3879=IFCSTYLEDITEM(#3878,(#3136),$);
#3880=IFCSHAPEREPRESENTATION(#15,'Body','SweptSolid',(#3878));
#3881=IFCCARTESIANPOINT((5240.,0.));
#3882=IFCPOLYLINE((#3139,#3881));
#3883=IFCSHAPEREPRESENTATION(#14,'Axis','Curve2D',(#3882));
#3884=IFCPRODUCTDEFINITIONSHAPE($,$,(#3883,#3880));
#3885=IFCBEAM('3E_vhdbv52u81LR2Ne1ugO',#6,'Beam:Beam 250x600:325428',$,$,#3872,#3884,'325428');
#3886=IFCPROPERTYSET('1gRJWSvhCfOsvoQugGP7kj',#6,'Pset_BeamCommon',$,(#82,#83,#3151,#3152,#3153));
#3887=IFCPROPERTYSET('2bnc_Sl46gXYn9OZdrN37o',#6,'Pset_QuantityTakeOff',$,(#3151));
#3888=IFCPROPERTYSINGLEVALUE('Reference',$,IFCLABEL('Beam 250x600'),$);
#3889=IFCPROPERTYSET('3M1EwDWKk36xvZ_4Um2kSI',#6,'Pset_ReinforcementBarPitchOfBeam',$,(#3888));
#3890=IFCRELDEFINESBYPROPERTIES('1Fn1GMDq4MxImPA4$gIKqt',#6,$,$,(#3885),#3886);
#3891=IFCRELDEFINESBYPROPERTIES('2OjUY$r3kRojRjer2WJ9e5',#6,$,$,(#3885),#3887);
#3892=IFCRELDEFINESBYPROPERTIES('2S00xYma5VQ6r9IKu$HmOW',#6,$,$,(#3885),#3889);
#3893=IFCCARTESIANPOINT((-1256.2142546211362,-6978.6386702404707,-120.));
#3894=IFCAXIS2PLACEMENT3D(#3893,#55,#53);
#3895=IFCLOCALPLACEMENT(#28,#3894);
#3896=IFCCARTESIANPOINT((-2.5579538487363607E-013,6.3948846218409017E-014));
#3897=IFCAXIS2PLACEMENT2D(#3896,#48);
#3898=IFCRECTANGLEPROFILEDEF(.AREA.,'Beam 250x600',#3897,600.,249.99999999999909);
#3899=IFCCARTESIANPOINT((42.700000000165716,-0.,-300.));
#3900=IFCAXIS2PLACEMENT3D(#3899,#3130,#52);
#3901=IFCEXTRUDEDAREASOLID(#3898,#3900,#55,5084.5999999998339);
#3902=IFCSTYLEDITEM(#3901,(#3136),$);
#3903=IFCSHAPEREPRESENTATION(#15,'Body','SweptSolid',(#3901));
#3904=IFCCARTESIANPOINT((5240.,0.));
#3905=IFCPOLYLINE((#3139,#3904));
#3906=IFCSHAPEREPRESENTATION(#14,'Axis','Curve2D',(#3905));
#3907=IFCPRODUCTDEFINITIONSHAPE($,$,(#3906,#3903));
#3908=IFCBEAM('3E_vhdbv52u81LR2Ne1ugH',#6,'Beam:Beam 250x600:325437',$,$,#3895,#3907,'325437');
#3909=IFCPROPERTYSET('32495lpHlFn5zi2O_IMff$',#6,'Pset_BeamCommon',$,(#82,#83,#3151,#3152,#3153));
#3910=IFCPROPERTYSET('0yACDm804eg$8xII$ZyEFf',#6,'Pset_QuantityTakeOff',$,(#3151));
#3911=IFCPROPERTYSINGLEVALUE('Reference',$,IFCLABEL('Beam 250x600'),$);
#3912=IFCPROPERTYSET('1ubrnhsxtPf438qHBNNF2K',#6,'Pset_ReinforcementBarPitchOfBeam',$,(#3911));
#3913=IFCRELDEFINESBYPROPERTIES('3hQ0lDUX0j0POpawx234fq',#6,$,$,(#3908),#3909);
#3914=IFCRELDEFINESBYPROPERTIES('1auYnxqJdOchVPk$lC5TBB',#6,$,$,(#3908),#3910);
#3915=IFCRELDEFINESBYPROPERTIES('1iawC_OX704jFJXvEKjIcR',#6,$,$,(#3908),#3912);
#3916=IFCCARTESIANPOINT((1623.7857453788772,-6978.6386702404798,-120.));
#3917=IFCAXIS2PLACEMENT3D(#3916,#55,#53);
#3918=IFCLOCALPLACEMENT(#28,#3917);
#3919=IFCCARTESIANPOINT((-2.5579538487363607E-013,1.4210854715202004E-013));
#3920=IFCAXIS2PLACEMENT2D(#3919,#48);
#3921=IFCRECTANGLEPROFILEDEF(.AREA.,'Beam 250x600',#3920,600.,249.9999999999992);
#3922=IFCCARTESIANPOINT((42.700000000166803,-0.,-300.));
#3923=IFCAXIS2PLACEMENT3D(#3922,#3130,#52);
#3924=IFCEXTRUDEDAREASOLID(#3921,#3923,#55,5084.599999999833);
#3925=IFCSTYLEDITEM(#3924,(#3136),$);
#3926=IFCSHAPEREPRESENTATION(#15,'Body','SweptSolid',(#3924));
#3927=IFCCARTESIANPOINT((5240.,0.));
#3928=IFCPOLYLINE((#3139,#3927));
#3929=IFCSHAPEREPRESENTATION(#14,'Axis','Curve2D',(#3928));
#3930=IFCPRODUCTDEFINITIONSHAPE($,$,(#3929,#3926));
#3931=IFCBEAM('3E_vhdbv52u81LR2Ne1uhW',#6,'Beam:Beam 250x600:325452',$,$,#3918,#3930,'325452');
#3932=IFCPROPERTYSET('1PyjzPMFyET_GOdvEn3SrQ',#6,'Pset_BeamCommon',$,(#82,#83,#3151,#3152,#3153));
#3933=IFCPROPERTYSET('038$DxyBKZCewiYJvwXx8J',#6,'Pset_QuantityTakeOff',$,(#3151));
#3934=IFCPROPERTYSINGLEVALUE('Reference',$,IFCLABEL('Beam 250x600'),$);
#3935=IFCPROPERTYSET('2cEZ0khfSapJWD$Y45dUY3',#6,'Pset_ReinforcementBarPitchOfBeam',$,(#3934));
#3936=IFCRELDEFINESBYPROPERTIES('3ObDBgri46qZvzFb04y03y',#6,$,$,(#3931),#3932);
#3937=IFCRELDEFINESBYPROPERTIES('0qx2hoQP0_DTngLF7fVT3W',#6,$,$,(#3931),#3933);
#3938=IFCRELDEFINESBYPROPERTIES('0809u67mN2P_XJBHs98QIF',#6,$,$,(#3931),#3935);
#3939=IFCCARTESIANPOINT((9093.7857453788765,-6978.6386702405043,-120.));
#3940=IFCAXIS2PLACEMENT3D(#3939,#55,#53);
#3941=IFCLOCALPLACEMENT(#28,#3940);
#3942=IFCCARTESIANPOINT((-2.5579538487363607E-013,0.));
#3943=IFCAXIS2PLACEMENT2D(#3942,#48);
#3944=IFCRECTANGLEPROFILEDEF(.AREA.,'Beam 250x600',#3943,600.,249.99999999999949);
#3945=IFCCARTESIANPOINT((42.700000000166803,-0.,-300.));
#3946=IFCAXIS2PLACEMENT3D(#3945,#3130,#52);
#3947=IFCEXTRUDEDAREASOLID(#3944,#3946,#55,5084.599999999833);
#3948=IFCSTYLEDITEM(#3947,(#3136),$);
#3949=IFCSHAPEREPRESENTATION(#15,'Body','SweptSolid',(#3947));
#3950=IFCCARTESIANPOINT((5240.,0.));
#3951=IFCPOLYLINE((#3139,#3950));
#3952=IFCSHAPEREPRESENTATION(#14,'Axis','Curve2D',(#3951));
#3953=IFCPRODUCTDEFINITIONSHAPE($,$,(#3952,#3949));
#3954=IFCBEAM('3E_vhdbv52u81LR2Ne1uhn',#6,'Beam:Beam 250x600:325469',$,$,#3941,#3953,'325469');
#3955=IFCPROPERTYSET('1iHCmcc6vbRlvMDT9tMtBx',#6,'Pset_BeamCommon',$,(#82,#83,#3151,#3152,#3153));
#3956=IFCPROPERTYSET('2rx8so4ICJ$ylgthvO8sVc',#6,'Pset_QuantityTakeOff',$,(#3151));
#3957=IFCPROPERTYSINGLEVALUE('Reference',$,IFCLABEL('Beam 250x600'),$);
#3958=IFCPROPERTYSET('2Di1nofl1HL0YuALS_8Cnh',#6,'Pset_ReinforcementBarPitchOfBeam',$,(#3957));
#3959=IFCRELDEFINESBYPROPERTIES('06_Mbc1IRqXuXf_pWrayPd',#6,$,$,(#3954),#3955);
#3960=IFCRELDEFINESBYPROPERTIES('1k6P9ZNGXnSHAu9axTuIjx',#6,$,$,(#3954),#3956);
#3961=IFCRELDEFINESBYPROPERTIES('0ZsvbFJ3GbJwtNw0DEm9Yz',#6,$,$,(#3954),#3958);
#3962=IFCCARTESIANPOINT((11793.785745378886,-6978.6386702405125,-120.));
#3963=IFCAXIS2PLACEMENT3D(#3962,#55,#53);
#3964=IFCLOCALPLACEMENT(#28,#3963);
#3965=IFCCARTESIANPOINT((-2.5579538487363607E-013,0.));
#3966=IFCAXIS2PLACEMENT2D(#3965,#48);
#3967=IFCRECTANGLEPROFILEDEF(.AREA.,'Beam 250x600',#3966,600.,249.99999999999949);
#3968=IFCCARTESIANPOINT((42.700000000166803,-0.,-300.));
#3969=IFCAXIS2PLACEMENT3D(#3968,#3130,#52);
#3970=IFCEXTRUDEDAREASOLID(#3967,#3969,#55,5084.599999999833);
#3971=IFCSTYLEDITEM(#3970,(#3136),$);
#3972=IFCSHAPEREPRESENTATION(#15,'Body','SweptSolid',(#3970));
#3973=IFCCARTESIANPOINT((5240.,0.));
#3974=IFCPOLYLINE((#3139,#3973));
#3975=IFCSHAPEREPRESENTATION(#14,'Axis','Curve2D',(#3974));
#3976=IFCPRODUCTDEFINITIONSHAPE($,$,(#3975,#3972));
#3977=IFCBEAM('3E_vhdbv52u81LR2Ne1uh4',#6,'Beam:Beam 250x600:325480',$,$,#3964,#3976,'325480');
#3978=IFCPROPERTYSET('2kJhyqc2wUg5PUt9Jej16j',#6,'Pset_BeamCommon',$,(#82,#83,#3151,#3152,#3153));
#3979=IFCPROPERTYSET('1J_Uqb5wHuUarhRoAVv1Qd',#6,'Pset_QuantityTakeOff',$,(#3151));
#3980=IFCPROPERTYSINGLEVALUE('Reference',$,IFCLABEL('Beam 250x600'),$);
#3981=IFCPROPERTYSET('1rteeCaEU_ThoJYgU9A$L2',#6,'Pset_ReinforcementBarPitchOfBeam',$,(#3980));
#3982=IFCRELDEFINESBYPROPERTIES('3tNpud7txLhy51i_yBZ61O',#6,$,$,(#3977),#3978);
#3983=IFCRELDEFINESBYPROPERTIES('3b56xfJ8nNEe09gpOGLgob',#6,$,$,(#3977),#3979);
#3984=IFCRELDEFINESBYPROPERTIES('0lU8qHx3IfZi0g7jyFbOkt',#6,$,$,(#3977),#3981);
#3985=IFCCARTESIANPOINT((14003.785745378857,-6978.6386702405198,-120.));
#3986=IFCAXIS2PLACEMENT3D(#3985,#55,#53);
#3987=IFCLOCALPLACEMENT(#28,#3986);
#3988=IFCCARTESIANPOINT((-2.5579538487363607E-013,0.));
#3989=IFCAXIS2PLACEMENT2D(#3988,#48);
#3990=IFCRECTANGLEPROFILEDEF(.AREA.,'Beam 250x600',#3989,600.,249.99999999999949);
#3991=IFCCARTESIANPOINT((42.700000000165716,-0.,-300.));
#3992=IFCAXIS2PLACEMENT3D(#3991,#3130,#52);
#3993=IFCEXTRUDEDAREASOLID(#3990,#3992,#55,5084.5999999998339);
#3994=IFCSTYLEDITEM(#3993,(#3136),$);
#3995=IFCSHAPEREPRESENTATION(#15,'Body','SweptSolid',(#3993));
#3996=IFCCARTESIANPOINT((5240.,0.));
#3997=IFCPOLYLINE((#3139,#3996));
#3998=IFCSHAPEREPRESENTATION(#14,'Axis','Curve2D',(#3997));
#3999=IFCPRODUCTDEFINITIONSHAPE($,$,(#3998,#3995));
#4000=IFCBEAM('3E_vhdbv52u81LR2Ne1uhP',#6,'Beam:Beam 250x600:325493',$,$,#3987,#3999,'325493');
#4001=IFCPROPERTYSET('13sVQ4Os35H0Crey2nn_dX',#6,'Pset_BeamCommon',$,(#82,#83,#3151,#3152,#3153));
#4002=IFCPROPERTYSET('3Xm82PiInid8drlYdG9hHr',#6,'Pset_QuantityTakeOff',$,(#3151));
#4003=IFCPROPERTYSINGLEVALUE('Reference',$,IFCLABEL('Beam 250x600'),$);
#4004=IFCPROPERTYSET('0Ts4upa2k2g6OnQzwEzJuY',#6,'Pset_ReinforcementBarPitchOfBeam',$,(#4003));
#4005=IFCRELDEFINESBYPROPERTIES('0KdhAZ3M6rFmRrqMjLwVVU',#6,$,$,(#4000),#4001);
#4006=IFCRELDEFINESBYPROPERTIES('0nNFneEURelMD4$wfK0c90',#6,$,$,(#4000),#4002);
#4007=IFCRELDEFINESBYPROPERTIES('0BhFWwKwHpesuIGoTv1E7A',#6,$,$,(#4000),#4004);
#4008=IFCCARTESIANPOINT((-27646.214254621096,19791.361329759551,-120.));
#4009=IFCAXIS2PLACEMENT3D(#4008,#55,#3163);
#4010=IFCLOCALPLACEMENT(#28,#4009);
#4011=IFCCARTESIANPOINT((5.4001247917767614E-013,0.));
#4012=IFCAXIS2PLACEMENT2D(#4011,#48);
#4013=IFCRECTANGLEPROFILEDEF(.AREA.,'Beam 200x520',#4012,519.99999999999977,199.99999999999784);
#4014=IFCCARTESIANPOINT((0.,25.,-260.));
#4015=IFCAXIS2PLACEMENT3D(#4014,#3130,#52);
#4016=IFCEXTRUDEDAREASOLID(#4013,#4015,#55,8167.2999999998001);
#4017=IFCSHAPEREPRESENTATION(#15,'Body','SweptSolid',(#4016));
#4018=IFCCARTESIANPOINT((8430.,0.));
#4019=IFCPOLYLINE((#3139,#4018));
#4020=IFCSHAPEREPRESENTATION(#14,'Axis','Curve2D',(#4019));
#4021=IFCPRODUCTDEFINITIONSHAPE($,$,(#4020,#4017));
#4022=IFCBEAM('3E_vhdbv52u81LR2Ne1uVF',#6,'Beam:Beam 200x520:326243',$,$,#4010,#4021,'326243');
#4023=IFCPROPERTYSET('1B8yfH48UOdiHt75MgHLBW',#6,'Pset_BeamCommon',$,(#82,#83,#3153,#3602,#3603));
#4024=IFCPROPERTYSET('3jUtrG3d9w9fHvlJJe0xb3',#6,'Pset_QuantityTakeOff',$,(#3602));
#4025=IFCPROPERTYSINGLEVALUE('Reference',$,IFCLABEL('Beam 200x520'),$);
#4026=IFCPROPERTYSET('2ttydzGNBORzdrJKDb7E4r',#6,'Pset_ReinforcementBarPitchOfBeam',$,(#4025));
#4027=IFCRELDEFINESBYPROPERTIES('1Kqbaeg4_l8_lMvWT3QHvt',#6,$,$,(#4022),#4023);
#4028=IFCRELDEFINESBYPROPERTIES('0S1yBfRZA1373GKiguK4A1',#6,$,$,(#4022),#4024);
#4029=IFCRELDEFINESBYPROPERTIES('0nPsQUC7BOE7BAvsV9KVAF',#6,$,$,(#4022),#4026);
#4030=IFCCARTESIANPOINT((-24446.214254621085,19791.361329759551,-120.));
#4031=IFCAXIS2PLACEMENT3D(#4030,#55,#3163);
#4032=IFCLOCALPLACEMENT(#28,#4031);
#4033=IFCCARTESIANPOINT((5.4001247917767614E-013,4.3343106881366111E-012));
#4034=IFCAXIS2PLACEMENT2D(#4033,#48);
#4035=IFCRECTANGLEPROFILEDEF(.AREA.,'Beam 200x520',#4034,519.99999999999977,199.99999999999784);
#4036=IFCCARTESIANPOINT((0.,25.,-260.));
#4037=IFCAXIS2PLACEMENT3D(#4036,#3130,#52);
#4038=IFCEXTRUDEDAREASOLID(#4035,#4037,#55,8167.2999999997892);
#4039=IFCSHAPEREPRESENTATION(#15,'Body','SweptSolid',(#4038));
#4040=IFCCARTESIANPOINT((8330.,0.));
#4041=IFCPOLYLINE((#3139,#4040));
#4042=IFCSHAPEREPRESENTATION(#14,'Axis','Curve2D',(#4041));
#4043=IFCPRODUCTDEFINITIONSHAPE($,$,(#4042,#4039));
#4044=IFCBEAM('3E_vhdbv52u81LR2Ne1uV0',#6,'Beam:Beam 200x520:326252',$,$,#4032,#4043,'326252');
#4045=IFCPROPERTYSINGLEVALUE('Span',$,IFCPOSITIVELENGTHMEASURE(8330.),$);
#4046=IFCPROPERTYSET('1OJ6v5EM8BH8TbGJwgBEyn',#6,'Pset_BeamCommon',$,(#82,#83,#3153,#3602,#4045));
#4047=IFCPROPERTYSET('0YEOeimADOcNk7DYx5AfCs',#6,'Pset_QuantityTakeOff',$,(#3602));
#4048=IFCPROPERTYSINGLEVALUE('Reference',$,IFCLABEL('Beam 200x520'),$);
#4049=IFCPROPERTYSET('2MOXpsAxJTJGNdvKTsqVoO',#6,'Pset_ReinforcementBarPitchOfBeam',$,(#4048));
#4050=IFCRELDEFINESBYPROPERTIES('0nWdKhS0ZYecymiwPm2Zp5',#6,$,$,(#4044),#4046);
#4051=IFCRELDEFINESBYPROPERTIES('1e9Q7y5rvZqEQR$pK6BzMk',#6,$,$,(#4044),#4047);
#4052=IFCRELDEFINESBYPROPERTIES('34QUafmKm9x5X3YCVw1VqU',#6,$,$,(#4044),#4049);
#4053=IFCCARTESIANPOINT((-21246.214254621085,19791.361329759551,-120.));
#4054=IFCAXIS2PLACEMENT3D(#4053,#55,#3163);
#4055=IFCLOCALPLACEMENT(#28,#4054);
#4056=IFCCARTESIANPOINT((5.4001247917767614E-013,4.3343106881366111E-012));
#4057=IFCAXIS2PLACEMENT2D(#4056,#48);
#4058=IFCRECTANGLEPROFILEDEF(.AREA.,'Beam 200x520',#4057,519.99999999999977,199.99999999999784);
#4059=IFCCARTESIANPOINT((0.,25.,-260.));
#4060=IFCAXIS2PLACEMENT3D(#4059,#3130,#52);
#4061=IFCEXTRUDEDAREASOLID(#4058,#4060,#55,8167.2999999997937);
#4062=IFCSHAPEREPRESENTATION(#15,'Body','SweptSolid',(#4061));
#4063=IFCCARTESIANPOINT((8330.,0.));
#4064=IFCPOLYLINE((#3139,#4063));
#4065=IFCSHAPEREPRESENTATION(#14,'Axis','Curve2D',(#4064));
#4066=IFCPRODUCTDEFINITIONSHAPE($,$,(#4065,#4062));
#4067=IFCBEAM('3E_vhdbv52u81LR2Ne1uVP',#6,'Beam:Beam 200x520:326261',$,$,#4055,#4066,'326261');
#4068=IFCPROPERTYSET('0q8A2IfYXcZCnLtN3Iw42c',#6,'Pset_BeamCommon',$,(#82,#83,#3153,#3602,#4045));
#4069=IFCPROPERTYSET('31UnL06k976aQH0vm5P2z7',#6,'Pset_QuantityTakeOff',$,(#3602));
#4070=IFCPROPERTYSINGLEVALUE('Reference',$,IFCLABEL('Beam 200x520'),$);
#4071=IFCPROPERTYSET('1JgoNETDByYjxU0pAEVj8Z',#6,'Pset_ReinforcementBarPitchOfBeam',$,(#4070));
#4072=IFCRELDEFINESBYPROPERTIES('2glL2LwUHbisZ5hHX66eNs',#6,$,$,(#4067),#4068);
#4073=IFCRELDEFINESBYPROPERTIES('3AF362CQIbKXnUzi69IvNw',#6,$,$,(#4067),#4069);
#4074=IFCRELDEFINESBYPROPERTIES('2SJOyuSfZeKRbhfAZC9gNV',#6,$,$,(#4067),#4071);
#4075=IFCCARTESIANPOINT((-18046.214254621085,19791.361329759551,-120.));
#4076=IFCAXIS2PLACEMENT3D(#4075,#55,#3163);
#4077=IFCLOCALPLACEMENT(#28,#4076);
#4078=IFCCARTESIANPOINT((5.4001247917767614E-013,-3.2471803024236578E-012));
#4079=IFCAXIS2PLACEMENT2D(#4078,#48);
#4080=IFCRECTANGLEPROFILEDEF(.AREA.,'Beam 200x520',#4079,519.99999999999977,200.);
#4081=IFCCARTESIANPOINT((0.,25.,-260.));
#4082=IFCAXIS2PLACEMENT3D(#4081,#3130,#52);
#4083=IFCEXTRUDEDAREASOLID(#4080,#4082,#55,8167.2999999997892);
#4084=IFCSHAPEREPRESENTATION(#15,'Body','SweptSolid',(#4083));
#4085=IFCCARTESIANPOINT((8330.,0.));
#4086=IFCPOLYLINE((#3139,#4085));
#4087=IFCSHAPEREPRESENTATION(#14,'Axis','Curve2D',(#4086));
#4088=IFCPRODUCTDEFINITIONSHAPE($,$,(#4087,#4084));
#4089=IFCBEAM('3E_vhdbv52u81LR2Ne1uVI',#6,'Beam:Beam 200x520:326270',$,$,#4077,#4088,'326270');
#4090=IFCPROPERTYSET('0GLxr96FNSLooyEOeJZf0G',#6,'Pset_BeamCommon',$,(#82,#83,#3153,#3602,#4045));
#4091=IFCPROPERTYSET('1zQsZ6owkAnQhaS_rG6rCT',#6,'Pset_QuantityTakeOff',$,(#3602));
#4092=IFCPROPERTYSINGLEVALUE('Reference',$,IFCLABEL('Beam 200x520'),$);
#4093=IFCPROPERTYSET('0EyjJzlOLYZJECTguVl5Lt',#6,'Pset_ReinforcementBarPitchOfBeam',$,(#4092));
#4094=IFCRELDEFINESBYPROPERTIES('1TTRzxahYQwzSavtRddy9z',#6,$,$,(#4089),#4090);
#4095=IFCRELDEFINESBYPROPERTIES('31dL6djvau6K76gpp$QxKv',#6,$,$,(#4089),#4091);
#4096=IFCRELDEFINESBYPROPERTIES('3xd9SX1OLyj2SlrOmYLv9L',#6,$,$,(#4089),#4093);
#4097=IFCCARTESIANPOINT((-14846.214254621085,19791.361329759551,-120.));
#4098=IFCAXIS2PLACEMENT3D(#4097,#55,#3163);
#4099=IFCLOCALPLACEMENT(#28,#4098);
#4100=IFCCARTESIANPOINT((5.4001247917767614E-013,-3.2471803024236578E-012));
#4101=IFCAXIS2PLACEMENT2D(#4100,#48);
#4102=IFCRECTANGLEPROFILEDEF(.AREA.,'Beam 200x520',#4101,519.99999999999977,200.);
#4103=IFCCARTESIANPOINT((0.,25.,-260.));
#4104=IFCAXIS2PLACEMENT3D(#4103,#3130,#52);
#4105=IFCEXTRUDEDAREASOLID(#4102,#4104,#55,8167.2999999997937);
#4106=IFCSHAPEREPRESENTATION(#15,'Body','SweptSolid',(#4105));
#4107=IFCCARTESIANPOINT((8330.,0.));
#4108=IFCPOLYLINE((#3139,#4107));
#4109=IFCSHAPEREPRESENTATION(#14,'Axis','Curve2D',(#4108));
#4110=IFCPRODUCTDEFINITIONSHAPE($,$,(#4109,#4106));
#4111=IFCBEAM('3E_vhdbv52u81LR2Ne1uSh',#6,'Beam:Beam 200x520:326279',$,$,#4099,#4110,'326279');
#4112=IFCPROPERTYSET('1S45yCe$ytkNQXsv2azUnZ',#6,'Pset_BeamCommon',$,(#82,#83,#3153,#3602,#4045));
#4113=IFCPROPERTYSET('29kKqimKFctZGW5H9cPRFc',#6,'Pset_QuantityTakeOff',$,(#3602));
#4114=IFCPROPERTYSINGLEVALUE('Reference',$,IFCLABEL('Beam 200x520'),$);
#4115=IFCPROPERTYSET('3k3AaPWlw2mlUbaQDXsZQ6',#6,'Pset_ReinforcementBarPitchOfBeam',$,(#4114));
#4116=IFCRELDEFINESBYPROPERTIES('3oym3V0W5vzhXiQ66LZu8H',#6,$,$,(#4111),#4112);
#4117=IFCRELDEFINESBYPROPERTIES('0C6ZvxO0A8_7i2OJlI90gA',#6,$,$,(#4111),#4113);
#4118=IFCRELDEFINESBYPROPERTIES('3QimzdQNwuUe5AhDxOM8VO',#6,$,$,(#4111),#4115);
#4119=IFCCARTESIANPOINT((-11646.214254621085,19791.361329759551,-120.));
#4120=IFCAXIS2PLACEMENT3D(#4119,#55,#3163);
#4121=IFCLOCALPLACEMENT(#28,#4120);
#4122=IFCCARTESIANPOINT((5.4001247917767614E-013,-3.2471803024236578E-012));
#4123=IFCAXIS2PLACEMENT2D(#4122,#48);
#4124=IFCRECTANGLEPROFILEDEF(.AREA.,'Beam 200x520',#4123,519.99999999999977,200.);
#4125=IFCCARTESIANPOINT((0.,25.,-260.));
#4126=IFCAXIS2PLACEMENT3D(#4125,#3130,#52);
#4127=IFCEXTRUDEDAREASOLID(#4124,#4126,#55,8167.299999999791);
#4128=IFCSHAPEREPRESENTATION(#15,'Body','SweptSolid',(#4127));
#4129=IFCCARTESIANPOINT((8330.,0.));
#4130=IFCPOLYLINE((#3139,#4129));
#4131=IFCSHAPEREPRESENTATION(#14,'Axis','Curve2D',(#4130));
#4132=IFCPRODUCTDEFINITIONSHAPE($,$,(#4131,#4128));
#4133=IFCBEAM('3E_vhdbv52u81LR2Ne1uSy',#6,'Beam:Beam 200x520:326288',$,$,#4121,#4132,'326288');
#4134=IFCPROPERTYSET('0x9Vk9jQHP5sg2TpGMrB$b',#6,'Pset_BeamCommon',$,(#82,#83,#3153,#3602,#4045));
#4135=IFCPROPERTYSET('0r3INc8LthZslT3LteEuFd',#6,'Pset_QuantityTakeOff',$,(#3602));
#4136=IFCPROPERTYSINGLEVALUE('Reference',$,IFCLABEL('Beam 200x520'),$);
#4137=IFCPROPERTYSET('1$dt3yFqXmbTvO1xmELNb7',#6,'Pset_ReinforcementBarPitchOfBeam',$,(#4136));
#4138=IFCRELDEFINESBYPROPERTIES('2VvcvRi83yKIgV9fsPD_0c',#6,$,$,(#4133),#4134);
#4139=IFCRELDEFINESBYPROPERTIES('0wVQUVW8lzGT3oNebvBThd',#6,$,$,(#4133),#4135);
#4140=IFCRELDEFINESBYPROPERTIES('0UMogYq1rxryhS1tjlga4A',#6,$,$,(#4133),#4137);
#4141=IFCCARTESIANPOINT((-8446.2142546210853,19791.361329759551,-120.));
#4142=IFCAXIS2PLACEMENT3D(#4141,#55,#3163);
#4143=IFCLOCALPLACEMENT(#28,#4142);
#4144=IFCCARTESIANPOINT((5.4001247917767614E-013,-1.6271428648906294E-012));
#4145=IFCAXIS2PLACEMENT2D(#4144,#48);
#4146=IFCRECTANGLEPROFILEDEF(.AREA.,'Beam 200x520',#4145,519.99999999999977,200.);
#4147=IFCCARTESIANPOINT((0.,25.,-260.));
#4148=IFCAXIS2PLACEMENT3D(#4147,#3130,#52);
#4149=IFCEXTRUDEDAREASOLID(#4146,#4148,#55,8167.2999999997937);
#4150=IFCSHAPEREPRESENTATION(#15,'Body','SweptSolid',(#4149));
#4151=IFCCARTESIANPOINT((8330.,0.));
#4152=IFCPOLYLINE((#3139,#4151));
#4153=IFCSHAPEREPRESENTATION(#14,'Axis','Curve2D',(#4152));
#4154=IFCPRODUCTDEFINITIONSHAPE($,$,(#4153,#4150));
#4155=IFCBEAM('3E_vhdbv52u81LR2Ne1uSr',#6,'Beam:Beam 200x520:326297',$,$,#4143,#4154,'326297');
#4156=IFCPROPERTYSET('0c1GcMshwf0s0WIXe$Evzg',#6,'Pset_BeamCommon',$,(#82,#83,#3153,#3602,#4045));
#4157=IFCPROPERTYSET('207pU$xVuj5tvAOHeH3H0w',#6,'Pset_QuantityTakeOff',$,(#3602));
#4158=IFCPROPERTYSINGLEVALUE('Reference',$,IFCLABEL('Beam 200x520'),$);
#4159=IFCPROPERTYSET('0ELr7l2o$5gybq1Sc9h762',#6,'Pset_ReinforcementBarPitchOfBeam',$,(#4158));
#4160=IFCRELDEFINESBYPROPERTIES('0o4TMm48ho6z1THCl3NQFH',#6,$,$,(#4155),#4156);
#4161=IFCRELDEFINESBYPROPERTIES('2KZfMQeMkWZG404Dx_UP8g',#6,$,$,(#4155),#4157);
#4162=IFCRELDEFINESBYPROPERTIES('0cm4GMPv36VC_fQYMrISYm',#6,$,$,(#4155),#4159);
#4163=IFCCARTESIANPOINT((-5246.2142546210753,19791.361329759551,-120.));
#4164=IFCAXIS2PLACEMENT3D(#4163,#55,#3163);
#4165=IFCLOCALPLACEMENT(#28,#4164);
#4166=IFCCARTESIANPOINT((5.4001247917767614E-013,-1.6271428648906294E-012));
#4167=IFCAXIS2PLACEMENT2D(#4166,#48);
#4168=IFCRECTANGLEPROFILEDEF(.AREA.,'Beam 200x520',#4167,519.99999999999977,200.);
#4169=IFCCARTESIANPOINT((0.,25.,-260.));
#4170=IFCAXIS2PLACEMENT3D(#4169,#3130,#52);
#4171=IFCEXTRUDEDAREASOLID(#4168,#4170,#55,8167.299999999791);
#4172=IFCSHAPEREPRESENTATION(#15,'Body','SweptSolid',(#4171));
#4173=IFCCARTESIANPOINT((8330.,0.));
#4174=IFCPOLYLINE((#3139,#4173));
#4175=IFCSHAPEREPRESENTATION(#14,'Axis','Curve2D',(#4174));
#4176=IFCPRODUCTDEFINITIONSHAPE($,$,(#4175,#4172));
#4177=IFCBEAM('3E_vhdbv52u81LR2Ne1uSE',#6,'Beam:Beam 200x520:326306',$,$,#4165,#4176,'326306');
#4178=IFCPROPERTYSET('3KPqZWzbwhg5$1dqFXIRSL',#6,'Pset_BeamCommon',$,(#82,#83,#3153,#3602,#4045));
#4179=IFCPROPERTYSET('1M0EedJfxyn17h0$UXvQEt',#6,'Pset_QuantityTakeOff',$,(#3602));
#4180=IFCPROPERTYSINGLEVALUE('Reference',$,IFCLABEL('Beam 200x520'),$);
#4181=IFCPROPERTYSET('0QstPg89oAE_i97mpgj636',#6,'Pset_ReinforcementBarPitchOfBeam',$,(#4180));
#4182=IFCRELDEFINESBYPROPERTIES('1L6OoSRrxu2vZBgnnWFY_l',#6,$,$,(#4177),#4178);
#4183=IFCRELDEFINESBYPROPERTIES('1orpvdTXRX3PqMYQdewCHM',#6,$,$,(#4177),#4179);
#4184=IFCRELDEFINESBYPROPERTIES('2Za0sM$92wPlXIxJBDBT_e',#6,$,$,(#4177),#4181);
#4185=IFCCARTESIANPOINT((-2046.2142546210755,19791.361329759551,-120.));
#4186=IFCAXIS2PLACEMENT3D(#4185,#55,#3163);
#4187=IFCLOCALPLACEMENT(#28,#4186);
#4188=IFCCARTESIANPOINT((5.4001247917767614E-013,-5.4711790653527714E-013));
#4189=IFCAXIS2PLACEMENT2D(#4188,#48);
#4190=IFCRECTANGLEPROFILEDEF(.AREA.,'Beam 200x520',#4189,519.99999999999977,200.00000000000028);
#4191=IFCCARTESIANPOINT((0.,25.,-260.));
#4192=IFCAXIS2PLACEMENT3D(#4191,#3130,#52);
#4193=IFCEXTRUDEDAREASOLID(#4190,#4192,#55,8167.299999999791);
#4194=IFCSHAPEREPRESENTATION(#15,'Body','SweptSolid',(#4193));
#4195=IFCCARTESIANPOINT((8330.,0.));
#4196=IFCPOLYLINE((#3139,#4195));
#4197=IFCSHAPEREPRESENTATION(#14,'Axis','Curve2D',(#4196));
#4198=IFCPRODUCTDEFINITIONSHAPE($,$,(#4197,#4194));
#4199=IFCBEAM('3E_vhdbv52u81LR2Ne1uTQ',#6,'Beam:Beam 200x520:326390',$,$,#4187,#4198,'326390');
#4200=IFCPROPERTYSET('3LlKpNqBKO1u8y$ebW9q$T',#6,'Pset_BeamCommon',$,(#82,#83,#3153,#3602,#4045));
#4201=IFCPROPERTYSET('37fn0xuF3EGk3cuk_Jobog',#6,'Pset_QuantityTakeOff',$,(#3602));
#4202=IFCPROPERTYSINGLEVALUE('Reference',$,IFCLABEL('Beam 200x520'),$);
#4203=IFCPROPERTYSET('28aMEskDH5zbsRj_N3VdtT',#6,'Pset_ReinforcementBarPitchOfBeam',$,(#4202));
#4204=IFCRELDEFINESBYPROPERTIES('26Yt7Ul2R$V3HrYUy3m2bG',#6,$,$,(#4199),#4200);
#4205=IFCRELDEFINESBYPROPERTIES('2WEUE$QU_lAy1HBnr9fQfX',#6,$,$,(#4199),#4201);
#4206=IFCRELDEFINESBYPROPERTIES('3loj5NoBZaW4BfMdTtQeyv',#6,$,$,(#4199),#4203);
#4207=IFCCARTESIANPOINT((1153.7857453789247,19791.361329759551,-120.));
#4208=IFCAXIS2PLACEMENT3D(#4207,#55,#3163);
#4209=IFCLOCALPLACEMENT(#28,#4208);
#4210=IFCCARTESIANPOINT((5.4001247917767614E-013,-5.4001247917767614E-013));
#4211=IFCAXIS2PLACEMENT2D(#4210,#48);
#4212=IFCRECTANGLEPROFILEDEF(.AREA.,'Beam 200x520',#4211,519.99999999999977,200.00000000000028);
#4213=IFCCARTESIANPOINT((0.,25.,-260.));
#4214=IFCAXIS2PLACEMENT3D(#4213,#3130,#52);
#4215=IFCEXTRUDEDAREASOLID(#4212,#4214,#55,8167.2999999997892);
#4216=IFCSHAPEREPRESENTATION(#15,'Body','SweptSolid',(#4215));
#4217=IFCCARTESIANPOINT((8330.,0.));
#4218=IFCPOLYLINE((#3139,#4217));
#4219=IFCSHAPEREPRESENTATION(#14,'Axis','Curve2D',(#4218));
#4220=IFCPRODUCTDEFINITIONSHAPE($,$,(#4219,#4216));
#4221=IFCBEAM('3E_vhdbv52u81LR2Ne1uTI',#6,'Beam:Beam 200x520:326398',$,$,#4209,#4220,'326398');
#4222=IFCPROPERTYSET('0EWyZ1Ce3FL3zYFHZRLVYJ',#6,'Pset_BeamCommon',$,(#82,#83,#3153,#3602,#4045));
#4223=IFCPROPERTYSET('2ZYjJmG_m3A76U17OBvdWn',#6,'Pset_QuantityTakeOff',$,(#3602));
#4224=IFCPROPERTYSINGLEVALUE('Reference',$,IFCLABEL('Beam 200x520'),$);
#4225=IFCPROPERTYSET('0Rw$4ZTpDGYyHe20NSz1pK',#6,'Pset_ReinforcementBarPitchOfBeam',$,(#4224));
#4226=IFCRELDEFINESBYPROPERTIES('1eS3EJbcUcOlCayz6DcOIm',#6,$,$,(#4221),#4222);
#4227=IFCRELDEFINESBYPROPERTIES('2IOCSxwvO18pffCmCpPXVT',#6,$,$,(#4221),#4223);
#4228=IFCRELDEFINESBYPROPERTIES('2NepCiQm_KXmb5np7SPmIl',#6,$,$,(#4221),#4225);
#4229=IFCCARTESIANPOINT((4353.7857453789338,19791.361329759551,-120.));
#4230=IFCAXIS2PLACEMENT3D(#4229,#55,#3163);
#4231=IFCLOCALPLACEMENT(#28,#4230);
#4232=IFCCARTESIANPOINT((5.4001247917767614E-013,-1.6271428648906294E-012));
#4233=IFCAXIS2PLACEMENT2D(#4232,#48);
#4234=IFCRECTANGLEPROFILEDEF(.AREA.,'Beam 200x520',#4233,519.99999999999977,200.00000000000057);
#4235=IFCCARTESIANPOINT((0.,25.,-260.));
#4236=IFCAXIS2PLACEMENT3D(#4235,#3130,#52);
#4237=IFCEXTRUDEDAREASOLID(#4234,#4236,#55,8167.299999999791);
#4238=IFCSHAPEREPRESENTATION(#15,'Body','SweptSolid',(#4237));
#4239=IFCCARTESIANPOINT((8330.,0.));
#4240=IFCPOLYLINE((#3139,#4239));
#4241=IFCSHAPEREPRESENTATION(#14,'Axis','Curve2D',(#4240));
#4242=IFCPRODUCTDEFINITIONSHAPE($,$,(#4241,#4238));
#4243=IFCBEAM('3E_vhdbv52u81LR2Ne1uQh',#6,'Beam:Beam 200x520:326407',$,$,#4231,#4242,'326407');
#4244=IFCPROPERTYSET('30raVwetdqgC7F6L1xlA$4',#6,'Pset_BeamCommon',$,(#82,#83,#3153,#3602,#4045));
#4245=IFCPROPERTYSET('1LKAI_VN4svtVbEOIjF$CL',#6,'Pset_QuantityTakeOff',$,(#3602));
#4246=IFCPROPERTYSINGLEVALUE('Reference',$,IFCLABEL('Beam 200x520'),$);
#4247=IFCPROPERTYSET('1zzzUh1O8Iqf7VaCSJ0zQV',#6,'Pset_ReinforcementBarPitchOfBeam',$,(#4246));
#4248=IFCRELDEFINESBYPROPERTIES('3Vf_Xp5Djk3v98eGacd_m7',#6,$,$,(#4243),#4244);
#4249=IFCRELDEFINESBYPROPERTIES('0abVTn3cL4WjIDWGGktaK2',#6,$,$,(#4243),#4245);
#4250=IFCRELDEFINESBYPROPERTIES('0OOwKLprg3_gkGxtRiKBFJ',#6,$,$,(#4243),#4247);
#4251=IFCCARTESIANPOINT((7553.7857453789411,19761.361329759649,-120.));
#4252=IFCAXIS2PLACEMENT3D(#4251,#55,#3163);
#4253=IFCLOCALPLACEMENT(#28,#4252);
#4254=IFCCARTESIANPOINT((5.4001247917767614E-013,0.));
#4255=IFCAXIS2PLACEMENT2D(#4254,#48);
#4256=IFCRECTANGLEPROFILEDEF(.AREA.,'Beam 200x520',#4255,519.99999999999977,200.);
#4257=IFCCARTESIANPOINT((0.,25.,-260.));
#4258=IFCAXIS2PLACEMENT3D(#4257,#3130,#52);
#4259=IFCEXTRUDEDAREASOLID(#4256,#4258,#55,8137.3000000000038);
#4260=IFCSHAPEREPRESENTATION(#15,'Body','SweptSolid',(#4259));
#4261=IFCCARTESIANPOINT((8300.,0.));
#4262=IFCPOLYLINE((#3139,#4261));
#4263=IFCSHAPEREPRESENTATION(#14,'Axis','Curve2D',(#4262));
#4264=IFCPRODUCTDEFINITIONSHAPE($,$,(#4263,#4260));
#4265=IFCBEAM('3E_vhdbv52u81LR2Ne1uQy',#6,'Beam:Beam 200x520:326416',$,$,#4253,#4264,'326416');
#4266=IFCPROPERTYSINGLEVALUE('Span',$,IFCPOSITIVELENGTHMEASURE(8300.),$);
#4267=IFCPROPERTYSET('3hR2HgyeuczjA8EWQ8mX3J',#6,'Pset_BeamCommon',$,(#82,#83,#3153,#3602,#4266));
#4268=IFCPROPERTYSET('1IFcOZbjXxO4tlOxvqz$Vt',#6,'Pset_QuantityTakeOff',$,(#3602));
#4269=IFCPROPERTYSINGLEVALUE('Reference',$,IFCLABEL('Beam 200x520'),$);
#4270=IFCPROPERTYSET('2_fNDVdzDYImfCfDlw19Vm',#6,'Pset_ReinforcementBarPitchOfBeam',$,(#4269));
#4271=IFCRELDEFINESBYPROPERTIES('05ioxc2T6jUkHv$_Ho1ylC',#6,$,$,(#4265),#4267);
#4272=IFCRELDEFINESBYPROPERTIES('2gfHtPKMBbZRJjoxWHnCEm',#6,$,$,(#4265),#4268);
#4273=IFCRELDEFINESBYPROPERTIES('1kI5m2FtLfRNL8y3wkWhuZ',#6,$,$,(#4265),#4270);
#4274=IFCCARTESIANPOINT((10753.785745378942,19791.361329759551,-120.));
#4275=IFCAXIS2PLACEMENT3D(#4274,#55,#3163);
#4276=IFCLOCALPLACEMENT(#28,#4275);
#4277=IFCCARTESIANPOINT((5.4001247917767614E-013,-1.0871303857129533E-012));
#4278=IFCAXIS2PLACEMENT2D(#4277,#48);
#4279=IFCRECTANGLEPROFILEDEF(.AREA.,'Beam 200x520',#4278,519.99999999999977,200.);
#4280=IFCCARTESIANPOINT((0.,25.,-260.));
#4281=IFCAXIS2PLACEMENT3D(#4280,#3130,#52);
#4282=IFCEXTRUDEDAREASOLID(#4279,#4281,#55,8167.2999999997937);
#4283=IFCSHAPEREPRESENTATION(#15,'Body','SweptSolid',(#4282));
#4284=IFCCARTESIANPOINT((8330.,0.));
#4285=IFCPOLYLINE((#3139,#4284));
#4286=IFCSHAPEREPRESENTATION(#14,'Axis','Curve2D',(#4285));
#4287=IFCPRODUCTDEFINITIONSHAPE($,$,(#4286,#4283));
#4288=IFCBEAM('3E_vhdbv52u81LR2Ne1uQr',#6,'Beam:Beam 200x520:326425',$,$,#4276,#4287,'326425');
#4289=IFCPROPERTYSET('1cqXHlck37fbeHuBoIG1Yr',#6,'Pset_BeamCommon',$,(#82,#83,#3153,#3602,#4045));
#4290=IFCPROPERTYSET('1oaU29E$EMQB3aVCKMqz9B',#6,'Pset_QuantityTakeOff',$,(#3602));
#4291=IFCPROPERTYSINGLEVALUE('Reference',$,IFCLABEL('Beam 200x520'),$);
#4292=IFCPROPERTYSET('33s3hM26oC5N$P$D6mB2Pu',#6,'Pset_ReinforcementBarPitchOfBeam',$,(#4291));
#4293=IFCRELDEFINESBYPROPERTIES('1Ss5dkJrZoftABpRg8YBGE',#6,$,$,(#4288),#4289);
#4294=IFCRELDEFINESBYPROPERTIES('2IrAc1J5F6zGLAeF_FsNfj',#6,$,$,(#4288),#4290);
#4295=IFCRELDEFINESBYPROPERTIES('3MS42Lw6x75FmwosEzRlSg',#6,$,$,(#4288),#4292);
#4296=IFCCARTESIANPOINT((13953.785745378946,19791.361329759551,-120.));
#4297=IFCAXIS2PLACEMENT3D(#4296,#55,#3163);
#4298=IFCLOCALPLACEMENT(#28,#4297);
#4299=IFCCARTESIANPOINT((5.4001247917767614E-013,-1.0871303857129533E-012));
#4300=IFCAXIS2PLACEMENT2D(#4299,#48);
#4301=IFCRECTANGLEPROFILEDEF(.AREA.,'Beam 200x520',#4300,519.99999999999977,200.);
#4302=IFCCARTESIANPOINT((0.,25.,-260.));
#4303=IFCAXIS2PLACEMENT3D(#4302,#3130,#52);
#4304=IFCEXTRUDEDAREASOLID(#4301,#4303,#55,8167.2999999997892);
#4305=IFCSHAPEREPRESENTATION(#15,'Body','SweptSolid',(#4304));
#4306=IFCCARTESIANPOINT((8330.,0.));
#4307=IFCPOLYLINE((#3139,#4306));
#4308=IFCSHAPEREPRESENTATION(#14,'Axis','Curve2D',(#4307));
#4309=IFCPRODUCTDEFINITIONSHAPE($,$,(#4308,#4305));
#4310=IFCBEAM('3E_vhdbv52u81LR2Ne1uQE',#6,'Beam:Beam 200x520:326434',$,$,#4298,#4309,'326434');
#4311=IFCPROPERTYSET('1H9vsJZn2KJJdUbUGF161S',#6,'Pset_BeamCommon',$,(#82,#83,#3153,#3602,#4045));
#4312=IFCPROPERTYSET('2l7$ijSMKWcC5lSvBD8rI_',#6,'Pset_QuantityTakeOff',$,(#3602));
#4313=IFCPROPERTYSINGLEVALUE('Reference',$,IFCLABEL('Beam 200x520'),$);
#4314=IFCPROPERTYSET('2mjvZAucHPNIGGviq_4Dc9',#6,'Pset_ReinforcementBarPitchOfBeam',$,(#4313));
#4315=IFCRELDEFINESBYPROPERTIES('0ZemtpKTGAxNFU2s4z13DJ',#6,$,$,(#4310),#4311);
#4316=IFCRELDEFINESBYPROPERTIES('1zi1UZ4Ctm13jsnctlZSkv',#6,$,$,(#4310),#4312);
#4317=IFCRELDEFINESBYPROPERTIES('0Y7t_9xRKHLWMudNhK9gOZ',#6,$,$,(#4310),#4314);
#4318=IFCCARTESIANPOINT((17153.785745378944,19761.361329759624,-120.));
#4319=IFCAXIS2PLACEMENT3D(#4318,#55,#3163);
#4320=IFCLOCALPLACEMENT(#28,#4319);
#4321=IFCCARTESIANPOINT((5.4001247917767614E-013,1.0871303857129533E-012));
#4322=IFCAXIS2PLACEMENT2D(#4321,#48);
#4323=IFCRECTANGLEPROFILEDEF(.AREA.,'Beam 200x520',#4322,519.99999999999977,200.);
#4324=IFCCARTESIANPOINT((0.,25.,-260.));
#4325=IFCAXIS2PLACEMENT3D(#4324,#3130,#52);
#4326=IFCEXTRUDEDAREASOLID(#4323,#4325,#55,8137.3000000000038);
#4327=IFCSHAPEREPRESENTATION(#15,'Body','SweptSolid',(#4326));
#4328=IFCCARTESIANPOINT((8300.,0.));
#4329=IFCPOLYLINE((#3139,#4328));
#4330=IFCSHAPEREPRESENTATION(#14,'Axis','Curve2D',(#4329));
#4331=IFCPRODUCTDEFINITIONSHAPE($,$,(#4330,#4327));
#4332=IFCBEAM('3E_vhdbv52u81LR2Ne1uQ7',#6,'Beam:Beam 200x520:326443',$,$,#4320,#4331,'326443');
#4333=IFCPROPERTYSET('19ucLnWKA1pbqW8YGRzwNA',#6,'Pset_BeamCommon',$,(#82,#83,#3153,#3602,#4266));
#4334=IFCPROPERTYSET('3bRarSUrMYgDhPk8tDgmEP',#6,'Pset_QuantityTakeOff',$,(#3602));
#4335=IFCPROPERTYSINGLEVALUE('Reference',$,IFCLABEL('Beam 200x520'),$);
#4336=IFCPROPERTYSET('3RX$6rNdJekmKX7IxW89dx',#6,'Pset_ReinforcementBarPitchOfBeam',$,(#4335));
#4337=IFCRELDEFINESBYPROPERTIES('3f3GZpMnTv1qHv7dLIZ$01',#6,$,$,(#4332),#4333);
#4338=IFCRELDEFINESBYPROPERTIES('3emzgqwEly5dxkOr5aVEkX',#6,$,$,(#4332),#4334);
#4339=IFCRELDEFINESBYPROPERTIES('2q7_MX0jWz32g1d2PNVOGm',#6,$,$,(#4332),#4336);
#4340=IFCCARTESIANPOINT((20353.785745378944,19791.361329759551,-120.));
#4341=IFCAXIS2PLACEMENT3D(#4340,#55,#3163);
#4342=IFCLOCALPLACEMENT(#28,#4341);
#4343=IFCCARTESIANPOINT((5.4001247917767614E-013,4.3343106881366111E-012));
#4344=IFCAXIS2PLACEMENT2D(#4343,#48);
#4345=IFCRECTANGLEPROFILEDEF(.AREA.,'Beam 200x520',#4344,519.99999999999977,199.99999999999784);
#4346=IFCCARTESIANPOINT((0.,25.,-260.));
#4347=IFCAXIS2PLACEMENT3D(#4346,#3130,#52);
#4348=IFCEXTRUDEDAREASOLID(#4345,#4347,#55,8167.2999999997892);
#4349=IFCSHAPEREPRESENTATION(#15,'Body','SweptSolid',(#4348));
#4350=IFCCARTESIANPOINT((8330.,0.));
#4351=IFCPOLYLINE((#3139,#4350));
#4352=IFCSHAPEREPRESENTATION(#14,'Axis','Curve2D',(#4351));
#4353=IFCPRODUCTDEFINITIONSHAPE($,$,(#4352,#4349));
#4354=IFCBEAM('3E_vhdbv52u81LR2Ne1uQO',#6,'Beam:Beam 200x520:326452',$,$,#4342,#4353,'326452');
#4355=IFCPROPERTYSET('1I4ZIVG25Mrl9kQttg1QU3',#6,'Pset_BeamCommon',$,(#82,#83,#3153,#3602,#4045));
#4356=IFCPROPERTYSET('0eM4Jb_brqUaLggbr0hk86',#6,'Pset_QuantityTakeOff',$,(#3602));
#4357=IFCPROPERTYSINGLEVALUE('Reference',$,IFCLABEL('Beam 200x520'),$);
#4358=IFCPROPERTYSET('3MDJWOZ9Es_geqOdaWAEoN',#6,'Pset_ReinforcementBarPitchOfBeam',$,(#4357));
#4359=IFCRELDEFINESBYPROPERTIES('2p1IL6KvM4i$p3lynRyLjT',#6,$,$,(#4354),#4355);
#4360=IFCRELDEFINESBYPROPERTIES('3j3TRFWI$a4O4Eo2qTpWRD',#6,$,$,(#4354),#4356);
#4361=IFCRELDEFINESBYPROPERTIES('3PPXA$UjSthMx1piepKpKH',#6,$,$,(#4354),#4358);
#4362=IFCAXIS2PLACEMENT3D(#10,$,$);
#4363=IFCLOCALPLACEMENT(#28,#4362);
#4364=IFCCARTESIANPOINT((-23156.752453613728,-47525.));
#4365=IFCCARTESIANPOINT((19672.250817871267,-47525.));
#4366=IFCCARTESIANPOINT((19672.250817871267,17185.));
#4367=IFCCARTESIANPOINT((3542.2508178712428,17185.));
#4368=IFCCARTESIANPOINT((3542.2508178712428,13155.));
#4369=IFCCARTESIANPOINT((-57.749182128772723,13155.));
#4370=IFCCARTESIANPOINT((-57.749182128772723,17185.));
#4371=IFCCARTESIANPOINT((-23156.752453613728,17185.));
#4372=IFCPOLYLINE((#4364,#4365,#4366,#4367,#4368,#4369,#4370,#4371,#4364));
#4373=IFCARBITRARYCLOSEDPROFILEDEF(.AREA.,$,#4372);
#4374=IFCCARTESIANPOINT((13223.785745378931,119.11051188828718,0.));
#4375=IFCAXIS2PLACEMENT3D(#4374,#52,#53);
#4376=IFCEXTRUDEDAREASOLID(#4373,#4375,#55,119.99999999999979);
#4377=IFCCARTESIANPOINT((0.,0.));
#4378=IFCAXIS2PLACEMENT2D(#4377,#48);
#4379=IFCRECTANGLEPROFILEDEF(.AREA.,$,#4378,10725.000000000007,2511.9999999999745);
#4380=IFCCARTESIANPOINT((22253.785745378991,1798.8613297596662,-120.));
#4381=IFCAXIS2PLACEMENT3D(#4380,#55,#53);
#4382=IFCEXTRUDEDAREASOLID(#4379,#4381,#55,119.99999999999979);
#4383=IFCBOOLEANRESULT(.DIFFERENCE.,#4376,#4382);
#4384=IFCSTYLEDITEM(#4376,(#1695),$);
#4385=IFCSHAPEREPRESENTATION(#15,'Body','CSG',(#4383));
#4386=IFCPRODUCTDEFINITIONSHAPE($,$,(#4385));
#4387=IFCSLAB('2pNQm$eHn1$wzB9nyPhlAo',#6,'Floor:Generic 120mm:326478',$,$,#4363,#4386,'326478',.FLOOR.);
#4388=IFCCARTESIANPOINT((22253.785745378991,1798.8613297596671));
#4389=IFCAXIS2PLACEMENT2D(#4388,#12);
#4390=IFCRECTANGLEPROFILEDEF(.AREA.,$,#4389,10725.000000000004,2511.9999999999745);
#4391=IFCAXIS2PLACEMENT3D(#10,$,$);
#4392=IFCEXTRUDEDAREASOLID(#4390,#4391,#52,119.99999999999979);
#4393=IFCSHAPEREPRESENTATION(#15,'Body','SweptSolid',(#4392));
#4394=IFCPRODUCTDEFINITIONSHAPE($,$,(#4393));
#4395=IFCAXIS2PLACEMENT3D(#10,$,$);
#4396=IFCLOCALPLACEMENT(#4363,#4395);
#4397=IFCOPENINGELEMENT('2pC6ufqbeeLB2ZeWMk8jx$',#6,'Floor:Generic 120mm:1238',$,'Opening',#4396,#4394,'356225');
#4398=IFCRELVOIDSELEMENT('0kawTQF0Gh$KNtbXU9Bh3l',#6,$,$,#4387,#4397);
#4399=IFCSLABTYPE('3kSL0VGKv3gxJCujeqtueK',#6,'Floor:Generic 120mm',$,$,(#4417),$,'1238',$,.FLOOR.);
#4400=IFCMATERIALLAYER(#1701,120.,$);
#4401=IFCMATERIALLAYERSET((#4400),'Floor:Generic 120mm');
#4402=IFCMATERIALLAYERSETUSAGE(#4401,.AXIS3.,.POSITIVE.,0.);
#4403=IFCPROPERTYSINGLEVALUE('Reference',$,IFCIDENTIFIER('Generic 120mm'),$);
#4404=IFCPROPERTYSET('2zpsUJ2tAYAowae8gAHT6j',#6,'Pset_QuantityTakeOff',$,(#4403));
#4405=IFCPROPERTYSINGLEVALUE('Reference',$,IFCLABEL('Generic 120mm'),$);
#4406=IFCPROPERTYSET('1yvj3qtxlZEoVm0SFfMvhg',#6,'Pset_ReinforcementBarPitchOfSlab',$,(#4405));
#4407=IFCPROPERTYSINGLEVALUE('LoadBearing',$,IFCBOOLEAN(.F.),$);
#4408=IFCPROPERTYSET('388blq8mz0e0oozQMQSKzU',#6,'Pset_SlabCommon',$,(#82,#84,#4403,#4407));
#4409=IFCPROPERTYSET('1pIFeyesezxAWUfFxivA2l',#6,'Pset_OpeningElementCommon',$,(#4403));
#4410=IFCPROPERTYSET('270bR7D_MJxp9H_vZucgfY',#6,'Pset_QuantityTakeOff',$,(#4403));
#4411=IFCRELDEFINESBYPROPERTIES('3pVS76KszRiqTyFSmT7_qb',#6,$,$,(#4387),#4404);
#4412=IFCRELDEFINESBYPROPERTIES('3F8L7GNG0cGV4cWwC0I6lC',#6,$,$,(#4387),#4406);
#4413=IFCRELDEFINESBYPROPERTIES('3yxgWuP9I4D5ZyINrczhue',#6,$,$,(#4387),#4408);
#4414=IFCRELDEFINESBYPROPERTIES('22PdXNMw$KwDPCWUFT3KQ_',#6,$,$,(#4397),#4409);
#4415=IFCRELDEFINESBYPROPERTIES('1UwHApFx20iPNm1SoMkoWM',#6,$,$,(#4397),#4410);
#4416=IFCPROPERTYSINGLEVALUE('ThermalTransmittance',$,IFCTHERMALTRANSMITTANCEMEASURE(8.7166666666666668),$);
#4417=IFCPROPERTYSET('1WoGwuS525hAU_Npbi00OS',#6,'Pset_SlabCommon',$,(#4416));
#4418=IFCCARTESIANPOINT((1.4210854715202004E-014,0.));
#4419=IFCAXIS2PLACEMENT2D(#4418,#48);
#4420=IFCRECTANGLEPROFILEDEF(.AREA.,'200x200',#4419,200.,200.00000000000006);
#4421=IFCCARTESIANPOINT((0.,0.,4000.));
#4422=IFCAXIS2PLACEMENT3D(#4421,#55,#1689);
#4423=IFCEXTRUDEDAREASOLID(#4420,#4422,#55,3350.0000000000009);
#4424=IFCSTYLEDITEM(#4423,(#1695),$);
#4425=IFCSHAPEREPRESENTATION(#15,'Body','SweptSolid',(#4423));
#4426=IFCAXIS2PLACEMENT3D(#10,$,$);
#4427=IFCREPRESENTATIONMAP(#4426,#4425);
#4428=IFCCOLUMNTYPE('1GgSMGs1bDKvotNlTC9KWb',#6,'Column:200x200',$,$,(#4443),(#4427),'310266',$,.COLUMN.);
#4429=IFCMAPPEDITEM(#4427,#1706);
#4430=IFCSHAPEREPRESENTATION(#15,'Body','MappedRepresentation',(#4429));
#4431=IFCPRODUCTDEFINITIONSHAPE($,$,(#4430));
#4432=IFCCARTESIANPOINT((-34031.21425462114,-20283.63867024026,-4000.));
#4433=IFCAXIS2PLACEMENT3D(#4432,$,$);
#4434=IFCLOCALPLACEMENT(#28,#4433);
#4435=IFCCOLUMN('2pNQm$eHn1$wzB9nyPhlNH',#6,'Column:200x200:326701',$,$,#4434,#4431,'326701');
#4436=IFCPROPERTYSET('1HJB4ozX5zZHVx3ykBCLsI',#6,'Pset_ColumnCommon',$,(#82,#83,#2406));
#4437=IFCPROPERTYSET('2Wy1GqoDye8XEawSktSL9$',#6,'Pset_QuantityTakeOff',$,(#2406));
#4438=IFCPROPERTYSINGLEVALUE('Reference',$,IFCLABEL('200x200'),$);
#4439=IFCPROPERTYSET('16tsQ_uHjhBA3wM8lKGkR5',#6,'Pset_ReinforcementBarPitchOfColumn',$,(#4438));
#4440=IFCRELDEFINESBYPROPERTIES('2Ln6IOpfNrokN6hTIQhNIr',#6,$,$,(#4435),#4436);
#4441=IFCRELDEFINESBYPROPERTIES('0iyk9K8TOOuW10pvN0otCb',#6,$,$,(#4435),#4437);
#4442=IFCRELDEFINESBYPROPERTIES('2feuKGs_u8UXPFdRzJVLRy',#6,$,$,(#4435),#4439);
#4443=IFCPROPERTYSET('1hl0gvV4IkJyvDgbV7SlK5',#6,'Pset_ColumnCommon',$,(#83));
#4444=IFCCARTESIANPOINT((1.4210854715202004E-014,0.));
#4445=IFCAXIS2PLACEMENT2D(#4444,#48);
#4446=IFCRECTANGLEPROFILEDEF(.AREA.,'200x200',#4445,200.,200.00000000000006);
#4447=IFCCARTESIANPOINT((0.,0.,4000.));
#4448=IFCAXIS2PLACEMENT3D(#4447,#55,#1689);
#4449=IFCEXTRUDEDAREASOLID(#4446,#4448,#55,3350.0000000000009);
#4450=IFCSTYLEDITEM(#4449,(#1695),$);
#4451=IFCSHAPEREPRESENTATION(#15,'Body','SweptSolid',(#4449));
#4452=IFCAXIS2PLACEMENT3D(#10,$,$);
#4453=IFCREPRESENTATIONMAP(#4452,#4451);
#4454=IFCCOLUMNTYPE('1GgSMGs1bDKvotNlTC9KWa',#6,'Column:200x200',$,$,(#4469),(#4453),'310266',$,.COLUMN.);
#4455=IFCMAPPEDITEM(#4453,#1706);
#4456=IFCSHAPEREPRESENTATION(#15,'Body','MappedRepresentation',(#4455));
#4457=IFCPRODUCTDEFINITIONSHAPE($,$,(#4456));
#4458=IFCCARTESIANPOINT((-30821.214254621169,-20283.638670240249,-4000.));
#4459=IFCAXIS2PLACEMENT3D(#4458,$,$);
#4460=IFCLOCALPLACEMENT(#28,#4459);
#4461=IFCCOLUMN('2pNQm$eHn1$wzB9nyPhlNI',#6,'Column:200x200:326702',$,$,#4460,#4457,'326702');
#4462=IFCPROPERTYSET('2mVAWrF4C2t6mYUq8O2OWB',#6,'Pset_ColumnCommon',$,(#82,#83,#2406));
#4463=IFCPROPERTYSET('1Ts$9g3wD3ZX$3xN9tI9my',#6,'Pset_QuantityTakeOff',$,(#2406));
#4464=IFCPROPERTYSINGLEVALUE('Reference',$,IFCLABEL('200x200'),$);
#4465=IFCPROPERTYSET('21HKCf0_ymv8pc42uf2bhg',#6,'Pset_ReinforcementBarPitchOfColumn',$,(#4464));
#4466=IFCRELDEFINESBYPROPERTIES('3RsF3KtN6folPnWKr$RPU3',#6,$,$,(#4461),#4462);
#4467=IFCRELDEFINESBYPROPERTIES('1$8R6Oxi1aWT8KhPlUeLad',#6,$,$,(#4461),#4463);
#4468=IFCRELDEFINESBYPROPERTIES('1cqOIgeE5mfrDDJ5wQKVmu',#6,$,$,(#4461),#4465);
#4469=IFCPROPERTYSET('32PxDDXWz4CcQxeiyL5AK4',#6,'Pset_ColumnCommon',$,(#83));
#4470=IFCMAPPEDITEM(#4427,#1706);
#4471=IFCSHAPEREPRESENTATION(#15,'Body','MappedRepresentation',(#4470));
#4472=IFCPRODUCTDEFINITIONSHAPE($,$,(#4471));
#4473=IFCCARTESIANPOINT((-27621.214254621173,-20283.638670240089,-4000.));
#4474=IFCAXIS2PLACEMENT3D(#4473,$,$);
#4475=IFCLOCALPLACEMENT(#28,#4474);
#4476=IFCCOLUMN('2pNQm$eHn1$wzB9nyPhlNJ',#6,'Column:200x200:326703',$,$,#4475,#4472,'326703');
#4477=IFCPROPERTYSET('3IMoAzRjQJ9uYpAiGkOdGk',#6,'Pset_ColumnCommon',$,(#82,#83,#2406));
#4478=IFCPROPERTYSET('3WCY_jfMtLe9fs$Efq2aAK',#6,'Pset_QuantityTakeOff',$,(#2406));
#4479=IFCPROPERTYSINGLEVALUE('Reference',$,IFCLABEL('200x200'),$);
#4480=IFCPROPERTYSET('0LDIwFZOv7Fvkw_CZP2Avu',#6,'Pset_ReinforcementBarPitchOfColumn',$,(#4479));
#4481=IFCRELDEFINESBYPROPERTIES('04OEXmWtM06Im0tmOdHHZ2',#6,$,$,(#4476),#4477);
#4482=IFCRELDEFINESBYPROPERTIES('0sZ6HXVm9Mtq2p82ebzK7A',#6,$,$,(#4476),#4478);
#4483=IFCRELDEFINESBYPROPERTIES('0YTgtApHJwWDgbOfzUk3uu',#6,$,$,(#4476),#4480);
#4484=IFCMAPPEDITEM(#4427,#1706);
#4485=IFCSHAPEREPRESENTATION(#15,'Body','MappedRepresentation',(#4484));
#4486=IFCPRODUCTDEFINITIONSHAPE($,$,(#4485));
#4487=IFCCARTESIANPOINT((-24421.214254621165,-20283.638670240096,-4000.));
#4488=IFCAXIS2PLACEMENT3D(#4487,$,$);
#4489=IFCLOCALPLACEMENT(#28,#4488);
#4490=IFCCOLUMN('2pNQm$eHn1$wzB9nyPhlNC',#6,'Column:200x200:326704',$,$,#4489,#4486,'326704');
#4491=IFCPROPERTYSET('1D03AoIJQz8kYRyVFcGbwp',#6,'Pset_ColumnCommon',$,(#82,#83,#2406));
#4492=IFCPROPERTYSET('3OvyO935LJSPvSSbdwdyIy',#6,'Pset_QuantityTakeOff',$,(#2406));
#4493=IFCPROPERTYSINGLEVALUE('Reference',$,IFCLABEL('200x200'),$);
#4494=IFCPROPERTYSET('2e3hfd8CGg1VWheuylzgR8',#6,'Pset_ReinforcementBarPitchOfColumn',$,(#4493));
#4495=IFCRELDEFINESBYPROPERTIES('3YzouJPjuDAZcoagNaQHbF',#6,$,$,(#4490),#4491);
#4496=IFCRELDEFINESBYPROPERTIES('3nDGFy_c4g9e43i6ygxbtI',#6,$,$,(#4490),#4492);
#4497=IFCRELDEFINESBYPROPERTIES('1Nf$8GyVzQuYPx7uilNZze',#6,$,$,(#4490),#4494);
#4498=IFCMAPPEDITEM(#4427,#1706);
#4499=IFCSHAPEREPRESENTATION(#15,'Body','MappedRepresentation',(#4498));
#4500=IFCPRODUCTDEFINITIONSHAPE($,$,(#4499));
#4501=IFCCARTESIANPOINT((-21221.214254621165,-20283.638670240107,-4000.));
#4502=IFCAXIS2PLACEMENT3D(#4501,$,$);
#4503=IFCLOCALPLACEMENT(#28,#4502);
#4504=IFCCOLUMN('2pNQm$eHn1$wzB9nyPhlND',#6,'Column:200x200:326705',$,$,#4503,#4500,'326705');
#4505=IFCPROPERTYSET('1zsaTv2WhH3qbyVJMcuj$e',#6,'Pset_ColumnCommon',$,(#82,#83,#2406));
#4506=IFCPROPERTYSET('188gvFpvemvhb_j9NCohJg',#6,'Pset_QuantityTakeOff',$,(#2406));
#4507=IFCPROPERTYSINGLEVALUE('Reference',$,IFCLABEL('200x200'),$);
#4508=IFCPROPERTYSET('3BxL8ellUU36tBtmWnD5ju',#6,'Pset_ReinforcementBarPitchOfColumn',$,(#4507));
#4509=IFCRELDEFINESBYPROPERTIES('1KsmED_AWXrAaeK6gM3nw9',#6,$,$,(#4504),#4505);
#4510=IFCRELDEFINESBYPROPERTIES('1Jem8A7mkaIXHjyS7B$Gis',#6,$,$,(#4504),#4506);
#4511=IFCRELDEFINESBYPROPERTIES('0qQJqRN7_twFAVBpcgluM_',#6,$,$,(#4504),#4508);
#4512=IFCMAPPEDITEM(#4427,#1706);
#4513=IFCSHAPEREPRESENTATION(#15,'Body','MappedRepresentation',(#4512));
#4514=IFCPRODUCTDEFINITIONSHAPE($,$,(#4513));
#4515=IFCCARTESIANPOINT((-18021.214254621162,-20283.638670240114,-4000.));
#4516=IFCAXIS2PLACEMENT3D(#4515,$,$);
#4517=IFCLOCALPLACEMENT(#28,#4516);
#4518=IFCCOLUMN('2pNQm$eHn1$wzB9nyPhlNE',#6,'Column:200x200:326706',$,$,#4517,#4514,'326706');
#4519=IFCPROPERTYSET('0BSEG3cj3N$QCjUc_ud09F',#6,'Pset_ColumnCommon',$,(#82,#83,#2406));
#4520=IFCPROPERTYSET('2_$brN98kkqJ5wq2uQ7ps0',#6,'Pset_QuantityTakeOff',$,(#2406));
#4521=IFCPROPERTYSINGLEVALUE('Reference',$,IFCLABEL('200x200'),$);
#4522=IFCPROPERTYSET('2Xvq0TE2mk16gYSptyVxmW',#6,'Pset_ReinforcementBarPitchOfColumn',$,(#4521));
#4523=IFCRELDEFINESBYPROPERTIES('3yXhNWaqaV2tjgkFqQa5ri',#6,$,$,(#4518),#4519);
#4524=IFCRELDEFINESBYPROPERTIES('1WvO$yM13eoVbeT$E8eWz$',#6,$,$,(#4518),#4520);
#4525=IFCRELDEFINESBYPROPERTIES('0q1_mF8ZInOcTqyzenQ1oO',#6,$,$,(#4518),#4522);
#4526=IFCMAPPEDITEM(#4427,#1706);
#4527=IFCSHAPEREPRESENTATION(#15,'Body','MappedRepresentation',(#4526));
#4528=IFCPRODUCTDEFINITIONSHAPE($,$,(#4527));
#4529=IFCCARTESIANPOINT((-14821.214254621162,-20283.638670240121,-4000.));
#4530=IFCAXIS2PLACEMENT3D(#4529,$,$);
#4531=IFCLOCALPLACEMENT(#28,#4530);
#4532=IFCCOLUMN('2pNQm$eHn1$wzB9nyPhlNF',#6,'Column:200x200:326707',$,$,#4531,#4528,'326707');
#4533=IFCPROPERTYSET('1ei7Q$NcZMUYr7T2GiVYnU',#6,'Pset_ColumnCommon',$,(#82,#83,#2406));
#4534=IFCPROPERTYSET('0n5L1dwyF1$ZrRAzAJBhRn',#6,'Pset_QuantityTakeOff',$,(#2406));
#4535=IFCPROPERTYSINGLEVALUE('Reference',$,IFCLABEL('200x200'),$);
#4536=IFCPROPERTYSET('3SSQ6LUo3Hvo$X$gcg4ksQ',#6,'Pset_ReinforcementBarPitchOfColumn',$,(#4535));
#4537=IFCRELDEFINESBYPROPERTIES('3$7sfugkthLoBS3ZxAI6P0',#6,$,$,(#4532),#4533);
#4538=IFCRELDEFINESBYPROPERTIES('2SoUUsyar$P7vTIho9rvaN',#6,$,$,(#4532),#4534);
#4539=IFCRELDEFINESBYPROPERTIES('1gZvq7TgOQtTgT38vjV7Aq',#6,$,$,(#4532),#4536);
#4540=IFCMAPPEDITEM(#4427,#1706);
#4541=IFCSHAPEREPRESENTATION(#15,'Body','MappedRepresentation',(#4540));
#4542=IFCPRODUCTDEFINITIONSHAPE($,$,(#4541));
#4543=IFCCARTESIANPOINT((-11621.214254621162,-20283.638670240132,-4000.));
#4544=IFCAXIS2PLACEMENT3D(#4543,$,$);
#4545=IFCLOCALPLACEMENT(#28,#4544);
#4546=IFCCOLUMN('2pNQm$eHn1$wzB9nyPhlN8',#6,'Column:200x200:326708',$,$,#4545,#4542,'326708');
#4547=IFCPROPERTYSET('1wQxYGrYtZuS_FOByKNK8k',#6,'Pset_ColumnCommon',$,(#82,#83,#2406));
#4548=IFCPROPERTYSET('2mPs1Yr1o$kxoWAnPo6ESA',#6,'Pset_QuantityTakeOff',$,(#2406));
#4549=IFCPROPERTYSINGLEVALUE('Reference',$,IFCLABEL('200x200'),$);
#4550=IFCPROPERTYSET('0s8K4K_NjzLfqwo4pI8CG3',#6,'Pset_ReinforcementBarPitchOfColumn',$,(#4549));
#4551=IFCRELDEFINESBYPROPERTIES('2VetEeYTOgVJ4PdzDVJhKs',#6,$,$,(#4546),#4547);
#4552=IFCRELDEFINESBYPROPERTIES('2TKmbGe$ibAENqlumb6VBO',#6,$,$,(#4546),#4548);
#4553=IFCRELDEFINESBYPROPERTIES('1iMtTkysjfD3ZGLZl2TBCd',#6,$,$,(#4546),#4550);
#4554=IFCMAPPEDITEM(#4427,#1706);
#4555=IFCSHAPEREPRESENTATION(#15,'Body','MappedRepresentation',(#4554));
#4556=IFCPRODUCTDEFINITIONSHAPE($,$,(#4555));
#4557=IFCCARTESIANPOINT((-8421.2142546211617,-20283.63867024014,-4000.));
#4558=IFCAXIS2PLACEMENT3D(#4557,$,$);
#4559=IFCLOCALPLACEMENT(#28,#4558);
#4560=IFCCOLUMN('2pNQm$eHn1$wzB9nyPhlN9',#6,'Column:200x200:326709',$,$,#4559,#4556,'326709');
#4561=IFCPROPERTYSET('0f_oDIkh4uRYqJtMOEdCFi',#6,'Pset_ColumnCommon',$,(#82,#83,#2406));
#4562=IFCPROPERTYSET('222gOG5jpxz8JJ6ye$bHnV',#6,'Pset_QuantityTakeOff',$,(#2406));
#4563=IFCPROPERTYSINGLEVALUE('Reference',$,IFCLABEL('200x200'),$);
#4564=IFCPROPERTYSET('2MjKU5LuIC6YQIznyZYxVs',#6,'Pset_ReinforcementBarPitchOfColumn',$,(#4563));
#4565=IFCRELDEFINESBYPROPERTIES('0UbVydF6Z3bBLznqBVmja6',#6,$,$,(#4560),#4561);
#4566=IFCRELDEFINESBYPROPERTIES('0pDdi8lTuGvcXyeCo1sBsn',#6,$,$,(#4560),#4562);
#4567=IFCRELDEFINESBYPROPERTIES('2C3NOD2X8ciHWTt1Vul12a',#6,$,$,(#4560),#4564);
#4568=IFCMAPPEDITEM(#4427,#1706);
#4569=IFCSHAPEREPRESENTATION(#15,'Body','MappedRepresentation',(#4568));
#4570=IFCPRODUCTDEFINITIONSHAPE($,$,(#4569));
#4571=IFCCARTESIANPOINT((-5221.2142546211526,-20283.638670240147,-4000.));
#4572=IFCAXIS2PLACEMENT3D(#4571,$,$);
#4573=IFCLOCALPLACEMENT(#28,#4572);
#4574=IFCCOLUMN('2pNQm$eHn1$wzB9nyPhlNA',#6,'Column:200x200:326710',$,$,#4573,#4570,'326710');
#4575=IFCPROPERTYSET('2X8LWwob4FrOyKp9sSO7Tb',#6,'Pset_ColumnCommon',$,(#82,#83,#2406));
#4576=IFCPROPERTYSET('1QuokVp831asAAKyOOcJv5',#6,'Pset_QuantityTakeOff',$,(#2406));
#4577=IFCPROPERTYSINGLEVALUE('Reference',$,IFCLABEL('200x200'),$);
#4578=IFCPROPERTYSET('0tO7lyYpJtZ72ohDSNdzkh',#6,'Pset_ReinforcementBarPitchOfColumn',$,(#4577));
#4579=IFCRELDEFINESBYPROPERTIES('3snozhP$xO52HzRiXXUPEb',#6,$,$,(#4574),#4575);
#4580=IFCRELDEFINESBYPROPERTIES('3VRAkb_D9V$YDk8UXssNmG',#6,$,$,(#4574),#4576);
#4581=IFCRELDEFINESBYPROPERTIES('3KZAuj_cql86jnSfKlLFwU',#6,$,$,(#4574),#4578);
#4582=IFCMAPPEDITEM(#4427,#1706);
#4583=IFCSHAPEREPRESENTATION(#15,'Body','MappedRepresentation',(#4582));
#4584=IFCPRODUCTDEFINITIONSHAPE($,$,(#4583));
#4585=IFCCARTESIANPOINT((1178.7857453788477,-20283.638670240169,-4000.));
#4586=IFCAXIS2PLACEMENT3D(#4585,$,$);
#4587=IFCLOCALPLACEMENT(#28,#4586);
#4588=IFCCOLUMN('2pNQm$eHn1$wzB9nyPhlNB',#6,'Column:200x200:326711',$,$,#4587,#4584,'326711');
#4589=IFCPROPERTYSET('3eWoW_F_g$0GdAtXIE7udy',#6,'Pset_ColumnCommon',$,(#82,#83,#2406));
#4590=IFCPROPERTYSET('0CCMJ4Jr1e7IEWqVwBrWwQ',#6,'Pset_QuantityTakeOff',$,(#2406));
#4591=IFCPROPERTYSINGLEVALUE('Reference',$,IFCLABEL('200x200'),$);
#4592=IFCPROPERTYSET('398CdfVjcoH$N2aOkEbUXN',#6,'Pset_ReinforcementBarPitchOfColumn',$,(#4591));
#4593=IFCRELDEFINESBYPROPERTIES('0lbp8URkYx4U75APg$fIJ0',#6,$,$,(#4588),#4589);
#4594=IFCRELDEFINESBYPROPERTIES('02SjxjWaV7WNAaEO$PUmev',#6,$,$,(#4588),#4590);
#4595=IFCRELDEFINESBYPROPERTIES('1k3$sp1Zmx5AP_axM20kn4',#6,$,$,(#4588),#4592);
#4596=IFCMAPPEDITEM(#4427,#1706);
#4597=IFCSHAPEREPRESENTATION(#15,'Body','MappedRepresentation',(#4596));
#4598=IFCPRODUCTDEFINITIONSHAPE($,$,(#4597));
#4599=IFCCARTESIANPOINT((4378.7857453788556,-20283.63867024018,-4000.));
#4600=IFCAXIS2PLACEMENT3D(#4599,$,$);
#4601=IFCLOCALPLACEMENT(#28,#4600);
#4602=IFCCOLUMN('2pNQm$eHn1$wzB9nyPhlN4',#6,'Column:200x200:326712',$,$,#4601,#4598,'326712');
#4603=IFCPROPERTYSET('1ia$GQVCkbZ6c3uGrYSFtD',#6,'Pset_ColumnCommon',$,(#82,#83,#2406));
#4604=IFCPROPERTYSET('2o5IqYDggBGQJqXP6oEYWo',#6,'Pset_QuantityTakeOff',$,(#2406));
#4605=IFCPROPERTYSINGLEVALUE('Reference',$,IFCLABEL('200x200'),$);
#4606=IFCPROPERTYSET('3H2KMshK4r45IaZzlebIe8',#6,'Pset_ReinforcementBarPitchOfColumn',$,(#4605));
#4607=IFCRELDEFINESBYPROPERTIES('2k_nS7labNuy804YL8RyaG',#6,$,$,(#4602),#4603);
#4608=IFCRELDEFINESBYPROPERTIES('2PkJ0HzkD2zFVa8$ZD$6t5',#6,$,$,(#4602),#4604);
#4609=IFCRELDEFINESBYPROPERTIES('28rYAnEtfvg7Wnke5n95DF',#6,$,$,(#4602),#4606);
#4610=IFCMAPPEDITEM(#4427,#1706);
#4611=IFCSHAPEREPRESENTATION(#15,'Body','MappedRepresentation',(#4610));
#4612=IFCPRODUCTDEFINITIONSHAPE($,$,(#4611));
#4613=IFCCARTESIANPOINT((7578.7857453788656,-20283.638670240187,-4000.));
#4614=IFCAXIS2PLACEMENT3D(#4613,$,$);
#4615=IFCLOCALPLACEMENT(#28,#4614);
#4616=IFCCOLUMN('2pNQm$eHn1$wzB9nyPhlN5',#6,'Column:200x200:326713',$,$,#4615,#4612,'326713');
#4617=IFCPROPERTYSET('0aBabZkONYNs5Ktzo6YPO3',#6,'Pset_ColumnCommon',$,(#82,#83,#2406));
#4618=IFCPROPERTYSET('2UZK0mcEjERib2xcnyogtS',#6,'Pset_QuantityTakeOff',$,(#2406));
#4619=IFCPROPERTYSINGLEVALUE('Reference',$,IFCLABEL('200x200'),$);
#4620=IFCPROPERTYSET('1tnMgSwmZ8Mjl$FUrMNYb8',#6,'Pset_ReinforcementBarPitchOfColumn',$,(#4619));
#4621=IFCRELDEFINESBYPROPERTIES('39Bl0o3TuqVVtpOluk$Eng',#6,$,$,(#4616),#4617);
#4622=IFCRELDEFINESBYPROPERTIES('2qDnoqT2VGn066pleSgpz2',#6,$,$,(#4616),#4618);
#4623=IFCRELDEFINESBYPROPERTIES('1SElPyY0YXRz8JZVrfRMiG',#6,$,$,(#4616),#4620);
#4624=IFCMAPPEDITEM(#4427,#1706);
#4625=IFCSHAPEREPRESENTATION(#15,'Body','MappedRepresentation',(#4624));
#4626=IFCPRODUCTDEFINITIONSHAPE($,$,(#4625));
#4627=IFCCARTESIANPOINT((10778.785745378866,-20283.638670240198,-4000.));
#4628=IFCAXIS2PLACEMENT3D(#4627,$,$);
#4629=IFCLOCALPLACEMENT(#28,#4628);
#4630=IFCCOLUMN('2pNQm$eHn1$wzB9nyPhlN6',#6,'Column:200x200:326714',$,$,#4629,#4626,'326714');
#4631=IFCPROPERTYSET('1rQrvFr9NfG6CxMT34qFTR',#6,'Pset_ColumnCommon',$,(#82,#83,#2406));
#4632=IFCPROPERTYSET('0WyuvUzKJnNaTuqCdCgnIV',#6,'Pset_QuantityTakeOff',$,(#2406));
#4633=IFCPROPERTYSINGLEVALUE('Reference',$,IFCLABEL('200x200'),$);
#4634=IFCPROPERTYSET('0or$YIuNn8g7kfzhnP_lth',#6,'Pset_ReinforcementBarPitchOfColumn',$,(#4633));
#4635=IFCRELDEFINESBYPROPERTIES('1hcTiLxGDicdzDbTZrtthP',#6,$,$,(#4630),#4631);
#4636=IFCRELDEFINESBYPROPERTIES('0JGPMIeqvnfddZJEUTfujr',#6,$,$,(#4630),#4632);
#4637=IFCRELDEFINESBYPROPERTIES('0hN2EuM84SOYoOceFXSrNk',#6,$,$,(#4630),#4634);
#4638=IFCMAPPEDITEM(#4427,#1706);
#4639=IFCSHAPEREPRESENTATION(#15,'Body','MappedRepresentation',(#4638));
#4640=IFCPRODUCTDEFINITIONSHAPE($,$,(#4639));
#4641=IFCCARTESIANPOINT((13978.785745378864,-20283.638670240205,-4000.));
#4642=IFCAXIS2PLACEMENT3D(#4641,$,$);
#4643=IFCLOCALPLACEMENT(#28,#4642);
#4644=IFCCOLUMN('2pNQm$eHn1$wzB9nyPhlN7',#6,'Column:200x200:326715',$,$,#4643,#4640,'326715');
#4645=IFCPROPERTYSET('3$zbRSjT3Xt14h$$b2J3bD',#6,'Pset_ColumnCommon',$,(#82,#83,#2406));
#4646=IFCPROPERTYSET('1mV8hcSu68xZzab8Svfjz6',#6,'Pset_QuantityTakeOff',$,(#2406));
#4647=IFCPROPERTYSINGLEVALUE('Reference',$,IFCLABEL('200x200'),$);
#4648=IFCPROPERTYSET('0eCsO5_nmJEIJsOClMreOr',#6,'Pset_ReinforcementBarPitchOfColumn',$,(#4647));
#4649=IFCRELDEFINESBYPROPERTIES('2IPVslA1PT14ZzKwhd2Ckj',#6,$,$,(#4644),#4645);
#4650=IFCRELDEFINESBYPROPERTIES('2kuKUTfWOzxR7CAsknhiib',#6,$,$,(#4644),#4646);
#4651=IFCRELDEFINESBYPROPERTIES('0eQJEyCVIYSp2QtcYyy9j4',#6,$,$,(#4644),#4648);
#4652=IFCMAPPEDITEM(#4427,#1706);
#4653=IFCSHAPEREPRESENTATION(#15,'Body','MappedRepresentation',(#4652));
#4654=IFCPRODUCTDEFINITIONSHAPE($,$,(#4653));
#4655=IFCCARTESIANPOINT((17178.785745378864,-20283.638670240212,-4000.));
#4656=IFCAXIS2PLACEMENT3D(#4655,$,$);
#4657=IFCLOCALPLACEMENT(#28,#4656);
#4658=IFCCOLUMN('2pNQm$eHn1$wzB9nyPhlN0',#6,'Column:200x200:326716',$,$,#4657,#4654,'326716');
#4659=IFCPROPERTYSET('2XeT0SC2ZCTe_1t3jwViL8',#6,'Pset_ColumnCommon',$,(#82,#83,#2406));
#4660=IFCPROPERTYSET('10NVYJNn6THZ$m7WEJcgfO',#6,'Pset_QuantityTakeOff',$,(#2406));
#4661=IFCPROPERTYSINGLEVALUE('Reference',$,IFCLABEL('200x200'),$);
#4662=IFCPROPERTYSET('27KSxVaaEP3WoR5EH38wMX',#6,'Pset_ReinforcementBarPitchOfColumn',$,(#4661));
#4663=IFCRELDEFINESBYPROPERTIES('3t44Vk5XPBQhlmroIZpTzZ',#6,$,$,(#4658),#4659);
#4664=IFCRELDEFINESBYPROPERTIES('3yhnIFoIrNq_neeaHEtBn2',#6,$,$,(#4658),#4660);
#4665=IFCRELDEFINESBYPROPERTIES('0I7la8upr91y1aB7IWRogt',#6,$,$,(#4658),#4662);
#4666=IFCMAPPEDITEM(#4427,#1706);
#4667=IFCSHAPEREPRESENTATION(#15,'Body','MappedRepresentation',(#4666));
#4668=IFCPRODUCTDEFINITIONSHAPE($,$,(#4667));
#4669=IFCCARTESIANPOINT((20378.785745378864,-20283.638670240223,-4000.));
#4670=IFCAXIS2PLACEMENT3D(#4669,$,$);
#4671=IFCLOCALPLACEMENT(#28,#4670);
#4672=IFCCOLUMN('2pNQm$eHn1$wzB9nyPhlN1',#6,'Column:200x200:326717',$,$,#4671,#4668,'326717');
#4673=IFCPROPERTYSET('0P0rvz8DbDZ_NRuV4$w7sz',#6,'Pset_ColumnCommon',$,(#82,#83,#2406));
#4674=IFCPROPERTYSET('3oCUUbVw8O8vWNLINPQFfd',#6,'Pset_QuantityTakeOff',$,(#2406));
#4675=IFCPROPERTYSINGLEVALUE('Reference',$,IFCLABEL('200x200'),$);
#4676=IFCPROPERTYSET('1ASqetqLEDUX38LKzC4_6V',#6,'Pset_ReinforcementBarPitchOfColumn',$,(#4675));
#4677=IFCRELDEFINESBYPROPERTIES('3Mj1JIQ0MNXWbLlM2XVGP4',#6,$,$,(#4672),#4673);
#4678=IFCRELDEFINESBYPROPERTIES('2Y7HjCXObtcqLUYIMMUhfc',#6,$,$,(#4672),#4674);
#4679=IFCRELDEFINESBYPROPERTIES('1nucAqruWggXF$Fx_eJL6N',#6,$,$,(#4672),#4676);
#4680=IFCMAPPEDITEM(#4427,#1706);
#4681=IFCSHAPEREPRESENTATION(#15,'Body','MappedRepresentation',(#4680));
#4682=IFCPRODUCTDEFINITIONSHAPE($,$,(#4681));
#4683=IFCCARTESIANPOINT((23578.785745378864,-20283.638670240231,-4000.));
#4684=IFCAXIS2PLACEMENT3D(#4683,$,$);
#4685=IFCLOCALPLACEMENT(#28,#4684);
#4686=IFCCOLUMN('2pNQm$eHn1$wzB9nyPhlN2',#6,'Column:200x200:326718',$,$,#4685,#4682,'326718');
#4687=IFCPROPERTYSET('1GVSzq04ar46tFzCU0cG57',#6,'Pset_ColumnCommon',$,(#82,#83,#2406));
#4688=IFCPROPERTYSET('2Nf0QWtHMM3gCv48tjPItc',#6,'Pset_QuantityTakeOff',$,(#2406));
#4689=IFCPROPERTYSINGLEVALUE('Reference',$,IFCLABEL('200x200'),$);
#4690=IFCPROPERTYSET('3gzPARgusjUWoO3OMx2qFi',#6,'Pset_ReinforcementBarPitchOfColumn',$,(#4689));
#4691=IFCRELDEFINESBYPROPERTIES('0RGzX3SetP0WJeWdf_DfZ9',#6,$,$,(#4686),#4687);
#4692=IFCRELDEFINESBYPROPERTIES('0KP9timlWeiWVWFA8NZUY_',#6,$,$,(#4686),#4688);
#4693=IFCRELDEFINESBYPROPERTIES('3wGrIp4HehQueZaNc9UZNv',#6,$,$,(#4686),#4690);
#4694=IFCMAPPEDITEM(#4427,#1706);
#4695=IFCSHAPEREPRESENTATION(#15,'Body','MappedRepresentation',(#4694));
#4696=IFCPRODUCTDEFINITIONSHAPE($,$,(#4695));
#4697=IFCCARTESIANPOINT((26778.785745378875,-20283.638670240238,-4000.));
#4698=IFCAXIS2PLACEMENT3D(#4697,$,$);
#4699=IFCLOCALPLACEMENT(#28,#4698);
#4700=IFCCOLUMN('2pNQm$eHn1$wzB9nyPhlN3',#6,'Column:200x200:326719',$,$,#4699,#4696,'326719');
#4701=IFCPROPERTYSET('2Fas0xBJ3p_n5skTIZzTIp',#6,'Pset_ColumnCommon',$,(#82,#83,#2406));
#4702=IFCPROPERTYSET('3b8JFqZ88qpqWq7$0ns9BP',#6,'Pset_QuantityTakeOff',$,(#2406));
#4703=IFCPROPERTYSINGLEVALUE('Reference',$,IFCLABEL('200x200'),$);
#4704=IFCPROPERTYSET('3c7MVYcbJOML8lLU0ggyjz',#6,'Pset_ReinforcementBarPitchOfColumn',$,(#4703));
#4705=IFCRELDEFINESBYPROPERTIES('2GkaGci9w0O66hjX5EP23E',#6,$,$,(#4700),#4701);
#4706=IFCRELDEFINESBYPROPERTIES('3$A7kNd5EQKH7eC5rq61q7',#6,$,$,(#4700),#4702);
#4707=IFCRELDEFINESBYPROPERTIES('0u2fU_ViDp0z9iB$g_BR8x',#6,$,$,(#4700),#4704);
#4708=IFCMAPPEDITEM(#4427,#1706);
#4709=IFCSHAPEREPRESENTATION(#15,'Body','MappedRepresentation',(#4708));
#4710=IFCPRODUCTDEFINITIONSHAPE($,$,(#4709));
#4711=IFCCARTESIANPOINT((30078.785745378889,-20282.638670240245,-4000.));
#4712=IFCAXIS2PLACEMENT3D(#4711,$,$);
#4713=IFCLOCALPLACEMENT(#28,#4712);
#4714=IFCCOLUMN('2pNQm$eHn1$wzB9nyPhlMy',#6,'Column:200x200:326720',$,$,#4713,#4710,'326720');
#4715=IFCPROPERTYSET('12ZXp3nL_GPF2GRtCkSsIv',#6,'Pset_ColumnCommon',$,(#82,#83,#2406));
#4716=IFCPROPERTYSET('1TE3zsaWIMkb8xYA73iMmg',#6,'Pset_QuantityTakeOff',$,(#2406));
#4717=IFCPROPERTYSINGLEVALUE('Reference',$,IFCLABEL('200x200'),$);
#4718=IFCPROPERTYSET('0s4R4DQavsut0Vz6o7nWsB',#6,'Pset_ReinforcementBarPitchOfColumn',$,(#4717));
#4719=IFCRELDEFINESBYPROPERTIES('2cgLl4wVF6lnJMZM5CYpA3',#6,$,$,(#4714),#4715);
#4720=IFCRELDEFINESBYPROPERTIES('1NYxDb5XV7aAdTifSW4vDW',#6,$,$,(#4714),#4716);
#4721=IFCRELDEFINESBYPROPERTIES('2q$qyQdeaEp8im6WT0fQsq',#6,$,$,(#4714),#4718);
#4722=IFCCARTESIANPOINT((0.,0.));
#4723=IFCAXIS2PLACEMENT2D(#4722,#48);
#4724=IFCRECTANGLEPROFILEDEF(.AREA.,'200x300',#4723,300.,200.);
#4725=IFCCARTESIANPOINT((-50.,0.,4000.));
#4726=IFCAXIS2PLACEMENT3D(#4725,#55,#1689);
#4727=IFCEXTRUDEDAREASOLID(#4724,#4726,#55,3500.0000000000005);
#4728=IFCSTYLEDITEM(#4727,(#1695),$);
#4729=IFCSHAPEREPRESENTATION(#15,'Body','SweptSolid',(#4727));
#4730=IFCAXIS2PLACEMENT3D(#10,$,$);
#4731=IFCREPRESENTATIONMAP(#4730,#4729);
#4732=IFCCOLUMNTYPE('1GgSMGs1bDKvotNlTC9KWx',#6,'Column:200x300',$,$,(#4747),(#4731),'312317',$,.COLUMN.);
#4733=IFCMAPPEDITEM(#4731,#1706);
#4734=IFCSHAPEREPRESENTATION(#15,'Body','MappedRepresentation',(#4733));
#4735=IFCPRODUCTDEFINITIONSHAPE($,$,(#4734));
#4736=IFCCARTESIANPOINT((20803.785745378889,-4638.6386702402087,-4000.));
#4737=IFCAXIS2PLACEMENT3D(#4736,$,$);
#4738=IFCLOCALPLACEMENT(#28,#4737);
#4739=IFCCOLUMN('2pNQm$eHn1$wzB9nyPhlMj',#6,'Column:200x300:326737',$,$,#4738,#4735,'326737');
#4740=IFCPROPERTYSET('3BzUWDbLHWeizsehZJdRxz',#6,'Pset_ColumnCommon',$,(#82,#83,#2352));
#4741=IFCPROPERTYSET('3s7pSpRs19uUQxShyoljg_',#6,'Pset_QuantityTakeOff',$,(#2352));
#4742=IFCPROPERTYSINGLEVALUE('Reference',$,IFCLABEL('200x300'),$);
#4743=IFCPROPERTYSET('1pIv5o7sPEULP_2aILKH_B',#6,'Pset_ReinforcementBarPitchOfColumn',$,(#4742));
#4744=IFCRELDEFINESBYPROPERTIES('0yB4Uwof1L4I9xJbpvUs0y',#6,$,$,(#4739),#4740);
#4745=IFCRELDEFINESBYPROPERTIES('1ER10M0cI6F9EFGSEjzuCe',#6,$,$,(#4739),#4741);
#4746=IFCRELDEFINESBYPROPERTIES('1V2zzM6Sm0ct6lV8h6SRL5',#6,$,$,(#4739),#4743);
#4747=IFCPROPERTYSET('3TGbL2I2UIkYeRaBQAu_lM',#6,'Pset_ColumnCommon',$,(#83));
#4748=IFCMAPPEDITEM(#4731,#1706);
#4749=IFCSHAPEREPRESENTATION(#15,'Body','MappedRepresentation',(#4748));
#4750=IFCPRODUCTDEFINITIONSHAPE($,$,(#4749));
#4751=IFCCARTESIANPOINT((20803.785745378889,-11038.638670240211,-4000.));
#4752=IFCAXIS2PLACEMENT3D(#4751,$,$);
#4753=IFCLOCALPLACEMENT(#28,#4752);
#4754=IFCCOLUMN('2pNQm$eHn1$wzB9nyPhlMl',#6,'Column:200x300:326739',$,$,#4753,#4750,'326739');
#4755=IFCPROPERTYSET('0PshNC9k0Jknpzk9AP8Ffd',#6,'Pset_ColumnCommon',$,(#82,#83,#2352));
#4756=IFCPROPERTYSET('0T$_Q0aui6BQLUQOxvKO_5',#6,'Pset_QuantityTakeOff',$,(#2352));
#4757=IFCPROPERTYSINGLEVALUE('Reference',$,IFCLABEL('200x300'),$);
#4758=IFCPROPERTYSET('147S4R5DIvhBGlLyDaiQ5L',#6,'Pset_ReinforcementBarPitchOfColumn',$,(#4757));
#4759=IFCRELDEFINESBYPROPERTIES('3jwF5QCd5ZpNGKQJNUfGIZ',#6,$,$,(#4754),#4755);
#4760=IFCRELDEFINESBYPROPERTIES('2KkVu97PaNMpXkdBWt1zyb',#6,$,$,(#4754),#4756);
#4761=IFCRELDEFINESBYPROPERTIES('2Y1h9E__CrfKq3GcBMQldI',#6,$,$,(#4754),#4758);
#4762=IFCMAPPEDITEM(#4731,#1706);
#4763=IFCSHAPEREPRESENTATION(#15,'Body','MappedRepresentation',(#4762));
#4764=IFCPRODUCTDEFINITIONSHAPE($,$,(#4763));
#4765=IFCCARTESIANPOINT((20803.785745378889,-7838.6386702402779,-4000.));
#4766=IFCAXIS2PLACEMENT3D(#4765,$,$);
#4767=IFCLOCALPLACEMENT(#28,#4766);
#4768=IFCCOLUMN('2pNQm$eHn1$wzB9nyPhlMe',#6,'Column:200x300:326740',$,$,#4767,#4764,'326740');
#4769=IFCPROPERTYSET('0Kuc9WqMjMz0uS945lFSdh',#6,'Pset_ColumnCommon',$,(#82,#83,#2352));
#4770=IFCPROPERTYSET('3mAelw6EU44zyJhtRPoUTY',#6,'Pset_QuantityTakeOff',$,(#2352));
#4771=IFCPROPERTYSINGLEVALUE('Reference',$,IFCLABEL('200x300'),$);
#4772=IFCPROPERTYSET('33Y8k4Vwqr5ehpVQbiJuRF',#6,'Pset_ReinforcementBarPitchOfColumn',$,(#4771));
#4773=IFCRELDEFINESBYPROPERTIES('26bY1Q9koEEJp6a8ByXXzy',#6,$,$,(#4768),#4769);
#4774=IFCRELDEFINESBYPROPERTIES('1yHMXzFcQqvNXqs$cdmLx5',#6,$,$,(#4768),#4770);
#4775=IFCRELDEFINESBYPROPERTIES('3DNBn5jrPhaEcPX6ElJ$pt',#6,$,$,(#4768),#4772);
#4776=IFCMAPPEDITEM(#4731,#1706);
#4777=IFCSHAPEREPRESENTATION(#15,'Body','MappedRepresentation',(#4776));
#4778=IFCPRODUCTDEFINITIONSHAPE($,$,(#4777));
#4779=IFCCARTESIANPOINT((29768.785745378875,-1438.6386702404423,-4000.));
#4780=IFCAXIS2PLACEMENT3D(#4779,$,$);
#4781=IFCLOCALPLACEMENT(#28,#4780);
#4782=IFCCOLUMN('2pNQm$eHn1$wzB9nyPhlMf',#6,'Column:200x300:326741',$,$,#4781,#4778,'326741');
#4783=IFCPROPERTYSET('121JBTQ3Xx18mOmkREC8Rx',#6,'Pset_ColumnCommon',$,(#82,#83,#2352));
#4784=IFCPROPERTYSET('3OWo$fwSzCjfTo8aYsRNO8',#6,'Pset_QuantityTakeOff',$,(#2352));
#4785=IFCPROPERTYSINGLEVALUE('Reference',$,IFCLABEL('200x300'),$);
#4786=IFCPROPERTYSET('22Rx_N2ALh$_gJkNtPGflO',#6,'Pset_ReinforcementBarPitchOfColumn',$,(#4785));
#4787=IFCRELDEFINESBYPROPERTIES('3O1qPBWquTAe2Sgp7pwnR9',#6,$,$,(#4782),#4783);
#4788=IFCRELDEFINESBYPROPERTIES('38qV_Oce$MfBqZu83Q6lBr',#6,$,$,(#4782),#4784);
#4789=IFCRELDEFINESBYPROPERTIES('3JkNDjDYgnk8qfXlY9T1fp',#6,$,$,(#4782),#4786);
#4790=IFCMAPPEDITEM(#4731,#1706);
#4791=IFCSHAPEREPRESENTATION(#15,'Body','MappedRepresentation',(#4790));
#4792=IFCPRODUCTDEFINITIONSHAPE($,$,(#4791));
#4793=IFCCARTESIANPOINT((29768.785745378886,4961.3613297595566,-4000.));
#4794=IFCAXIS2PLACEMENT3D(#4793,$,$);
#4795=IFCLOCALPLACEMENT(#28,#4794);
#4796=IFCCOLUMN('2pNQm$eHn1$wzB9nyPhlMh',#6,'Column:200x300:326743',$,$,#4795,#4792,'326743');
#4797=IFCPROPERTYSET('04GfLG8jFWviC0VBq43Na$',#6,'Pset_ColumnCommon',$,(#82,#83,#2352));
#4798=IFCPROPERTYSET('2Gx7ovvLxPABVXFDdBoMHH',#6,'Pset_QuantityTakeOff',$,(#2352));
#4799=IFCPROPERTYSINGLEVALUE('Reference',$,IFCLABEL('200x300'),$);
#4800=IFCPROPERTYSET('0jV$mbS1b8tyPVwJk9ct79',#6,'Pset_ReinforcementBarPitchOfColumn',$,(#4799));
#4801=IFCRELDEFINESBYPROPERTIES('3QXTb6XkX6zCI8NGuh6kBD',#6,$,$,(#4796),#4797);
#4802=IFCRELDEFINESBYPROPERTIES('09iCybR_fxMZSyK1lmdEDh',#6,$,$,(#4796),#4798);
#4803=IFCRELDEFINESBYPROPERTIES('0sVrX_farNvyj3LUXd7J7i',#6,$,$,(#4796),#4800);
#4804=IFCMAPPEDITEM(#4731,#1706);
#4805=IFCSHAPEREPRESENTATION(#15,'Body','MappedRepresentation',(#4804));
#4806=IFCPRODUCTDEFINITIONSHAPE($,$,(#4805));
#4807=IFCCARTESIANPOINT((20803.785745378871,8161.3613297597576,-4000.));
#4808=IFCAXIS2PLACEMENT3D(#4807,$,$);
#4809=IFCLOCALPLACEMENT(#28,#4808);
#4810=IFCCOLUMN('2pNQm$eHn1$wzB9nyPhlMY',#6,'Column:200x300:326750',$,$,#4809,#4806,'326750');
#4811=IFCPROPERTYSET('0e1tEX0m2WrDNmcD6S4_HE',#6,'Pset_ColumnCommon',$,(#82,#83,#2352));
#4812=IFCPROPERTYSET('2BEdGhXc_lpUslTdNkCTKt',#6,'Pset_QuantityTakeOff',$,(#2352));
#4813=IFCPROPERTYSINGLEVALUE('Reference',$,IFCLABEL('200x300'),$);
#4814=IFCPROPERTYSET('1PAnRQ$oX9WRpgzzjkE1Il',#6,'Pset_ReinforcementBarPitchOfColumn',$,(#4813));
#4815=IFCRELDEFINESBYPROPERTIES('050NVhcoPAU2KgOUxx$Pg_',#6,$,$,(#4810),#4811);
#4816=IFCRELDEFINESBYPROPERTIES('3P8qHiHO8yV_Rl499SGuEF',#6,$,$,(#4810),#4812);
#4817=IFCRELDEFINESBYPROPERTIES('3pmTvOw6Nu1CZJ7bLU0g$o',#6,$,$,(#4810),#4814);
#4818=IFCCARTESIANPOINT((0.,0.));
#4819=IFCAXIS2PLACEMENT2D(#4818,#48);
#4820=IFCRECTANGLEPROFILEDEF(.AREA.,'200x300',#4819,300.,200.);
#4821=IFCCARTESIANPOINT((-50.,0.,4000.));
#4822=IFCAXIS2PLACEMENT3D(#4821,#55,#1689);
#4823=IFCEXTRUDEDAREASOLID(#4820,#4822,#55,3350.0000000000009);
#4824=IFCSTYLEDITEM(#4823,(#1695),$);
#4825=IFCSHAPEREPRESENTATION(#15,'Body','SweptSolid',(#4823));
#4826=IFCAXIS2PLACEMENT3D(#10,$,$);
#4827=IFCREPRESENTATIONMAP(#4826,#4825);
#4828=IFCCOLUMNTYPE('1GgSMGs1bDKvotNlTC9KWw',#6,'Column:200x300',$,$,(#4843),(#4827),'312317',$,.COLUMN.);
#4829=IFCMAPPEDITEM(#4827,#1706);
#4830=IFCSHAPEREPRESENTATION(#15,'Body','MappedRepresentation',(#4829));
#4831=IFCPRODUCTDEFINITIONSHAPE($,$,(#4830));
#4832=IFCCARTESIANPOINT((20193.785745378867,11361.361329759575,-4000.));
#4833=IFCAXIS2PLACEMENT3D(#4832,$,$);
#4834=IFCLOCALPLACEMENT(#28,#4833);
#4835=IFCCOLUMN('2pNQm$eHn1$wzB9nyPhlMZ',#6,'Column:200x300:326751',$,$,#4834,#4831,'326751');
#4836=IFCPROPERTYSET('07By5$o6FwhQwiL0sGbM1T',#6,'Pset_ColumnCommon',$,(#82,#83,#2352));
#4837=IFCPROPERTYSET('2i$wC_vLP41gcQWBPBEGN9',#6,'Pset_QuantityTakeOff',$,(#2352));
#4838=IFCPROPERTYSINGLEVALUE('Reference',$,IFCLABEL('200x300'),$);
#4839=IFCPROPERTYSET('1LkYuNjsdjwBpi7J__WFf9',#6,'Pset_ReinforcementBarPitchOfColumn',$,(#4838));
#4840=IFCRELDEFINESBYPROPERTIES('2C5qXgRRqVihjuTO64k9xX',#6,$,$,(#4835),#4836);
#4841=IFCRELDEFINESBYPROPERTIES('2xC2uscoF5xT_VYbCrxmEp',#6,$,$,(#4835),#4837);
#4842=IFCRELDEFINESBYPROPERTIES('2e_y7Ync9znK2oq_XzUyZr',#6,$,$,(#4835),#4839);
#4843=IFCPROPERTYSET('3wBFvvK0cuSHAmrkvBUc$1',#6,'Pset_ColumnCommon',$,(#83));
#4844=IFCCARTESIANPOINT((0.,0.));
#4845=IFCAXIS2PLACEMENT2D(#4844,#48);
#4846=IFCRECTANGLEPROFILEDEF(.AREA.,'200x380',#4845,380.00000000000006,200.);
#4847=IFCCARTESIANPOINT((-90.,0.,4000.));
#4848=IFCAXIS2PLACEMENT3D(#4847,#55,#1689);
#4849=IFCEXTRUDEDAREASOLID(#4846,#4848,#55,2879.9999999999995);
#4850=IFCSTYLEDITEM(#4849,(#1695),$);
#4851=IFCSHAPEREPRESENTATION(#15,'Body','SweptSolid',(#4849));
#4852=IFCAXIS2PLACEMENT3D(#10,$,$);
#4853=IFCREPRESENTATIONMAP(#4852,#4851);
#4854=IFCCOLUMNTYPE('1GgSMGs1bDKvotNlTC9KWv',#6,'Column:200x380',$,$,(#4869),(#4853),'312710',$,.COLUMN.);
#4855=IFCMAPPEDITEM(#4853,#1706);
#4856=IFCSHAPEREPRESENTATION(#15,'Body','MappedRepresentation',(#4855));
#4857=IFCPRODUCTDEFINITIONSHAPE($,$,(#4856));
#4858=IFCCARTESIANPOINT((30158.785745378875,19681.361329759777,-4000.));
#4859=IFCAXIS2PLACEMENT3D(#4858,$,$);
#4860=IFCLOCALPLACEMENT(#28,#4859);
#4861=IFCCOLUMN('2pNQm$eHn1$wzB9nyPhlMT',#6,'Column:200x380:326753',$,$,#4860,#4857,'326753');
#4862=IFCPROPERTYSET('1_CHAzWa5CP9n_VLc4d2Zu',#6,'Pset_ColumnCommon',$,(#82,#83,#2529));
#4863=IFCPROPERTYSET('16v9kTEN2GNLKj8LIcyRD7',#6,'Pset_QuantityTakeOff',$,(#2529));
#4864=IFCPROPERTYSINGLEVALUE('Reference',$,IFCLABEL('200x380'),$);
#4865=IFCPROPERTYSET('3H4nEjt4VyG73Dvhbgo2dy',#6,'Pset_ReinforcementBarPitchOfColumn',$,(#4864));
#4866=IFCRELDEFINESBYPROPERTIES('2pT0RUiunFA2BDxWcOEApd',#6,$,$,(#4861),#4862);
#4867=IFCRELDEFINESBYPROPERTIES('0oMdYdVjX6vyU4Cj_PjUOe',#6,$,$,(#4861),#4863);
#4868=IFCRELDEFINESBYPROPERTIES('0eVUSvaySI3gKDIxTQ4_Tr',#6,$,$,(#4861),#4865);
#4869=IFCPROPERTYSET('0crYiLJQLz0jFmx3mEsTpv',#6,'Pset_ColumnCommon',$,(#83));
#4870=IFCCARTESIANPOINT((1.4210854715202004E-014,0.));
#4871=IFCAXIS2PLACEMENT2D(#4870,#48);
#4872=IFCRECTANGLEPROFILEDEF(.AREA.,'200x200',#4871,200.,200.00000000000006);
#4873=IFCCARTESIANPOINT((0.,0.,4000.));
#4874=IFCAXIS2PLACEMENT3D(#4873,#55,#1689);
#4875=IFCEXTRUDEDAREASOLID(#4872,#4874,#55,2879.9999999999995);
#4876=IFCSTYLEDITEM(#4875,(#1695),$);
#4877=IFCSHAPEREPRESENTATION(#15,'Body','SweptSolid',(#4875));
#4878=IFCAXIS2PLACEMENT3D(#10,$,$);
#4879=IFCREPRESENTATIONMAP(#4878,#4877);
#4880=IFCCOLUMNTYPE('1GgSMGs1bDKvotNlTC9KWu',#6,'Column:200x200',$,$,(#4895),(#4879),'310266',$,.COLUMN.);
#4881=IFCMAPPEDITEM(#4879,#1706);
#4882=IFCSHAPEREPRESENTATION(#15,'Body','MappedRepresentation',(#4881));
#4883=IFCPRODUCTDEFINITIONSHAPE($,$,(#4882));
#4884=IFCCARTESIANPOINT((26778.785745378947,19681.361329759759,-4000.));
#4885=IFCAXIS2PLACEMENT3D(#4884,$,$);
#4886=IFCLOCALPLACEMENT(#28,#4885);
#4887=IFCCOLUMN('2pNQm$eHn1$wzB9nyPhlMU',#6,'Column:200x200:326754',$,$,#4886,#4883,'326754');
#4888=IFCPROPERTYSET('3J46OFpmyybFNjao5FNYgU',#6,'Pset_ColumnCommon',$,(#82,#83,#2406));
#4889=IFCPROPERTYSET('1mKjTgz9IzwP6CSrBLZSU_',#6,'Pset_QuantityTakeOff',$,(#2406));
#4890=IFCPROPERTYSINGLEVALUE('Reference',$,IFCLABEL('200x200'),$);
#4891=IFCPROPERTYSET('048roflT16Xw4Nk6jFur2C',#6,'Pset_ReinforcementBarPitchOfColumn',$,(#4890));
#4892=IFCRELDEFINESBYPROPERTIES('2MmzP$CWLde5xKOZqAtIxD',#6,$,$,(#4887),#4888);
#4893=IFCRELDEFINESBYPROPERTIES('0ivatq4AdP0mhq92ir0a7x',#6,$,$,(#4887),#4889);
#4894=IFCRELDEFINESBYPROPERTIES('3S$XEbLp1D_zooRsjDPtms',#6,$,$,(#4887),#4891);
#4895=IFCPROPERTYSET('1$hddpS1lirRglvQ5jJopy',#6,'Pset_ColumnCommon',$,(#83));
#4896=IFCMAPPEDITEM(#4879,#1706);
#4897=IFCSHAPEREPRESENTATION(#15,'Body','MappedRepresentation',(#4896));
#4898=IFCPRODUCTDEFINITIONSHAPE($,$,(#4897));
#4899=IFCCARTESIANPOINT((23578.785745378937,19681.361329759759,-4000.));
#4900=IFCAXIS2PLACEMENT3D(#4899,$,$);
#4901=IFCLOCALPLACEMENT(#28,#4900);
#4902=IFCCOLUMN('2pNQm$eHn1$wzB9nyPhlMV',#6,'Column:200x200:326755',$,$,#4901,#4898,'326755');
#4903=IFCPROPERTYSET('0lwPPo7KycIr22nHnJAFJf',#6,'Pset_ColumnCommon',$,(#82,#83,#2406));
#4904=IFCPROPERTYSET('0fnC39054mjXDHt45mDiwR',#6,'Pset_QuantityTakeOff',$,(#2406));
#4905=IFCPROPERTYSINGLEVALUE('Reference',$,IFCLABEL('200x200'),$);
#4906=IFCPROPERTYSET('1o1AqD09slZiXsUPK2iwKN',#6,'Pset_ReinforcementBarPitchOfColumn',$,(#4905));
#4907=IFCRELDEFINESBYPROPERTIES('10e$ZClSWWR9vpGbpYjAmJ',#6,$,$,(#4902),#4903);
#4908=IFCRELDEFINESBYPROPERTIES('0O1yRxlmXWa2WCEyZq6cSC',#6,$,$,(#4902),#4904);
#4909=IFCRELDEFINESBYPROPERTIES('1XHQxdEk$AD559UsJMuouA',#6,$,$,(#4902),#4906);
#4910=IFCMAPPEDITEM(#4879,#1706);
#4911=IFCSHAPEREPRESENTATION(#15,'Body','MappedRepresentation',(#4910));
#4912=IFCPRODUCTDEFINITIONSHAPE($,$,(#4911));
#4913=IFCCARTESIANPOINT((20378.785745378937,19681.361329759762,-4000.));
#4914=IFCAXIS2PLACEMENT3D(#4913,$,$);
#4915=IFCLOCALPLACEMENT(#28,#4914);
#4916=IFCCOLUMN('2pNQm$eHn1$wzB9nyPhlMO',#6,'Column:200x200:326756',$,$,#4915,#4912,'326756');
#4917=IFCPROPERTYSET('2y0BR6EHgmsqUbUboemXfm',#6,'Pset_ColumnCommon',$,(#82,#83,#2406));
#4918=IFCPROPERTYSET('1EcPAmfCTB4zP7KcLA07gH',#6,'Pset_QuantityTakeOff',$,(#2406));
#4919=IFCPROPERTYSINGLEVALUE('Reference',$,IFCLABEL('200x200'),$);
#4920=IFCPROPERTYSET('2UQhVMhzIXsP368l8makqu',#6,'Pset_ReinforcementBarPitchOfColumn',$,(#4919));
#4921=IFCRELDEFINESBYPROPERTIES('2_AlbbYPS4q1D6ag17O6lU',#6,$,$,(#4916),#4917);
#4922=IFCRELDEFINESBYPROPERTIES('2Ymnbpx05z2Agfg8uEszys',#6,$,$,(#4916),#4918);
#4923=IFCRELDEFINESBYPROPERTIES('2NeBwhuVKVipbMtPzZdYZf',#6,$,$,(#4916),#4920);
#4924=IFCCARTESIANPOINT((1.4210854715202004E-014,0.));
#4925=IFCAXIS2PLACEMENT2D(#4924,#48);
#4926=IFCRECTANGLEPROFILEDEF(.AREA.,'200x200',#4925,200.,200.00000000000006);
#4927=IFCCARTESIANPOINT((0.,0.,4000.));
#4928=IFCAXIS2PLACEMENT3D(#4927,#55,#1689);
#4929=IFCEXTRUDEDAREASOLID(#4926,#4928,#55,2900.);
#4930=IFCSTYLEDITEM(#4929,(#1695),$);
#4931=IFCSHAPEREPRESENTATION(#15,'Body','SweptSolid',(#4929));
#4932=IFCAXIS2PLACEMENT3D(#10,$,$);
#4933=IFCREPRESENTATIONMAP(#4932,#4931);
#4934=IFCCOLUMNTYPE('1GgSMGs1bDKvotNlTC9KW$',#6,'Column:200x200',$,$,(#4949),(#4933),'310266',$,.COLUMN.);
#4935=IFCMAPPEDITEM(#4933,#1706);
#4936=IFCSHAPEREPRESENTATION(#15,'Body','MappedRepresentation',(#4935));
#4937=IFCPRODUCTDEFINITIONSHAPE($,$,(#4936));
#4938=IFCCARTESIANPOINT((17178.785745378933,19681.361329759762,-4000.));
#4939=IFCAXIS2PLACEMENT3D(#4938,$,$);
#4940=IFCLOCALPLACEMENT(#28,#4939);
#4941=IFCCOLUMN('2pNQm$eHn1$wzB9nyPhlMP',#6,'Column:200x200:326757',$,$,#4940,#4937,'326757');
#4942=IFCPROPERTYSET('3jeLGoZ722NP$7KyPO1RHC',#6,'Pset_ColumnCommon',$,(#82,#83,#2406));
#4943=IFCPROPERTYSET('3myubOvs$AtPnajqmy99_r',#6,'Pset_QuantityTakeOff',$,(#2406));
#4944=IFCPROPERTYSINGLEVALUE('Reference',$,IFCLABEL('200x200'),$);
#4945=IFCPROPERTYSET('1QYh6tRSl5U3qmECXZjxUS',#6,'Pset_ReinforcementBarPitchOfColumn',$,(#4944));
#4946=IFCRELDEFINESBYPROPERTIES('1Nf3jTqvQ77dJAwHEyQ5Ki',#6,$,$,(#4941),#4942);
#4947=IFCRELDEFINESBYPROPERTIES('2lBRtdZhUnB5QM6Drcd9X4',#6,$,$,(#4941),#4943);
#4948=IFCRELDEFINESBYPROPERTIES('3ZltrnxhlNNQwoL1zq$WQp',#6,$,$,(#4941),#4945);
#4949=IFCPROPERTYSET('0z8aykOuWLAFn1I8Yk8nqK',#6,'Pset_ColumnCommon',$,(#83));
#4950=IFCMAPPEDITEM(#4933,#1706);
#4951=IFCSHAPEREPRESENTATION(#15,'Body','MappedRepresentation',(#4950));
#4952=IFCPRODUCTDEFINITIONSHAPE($,$,(#4951));
#4953=IFCCARTESIANPOINT((13978.785745378933,19681.361329759777,-4000.));
#4954=IFCAXIS2PLACEMENT3D(#4953,$,$);
#4955=IFCLOCALPLACEMENT(#28,#4954);
#4956=IFCCOLUMN('2pNQm$eHn1$wzB9nyPhlMQ',#6,'Column:200x200:326758',$,$,#4955,#4952,'326758');
#4957=IFCPROPERTYSET('20WaGif_UG6MPd0ZH2dKHN',#6,'Pset_ColumnCommon',$,(#82,#83,#2406));
#4958=IFCPROPERTYSET('3MskSCBp0MW3yh0VxrzL2o',#6,'Pset_QuantityTakeOff',$,(#2406));
#4959=IFCPROPERTYSINGLEVALUE('Reference',$,IFCLABEL('200x200'),$);
#4960=IFCPROPERTYSET('3lpwh8NkR6MId3tI2axRyW',#6,'Pset_ReinforcementBarPitchOfColumn',$,(#4959));
#4961=IFCRELDEFINESBYPROPERTIES('23I9_a6VARO3s$yOT1UXNn',#6,$,$,(#4956),#4957);
#4962=IFCRELDEFINESBYPROPERTIES('1JbP8DZNIX1hiMA5LI9S2E',#6,$,$,(#4956),#4958);
#4963=IFCRELDEFINESBYPROPERTIES('3Cn8Q5pwg5W3vrNKc845le',#6,$,$,(#4956),#4960);
#4964=IFCMAPPEDITEM(#4933,#1706);
#4965=IFCSHAPEREPRESENTATION(#15,'Body','MappedRepresentation',(#4964));
#4966=IFCPRODUCTDEFINITIONSHAPE($,$,(#4965));
#4967=IFCCARTESIANPOINT((10778.785745378933,19681.361329759784,-4000.));
#4968=IFCAXIS2PLACEMENT3D(#4967,$,$);
#4969=IFCLOCALPLACEMENT(#28,#4968);
#4970=IFCCOLUMN('2pNQm$eHn1$wzB9nyPhlMR',#6,'Column:200x200:326759',$,$,#4969,#4966,'326759');
#4971=IFCPROPERTYSET('1p9y7nzgsO4EZwg_DiG7Ge',#6,'Pset_ColumnCommon',$,(#82,#83,#2406));
#4972=IFCPROPERTYSET('3t5rrnnWMMRi9nIyuVRirG',#6,'Pset_QuantityTakeOff',$,(#2406));
#4973=IFCPROPERTYSINGLEVALUE('Reference',$,IFCLABEL('200x200'),$);
#4974=IFCPROPERTYSET('1wIM27KatB3vBA$iLEeHNy',#6,'Pset_ReinforcementBarPitchOfColumn',$,(#4973));
#4975=IFCRELDEFINESBYPROPERTIES('0PF5sGpOTeLvMa52ysqNGt',#6,$,$,(#4970),#4971);
#4976=IFCRELDEFINESBYPROPERTIES('2vbC4GrlICIpnetNYhi7NH',#6,$,$,(#4970),#4972);
#4977=IFCRELDEFINESBYPROPERTIES('19waH8xf_wKzP2yA0M0GRS',#6,$,$,(#4970),#4974);
#4978=IFCMAPPEDITEM(#4933,#1706);
#4979=IFCSHAPEREPRESENTATION(#15,'Body','MappedRepresentation',(#4978));
#4980=IFCPRODUCTDEFINITIONSHAPE($,$,(#4979));
#4981=IFCCARTESIANPOINT((7578.785745378932,19681.361329759791,-4000.));
#4982=IFCAXIS2PLACEMENT3D(#4981,$,$);
#4983=IFCLOCALPLACEMENT(#28,#4982);
#4984=IFCCOLUMN('2pNQm$eHn1$wzB9nyPhlMK',#6,'Column:200x200:326760',$,$,#4983,#4980,'326760');
#4985=IFCPROPERTYSET('3ShrC4UFCM9zadt8wdmqW$',#6,'Pset_ColumnCommon',$,(#82,#83,#2406));
#4986=IFCPROPERTYSET('1xolV8uFCswokrlpKDJQ$L',#6,'Pset_QuantityTakeOff',$,(#2406));
#4987=IFCPROPERTYSINGLEVALUE('Reference',$,IFCLABEL('200x200'),$);
#4988=IFCPROPERTYSET('3RHjV0xajF3U3Hc8HbBz3Z',#6,'Pset_ReinforcementBarPitchOfColumn',$,(#4987));
#4989=IFCRELDEFINESBYPROPERTIES('2z5tP3owHaoRcnRAmSu8JP',#6,$,$,(#4984),#4985);
#4990=IFCRELDEFINESBYPROPERTIES('2g8yZPZfvKwndw4KTByYgv',#6,$,$,(#4984),#4986);
#4991=IFCRELDEFINESBYPROPERTIES('0hYMNW4BHT2sK9Yj7N$CuP',#6,$,$,(#4984),#4988);
#4992=IFCMAPPEDITEM(#4933,#1706);
#4993=IFCSHAPEREPRESENTATION(#15,'Body','MappedRepresentation',(#4992));
#4994=IFCPRODUCTDEFINITIONSHAPE($,$,(#4993));
#4995=IFCCARTESIANPOINT((4378.7857453789229,19681.361329759806,-4000.));
#4996=IFCAXIS2PLACEMENT3D(#4995,$,$);
#4997=IFCLOCALPLACEMENT(#28,#4996);
#4998=IFCCOLUMN('2pNQm$eHn1$wzB9nyPhlML',#6,'Column:200x200:326761',$,$,#4997,#4994,'326761');
#4999=IFCPROPERTYSET('0HvrfDWQdqhxdkBhcPHIjY',#6,'Pset_ColumnCommon',$,(#82,#83,#2406));
#5000=IFCPROPERTYSET('2Voud5BNIDQ_agsr_AgCfU',#6,'Pset_QuantityTakeOff',$,(#2406));
#5001=IFCPROPERTYSINGLEVALUE('Reference',$,IFCLABEL('200x200'),$);
#5002=IFCPROPERTYSET('1A$20pi0pp$fpceidyac9e',#6,'Pset_ReinforcementBarPitchOfColumn',$,(#5001));
#5003=IFCRELDEFINESBYPROPERTIES('1chJGyYO6svUiOMYrieKKo',#6,$,$,(#4998),#4999);
#5004=IFCRELDEFINESBYPROPERTIES('0x3RAfOfCqsbIVOKh9LczY',#6,$,$,(#4998),#5000);
#5005=IFCRELDEFINESBYPROPERTIES('0OsVoJXaBixQxCmXQvNT4O',#6,$,$,(#4998),#5002);
#5006=IFCMAPPEDITEM(#4933,#1706);
#5007=IFCSHAPEREPRESENTATION(#15,'Body','MappedRepresentation',(#5006));
#5008=IFCPRODUCTDEFINITIONSHAPE($,$,(#5007));
#5009=IFCCARTESIANPOINT((1178.7857453789152,19681.36132975982,-4000.));
#5010=IFCAXIS2PLACEMENT3D(#5009,$,$);
#5011=IFCLOCALPLACEMENT(#28,#5010);
#5012=IFCCOLUMN('2pNQm$eHn1$wzB9nyPhlMM',#6,'Column:200x200:326762',$,$,#5011,#5008,'326762');
#5013=IFCPROPERTYSET('1_Aia_aD6Gd7LFcocEWpdw',#6,'Pset_ColumnCommon',$,(#82,#83,#2406));
#5014=IFCPROPERTYSET('2bmwxkKVPjjesKJJbtEXr4',#6,'Pset_QuantityTakeOff',$,(#2406));
#5015=IFCPROPERTYSINGLEVALUE('Reference',$,IFCLABEL('200x200'),$);
#5016=IFCPROPERTYSET('2wzpaWgmADgoyvl5Utvb8U',#6,'Pset_ReinforcementBarPitchOfColumn',$,(#5015));
#5017=IFCRELDEFINESBYPROPERTIES('3_$a95O9$l0TnbUHUUr_8d',#6,$,$,(#5012),#5013);
#5018=IFCRELDEFINESBYPROPERTIES('0zp5BYdOzPCVWufsHkqioZ',#6,$,$,(#5012),#5014);
#5019=IFCRELDEFINESBYPROPERTIES('1nuD0Q$GtUzDx1Soo3NtMT',#6,$,$,(#5012),#5016);
#5020=IFCMAPPEDITEM(#4933,#1706);
#5021=IFCSHAPEREPRESENTATION(#15,'Body','MappedRepresentation',(#5020));
#5022=IFCPRODUCTDEFINITIONSHAPE($,$,(#5021));
#5023=IFCCARTESIANPOINT((-2021.214254621085,19681.361329759828,-4000.));
#5024=IFCAXIS2PLACEMENT3D(#5023,$,$);
#5025=IFCLOCALPLACEMENT(#28,#5024);
#5026=IFCCOLUMN('2pNQm$eHn1$wzB9nyPhlMN',#6,'Column:200x200:326763',$,$,#5025,#5022,'326763');
#5027=IFCPROPERTYSET('37wm_iE$n7NzKZNdIHn$41',#6,'Pset_ColumnCommon',$,(#82,#83,#2406));
#5028=IFCPROPERTYSET('2BkOeMc8HOxfDfn5X29HEx',#6,'Pset_QuantityTakeOff',$,(#2406));
#5029=IFCPROPERTYSINGLEVALUE('Reference',$,IFCLABEL('200x200'),$);
#5030=IFCPROPERTYSET('3ye6Sjn23kxk4cRRAOzpRR',#6,'Pset_ReinforcementBarPitchOfColumn',$,(#5029));
#5031=IFCRELDEFINESBYPROPERTIES('1VZqEEyxOK7kD1deWU9L3Y',#6,$,$,(#5026),#5027);
#5032=IFCRELDEFINESBYPROPERTIES('3fCz55M_sIAWgn84sG25mF',#6,$,$,(#5026),#5028);
#5033=IFCRELDEFINESBYPROPERTIES('0A0tSsHbnJmPwwDHRpd1x$',#6,$,$,(#5026),#5030);
#5034=IFCMAPPEDITEM(#4933,#1706);
#5035=IFCSHAPEREPRESENTATION(#15,'Body','MappedRepresentation',(#5034));
#5036=IFCPRODUCTDEFINITIONSHAPE($,$,(#5035));
#5037=IFCCARTESIANPOINT((-5221.2142546210853,19681.361329759835,-4000.));
#5038=IFCAXIS2PLACEMENT3D(#5037,$,$);
#5039=IFCLOCALPLACEMENT(#28,#5038);
#5040=IFCCOLUMN('2pNQm$eHn1$wzB9nyPhlMG',#6,'Column:200x200:326764',$,$,#5039,#5036,'326764');
#5041=IFCPROPERTYSET('0uxML989r95GNrdSw9kEI1',#6,'Pset_ColumnCommon',$,(#82,#83,#2406));
#5042=IFCPROPERTYSET('1x5Hk8vMqLemBECLoAiIUZ',#6,'Pset_QuantityTakeOff',$,(#2406));
#5043=IFCPROPERTYSINGLEVALUE('Reference',$,IFCLABEL('200x200'),$);
#5044=IFCPROPERTYSET('0N4QjAF0zMU9WohvsrZI1f',#6,'Pset_ReinforcementBarPitchOfColumn',$,(#5043));
#5045=IFCRELDEFINESBYPROPERTIES('3hsZvVdc2Ua8SFBWMjBmeB',#6,$,$,(#5040),#5041);
#5046=IFCRELDEFINESBYPROPERTIES('04BecA0NrGmwKm4C$Uxlvr',#6,$,$,(#5040),#5042);
#5047=IFCRELDEFINESBYPROPERTIES('0IZAHlSb9h1ESQiL74kG6U',#6,$,$,(#5040),#5044);
#5048=IFCMAPPEDITEM(#4933,#1706);
#5049=IFCSHAPEREPRESENTATION(#15,'Body','MappedRepresentation',(#5048));
#5050=IFCPRODUCTDEFINITIONSHAPE($,$,(#5049));
#5051=IFCCARTESIANPOINT((-8421.2142546210944,19681.361329759849,-4000.));
#5052=IFCAXIS2PLACEMENT3D(#5051,$,$);
#5053=IFCLOCALPLACEMENT(#28,#5052);
#5054=IFCCOLUMN('2pNQm$eHn1$wzB9nyPhlMH',#6,'Column:200x200:326765',$,$,#5053,#5050,'326765');
#5055=IFCPROPERTYSET('3dmEFin$58lnx36_4$$Qoj',#6,'Pset_ColumnCommon',$,(#82,#83,#2406));
#5056=IFCPROPERTYSET('09NI8$tAj8MLOpd75Hqkrx',#6,'Pset_QuantityTakeOff',$,(#2406));
#5057=IFCPROPERTYSINGLEVALUE('Reference',$,IFCLABEL('200x200'),$);
#5058=IFCPROPERTYSET('3lVK9GKM5utnXtY9H2822Z',#6,'Pset_ReinforcementBarPitchOfColumn',$,(#5057));
#5059=IFCRELDEFINESBYPROPERTIES('2VN6YobWlxuLIX6ysxlwHb',#6,$,$,(#5054),#5055);
#5060=IFCRELDEFINESBYPROPERTIES('1P00Y0UdobWz8zaPpCicp_',#6,$,$,(#5054),#5056);
#5061=IFCRELDEFINESBYPROPERTIES('17SBXmkt0YikFhtSuGvZgT',#6,$,$,(#5054),#5058);
#5062=IFCMAPPEDITEM(#4933,#1706);
#5063=IFCSHAPEREPRESENTATION(#15,'Body','MappedRepresentation',(#5062));
#5064=IFCPRODUCTDEFINITIONSHAPE($,$,(#5063));
#5065=IFCCARTESIANPOINT((-11621.214254621094,19681.36132975986,-4000.));
#5066=IFCAXIS2PLACEMENT3D(#5065,$,$);
#5067=IFCLOCALPLACEMENT(#28,#5066);
#5068=IFCCOLUMN('2pNQm$eHn1$wzB9nyPhlMI',#6,'Column:200x200:326766',$,$,#5067,#5064,'326766');
#5069=IFCPROPERTYSET('2XLhVjf08XOk_COEWBs64K',#6,'Pset_ColumnCommon',$,(#82,#83,#2406));
#5070=IFCPROPERTYSET('3_mXCGOnKqEEBFhA1_B0LG',#6,'Pset_QuantityTakeOff',$,(#2406));
#5071=IFCPROPERTYSINGLEVALUE('Reference',$,IFCLABEL('200x200'),$);
#5072=IFCPROPERTYSET('2j8CQRgTI3Q9EsEtQfoTDK',#6,'Pset_ReinforcementBarPitchOfColumn',$,(#5071));
#5073=IFCRELDEFINESBYPROPERTIES('1Vcfqxlw0aJKvpMW5UJ_SG',#6,$,$,(#5068),#5069);
#5074=IFCRELDEFINESBYPROPERTIES('0wT2OjP0hzORLt6oLw$Gg8',#6,$,$,(#5068),#5070);
#5075=IFCRELDEFINESBYPROPERTIES('05JriRhRRgcfbM_Lascv1I',#6,$,$,(#5068),#5072);
#5076=IFCMAPPEDITEM(#4933,#1706);
#5077=IFCSHAPEREPRESENTATION(#15,'Body','MappedRepresentation',(#5076));
#5078=IFCPRODUCTDEFINITIONSHAPE($,$,(#5077));
#5079=IFCCARTESIANPOINT((-14821.214254621094,19681.361329759871,-4000.));
#5080=IFCAXIS2PLACEMENT3D(#5079,$,$);
#5081=IFCLOCALPLACEMENT(#28,#5080);
#5082=IFCCOLUMN('2pNQm$eHn1$wzB9nyPhlMJ',#6,'Column:200x200:326767',$,$,#5081,#5078,'326767');
#5083=IFCPROPERTYSET('00X$t35xjXj1qJMbEL4CXS',#6,'Pset_ColumnCommon',$,(#82,#83,#2406));
#5084=IFCPROPERTYSET('19nyuGfthvejgSMqohOorK',#6,'Pset_QuantityTakeOff',$,(#2406));
#5085=IFCPROPERTYSINGLEVALUE('Reference',$,IFCLABEL('200x200'),$);
#5086=IFCPROPERTYSET('00iIRg8JGuROWGzxRkm8pv',#6,'Pset_ReinforcementBarPitchOfColumn',$,(#5085));
#5087=IFCRELDEFINESBYPROPERTIES('1POzTKHzcqTlDr6on4x5HG',#6,$,$,(#5082),#5083);
#5088=IFCRELDEFINESBYPROPERTIES('0XwmRVRPJPj1AaRGT7kzrz',#6,$,$,(#5082),#5084);
#5089=IFCRELDEFINESBYPROPERTIES('1PtpUeSxysuFFXflUwAuWL',#6,$,$,(#5082),#5086);
#5090=IFCMAPPEDITEM(#4933,#1706);
#5091=IFCSHAPEREPRESENTATION(#15,'Body','MappedRepresentation',(#5090));
#5092=IFCPRODUCTDEFINITIONSHAPE($,$,(#5091));
#5093=IFCCARTESIANPOINT((-18021.214254621096,19681.361329759879,-4000.));
#5094=IFCAXIS2PLACEMENT3D(#5093,$,$);
#5095=IFCLOCALPLACEMENT(#28,#5094);
#5096=IFCCOLUMN('2pNQm$eHn1$wzB9nyPhlMC',#6,'Column:200x200:326768',$,$,#5095,#5092,'326768');
#5097=IFCPROPERTYSET('2kDaTgu1ePkxH285sFEt9R',#6,'Pset_ColumnCommon',$,(#82,#83,#2406));
#5098=IFCPROPERTYSET('0lEYeGkXw6qL4kQKFxIdvy',#6,'Pset_QuantityTakeOff',$,(#2406));
#5099=IFCPROPERTYSINGLEVALUE('Reference',$,IFCLABEL('200x200'),$);
#5100=IFCPROPERTYSET('3$ISX5ohbzQwMCoYvS7SfI',#6,'Pset_ReinforcementBarPitchOfColumn',$,(#5099));
#5101=IFCRELDEFINESBYPROPERTIES('036prAWf5sApBEWZ6WhHVI',#6,$,$,(#5096),#5097);
#5102=IFCRELDEFINESBYPROPERTIES('2ceYQSsFWRVnc5A4ZP8io0',#6,$,$,(#5096),#5098);
#5103=IFCRELDEFINESBYPROPERTIES('1ERx$8BKUekJwFkwD16z$z',#6,$,$,(#5096),#5100);
#5104=IFCMAPPEDITEM(#4933,#1706);
#5105=IFCSHAPEREPRESENTATION(#15,'Body','MappedRepresentation',(#5104));
#5106=IFCPRODUCTDEFINITIONSHAPE($,$,(#5105));
#5107=IFCCARTESIANPOINT((-21221.214254621093,19681.361329759893,-4000.));
#5108=IFCAXIS2PLACEMENT3D(#5107,$,$);
#5109=IFCLOCALPLACEMENT(#28,#5108);
#5110=IFCCOLUMN('2pNQm$eHn1$wzB9nyPhlMD',#6,'Column:200x200:326769',$,$,#5109,#5106,'326769');
#5111=IFCPROPERTYSET('3uHH2w9eD2tTGDBCm_JeHj',#6,'Pset_ColumnCommon',$,(#82,#83,#2406));
#5112=IFCPROPERTYSET('0qCGAV1WG1uhKeiX$sfLhE',#6,'Pset_QuantityTakeOff',$,(#2406));
#5113=IFCPROPERTYSINGLEVALUE('Reference',$,IFCLABEL('200x200'),$);
#5114=IFCPROPERTYSET('2UOYCg63fZyvka$X81X1DI',#6,'Pset_ReinforcementBarPitchOfColumn',$,(#5113));
#5115=IFCRELDEFINESBYPROPERTIES('2T_GINGMNVncf3lW9kuDOC',#6,$,$,(#5110),#5111);
#5116=IFCRELDEFINESBYPROPERTIES('2J9U6JSmhu2zi4lFYsXImI',#6,$,$,(#5110),#5112);
#5117=IFCRELDEFINESBYPROPERTIES('3UxP5ge$LgmnNJIHwHve2l',#6,$,$,(#5110),#5114);
#5118=IFCMAPPEDITEM(#4933,#1706);
#5119=IFCSHAPEREPRESENTATION(#15,'Body','MappedRepresentation',(#5118));
#5120=IFCPRODUCTDEFINITIONSHAPE($,$,(#5119));
#5121=IFCCARTESIANPOINT((-24421.214254621093,19681.361329759904,-4000.));
#5122=IFCAXIS2PLACEMENT3D(#5121,$,$);
#5123=IFCLOCALPLACEMENT(#28,#5122);
#5124=IFCCOLUMN('2pNQm$eHn1$wzB9nyPhlME',#6,'Column:200x200:326770',$,$,#5123,#5120,'326770');
#5125=IFCPROPERTYSET('1xzJDUQai39G15_TNg9fkq',#6,'Pset_ColumnCommon',$,(#82,#83,#2406));
#5126=IFCPROPERTYSET('2sWcnPd0yaXK$RXdQeiipS',#6,'Pset_QuantityTakeOff',$,(#2406));
#5127=IFCPROPERTYSINGLEVALUE('Reference',$,IFCLABEL('200x200'),$);
#5128=IFCPROPERTYSET('1zuoVjwE5u8dEH5$D5qzfO',#6,'Pset_ReinforcementBarPitchOfColumn',$,(#5127));
#5129=IFCRELDEFINESBYPROPERTIES('3ofPMx4PnLD7iZv20CBtkh',#6,$,$,(#5124),#5125);
#5130=IFCRELDEFINESBYPROPERTIES('33YHtNe1sob980Y$Q0Lv8r',#6,$,$,(#5124),#5126);
#5131=IFCRELDEFINESBYPROPERTIES('190fCdPY4iaeiCvPXanW5m',#6,$,$,(#5124),#5128);
#5132=IFCMAPPEDITEM(#4933,#1706);
#5133=IFCSHAPEREPRESENTATION(#15,'Body','MappedRepresentation',(#5132));
#5134=IFCPRODUCTDEFINITIONSHAPE($,$,(#5133));
#5135=IFCCARTESIANPOINT((-27621.2142546211,19681.361329759915,-4000.));
#5136=IFCAXIS2PLACEMENT3D(#5135,$,$);
#5137=IFCLOCALPLACEMENT(#28,#5136);
#5138=IFCCOLUMN('2pNQm$eHn1$wzB9nyPhlMF',#6,'Column:200x200:326771',$,$,#5137,#5134,'326771');
#5139=IFCPROPERTYSET('1tIYdEktvLslEu8W1SJ8Ok',#6,'Pset_ColumnCommon',$,(#82,#83,#2406));
#5140=IFCPROPERTYSET('1ieumbKq1cU9CB9x6O2jus',#6,'Pset_QuantityTakeOff',$,(#2406));
#5141=IFCPROPERTYSINGLEVALUE('Reference',$,IFCLABEL('200x200'),$);
#5142=IFCPROPERTYSET('0hvxwjFcqE6FySx3gk5oRx',#6,'Pset_ReinforcementBarPitchOfColumn',$,(#5141));
#5143=IFCRELDEFINESBYPROPERTIES('3EjLFD9jd1hNIWw8NwMFaC',#6,$,$,(#5138),#5139);
#5144=IFCRELDEFINESBYPROPERTIES('2YZGtZ_br45FBr0IPNqaf2',#6,$,$,(#5138),#5140);
#5145=IFCRELDEFINESBYPROPERTIES('3Fz8zgs_pCZ0A4kAOHTNRG',#6,$,$,(#5138),#5142);
#5146=IFCMAPPEDITEM(#4933,#1706);
#5147=IFCSHAPEREPRESENTATION(#15,'Body','MappedRepresentation',(#5146));
#5148=IFCPRODUCTDEFINITIONSHAPE($,$,(#5147));
#5149=IFCCARTESIANPOINT((-30821.2142546211,19681.361329759922,-4000.));
#5150=IFCAXIS2PLACEMENT3D(#5149,$,$);
#5151=IFCLOCALPLACEMENT(#28,#5150);
#5152=IFCCOLUMN('2pNQm$eHn1$wzB9nyPhlM8',#6,'Column:200x200:326772',$,$,#5151,#5148,'326772');
#5153=IFCPROPERTYSET('2sklSMXzoxajQDEXNgC$ha',#6,'Pset_ColumnCommon',$,(#82,#83,#2406));
#5154=IFCPROPERTYSET('0so3fSwS0quBj_85UwCsVM',#6,'Pset_QuantityTakeOff',$,(#2406));
#5155=IFCPROPERTYSINGLEVALUE('Reference',$,IFCLABEL('200x200'),$);
#5156=IFCPROPERTYSET('0NnEoDhIn6wg3evIcF7lND',#6,'Pset_ReinforcementBarPitchOfColumn',$,(#5155));
#5157=IFCRELDEFINESBYPROPERTIES('2TZY5FNv0_cPP0zuwfmqpY',#6,$,$,(#5152),#5153);
#5158=IFCRELDEFINESBYPROPERTIES('0zUpO8RWvHcUNVzKx5UVPO',#6,$,$,(#5152),#5154);
#5159=IFCRELDEFINESBYPROPERTIES('2hvaaO3ldOjpbqGtMPP3gA',#6,$,$,(#5152),#5156);
#5160=IFCCARTESIANPOINT((0.,0.));
#5161=IFCAXIS2PLACEMENT2D(#5160,#48);
#5162=IFCRECTANGLEPROFILEDEF(.AREA.,'200x380',#5161,380.00000000000006,200.);
#5163=IFCCARTESIANPOINT((-90.,0.,4000.));
#5164=IFCAXIS2PLACEMENT3D(#5163,#55,#1689);
#5165=IFCEXTRUDEDAREASOLID(#5162,#5164,#55,2900.);
#5166=IFCSTYLEDITEM(#5165,(#1695),$);
#5167=IFCSHAPEREPRESENTATION(#15,'Body','SweptSolid',(#5165));
#5168=IFCAXIS2PLACEMENT3D(#10,$,$);
#5169=IFCREPRESENTATIONMAP(#5168,#5167);
#5170=IFCCOLUMNTYPE('3HkFCfaT99ex6xHFlqJYkT',#6,'Column:200x380',$,$,(#5185),(#5169),'312710',$,.COLUMN.);
#5171=IFCMAPPEDITEM(#5169,#1706);
#5172=IFCSHAPEREPRESENTATION(#15,'Body','MappedRepresentation',(#5171));
#5173=IFCPRODUCTDEFINITIONSHAPE($,$,(#5172));
#5174=IFCCARTESIANPOINT((-33931.214254621023,19681.361329759762,-4000.));
#5175=IFCAXIS2PLACEMENT3D(#5174,$,$);
#5176=IFCLOCALPLACEMENT(#28,#5175);
#5177=IFCCOLUMN('2pNQm$eHn1$wzB9nyPhlM9',#6,'Column:200x380:326773',$,$,#5176,#5173,'326773');
#5178=IFCPROPERTYSET('3dBtHeuBiUCyzdOSW6ouk9',#6,'Pset_ColumnCommon',$,(#82,#83,#2529));
#5179=IFCPROPERTYSET('2q$ewbIJ2mlSqfERyhdHYe',#6,'Pset_QuantityTakeOff',$,(#2529));
#5180=IFCPROPERTYSINGLEVALUE('Reference',$,IFCLABEL('200x380'),$);
#5181=IFCPROPERTYSET('1H7FbTqbyVqWsym$q3ArNg',#6,'Pset_ReinforcementBarPitchOfColumn',$,(#5180));
#5182=IFCRELDEFINESBYPROPERTIES('1xpo49VfkQWucVEw$9$yuX',#6,$,$,(#5177),#5178);
#5183=IFCRELDEFINESBYPROPERTIES('0zgL0o070PNGEI6V1OyP7J',#6,$,$,(#5177),#5179);
#5184=IFCRELDEFINESBYPROPERTIES('2mrDxBQC94H_UV4lSpRc2u',#6,$,$,(#5177),#5181);
#5185=IFCPROPERTYSET('17uTkIIoaz87aLNoev$Zn6',#6,'Pset_ColumnCommon',$,(#83));
#5186=IFCMAPPEDITEM(#4827,#1706);
#5187=IFCSHAPEREPRESENTATION(#15,'Body','MappedRepresentation',(#5186));
#5188=IFCPRODUCTDEFINITIONSHAPE($,$,(#5187));
#5189=IFCCARTESIANPOINT((-30771.214254621122,11361.361329759748,-4000.));
#5190=IFCAXIS2PLACEMENT3D(#5189,$,$);
#5191=IFCLOCALPLACEMENT(#28,#5190);
#5192=IFCCOLUMN('2pNQm$eHn1$wzB9nyPhlMA',#6,'Column:200x300:326774',$,$,#5191,#5188,'326774');
#5193=IFCPROPERTYSET('2oFehpXZ6XxTLHUtu75OQM',#6,'Pset_ColumnCommon',$,(#82,#83,#2352));
#5194=IFCPROPERTYSET('0I8BbKDZ6CQYESz6ktjKFu',#6,'Pset_QuantityTakeOff',$,(#2352));
#5195=IFCPROPERTYSINGLEVALUE('Reference',$,IFCLABEL('200x300'),$);
#5196=IFCPROPERTYSET('0In0OUkhMHtVdCta8Os7XQ',#6,'Pset_ReinforcementBarPitchOfColumn',$,(#5195));
#5197=IFCRELDEFINESBYPROPERTIES('0CufnSaKP6HcnMlHzuOi1L',#6,$,$,(#5192),#5193);
#5198=IFCRELDEFINESBYPROPERTIES('0jxYrEvOGMOfUPEOaYHzEg',#6,$,$,(#5192),#5194);
#5199=IFCRELDEFINESBYPROPERTIES('2Q4lO5ALyPcpuFo$$irY5q',#6,$,$,(#5192),#5196);
#5200=IFCMAPPEDITEM(#4827,#1706);
#5201=IFCSHAPEREPRESENTATION(#15,'Body','MappedRepresentation',(#5200));
#5202=IFCPRODUCTDEFINITIONSHAPE($,$,(#5201));
#5203=IFCCARTESIANPOINT((-27571.214254621122,11361.361329759737,-4000.));
#5204=IFCAXIS2PLACEMENT3D(#5203,$,$);
#5205=IFCLOCALPLACEMENT(#28,#5204);
#5206=IFCCOLUMN('2pNQm$eHn1$wzB9nyPhlMB',#6,'Column:200x300:326775',$,$,#5205,#5202,'326775');
#5207=IFCPROPERTYSET('0a1g5M_i0XCcWXo1YOEqpn',#6,'Pset_ColumnCommon',$,(#82,#83,#2352));
#5208=IFCPROPERTYSET('3yP84b0IZG6sL6ttqk$R6h',#6,'Pset_QuantityTakeOff',$,(#2352));
#5209=IFCPROPERTYSINGLEVALUE('Reference',$,IFCLABEL('200x300'),$);
#5210=IFCPROPERTYSET('2XgC9tBz92T_GlxP218qSj',#6,'Pset_ReinforcementBarPitchOfColumn',$,(#5209));
#5211=IFCRELDEFINESBYPROPERTIES('3HCorakqtjXiryQAQeHmP1',#6,$,$,(#5206),#5207);
#5212=IFCRELDEFINESBYPROPERTIES('2ZvVxwFWJw8ged12A$zTAF',#6,$,$,(#5206),#5208);
#5213=IFCRELDEFINESBYPROPERTIES('3SkF9Bgnt2h9XiL2P3FJrV',#6,$,$,(#5206),#5210);
#5214=IFCMAPPEDITEM(#4827,#1706);
#5215=IFCSHAPEREPRESENTATION(#15,'Body','MappedRepresentation',(#5214));
#5216=IFCPRODUCTDEFINITIONSHAPE($,$,(#5215));
#5217=IFCCARTESIANPOINT((-21171.214254621111,11361.361329759715,-4000.));
#5218=IFCAXIS2PLACEMENT3D(#5217,$,$);
#5219=IFCLOCALPLACEMENT(#28,#5218);
#5220=IFCCOLUMN('2pNQm$eHn1$wzB9nyPhlM4',#6,'Column:200x300:326776',$,$,#5219,#5216,'326776');
#5221=IFCPROPERTYSET('0_osyZzAHUWZeoZG9T4EyX',#6,'Pset_ColumnCommon',$,(#82,#83,#2352));
#5222=IFCPROPERTYSET('2HRkn8bz34xvIWEgT7zHHB',#6,'Pset_QuantityTakeOff',$,(#2352));
#5223=IFCPROPERTYSINGLEVALUE('Reference',$,IFCLABEL('200x300'),$);
#5224=IFCPROPERTYSET('1zrgalufujd0Rg9D4ELTeU',#6,'Pset_ReinforcementBarPitchOfColumn',$,(#5223));
#5225=IFCRELDEFINESBYPROPERTIES('22EQN_BWHMFZMaBuiaOMVF',#6,$,$,(#5220),#5221);
#5226=IFCRELDEFINESBYPROPERTIES('3MDw6UOWuQnis3pAAknGfP',#6,$,$,(#5220),#5222);
#5227=IFCRELDEFINESBYPROPERTIES('2giLMSejNRXWrlikNl_nsS',#6,$,$,(#5220),#5224);
#5228=IFCMAPPEDITEM(#4827,#1706);
#5229=IFCSHAPEREPRESENTATION(#15,'Body','MappedRepresentation',(#5228));
#5230=IFCPRODUCTDEFINITIONSHAPE($,$,(#5229));
#5231=IFCCARTESIANPOINT((-17971.214254621111,11361.361329759704,-4000.));
#5232=IFCAXIS2PLACEMENT3D(#5231,$,$);
#5233=IFCLOCALPLACEMENT(#28,#5232);
#5234=IFCCOLUMN('2pNQm$eHn1$wzB9nyPhlM5',#6,'Column:200x300:326777',$,$,#5233,#5230,'326777');
#5235=IFCPROPERTYSET('2k806sF63crxmn1o_tXqFZ',#6,'Pset_ColumnCommon',$,(#82,#83,#2352));
#5236=IFCPROPERTYSET('1Vp$sDQjaf7B0Ts7DnVadj',#6,'Pset_QuantityTakeOff',$,(#2352));
#5237=IFCPROPERTYSINGLEVALUE('Reference',$,IFCLABEL('200x300'),$);
#5238=IFCPROPERTYSET('0s1$xO69WdnpEzZf83868V',#6,'Pset_ReinforcementBarPitchOfColumn',$,(#5237));
#5239=IFCRELDEFINESBYPROPERTIES('284BdbGFusgHdMJxjOc46p',#6,$,$,(#5234),#5235);
#5240=IFCRELDEFINESBYPROPERTIES('3oogudD9OuVwlr7rbIe6yv',#6,$,$,(#5234),#5236);
#5241=IFCRELDEFINESBYPROPERTIES('0gwqB5x2bHfYU3pv8im2h_',#6,$,$,(#5234),#5238);
#5242=IFCMAPPEDITEM(#4827,#1706);
#5243=IFCSHAPEREPRESENTATION(#15,'Body','MappedRepresentation',(#5242));
#5244=IFCPRODUCTDEFINITIONSHAPE($,$,(#5243));
#5245=IFCCARTESIANPOINT((-14771.214254621111,11361.361329759693,-4000.));
#5246=IFCAXIS2PLACEMENT3D(#5245,$,$);
#5247=IFCLOCALPLACEMENT(#28,#5246);
#5248=IFCCOLUMN('2pNQm$eHn1$wzB9nyPhlM6',#6,'Column:200x300:326778',$,$,#5247,#5244,'326778');
#5249=IFCPROPERTYSET('08Rus5YDVMn_hHhj8oUeqS',#6,'Pset_ColumnCommon',$,(#82,#83,#2352));
#5250=IFCPROPERTYSET('38VFpJ4b7UjY9FQzapvXBs',#6,'Pset_QuantityTakeOff',$,(#2352));
#5251=IFCPROPERTYSINGLEVALUE('Reference',$,IFCLABEL('200x300'),$);
#5252=IFCPROPERTYSET('2m7yHWGotiTZ1Sz$K364fz',#6,'Pset_ReinforcementBarPitchOfColumn',$,(#5251));
#5253=IFCRELDEFINESBYPROPERTIES('2WMr1KC5YPcFRxBmbzk$jY',#6,$,$,(#5248),#5249);
#5254=IFCRELDEFINESBYPROPERTIES('0gcxbgGNWstsp9OxeleiLl',#6,$,$,(#5248),#5250);
#5255=IFCRELDEFINESBYPROPERTIES('2jnFv$F0lI_I0mlAUqOwFZ',#6,$,$,(#5248),#5252);
#5256=IFCMAPPEDITEM(#4827,#1706);
#5257=IFCSHAPEREPRESENTATION(#15,'Body','MappedRepresentation',(#5256));
#5258=IFCPRODUCTDEFINITIONSHAPE($,$,(#5257));
#5259=IFCCARTESIANPOINT((-8371.2142546211107,11361.361329759673,-4000.));
#5260=IFCAXIS2PLACEMENT3D(#5259,$,$);
#5261=IFCLOCALPLACEMENT(#28,#5260);
#5262=IFCCOLUMN('2pNQm$eHn1$wzB9nyPhlM7',#6,'Column:200x300:326779',$,$,#5261,#5258,'326779');
#5263=IFCPROPERTYSET('0vCExOSAF7am8dS6HPOU5V',#6,'Pset_ColumnCommon',$,(#82,#83,#2352));
#5264=IFCPROPERTYSET('00iK_M0N_XUR6BQS2Xfc4G',#6,'Pset_QuantityTakeOff',$,(#2352));
#5265=IFCPROPERTYSINGLEVALUE('Reference',$,IFCLABEL('200x300'),$);
#5266=IFCPROPERTYSET('2WVhVdLRZNCrgqlDFaa2Kz',#6,'Pset_ReinforcementBarPitchOfColumn',$,(#5265));
#5267=IFCRELDEFINESBYPROPERTIES('3Z4sYdM$i6wSOuGCOjZ21C',#6,$,$,(#5262),#5263);
#5268=IFCRELDEFINESBYPROPERTIES('0$uttn0WzFNWTxLyyC4b4n',#6,$,$,(#5262),#5264);
#5269=IFCRELDEFINESBYPROPERTIES('2YqcnZhsgmAhSBI54oYUBK',#6,$,$,(#5262),#5266);
#5270=IFCMAPPEDITEM(#4827,#1706);
#5271=IFCSHAPEREPRESENTATION(#15,'Body','MappedRepresentation',(#5270));
#5272=IFCPRODUCTDEFINITIONSHAPE($,$,(#5271));
#5273=IFCCARTESIANPOINT((-5171.2142546211016,11361.361329759662,-4000.));
#5274=IFCAXIS2PLACEMENT3D(#5273,$,$);
#5275=IFCLOCALPLACEMENT(#28,#5274);
#5276=IFCCOLUMN('2pNQm$eHn1$wzB9nyPhlM0',#6,'Column:200x300:326780',$,$,#5275,#5272,'326780');
#5277=IFCPROPERTYSET('18Rs1Mj8w6wyIf8hwmUzIx',#6,'Pset_ColumnCommon',$,(#82,#83,#2352));
#5278=IFCPROPERTYSET('1nH5hlidOen9n9ptbwIToa',#6,'Pset_QuantityTakeOff',$,(#2352));
#5279=IFCPROPERTYSINGLEVALUE('Reference',$,IFCLABEL('200x300'),$);
#5280=IFCPROPERTYSET('2Wi$NVrAnn4v4Qfnmk4a34',#6,'Pset_ReinforcementBarPitchOfColumn',$,(#5279));
#5281=IFCRELDEFINESBYPROPERTIES('0YrTWG4Z_JN5wUxeHHnVJL',#6,$,$,(#5276),#5277);
#5282=IFCRELDEFINESBYPROPERTIES('0rNUac1lzKc8SRA$WSmIr9',#6,$,$,(#5276),#5278);
#5283=IFCRELDEFINESBYPROPERTIES('0Gxdal6o_KoW4_vsKjOqbJ',#6,$,$,(#5276),#5280);
#5284=IFCMAPPEDITEM(#4827,#1706);
#5285=IFCSHAPEREPRESENTATION(#15,'Body','MappedRepresentation',(#5284));
#5286=IFCPRODUCTDEFINITIONSHAPE($,$,(#5285));
#5287=IFCCARTESIANPOINT((-1971.2142546211012,11361.361329759651,-4000.));
#5288=IFCAXIS2PLACEMENT3D(#5287,$,$);
#5289=IFCLOCALPLACEMENT(#28,#5288);
#5290=IFCCOLUMN('2pNQm$eHn1$wzB9nyPhlM1',#6,'Column:200x300:326781',$,$,#5289,#5286,'326781');
#5291=IFCPROPERTYSET('29xp1mtP7XdTCtAtQTMe_u',#6,'Pset_ColumnCommon',$,(#82,#83,#2352));
#5292=IFCPROPERTYSET('3leaGCMeu2ryIn6aBFLliG',#6,'Pset_QuantityTakeOff',$,(#2352));
#5293=IFCPROPERTYSINGLEVALUE('Reference',$,IFCLABEL('200x300'),$);
#5294=IFCPROPERTYSET('1aMN2_qU6EYD_WEhrP6wqS',#6,'Pset_ReinforcementBarPitchOfColumn',$,(#5293));
#5295=IFCRELDEFINESBYPROPERTIES('3ea88O0XKFZ$tHCh9OR8Wl',#6,$,$,(#5290),#5291);
#5296=IFCRELDEFINESBYPROPERTIES('022Wue$kSql$VqxB_XMqtm',#6,$,$,(#5290),#5292);
#5297=IFCRELDEFINESBYPROPERTIES('0xRUOFURl6iyDljEBCifVI',#6,$,$,(#5290),#5294);
#5298=IFCMAPPEDITEM(#4827,#1706);
#5299=IFCSHAPEREPRESENTATION(#15,'Body','MappedRepresentation',(#5298));
#5300=IFCPRODUCTDEFINITIONSHAPE($,$,(#5299));
#5301=IFCCARTESIANPOINT((4428.7857453788993,11361.361329759629,-4000.));
#5302=IFCAXIS2PLACEMENT3D(#5301,$,$);
#5303=IFCLOCALPLACEMENT(#28,#5302);
#5304=IFCCOLUMN('2pNQm$eHn1$wzB9nyPhlM2',#6,'Column:200x300:326782',$,$,#5303,#5300,'326782');
#5305=IFCPROPERTYSET('3ylcyeaywXtg3IoYffHZV7',#6,'Pset_ColumnCommon',$,(#82,#83,#2352));
#5306=IFCPROPERTYSET('1HScY6FGxuGSO7dFPXWsN_',#6,'Pset_QuantityTakeOff',$,(#2352));
#5307=IFCPROPERTYSINGLEVALUE('Reference',$,IFCLABEL('200x300'),$);
#5308=IFCPROPERTYSET('3wpEe5U3Hq30sLV9n0jkNC',#6,'Pset_ReinforcementBarPitchOfColumn',$,(#5307));
#5309=IFCRELDEFINESBYPROPERTIES('1UR$KPvwD7dqL6YVv3MnEL',#6,$,$,(#5304),#5305);
#5310=IFCRELDEFINESBYPROPERTIES('1lkNgGvmUjZ191mi1zVe5B',#6,$,$,(#5304),#5306);
#5311=IFCRELDEFINESBYPROPERTIES('0HNrzuZP_AWVKcRM156aRS',#6,$,$,(#5304),#5308);
#5312=IFCMAPPEDITEM(#4827,#1706);
#5313=IFCSHAPEREPRESENTATION(#15,'Body','MappedRepresentation',(#5312));
#5314=IFCPRODUCTDEFINITIONSHAPE($,$,(#5313));
#5315=IFCCARTESIANPOINT((7628.7857453789084,11361.361329759618,-4000.));
#5316=IFCAXIS2PLACEMENT3D(#5315,$,$);
#5317=IFCLOCALPLACEMENT(#28,#5316);
#5318=IFCCOLUMN('2pNQm$eHn1$wzB9nyPhlM3',#6,'Column:200x300:326783',$,$,#5317,#5314,'326783');
#5319=IFCPROPERTYSET('3kEg$FNkyyO1gFoDc6rxZk',#6,'Pset_ColumnCommon',$,(#82,#83,#2352));
#5320=IFCPROPERTYSET('2EUDDBMsmDCZsOWRD_9nPW',#6,'Pset_QuantityTakeOff',$,(#2352));
#5321=IFCPROPERTYSINGLEVALUE('Reference',$,IFCLABEL('200x300'),$);
#5322=IFCPROPERTYSET('0fNJcF5_stnfBaloyntkiW',#6,'Pset_ReinforcementBarPitchOfColumn',$,(#5321));
#5323=IFCRELDEFINESBYPROPERTIES('3z2NO1EW1ZIB4IpuR0g7iR',#6,$,$,(#5318),#5319);
#5324=IFCRELDEFINESBYPROPERTIES('14RiWE3BiOb728sFZUBqY$',#6,$,$,(#5318),#5320);
#5325=IFCRELDEFINESBYPROPERTIES('0kmJ9mxcuz3lLJ6pNEk66g',#6,$,$,(#5318),#5322);
#5326=IFCMAPPEDITEM(#4827,#1706);
#5327=IFCSHAPEREPRESENTATION(#15,'Body','MappedRepresentation',(#5326));
#5328=IFCPRODUCTDEFINITIONSHAPE($,$,(#5327));
#5329=IFCCARTESIANPOINT((10828.785745378907,11361.361329759608,-4000.));
#5330=IFCAXIS2PLACEMENT3D(#5329,$,$);
#5331=IFCLOCALPLACEMENT(#28,#5330);
#5332=IFCCOLUMN('2pNQm$eHn1$wzB9nyPhlLy',#6,'Column:200x300:326784',$,$,#5331,#5328,'326784');
#5333=IFCPROPERTYSET('1QVHkyftqhNjNMzuAtryj$',#6,'Pset_ColumnCommon',$,(#82,#83,#2352));
#5334=IFCPROPERTYSET('16pG0_dGWcr7MhDcJvR9wS',#6,'Pset_QuantityTakeOff',$,(#2352));
#5335=IFCPROPERTYSINGLEVALUE('Reference',$,IFCLABEL('200x300'),$);
#5336=IFCPROPERTYSET('3R_0fdsxbgR3yr6RZ5rNkv',#6,'Pset_ReinforcementBarPitchOfColumn',$,(#5335));
#5337=IFCRELDEFINESBYPROPERTIES('2tgxAUd7gnKtrV$3_RcNIZ',#6,$,$,(#5332),#5333);
#5338=IFCRELDEFINESBYPROPERTIES('3Tla2VYKgXHfJEH6Y2dHYR',#6,$,$,(#5332),#5334);
#5339=IFCRELDEFINESBYPROPERTIES('1WiWaF$NM1n57126glmSCF',#6,$,$,(#5332),#5336);
#5340=IFCMAPPEDITEM(#4827,#1706);
#5341=IFCSHAPEREPRESENTATION(#15,'Body','MappedRepresentation',(#5340));
#5342=IFCPRODUCTDEFINITIONSHAPE($,$,(#5341));
#5343=IFCCARTESIANPOINT((17228.785745378907,11361.361329759586,-4000.));
#5344=IFCAXIS2PLACEMENT3D(#5343,$,$);
#5345=IFCLOCALPLACEMENT(#28,#5344);
#5346=IFCCOLUMN('2pNQm$eHn1$wzB9nyPhlLz',#6,'Column:200x300:326785',$,$,#5345,#5342,'326785');
#5347=IFCPROPERTYSET('0ogH2wLsAqfJbw6uqEgSaP',#6,'Pset_ColumnCommon',$,(#82,#83,#2352));
#5348=IFCPROPERTYSET('2AxDH2oGWh4N0jd9o$ap$K',#6,'Pset_QuantityTakeOff',$,(#2352));
#5349=IFCPROPERTYSINGLEVALUE('Reference',$,IFCLABEL('200x300'),$);
#5350=IFCPROPERTYSET('2XJru1mw7vGjzIzC691vZW',#6,'Pset_ReinforcementBarPitchOfColumn',$,(#5349));
#5351=IFCRELDEFINESBYPROPERTIES('0yE$sYpY7s8iL$EHlbeop_',#6,$,$,(#5346),#5347);
#5352=IFCRELDEFINESBYPROPERTIES('3IZZzX78t3bY8RittxoGie',#6,$,$,(#5346),#5348);
#5353=IFCRELDEFINESBYPROPERTIES('02SmHzN5hMJL$_6X9tCOBh',#6,$,$,(#5346),#5350);
#5354=IFCCARTESIANPOINT((0.,0.));
#5355=IFCAXIS2PLACEMENT2D(#5354,#48);
#5356=IFCRECTANGLEPROFILEDEF(.AREA.,'200x1090',#5355,1090.,200.);
#5357=IFCCARTESIANPOINT((-445.,0.,4000.));
#5358=IFCAXIS2PLACEMENT3D(#5357,#55,#1689);
#5359=IFCEXTRUDEDAREASOLID(#5356,#5358,#55,3350.0000000000009);
#5360=IFCSTYLEDITEM(#5359,(#1695),$);
#5361=IFCSHAPEREPRESENTATION(#15,'Body','SweptSolid',(#5359));
#5362=IFCAXIS2PLACEMENT3D(#10,$,$);
#5363=IFCREPRESENTATIONMAP(#5362,#5361);
#5364=IFCCOLUMNTYPE('1GgSMGs1bDKvotNlTC9KWz',#6,'Column:200x1090',$,$,(#5379),(#5363),'313511',$,.COLUMN.);
#5365=IFCMAPPEDITEM(#5363,#1706);
#5366=IFCSHAPEREPRESENTATION(#15,'Body','MappedRepresentation',(#5365));
#5367=IFCPRODUCTDEFINITIONSHAPE($,$,(#5366));
#5368=IFCCARTESIANPOINT((-10781.214254621116,11361.36132975968,-4000.));
#5369=IFCAXIS2PLACEMENT3D(#5368,$,$);
#5370=IFCLOCALPLACEMENT(#28,#5369);
#5371=IFCCOLUMN('2pNQm$eHn1$wzB9nyPhlL_',#6,'Column:200x1090:326786',$,$,#5370,#5367,'326786');
#5372=IFCPROPERTYSET('0dUv1iwL69rmvHExnVUxIq',#6,'Pset_ColumnCommon',$,(#82,#83,#3016));
#5373=IFCPROPERTYSET('2Wwfcw7EXAAeyqCrXc1Htn',#6,'Pset_QuantityTakeOff',$,(#3016));
#5374=IFCPROPERTYSINGLEVALUE('Reference',$,IFCLABEL('200x1090'),$);
#5375=IFCPROPERTYSET('1XDykzDp7lv8o_JGfB29An',#6,'Pset_ReinforcementBarPitchOfColumn',$,(#5374));
#5376=IFCRELDEFINESBYPROPERTIES('2iHN0WPljh6Xbw8KB199F0',#6,$,$,(#5371),#5372);
#5377=IFCRELDEFINESBYPROPERTIES('0w4NM0LJwoh7l9cEM1zHu6',#6,$,$,(#5371),#5373);
#5378=IFCRELDEFINESBYPROPERTIES('0e0BApPwgOqUY4PJ1wW9Ds',#6,$,$,(#5371),#5375);
#5379=IFCPROPERTYSET('3LwFU011KsPA7sgNDaco2I',#6,'Pset_ColumnCommon',$,(#83));
#5380=IFCMAPPEDITEM(#5363,#1706);
#5381=IFCSHAPEREPRESENTATION(#15,'Body','MappedRepresentation',(#5380));
#5382=IFCPRODUCTDEFINITIONSHAPE($,$,(#5381));
#5383=IFCCARTESIANPOINT((2018.7857453788836,11361.36132975964,-4000.));
#5384=IFCAXIS2PLACEMENT3D(#5383,$,$);
#5385=IFCLOCALPLACEMENT(#28,#5384);
#5386=IFCCOLUMN('2pNQm$eHn1$wzB9nyPhlL$',#6,'Column:200x1090:326787',$,$,#5385,#5382,'326787');
#5387=IFCPROPERTYSET('2mKcl67PaE6ZQdEvwZCDnA',#6,'Pset_ColumnCommon',$,(#82,#83,#3016));
#5388=IFCPROPERTYSET('0MmvEKP09Imfxd1qUiQGjF',#6,'Pset_QuantityTakeOff',$,(#3016));
#5389=IFCPROPERTYSINGLEVALUE('Reference',$,IFCLABEL('200x1090'),$);
#5390=IFCPROPERTYSET('0pUZVKyfKbu9QhddM63NbG',#6,'Pset_ReinforcementBarPitchOfColumn',$,(#5389));
#5391=IFCRELDEFINESBYPROPERTIES('3VAtWlIGiSdlffge$GnAIP',#6,$,$,(#5386),#5387);
#5392=IFCRELDEFINESBYPROPERTIES('0G6ZkOJaLsvb8YT$JW$S9x',#6,$,$,(#5386),#5388);
#5393=IFCRELDEFINESBYPROPERTIES('1heuMkiCt5MFTlzPIa0TEs',#6,$,$,(#5386),#5390);
#5394=IFCMAPPEDITEM(#5363,#1706);
#5395=IFCSHAPEREPRESENTATION(#15,'Body','MappedRepresentation',(#5394));
#5396=IFCPRODUCTDEFINITIONSHAPE($,$,(#5395));
#5397=IFCCARTESIANPOINT((14818.785745378867,11361.361329759598,-4000.));
#5398=IFCAXIS2PLACEMENT3D(#5397,$,$);
#5399=IFCLOCALPLACEMENT(#28,#5398);
#5400=IFCCOLUMN('2pNQm$eHn1$wzB9nyPhlLu',#6,'Column:200x1090:326788',$,$,#5399,#5396,'326788');
#5401=IFCPROPERTYSET('1v8uSJqu_ntXk3$MzJdFwX',#6,'Pset_ColumnCommon',$,(#82,#83,#3016));
#5402=IFCPROPERTYSET('12IzXebp0SF_upAlDzt3iO',#6,'Pset_QuantityTakeOff',$,(#3016));
#5403=IFCPROPERTYSINGLEVALUE('Reference',$,IFCLABEL('200x1090'),$);
#5404=IFCPROPERTYSET('28Bp9aggEUI$PmVJOnFf8a',#6,'Pset_ReinforcementBarPitchOfColumn',$,(#5403));
#5405=IFCRELDEFINESBYPROPERTIES('3aGxilU_y3cgerBrVVWcDH',#6,$,$,(#5400),#5401);
#5406=IFCRELDEFINESBYPROPERTIES('3e63dWO__E5L5nJ4s6aPjx',#6,$,$,(#5400),#5402);
#5407=IFCRELDEFINESBYPROPERTIES('2qQQnfH5JeOYILfy3u78nr',#6,$,$,(#5400),#5404);
#5408=IFCMAPPEDITEM(#4427,#1706);
#5409=IFCSHAPEREPRESENTATION(#15,'Body','MappedRepresentation',(#5408));
#5410=IFCPRODUCTDEFINITIONSHAPE($,$,(#5409));
#5411=IFCCARTESIANPOINT((-2021.2142546211537,-20283.638670240158,-4000.));
#5412=IFCAXIS2PLACEMENT3D(#5411,$,$);
#5413=IFCLOCALPLACEMENT(#28,#5412);
#5414=IFCCOLUMN('2pNQm$eHn1$wzB9nyPhlLv',#6,'Column:200x200:326789',$,$,#5413,#5410,'326789');
#5415=IFCPROPERTYSET('0lt3m5rpA3Pe2m_Tiwe_$x',#6,'Pset_ColumnCommon',$,(#82,#83,#2406));
#5416=IFCPROPERTYSET('1WKD9$N4M9Ov0dm$EO0Px2',#6,'Pset_QuantityTakeOff',$,(#2406));
#5417=IFCPROPERTYSINGLEVALUE('Reference',$,IFCLABEL('200x200'),$);
#5418=IFCPROPERTYSET('1xLNYqwnTHMjsldeogvpaC',#6,'Pset_ReinforcementBarPitchOfColumn',$,(#5417));
#5419=IFCRELDEFINESBYPROPERTIES('23eSMKgRRrwpyi3iv0LCFa',#6,$,$,(#5414),#5415);
#5420=IFCRELDEFINESBYPROPERTIES('2CClv67goJtZU$ps1kF7R1',#6,$,$,(#5414),#5416);
#5421=IFCRELDEFINESBYPROPERTIES('2lrqbtwDoSv7TrfVEiKXWt',#6,$,$,(#5414),#5418);
#5422=IFCCARTESIANPOINT((0.,0.));
#5423=IFCAXIS2PLACEMENT2D(#5422,#48);
#5424=IFCRECTANGLEPROFILEDEF(.AREA.,'200x380',#5423,380.00000000000006,200.);
#5425=IFCCARTESIANPOINT((-90.,0.,4000.));
#5426=IFCAXIS2PLACEMENT3D(#5425,#55,#1689);
#5427=IFCEXTRUDEDAREASOLID(#5424,#5426,#55,3350.0000000000009);
#5428=IFCSTYLEDITEM(#5427,(#1695),$);
#5429=IFCSHAPEREPRESENTATION(#15,'Body','SweptSolid',(#5427));
#5430=IFCAXIS2PLACEMENT3D(#10,$,$);
#5431=IFCREPRESENTATIONMAP(#5430,#5429);
#5432=IFCCOLUMNTYPE('3HkFCfaT99ex6xHFlqJYkF',#6,'Column:200x380',$,$,(#5447),(#5431),'312710',$,.COLUMN.);
#5433=IFCMAPPEDITEM(#5431,#1706);
#5434=IFCSHAPEREPRESENTATION(#15,'Body','MappedRepresentation',(#5433));
#5435=IFCPRODUCTDEFINITIONSHAPE($,$,(#5434));
#5436=IFCCARTESIANPOINT((-33931.214254621038,11361.361329759759,-4000.));
#5437=IFCAXIS2PLACEMENT3D(#5436,$,$);
#5438=IFCLOCALPLACEMENT(#28,#5437);
#5439=IFCCOLUMN('2pNQm$eHn1$wzB9nyPhlLw',#6,'Column:200x380:326790',$,$,#5438,#5435,'326790');
#5440=IFCPROPERTYSET('0G5MbavD_9Zku9yhNq3Etz',#6,'Pset_ColumnCommon',$,(#82,#83,#2529));
#5441=IFCPROPERTYSET('2fGAQgcXOyY0vub_vWet70',#6,'Pset_QuantityTakeOff',$,(#2529));
#5442=IFCPROPERTYSINGLEVALUE('Reference',$,IFCLABEL('200x380'),$);
#5443=IFCPROPERTYSET('0u9W0VTtLzs94mgP1cOS8y',#6,'Pset_ReinforcementBarPitchOfColumn',$,(#5442));
#5444=IFCRELDEFINESBYPROPERTIES('0Q6F7VUHSyxNCCZ$HkXoBL',#6,$,$,(#5439),#5440);
#5445=IFCRELDEFINESBYPROPERTIES('0Lcaj6aJNoRPa$8gHd0I95',#6,$,$,(#5439),#5441);
#5446=IFCRELDEFINESBYPROPERTIES('0TJ1UODcVTzgkQ13h8OdO_',#6,$,$,(#5439),#5443);
#5447=IFCPROPERTYSET('2JFvYMR7LSM1QN6y3jcVXi',#6,'Pset_ColumnCommon',$,(#83));
#5448=IFCMAPPEDITEM(#5363,#1706);
#5449=IFCSHAPEREPRESENTATION(#15,'Body','MappedRepresentation',(#5448));
#5450=IFCPRODUCTDEFINITIONSHAPE($,$,(#5449));
#5451=IFCCARTESIANPOINT((-23581.214254621118,11361.361329759722,-4000.));
#5452=IFCAXIS2PLACEMENT3D(#5451,$,$);
#5453=IFCLOCALPLACEMENT(#28,#5452);
#5454=IFCCOLUMN('2pNQm$eHn1$wzB9nyPhlLx',#6,'Column:200x1090:326791',$,$,#5453,#5450,'326791');
#5455=IFCPROPERTYSET('04GzJI$Pkx4WCydsXpi8j5',#6,'Pset_ColumnCommon',$,(#82,#83,#3016));
#5456=IFCPROPERTYSET('3sQ52RKakf0DIzu3gfAZXQ',#6,'Pset_QuantityTakeOff',$,(#3016));
#5457=IFCPROPERTYSINGLEVALUE('Reference',$,IFCLABEL('200x1090'),$);
#5458=IFCPROPERTYSET('0EgQa15GWfvE6I17lNh_gw',#6,'Pset_ReinforcementBarPitchOfColumn',$,(#5457));
#5459=IFCRELDEFINESBYPROPERTIES('0sbLYSMefQMbxkeJ1W$11w',#6,$,$,(#5454),#5455);
#5460=IFCRELDEFINESBYPROPERTIES('1hcPsMtaKpFMAdT5jRTebt',#6,$,$,(#5454),#5456);
#5461=IFCRELDEFINESBYPROPERTIES('10raD3BwymIH5E8eo4tI5u',#6,$,$,(#5454),#5458);
#5462=IFCMAPPEDITEM(#4731,#1706);
#5463=IFCSHAPEREPRESENTATION(#15,'Body','MappedRepresentation',(#5462));
#5464=IFCPRODUCTDEFINITIONSHAPE($,$,(#5463));
#5465=IFCCARTESIANPOINT((20803.785745378867,11361.361329759573,-4000.));
#5466=IFCAXIS2PLACEMENT3D(#5465,$,$);
#5467=IFCLOCALPLACEMENT(#28,#5466);
#5468=IFCCOLUMN('2pNQm$eHn1$wzB9nyPhlLq',#6,'Column:200x300:326792',$,$,#5467,#5464,'326792');
#5469=IFCPROPERTYSET('0uBcvf0rgrwbCMJiQWrxZe',#6,'Pset_ColumnCommon',$,(#82,#83,#2352));
#5470=IFCPROPERTYSET('0MI34TLpsXUDtvA0X$vTzy',#6,'Pset_QuantityTakeOff',$,(#2352));
#5471=IFCPROPERTYSINGLEVALUE('Reference',$,IFCLABEL('200x300'),$);
#5472=IFCPROPERTYSET('3gZcM8TQuEDy3QVX6n5qMG',#6,'Pset_ReinforcementBarPitchOfColumn',$,(#5471));
#5473=IFCRELDEFINESBYPROPERTIES('3DOZvwqv7khYiyEGDnHkQ4',#6,$,$,(#5468),#5469);
#5474=IFCRELDEFINESBYPROPERTIES('1MtdT49GlHueiOtKzG_345',#6,$,$,(#5468),#5470);
#5475=IFCRELDEFINESBYPROPERTIES('2M_kQHEZjbZvTPg83OLS5Q',#6,$,$,(#5468),#5472);
#5476=IFCCARTESIANPOINT((0.,0.));
#5477=IFCAXIS2PLACEMENT2D(#5476,#48);
#5478=IFCRECTANGLEPROFILEDEF(.AREA.,'200x240',#5477,200.,240.);
#5479=IFCCARTESIANPOINT((0.,20.,4000.));
#5480=IFCAXIS2PLACEMENT3D(#5479,#55,#1689);
#5481=IFCEXTRUDEDAREASOLID(#5478,#5480,#55,5160.);
#5482=IFCSTYLEDITEM(#5481,(#1695),$);
#5483=IFCSHAPEREPRESENTATION(#15,'Body','SweptSolid',(#5481));
#5484=IFCAXIS2PLACEMENT3D(#10,$,$);
#5485=IFCREPRESENTATIONMAP(#5484,#5483);
#5486=IFCCOLUMNTYPE('1GgSMGs1bDKvotNlTC9KWp',#6,'Column:200x240',$,$,(#5502),(#5485),'327059',$,.COLUMN.);
#5487=IFCMAPPEDITEM(#5485,#1706);
#5488=IFCSHAPEREPRESENTATION(#15,'Body','MappedRepresentation',(#5487));
#5489=IFCPRODUCTDEFINITIONSHAPE($,$,(#5488));
#5490=IFCCARTESIANPOINT((-27621.214254621162,-14238.638670240265,-4000.));
#5491=IFCAXIS2PLACEMENT3D(#5490,$,$);
#5492=IFCLOCALPLACEMENT(#28,#5491);
#5493=IFCCOLUMN('2pNQm$eHn1$wzB9nyPhlHg',#6,'Column:200x240:327062',$,$,#5492,#5489,'327062');
#5494=IFCPROPERTYSINGLEVALUE('Reference',$,IFCIDENTIFIER('200x240'),$);
#5495=IFCPROPERTYSET('1zjAiRbe7OWoJH6PPkilhY',#6,'Pset_ColumnCommon',$,(#82,#83,#5494));
#5496=IFCPROPERTYSET('37uiB3Ow4FMJtz6Mjq8F$L',#6,'Pset_QuantityTakeOff',$,(#5494));
#5497=IFCPROPERTYSINGLEVALUE('Reference',$,IFCLABEL('200x240'),$);
#5498=IFCPROPERTYSET('0eYoHVXV50fV_wROMHjWtL',#6,'Pset_ReinforcementBarPitchOfColumn',$,(#5497));
#5499=IFCRELDEFINESBYPROPERTIES('0dQIBYrcvXJ1Xq1v9iz1kO',#6,$,$,(#5493),#5495);
#5500=IFCRELDEFINESBYPROPERTIES('3z8uI2FXUJo8d9q8WVQX5b',#6,$,$,(#5493),#5496);
#5501=IFCRELDEFINESBYPROPERTIES('1I1mdOUmkbaqzS9IGdiUGo',#6,$,$,(#5493),#5498);
#5502=IFCPROPERTYSET('0jes31T2sG8l0mFD_9KJl0',#6,'Pset_ColumnCommon',$,(#83));
#5503=IFCMAPPEDITEM(#5485,#1706);
#5504=IFCSHAPEREPRESENTATION(#15,'Body','MappedRepresentation',(#5503));
#5505=IFCPRODUCTDEFINITIONSHAPE($,$,(#5504));
#5506=IFCCARTESIANPOINT((-18021.214254621151,-14238.638670240294,-4000.));
#5507=IFCAXIS2PLACEMENT3D(#5506,$,$);
#5508=IFCLOCALPLACEMENT(#28,#5507);
#5509=IFCCOLUMN('2pNQm$eHn1$wzB9nyPhlVz',#6,'Column:200x240:327169',$,$,#5508,#5505,'327169');
#5510=IFCPROPERTYSET('3mSxyhlpT26TwD7nczE_PQ',#6,'Pset_ColumnCommon',$,(#82,#83,#5494));
#5511=IFCPROPERTYSET('0aF$U1GuaAgzkMJ$WZITnk',#6,'Pset_QuantityTakeOff',$,(#5494));
#5512=IFCPROPERTYSINGLEVALUE('Reference',$,IFCLABEL('200x240'),$);
#5513=IFCPROPERTYSET('0dFA1LGBj7oFquxFMTrbcM',#6,'Pset_ReinforcementBarPitchOfColumn',$,(#5512));
#5514=IFCRELDEFINESBYPROPERTIES('10fwiF_mGZGSm8F6UzFYSq',#6,$,$,(#5509),#5510);
#5515=IFCRELDEFINESBYPROPERTIES('3hoqUXmBKvQlpWVASdiGzM',#6,$,$,(#5509),#5511);
#5516=IFCRELDEFINESBYPROPERTIES('1uvWg48a9z_3CCFUgxx34a',#6,$,$,(#5509),#5513);
#5517=IFCMAPPEDITEM(#5485,#1706);
#5518=IFCSHAPEREPRESENTATION(#15,'Body','MappedRepresentation',(#5517));
#5519=IFCPRODUCTDEFINITIONSHAPE($,$,(#5518));
#5520=IFCCARTESIANPOINT((-21221.214254621151,-14238.638670240283,-4000.));
#5521=IFCAXIS2PLACEMENT3D(#5520,$,$);
#5522=IFCLOCALPLACEMENT(#28,#5521);
#5523=IFCCOLUMN('2pNQm$eHn1$wzB9nyPhlR0',#6,'Column:200x240:327484',$,$,#5522,#5519,'327484');
#5524=IFCPROPERTYSET('3aOvWPU382UzWClYTwGdDU',#6,'Pset_ColumnCommon',$,(#82,#83,#5494));
#5525=IFCPROPERTYSET('2cwCfB4kVkPEkBu$UmXuOw',#6,'Pset_QuantityTakeOff',$,(#5494));
#5526=IFCPROPERTYSINGLEVALUE('Reference',$,IFCLABEL('200x240'),$);
#5527=IFCPROPERTYSET('3J2w$KfYPMxDYlu1zZUN1t',#6,'Pset_ReinforcementBarPitchOfColumn',$,(#5526));
#5528=IFCRELDEFINESBYPROPERTIES('27M1KZl6lo4W3M$FB0Xp8T',#6,$,$,(#5523),#5524);
#5529=IFCRELDEFINESBYPROPERTIES('1GOamLBBBt4zRmG$G3TZzY',#6,$,$,(#5523),#5525);
#5530=IFCRELDEFINESBYPROPERTIES('0LScxoqLRhD2_902dSgxpk',#6,$,$,(#5523),#5527);
#5531=IFCMAPPEDITEM(#5485,#1706);
#5532=IFCSHAPEREPRESENTATION(#15,'Body','MappedRepresentation',(#5531));
#5533=IFCPRODUCTDEFINITIONSHAPE($,$,(#5532));
#5534=IFCCARTESIANPOINT((-24421.214254621151,-14238.638670240276,-4000.));
#5535=IFCAXIS2PLACEMENT3D(#5534,$,$);
#5536=IFCLOCALPLACEMENT(#28,#5535);
#5537=IFCCOLUMN('2pNQm$eHn1$wzB9nyPhlPD',#6,'Column:200x240:327601',$,$,#5536,#5533,'327601');
#5538=IFCPROPERTYSET('30PqpbBVvaHIG_m8epxivA',#6,'Pset_ColumnCommon',$,(#82,#83,#5494));
#5539=IFCPROPERTYSET('21L3t9b90b6aZIWjf5rm5q',#6,'Pset_QuantityTakeOff',$,(#5494));
#5540=IFCPROPERTYSINGLEVALUE('Reference',$,IFCLABEL('200x240'),$);
#5541=IFCPROPERTYSET('1sNqbUoCyMBvF7GtkJxMoa',#6,'Pset_ReinforcementBarPitchOfColumn',$,(#5540));
#5542=IFCRELDEFINESBYPROPERTIES('1jrtGS5qA5IU1n4C4cF_S2',#6,$,$,(#5537),#5538);
#5543=IFCRELDEFINESBYPROPERTIES('0WpvpWNdB402$akb4ZMI9L',#6,$,$,(#5537),#5539);
#5544=IFCRELDEFINESBYPROPERTIES('0$sEuwnyQsgfVXqnQKOlRo',#6,$,$,(#5537),#5541);
#5545=IFCMAPPEDITEM(#5485,#1706);
#5546=IFCSHAPEREPRESENTATION(#15,'Body','MappedRepresentation',(#5545));
#5547=IFCPRODUCTDEFINITIONSHAPE($,$,(#5546));
#5548=IFCCARTESIANPOINT((-8421.2142546211508,-14238.638670240327,-4000.));
#5549=IFCAXIS2PLACEMENT3D(#5548,$,$);
#5550=IFCLOCALPLACEMENT(#28,#5549);
#5551=IFCCOLUMN('2pNQm$eHn1$wzB9nyPhmdc',#6,'Column:200x240:327706',$,$,#5550,#5547,'327706');
#5552=IFCPROPERTYSET('2CJC9u4FNjzIauHryylK2O',#6,'Pset_ColumnCommon',$,(#82,#83,#5494));
#5553=IFCPROPERTYSET('0dHXJI4LPlF7CcVevUiqPJ',#6,'Pset_QuantityTakeOff',$,(#5494));
#5554=IFCPROPERTYSINGLEVALUE('Reference',$,IFCLABEL('200x240'),$);
#5555=IFCPROPERTYSET('0mebfioB0dT2g1AH1NMB$A',#6,'Pset_ReinforcementBarPitchOfColumn',$,(#5554));
#5556=IFCRELDEFINESBYPROPERTIES('3K94ZW7oB7gqzRsPWIq7rS',#6,$,$,(#5551),#5552);
#5557=IFCRELDEFINESBYPROPERTIES('2RbRn9WJe$mCI0uKMhGqry',#6,$,$,(#5551),#5553);
#5558=IFCRELDEFINESBYPROPERTIES('30KT$hOLVDU7RJLefzpJhT',#6,$,$,(#5551),#5555);
#5559=IFCMAPPEDITEM(#5485,#1706);
#5560=IFCSHAPEREPRESENTATION(#15,'Body','MappedRepresentation',(#5559));
#5561=IFCPRODUCTDEFINITIONSHAPE($,$,(#5560));
#5562=IFCCARTESIANPOINT((-5221.2142546211417,-14238.638670240338,-4000.));
#5563=IFCAXIS2PLACEMENT3D(#5562,$,$);
#5564=IFCLOCALPLACEMENT(#28,#5563);
#5565=IFCCOLUMN('2pNQm$eHn1$wzB9nyPhmbt',#6,'Column:200x240:327819',$,$,#5564,#5561,'327819');
#5566=IFCPROPERTYSET('0kknUgtLKUsjXLySiOlXeu',#6,'Pset_ColumnCommon',$,(#82,#83,#5494));
#5567=IFCPROPERTYSET('0ALjw$cB73OupGj_AoqAz6',#6,'Pset_QuantityTakeOff',$,(#5494));
#5568=IFCPROPERTYSINGLEVALUE('Reference',$,IFCLABEL('200x240'),$);
#5569=IFCPROPERTYSET('219MD7Ho_AuSPT6oLzSIdT',#6,'Pset_ReinforcementBarPitchOfColumn',$,(#5568));
#5570=IFCRELDEFINESBYPROPERTIES('0l7Oj5ZFjZ3yHpMW92Swbo',#6,$,$,(#5565),#5566);
#5571=IFCRELDEFINESBYPROPERTIES('3rLZkE0tEH6z$zwuuJGlHU',#6,$,$,(#5565),#5567);
#5572=IFCRELDEFINESBYPROPERTIES('1Wf$2bGnZkZHHySK_cnoeK',#6,$,$,(#5565),#5569);
#5573=IFCMAPPEDITEM(#5485,#1706);
#5574=IFCSHAPEREPRESENTATION(#15,'Body','MappedRepresentation',(#5573));
#5575=IFCPRODUCTDEFINITIONSHAPE($,$,(#5574));
#5576=IFCCARTESIANPOINT((-2021.2142546211421,-14238.638670240347,-4000.));
#5577=IFCAXIS2PLACEMENT3D(#5576,$,$);
#5578=IFCLOCALPLACEMENT(#28,#5577);
#5579=IFCCOLUMN('2pNQm$eHn1$wzB9nyPhma8',#6,'Column:200x240:327924',$,$,#5578,#5575,'327924');
#5580=IFCPROPERTYSET('1C_BGFOykC_bZdtE5lb02r',#6,'Pset_ColumnCommon',$,(#82,#83,#5494));
#5581=IFCPROPERTYSET('3dg4_WFv4$5xIyPMeI8X33',#6,'Pset_QuantityTakeOff',$,(#5494));
#5582=IFCPROPERTYSINGLEVALUE('Reference',$,IFCLABEL('200x240'),$);
#5583=IFCPROPERTYSET('1MWeRzPz3t8KqAgVLESh3v',#6,'Pset_ReinforcementBarPitchOfColumn',$,(#5582));
#5584=IFCRELDEFINESBYPROPERTIES('1503DdtTSR6LMBXXCVJniY',#6,$,$,(#5579),#5580);
#5585=IFCRELDEFINESBYPROPERTIES('3bf$uT0uDs6lYqMheQWLCI',#6,$,$,(#5579),#5581);
#5586=IFCRELDEFINESBYPROPERTIES('152tQOsd9rsvc6V7cKuR1X',#6,$,$,(#5579),#5583);
#5587=IFCMAPPEDITEM(#5485,#1706);
#5588=IFCSHAPEREPRESENTATION(#15,'Body','MappedRepresentation',(#5587));
#5589=IFCPRODUCTDEFINITIONSHAPE($,$,(#5588));
#5590=IFCCARTESIANPOINT((1178.7857453788583,-14238.638670240358,-4000.));
#5591=IFCAXIS2PLACEMENT3D(#5590,$,$);
#5592=IFCLOCALPLACEMENT(#28,#5591);
#5593=IFCCOLUMN('2pNQm$eHn1$wzB9nyPhmXX',#6,'Column:200x240:328093',$,$,#5592,#5589,'328093');
#5594=IFCPROPERTYSET('1hwV2S9ohFEyfaVs49D9bV',#6,'Pset_ColumnCommon',$,(#82,#83,#5494));
#5595=IFCPROPERTYSET('0m9C8Ckg4B3XxP35F_ccba',#6,'Pset_QuantityTakeOff',$,(#5494));
#5596=IFCPROPERTYSINGLEVALUE('Reference',$,IFCLABEL('200x240'),$);
#5597=IFCPROPERTYSET('2mXFlbXcDgbEahllVlnai7',#6,'Pset_ReinforcementBarPitchOfColumn',$,(#5596));
#5598=IFCRELDEFINESBYPROPERTIES('0EDj5EEKK8q8KI_NWFWNPa',#6,$,$,(#5593),#5594);
#5599=IFCRELDEFINESBYPROPERTIES('0oEyeqKEYf0WqEI7jzbMuf',#6,$,$,(#5593),#5595);
#5600=IFCRELDEFINESBYPROPERTIES('35zCyXJknh6MV1YoarUEd6',#6,$,$,(#5593),#5597);
#5601=IFCMAPPEDITEM(#5485,#1706);
#5602=IFCSHAPEREPRESENTATION(#15,'Body','MappedRepresentation',(#5601));
#5603=IFCPRODUCTDEFINITIONSHAPE($,$,(#5602));
#5604=IFCCARTESIANPOINT((10778.785745378877,-14238.638670240389,-4000.));
#5605=IFCAXIS2PLACEMENT3D(#5604,$,$);
#5606=IFCLOCALPLACEMENT(#28,#5605);
#5607=IFCCOLUMN('2pNQm$eHn1$wzB9nyPhmlo',#6,'Column:200x240:328206',$,$,#5606,#5603,'328206');
#5608=IFCPROPERTYSET('0YQ22mF5iKbCvIIY47Myx3',#6,'Pset_ColumnCommon',$,(#82,#83,#5494));
#5609=IFCPROPERTYSET('0b_xidmDeNsv_gkpZBz1r7',#6,'Pset_QuantityTakeOff',$,(#5494));
#5610=IFCPROPERTYSINGLEVALUE('Reference',$,IFCLABEL('200x240'),$);
#5611=IFCPROPERTYSET('3Kd1gCNUq8iQaPOgccrx2z',#6,'Pset_ReinforcementBarPitchOfColumn',$,(#5610));
#5612=IFCRELDEFINESBYPROPERTIES('0Sv$BlughhTQGSSUXRD34g',#6,$,$,(#5607),#5608);
#5613=IFCRELDEFINESBYPROPERTIES('0Ri3Rq2IX7AEgyxRQ290oY',#6,$,$,(#5607),#5609);
#5614=IFCRELDEFINESBYPROPERTIES('2Q_kmgUKH6MytfLqYWZcxZ',#6,$,$,(#5607),#5611);
#5615=IFCMAPPEDITEM(#5485,#1706);
#5616=IFCSHAPEREPRESENTATION(#15,'Body','MappedRepresentation',(#5615));
#5617=IFCPRODUCTDEFINITIONSHAPE($,$,(#5616));
#5618=IFCCARTESIANPOINT((13978.785745378877,-14238.638670240398,-4000.));
#5619=IFCAXIS2PLACEMENT3D(#5618,$,$);
#5620=IFCLOCALPLACEMENT(#28,#5619);
#5621=IFCCOLUMN('2pNQm$eHn1$wzB9nyPhmkF',#6,'Column:200x240:328307',$,$,#5620,#5617,'328307');
#5622=IFCPROPERTYSET('0hbmAQsiTm6hPxHtmr69V6',#6,'Pset_ColumnCommon',$,(#82,#83,#5494));
#5623=IFCPROPERTYSET('3TSnfFMUvwzBnQPvbpPnOW',#6,'Pset_QuantityTakeOff',$,(#5494));
#5624=IFCPROPERTYSINGLEVALUE('Reference',$,IFCLABEL('200x240'),$);
#5625=IFCPROPERTYSET('32AQk5$y7Vc5l$eid5SJLr',#6,'Pset_ReinforcementBarPitchOfColumn',$,(#5624));
#5626=IFCRELDEFINESBYPROPERTIES('3XhFXVLjNVYfeoR8uLJmt$',#6,$,$,(#5621),#5622);
#5627=IFCRELDEFINESBYPROPERTIES('1QCxXtSkzXO_rATWewsZyl',#6,$,$,(#5621),#5623);
#5628=IFCRELDEFINESBYPROPERTIES('1_QCrzPtegHPnqrAxEohcY',#6,$,$,(#5621),#5625);
#5629=IFCMAPPEDITEM(#5485,#1706);
#5630=IFCSHAPEREPRESENTATION(#15,'Body','MappedRepresentation',(#5629));
#5631=IFCPRODUCTDEFINITIONSHAPE($,$,(#5630));
#5632=IFCCARTESIANPOINT((-27621.21425462114,-1438.6386702402615,-4000.));
#5633=IFCAXIS2PLACEMENT3D(#5632,$,$);
#5634=IFCLOCALPLACEMENT(#28,#5633);
#5635=IFCCOLUMN('2pNQm$eHn1$wzB9nyPhmes',#6,'Column:200x240:328650',$,$,#5634,#5631,'328650');
#5636=IFCPROPERTYSET('0Y8HzMS7wGIA2nslNGPuK3',#6,'Pset_ColumnCommon',$,(#82,#83,#5494));
#5637=IFCPROPERTYSET('2h_oUz5lWY00Uw$aaIe96G',#6,'Pset_QuantityTakeOff',$,(#5494));
#5638=IFCPROPERTYSINGLEVALUE('Reference',$,IFCLABEL('200x240'),$);
#5639=IFCPROPERTYSET('1IFlgy00gY7KgA8dj4Czrz',#6,'Pset_ReinforcementBarPitchOfColumn',$,(#5638));
#5640=IFCRELDEFINESBYPROPERTIES('2RzDICGf0tS$6x$tLJVrR$',#6,$,$,(#5635),#5636);
#5641=IFCRELDEFINESBYPROPERTIES('34qrPBOayiHq_yk8EovCwf',#6,$,$,(#5635),#5637);
#5642=IFCRELDEFINESBYPROPERTIES('3r4li8Y7qlXU26Rb0wLhtY',#6,$,$,(#5635),#5639);
#5643=IFCCARTESIANPOINT((0.,0.));
#5644=IFCAXIS2PLACEMENT2D(#5643,#48);
#5645=IFCRECTANGLEPROFILEDEF(.AREA.,'200x240',#5644,200.,240.);
#5646=IFCCARTESIANPOINT((0.,20.,4000.));
#5647=IFCAXIS2PLACEMENT3D(#5646,#55,#1689);
#5648=IFCEXTRUDEDAREASOLID(#5645,#5647,#55,5160.);
#5649=IFCSTYLEDITEM(#5648,(#1695),$);
#5650=IFCSHAPEREPRESENTATION(#15,'Body','SweptSolid',(#5648));
#5651=IFCAXIS2PLACEMENT3D(#10,$,$);
#5652=IFCREPRESENTATIONMAP(#5651,#5650);
#5653=IFCCOLUMNTYPE('1GgSMGs1bDKvotNlTC9KWo',#6,'Column:200x240',$,$,(#5668),(#5652),'327059',$,.COLUMN.);
#5654=IFCMAPPEDITEM(#5652,#1706);
#5655=IFCSHAPEREPRESENTATION(#15,'Body','MappedRepresentation',(#5654));
#5656=IFCPRODUCTDEFINITIONSHAPE($,$,(#5655));
#5657=IFCCARTESIANPOINT((-18021.214254621129,-1438.6386702402917,-4000.));
#5658=IFCAXIS2PLACEMENT3D(#5657,$,$);
#5659=IFCLOCALPLACEMENT(#28,#5658);
#5660=IFCCOLUMN('2pNQm$eHn1$wzB9nyPhmet',#6,'Column:200x240:328651',$,$,#5659,#5656,'328651');
#5661=IFCPROPERTYSET('2WbUQk5Ak9yjv8$EyGsJCr',#6,'Pset_ColumnCommon',$,(#82,#83,#5494));
#5662=IFCPROPERTYSET('28kUwQz9oOIYXkX03TGXGU',#6,'Pset_QuantityTakeOff',$,(#5494));
#5663=IFCPROPERTYSINGLEVALUE('Reference',$,IFCLABEL('200x240'),$);
#5664=IFCPROPERTYSET('3PEDxsrckTAL8$YfMTHlPW',#6,'Pset_ReinforcementBarPitchOfColumn',$,(#5663));
#5665=IFCRELDEFINESBYPROPERTIES('1oSVdO3s_7gZVUybCRiKMh',#6,$,$,(#5660),#5661);
#5666=IFCRELDEFINESBYPROPERTIES('2tH282KV8J$r$$FYoZ2EMk',#6,$,$,(#5660),#5662);
#5667=IFCRELDEFINESBYPROPERTIES('1hG4HRD8IZ86SpDXsmdGcO',#6,$,$,(#5660),#5664);
#5668=IFCPROPERTYSET('1puZrBCkjkcqbUrZ3t1ghX',#6,'Pset_ColumnCommon',$,(#83));
#5669=IFCMAPPEDITEM(#5485,#1706);
#5670=IFCSHAPEREPRESENTATION(#15,'Body','MappedRepresentation',(#5669));
#5671=IFCPRODUCTDEFINITIONSHAPE($,$,(#5670));
#5672=IFCCARTESIANPOINT((-21221.214254621129,-1438.638670240281,-4000.));
#5673=IFCAXIS2PLACEMENT3D(#5672,$,$);
#5674=IFCLOCALPLACEMENT(#28,#5673);
#5675=IFCCOLUMN('2pNQm$eHn1$wzB9nyPhmem',#6,'Column:200x240:328652',$,$,#5674,#5671,'328652');
#5676=IFCPROPERTYSET('1AObhZzrfdIA0UM2t4fM_z',#6,'Pset_ColumnCommon',$,(#82,#83,#5494));
#5677=IFCPROPERTYSET('209UXyK1PADeLYRV9sw7sp',#6,'Pset_QuantityTakeOff',$,(#5494));
#5678=IFCPROPERTYSINGLEVALUE('Reference',$,IFCLABEL('200x240'),$);
#5679=IFCPROPERTYSET('1$30skOJ5joFMBg8C1f4KH',#6,'Pset_ReinforcementBarPitchOfColumn',$,(#5678));
#5680=IFCRELDEFINESBYPROPERTIES('2FO8PhYARVJkyxh8gUF$bH',#6,$,$,(#5675),#5676);
#5681=IFCRELDEFINESBYPROPERTIES('3GOyxySsVwauFJOMsfF0xo',#6,$,$,(#5675),#5677);
#5682=IFCRELDEFINESBYPROPERTIES('00iYoeRNlv2wH_xtNrqM_U',#6,$,$,(#5675),#5679);
#5683=IFCMAPPEDITEM(#5485,#1706);
#5684=IFCSHAPEREPRESENTATION(#15,'Body','MappedRepresentation',(#5683));
#5685=IFCPRODUCTDEFINITIONSHAPE($,$,(#5684));
#5686=IFCCARTESIANPOINT((-24421.214254621129,-1438.6386702402724,-4000.));
#5687=IFCAXIS2PLACEMENT3D(#5686,$,$);
#5688=IFCLOCALPLACEMENT(#28,#5687);
#5689=IFCCOLUMN('2pNQm$eHn1$wzB9nyPhmen',#6,'Column:200x240:328653',$,$,#5688,#5685,'328653');
#5690=IFCPROPERTYSET('1r45h86rhnchSvCXLT5HVD',#6,'Pset_ColumnCommon',$,(#82,#83,#5494));
#5691=IFCPROPERTYSET('1inlRM1_X7mKfyKuR106c0',#6,'Pset_QuantityTakeOff',$,(#5494));
#5692=IFCPROPERTYSINGLEVALUE('Reference',$,IFCLABEL('200x240'),$);
#5693=IFCPROPERTYSET('0fF_MYVTJihitw09Li3rDQ',#6,'Pset_ReinforcementBarPitchOfColumn',$,(#5692));
#5694=IFCRELDEFINESBYPROPERTIES('3qdELd_n6R7ZzqaZLlMUTz',#6,$,$,(#5689),#5690);
#5695=IFCRELDEFINESBYPROPERTIES('3x0af0vVSCBvvhrg5x3uCj',#6,$,$,(#5689),#5691);
#5696=IFCRELDEFINESBYPROPERTIES('2XOJH5As7ZlfIGAsFYVeC6',#6,$,$,(#5689),#5693);
#5697=IFCMAPPEDITEM(#5485,#1706);
#5698=IFCSHAPEREPRESENTATION(#15,'Body','MappedRepresentation',(#5697));
#5699=IFCPRODUCTDEFINITIONSHAPE($,$,(#5698));
#5700=IFCCARTESIANPOINT((-8421.2142546211289,-1438.6386702403242,-4000.));
#5701=IFCAXIS2PLACEMENT3D(#5700,$,$);
#5702=IFCLOCALPLACEMENT(#28,#5701);
#5703=IFCCOLUMN('2pNQm$eHn1$wzB9nyPhmeo',#6,'Column:200x240:328654',$,$,#5702,#5699,'328654');
#5704=IFCPROPERTYSET('2J6z9owadiqqo$$w2kG6eh',#6,'Pset_ColumnCommon',$,(#82,#83,#5494));
#5705=IFCPROPERTYSET('1SpProCt37fsG4pLXJsRn$',#6,'Pset_QuantityTakeOff',$,(#5494));
#5706=IFCPROPERTYSINGLEVALUE('Reference',$,IFCLABEL('200x240'),$);
#5707=IFCPROPERTYSET('3EM67nyb_xkOMp9SwUILN1',#6,'Pset_ReinforcementBarPitchOfColumn',$,(#5706));
#5708=IFCRELDEFINESBYPROPERTIES('35i6n6uYogyfiDTZs4dZYX',#6,$,$,(#5703),#5704);
#5709=IFCRELDEFINESBYPROPERTIES('2Es1imwWRi3t_jwUqS9Dt3',#6,$,$,(#5703),#5705);
#5710=IFCRELDEFINESBYPROPERTIES('1lmeYZXSEt2nwb9AIgp8YQ',#6,$,$,(#5703),#5707);
#5711=IFCMAPPEDITEM(#5485,#1706);
#5712=IFCSHAPEREPRESENTATION(#15,'Body','MappedRepresentation',(#5711));
#5713=IFCPRODUCTDEFINITIONSHAPE($,$,(#5712));
#5714=IFCCARTESIANPOINT((-5221.2142546211207,-1438.6386702403352,-4000.));
#5715=IFCAXIS2PLACEMENT3D(#5714,$,$);
#5716=IFCLOCALPLACEMENT(#28,#5715);
#5717=IFCCOLUMN('2pNQm$eHn1$wzB9nyPhmep',#6,'Column:200x240:328655',$,$,#5716,#5713,'328655');
#5718=IFCPROPERTYSET('18JiB3SE0Ek3OUmNRblkV8',#6,'Pset_ColumnCommon',$,(#82,#83,#5494));
#5719=IFCPROPERTYSET('3IuS4roblAV$QxZBQSZhzK',#6,'Pset_QuantityTakeOff',$,(#5494));
#5720=IFCPROPERTYSINGLEVALUE('Reference',$,IFCLABEL('200x240'),$);
#5721=IFCPROPERTYSET('1hqrfI9J58HQnt69Cq4VS0',#6,'Pset_ReinforcementBarPitchOfColumn',$,(#5720));
#5722=IFCRELDEFINESBYPROPERTIES('1Q_vE4yMktdrqwbROtLw98',#6,$,$,(#5717),#5718);
#5723=IFCRELDEFINESBYPROPERTIES('1KW5mfP4nddB_$H4XaCxjo',#6,$,$,(#5717),#5719);
#5724=IFCRELDEFINESBYPROPERTIES('1M4SsLJN4pY9TNschJRpLx',#6,$,$,(#5717),#5721);
#5725=IFCMAPPEDITEM(#5485,#1706);
#5726=IFCSHAPEREPRESENTATION(#15,'Body','MappedRepresentation',(#5725));
#5727=IFCPRODUCTDEFINITIONSHAPE($,$,(#5726));
#5728=IFCCARTESIANPOINT((-2021.2142546211205,-1438.6386702403438,-4000.));
#5729=IFCAXIS2PLACEMENT3D(#5728,$,$);
#5730=IFCLOCALPLACEMENT(#28,#5729);
#5731=IFCCOLUMN('2pNQm$eHn1$wzB9nyPhmei',#6,'Column:200x240:328656',$,$,#5730,#5727,'328656');
#5732=IFCPROPERTYSET('3DaLcFnpIAYRClClwkqF_Q',#6,'Pset_ColumnCommon',$,(#82,#83,#5494));
#5733=IFCPROPERTYSET('1hb257tRWFFhvf9JO5zeqz',#6,'Pset_QuantityTakeOff',$,(#5494));
#5734=IFCPROPERTYSINGLEVALUE('Reference',$,IFCLABEL('200x240'),$);
#5735=IFCPROPERTYSET('3FUkQVw1GU9RDHq3hCZ8x2',#6,'Pset_ReinforcementBarPitchOfColumn',$,(#5734));
#5736=IFCRELDEFINESBYPROPERTIES('3h$kAJU25mcTKzTBbj7Rlq',#6,$,$,(#5731),#5732);
#5737=IFCRELDEFINESBYPROPERTIES('3vmlFrDTa7zkwFLAEbOYk5',#6,$,$,(#5731),#5733);
#5738=IFCRELDEFINESBYPROPERTIES('2e9a_AZGsjghRNs1MrtGp5',#6,$,$,(#5731),#5735);
#5739=IFCMAPPEDITEM(#5485,#1706);
#5740=IFCSHAPEREPRESENTATION(#15,'Body','MappedRepresentation',(#5739));
#5741=IFCPRODUCTDEFINITIONSHAPE($,$,(#5740));
#5742=IFCCARTESIANPOINT((1178.7857453788799,-1438.6386702403547,-4000.));
#5743=IFCAXIS2PLACEMENT3D(#5742,$,$);
#5744=IFCLOCALPLACEMENT(#28,#5743);
#5745=IFCCOLUMN('2pNQm$eHn1$wzB9nyPhmej',#6,'Column:200x240:328657',$,$,#5744,#5741,'328657');
#5746=IFCPROPERTYSET('0gjQTdJRbFxq8j9O7BE9NB',#6,'Pset_ColumnCommon',$,(#82,#83,#5494));
#5747=IFCPROPERTYSET('0GlKDMmI5kS2evAaVuRjM7',#6,'Pset_QuantityTakeOff',$,(#5494));
#5748=IFCPROPERTYSINGLEVALUE('Reference',$,IFCLABEL('200x240'),$);
#5749=IFCPROPERTYSET('3B$wdMA0s$TTgzrY_SpsTK',#6,'Pset_ReinforcementBarPitchOfColumn',$,(#5748));
#5750=IFCRELDEFINESBYPROPERTIES('3iGsu6H_at8AVA2fWPnA82',#6,$,$,(#5745),#5746);
#5751=IFCRELDEFINESBYPROPERTIES('1hVtNCJ8ORG_kyGubuYzwk',#6,$,$,(#5745),#5747);
#5752=IFCRELDEFINESBYPROPERTIES('2O_A7a8b6mR1Y9W_BTo0TU',#6,$,$,(#5745),#5749);
#5753=IFCMAPPEDITEM(#5485,#1706);
#5754=IFCSHAPEREPRESENTATION(#15,'Body','MappedRepresentation',(#5753));
#5755=IFCPRODUCTDEFINITIONSHAPE($,$,(#5754));
#5756=IFCCARTESIANPOINT((10778.785745378898,-1438.638670240385,-4000.));
#5757=IFCAXIS2PLACEMENT3D(#5756,$,$);
#5758=IFCLOCALPLACEMENT(#28,#5757);
#5759=IFCCOLUMN('2pNQm$eHn1$wzB9nyPhmek',#6,'Column:200x240:328658',$,$,#5758,#5755,'328658');
#5760=IFCPROPERTYSET('1sKsElidWl51nXiXWURT5N',#6,'Pset_ColumnCommon',$,(#82,#83,#5494));
#5761=IFCPROPERTYSET('0AL1OKFywjU1CCRfZiuAAK',#6,'Pset_QuantityTakeOff',$,(#5494));
#5762=IFCPROPERTYSINGLEVALUE('Reference',$,IFCLABEL('200x240'),$);
#5763=IFCPROPERTYSET('0MVTGUC$tjBIWcKe1IVyUp',#6,'Pset_ReinforcementBarPitchOfColumn',$,(#5762));
#5764=IFCRELDEFINESBYPROPERTIES('0TiVSdSotck$c_m14dqbXB',#6,$,$,(#5759),#5760);
#5765=IFCRELDEFINESBYPROPERTIES('05z8ZDM$zei$kHDQ4uE0XC',#6,$,$,(#5759),#5761);
#5766=IFCRELDEFINESBYPROPERTIES('113gRatftojvrA1kKIpaCv',#6,$,$,(#5759),#5763);
#5767=IFCMAPPEDITEM(#5485,#1706);
#5768=IFCSHAPEREPRESENTATION(#15,'Body','MappedRepresentation',(#5767));
#5769=IFCPRODUCTDEFINITIONSHAPE($,$,(#5768));
#5770=IFCCARTESIANPOINT((13978.785745378898,-1438.6386702403959,-4000.));
#5771=IFCAXIS2PLACEMENT3D(#5770,$,$);
#5772=IFCLOCALPLACEMENT(#28,#5771);
#5773=IFCCOLUMN('2pNQm$eHn1$wzB9nyPhmel',#6,'Column:200x240:328659',$,$,#5772,#5769,'328659');
#5774=IFCPROPERTYSET('3wuMyoUtzHka5NINoIb7BJ',#6,'Pset_ColumnCommon',$,(#82,#83,#5494));
#5775=IFCPROPERTYSET('3NsmIGjQapZ7zPkXKhIWgQ',#6,'Pset_QuantityTakeOff',$,(#5494));
#5776=IFCPROPERTYSINGLEVALUE('Reference',$,IFCLABEL('200x240'),$);
#5777=IFCPROPERTYSET('3GAEH$zu06HoHh6sschVjp',#6,'Pset_ReinforcementBarPitchOfColumn',$,(#5776));
#5778=IFCRELDEFINESBYPROPERTIES('2ayccJJiiSbnddVTT5EKKq',#6,$,$,(#5773),#5774);
#5779=IFCRELDEFINESBYPROPERTIES('1pfJs3rums0EHWdoF$GPGc',#6,$,$,(#5773),#5775);
#5780=IFCRELDEFINESBYPROPERTIES('1JzbsWfMOTi7JVYjOarPQ9',#6,$,$,(#5773),#5777);
#5781=IFCCARTESIANPOINT((29953.785745378937,11386.361329759549,-120.));
#5782=IFCAXIS2PLACEMENT3D(#5781,#55,#1689);
#5783=IFCLOCALPLACEMENT(#32,#5782);
#5784=IFCCARTESIANPOINT((0.,3.2471803024236578E-012));
#5785=IFCAXIS2PLACEMENT2D(#5784,#48);
#5786=IFCRECTANGLEPROFILEDEF(.AREA.,'Beam 200x800',#5785,800.,200.);
#5787=IFCCARTESIANPOINT((447.700000000035,25.,-400.));
#5788=IFCAXIS2PLACEMENT3D(#5787,#3130,#52);
#5789=IFCEXTRUDEDAREASOLID(#5786,#5788,#55,8439.6000000000222);
#5790=IFCSHAPEREPRESENTATION(#15,'Body','SweptSolid',(#5789));
#5791=IFCCARTESIANPOINT((9050.,0.));
#5792=IFCPOLYLINE((#3139,#5791));
#5793=IFCSHAPEREPRESENTATION(#14,'Axis','Curve2D',(#5792));
#5794=IFCPRODUCTDEFINITIONSHAPE($,$,(#5793,#5790));
#5795=IFCBEAM('2pNQm$eHn1$wzB9nyPhmeF',#6,'Beam:Beam 200x800:328691',$,$,#5783,#5794,'328691');
#5796=IFCPROPERTYSINGLEVALUE('Span',$,IFCPOSITIVELENGTHMEASURE(9050.),$);
#5797=IFCPROPERTYSET('2_SEOiwvJAV0ZN1l7rnYup',#6,'Pset_BeamCommon',$,(#82,#83,#3153,#3179,#5796));
#5798=IFCPROPERTYSET('15KOvonsPGZxkvYziyDFQv',#6,'Pset_QuantityTakeOff',$,(#3179));
#5799=IFCPROPERTYSINGLEVALUE('Reference',$,IFCLABEL('Beam 200x800'),$);
#5800=IFCPROPERTYSET('0NRZCqTmiX$fIxbS4mjHT4',#6,'Pset_ReinforcementBarPitchOfBeam',$,(#5799));
#5801=IFCRELDEFINESBYPROPERTIES('0YqtijBC3FvuK60xHYo16k',#6,$,$,(#5795),#5797);
#5802=IFCRELDEFINESBYPROPERTIES('10IS7jj7z7iKAEMmFQSof_',#6,$,$,(#5795),#5798);
#5803=IFCRELDEFINESBYPROPERTIES('0nc9e6sw1dnjfh2BaCCb_h',#6,$,$,(#5795),#5800);
#5804=IFCCARTESIANPOINT((29978.785745378922,8186.3613297595493,-160.));
#5805=IFCAXIS2PLACEMENT3D(#5804,#55,#1689);
#5806=IFCLOCALPLACEMENT(#32,#5805);
#5807=IFCCARTESIANPOINT((0.,-1.0871303857129533E-012));
#5808=IFCAXIS2PLACEMENT2D(#5807,#48);
#5809=IFCRECTANGLEPROFILEDEF(.AREA.,'Beam 200x800',#5808,800.,200.);
#5810=IFCCARTESIANPOINT((472.70000000003046,25.,-400.));
#5811=IFCAXIS2PLACEMENT3D(#5810,#3130,#52);
#5812=IFCEXTRUDEDAREASOLID(#5809,#5811,#55,8439.6000000000186);
#5813=IFCSHAPEREPRESENTATION(#15,'Body','SweptSolid',(#5812));
#5814=IFCCARTESIANPOINT((9075.,0.));
#5815=IFCPOLYLINE((#3139,#5814));
#5816=IFCSHAPEREPRESENTATION(#14,'Axis','Curve2D',(#5815));
#5817=IFCPRODUCTDEFINITIONSHAPE($,$,(#5816,#5813));
#5818=IFCBEAM('2pNQm$eHn1$wzB9nyPhmqi',#6,'Beam:Beam 200x800:328912',$,$,#5806,#5817,'328912');
#5819=IFCPROPERTYSINGLEVALUE('Span',$,IFCPOSITIVELENGTHMEASURE(9075.),$);
#5820=IFCPROPERTYSET('12zQxSca0aFsIxrH6aqpGp',#6,'Pset_BeamCommon',$,(#82,#83,#3153,#3179,#5819));
#5821=IFCPROPERTYSET('13Hzv5p5Yqqu_l3eVzuZQt',#6,'Pset_QuantityTakeOff',$,(#3179));
#5822=IFCPROPERTYSINGLEVALUE('Reference',$,IFCLABEL('Beam 200x800'),$);
#5823=IFCPROPERTYSET('2_DFEuNFDNMwmAU2F7LhHI',#6,'Pset_ReinforcementBarPitchOfBeam',$,(#5822));
#5824=IFCRELDEFINESBYPROPERTIES('1IppOaKbXuSoCaUq$kabpE',#6,$,$,(#5818),#5820);
#5825=IFCRELDEFINESBYPROPERTIES('3S7cXIkot3J9kk7DblWgNf',#6,$,$,(#5818),#5821);
#5826=IFCRELDEFINESBYPROPERTIES('0ie5WYFj3xN94Xc4Wmf42o',#6,$,$,(#5818),#5823);
#5827=IFCCARTESIANPOINT((29563.785745378849,4986.3613297595512,-120.));
#5828=IFCAXIS2PLACEMENT3D(#5827,#55,#1689);
#5829=IFCLOCALPLACEMENT(#32,#5828);
#5830=IFCCARTESIANPOINT((0.,0.));
#5831=IFCAXIS2PLACEMENT2D(#5830,#48);
#5832=IFCRECTANGLEPROFILEDEF(.AREA.,'Beam 200x800',#5831,800.,200.);
#5833=IFCCARTESIANPOINT((57.699999999959211,25.,-400.));
#5834=IFCAXIS2PLACEMENT3D(#5833,#3130,#52);
#5835=IFCEXTRUDEDAREASOLID(#5832,#5834,#55,5782.3000000000384);
#5836=IFCSHAPEREPRESENTATION(#15,'Body','SweptSolid',(#5835));
#5837=IFCCARTESIANPOINT((5840.,0.));
#5838=IFCPOLYLINE((#3139,#5837));
#5839=IFCSHAPEREPRESENTATION(#14,'Axis','Curve2D',(#5838));
#5840=IFCPRODUCTDEFINITIONSHAPE($,$,(#5839,#5836));
#5841=IFCBEAM('2pNQm$eHn1$wzB9nyPhmqb',#6,'Beam:Beam 200x800:328921',$,$,#5829,#5840,'328921');
#5842=IFCPROPERTYSINGLEVALUE('Span',$,IFCPOSITIVELENGTHMEASURE(5840.),$);
#5843=IFCPROPERTYSET('0BhBVvYrR1YAG$kerzohHg',#6,'Pset_BeamCommon',$,(#82,#83,#3153,#3179,#5842));
#5844=IFCPROPERTYSET('0ewgAfgBRcvBr8AfET6HtB',#6,'Pset_QuantityTakeOff',$,(#3179));
#5845=IFCPROPERTYSINGLEVALUE('Reference',$,IFCLABEL('Beam 200x800'),$);
#5846=IFCPROPERTYSET('0IAg9n2hLU6C6lIoMRquQO',#6,'Pset_ReinforcementBarPitchOfBeam',$,(#5845));
#5847=IFCRELDEFINESBYPROPERTIES('30rVIqjqZakEoo7nAmSb0c',#6,$,$,(#5841),#5843);
#5848=IFCRELDEFINESBYPROPERTIES('0akyA3ol6zP99zuDsPkuto',#6,$,$,(#5841),#5844);
#5849=IFCRELDEFINESBYPROPERTIES('3w6mXqkqEDKVxYMt1ntGFb',#6,$,$,(#5841),#5846);
#5850=IFCCARTESIANPOINT((29563.785745378842,-1413.6386702404513,-120.));
#5851=IFCAXIS2PLACEMENT3D(#5850,#55,#1689);
#5852=IFCLOCALPLACEMENT(#32,#5851);
#5853=IFCCARTESIANPOINT((0.,1.4210854715202004E-013));
#5854=IFCAXIS2PLACEMENT2D(#5853,#48);
#5855=IFCRECTANGLEPROFILEDEF(.AREA.,'Beam 200x800',#5854,800.,200.);
#5856=IFCCARTESIANPOINT((57.699999999964938,25.,-400.));
#5857=IFCAXIS2PLACEMENT3D(#5856,#3130,#52);
#5858=IFCEXTRUDEDAREASOLID(#5855,#5857,#55,5762.3000000000375);
#5859=IFCSHAPEREPRESENTATION(#15,'Body','SweptSolid',(#5858));
#5860=IFCCARTESIANPOINT((5820.,0.));
#5861=IFCPOLYLINE((#3139,#5860));
#5862=IFCSHAPEREPRESENTATION(#14,'Axis','Curve2D',(#5861));
#5863=IFCPRODUCTDEFINITIONSHAPE($,$,(#5862,#5859));
#5864=IFCBEAM('2pNQm$eHn1$wzB9nyPhmqN',#6,'Beam:Beam 200x800:328939',$,$,#5852,#5863,'328939');
#5865=IFCPROPERTYSINGLEVALUE('Span',$,IFCPOSITIVELENGTHMEASURE(5820.),$);
#5866=IFCPROPERTYSET('2IZnusQJs7wSkHzvZj576N',#6,'Pset_BeamCommon',$,(#82,#83,#3153,#3179,#5865));
#5867=IFCPROPERTYSET('3UR6kD3C07cJPmeZI8V3Ve',#6,'Pset_QuantityTakeOff',$,(#3179));
#5868=IFCPROPERTYSINGLEVALUE('Reference',$,IFCLABEL('Beam 200x800'),$);
#5869=IFCPROPERTYSET('0WyVvr_Y204BBD1SwVSfQN',#6,'Pset_ReinforcementBarPitchOfBeam',$,(#5868));
#5870=IFCRELDEFINESBYPROPERTIES('14VeNPk$BUSo7wnBDuuWmR',#6,$,$,(#5864),#5866);
#5871=IFCRELDEFINESBYPROPERTIES('3TCVhrfYdcgDyvR59SAOJo',#6,$,$,(#5864),#5867);
#5872=IFCRELDEFINESBYPROPERTIES('2gTgq7ATvlmK2R7ROjQpxs',#6,$,$,(#5864),#5869);
#5873=IFCCARTESIANPOINT((29563.785745378838,-4613.6386702404516,-120.));
#5874=IFCAXIS2PLACEMENT3D(#5873,#55,#1689);
#5875=IFCLOCALPLACEMENT(#32,#5874);
#5876=IFCCARTESIANPOINT((-5.1159076974727213E-013,2.7000623958883807E-013));
#5877=IFCAXIS2PLACEMENT2D(#5876,#48);
#5878=IFCRECTANGLEPROFILEDEF(.AREA.,'Beam 220x1100',#5877,1100.,220.00000000000034);
#5879=IFCCARTESIANPOINT((57.699999999967503,15.,-550.));
#5880=IFCAXIS2PLACEMENT3D(#5879,#3130,#52);
#5881=IFCEXTRUDEDAREASOLID(#5878,#5880,#55,8439.5999999999749);
#5882=IFCSHAPEREPRESENTATION(#15,'Body','SweptSolid',(#5881));
#5883=IFCCARTESIANPOINT((8660.,0.));
#5884=IFCPOLYLINE((#3139,#5883));
#5885=IFCSHAPEREPRESENTATION(#14,'Axis','Curve2D',(#5884));
#5886=IFCPRODUCTDEFINITIONSHAPE($,$,(#5885,#5882));
#5887=IFCBEAM('2pNQm$eHn1$wzB9nyPhmq8',#6,'Beam:Beam 220x1100:328948',$,$,#5875,#5886,'328948');
#5888=IFCBEAMTYPE('2LfkUyDWb5oAD2iJUJIHMa',#6,'Beam:Beam 220x1100',$,$,(#5898),$,'346409',$,.BEAM.);
#5889=IFCPROPERTYSINGLEVALUE('Reference',$,IFCIDENTIFIER('Beam 220x1100'),$);
#5890=IFCPROPERTYSINGLEVALUE('Span',$,IFCPOSITIVELENGTHMEASURE(8660.),$);
#5891=IFCPROPERTYSET('2NGsC8HAEl$7EIysTCE0wr',#6,'Pset_BeamCommon',$,(#82,#83,#3153,#5889,#5890));
#5892=IFCPROPERTYSET('2ocHpMsqJwjuBeK9iaBwnC',#6,'Pset_QuantityTakeOff',$,(#5889));
#5893=IFCPROPERTYSINGLEVALUE('Reference',$,IFCLABEL('Beam 220x1100'),$);
#5894=IFCPROPERTYSET('3KGb$Qe9dIXZAWjyKrdBfj',#6,'Pset_ReinforcementBarPitchOfBeam',$,(#5893));
#5895=IFCRELDEFINESBYPROPERTIES('02roCQwkuJS5a07cU3Ss4W',#6,$,$,(#5887),#5891);
#5896=IFCRELDEFINESBYPROPERTIES('00bmBetXw16cyHVp4bWhVS',#6,$,$,(#5887),#5892);
#5897=IFCRELDEFINESBYPROPERTIES('0dba$A0hMQLgQ65v2qlF0C',#6,$,$,(#5887),#5894);
#5898=IFCPROPERTYSET('2OpoZ_TS98cPGbC4Pkhsn$',#6,'Pset_BeamCommon',$,(#83));
#5899=IFCCARTESIANPOINT((29563.785745378835,-7813.6386702404516,-120.));
#5900=IFCAXIS2PLACEMENT3D(#5899,#55,#1689);
#5901=IFCLOCALPLACEMENT(#32,#5900);
#5902=IFCCARTESIANPOINT((0.,-1.6271428648906294E-012));
#5903=IFCAXIS2PLACEMENT2D(#5902,#48);
#5904=IFCRECTANGLEPROFILEDEF(.AREA.,'Beam 200x800',#5903,800.,200.);
#5905=IFCCARTESIANPOINT((57.699999999970068,25.,-400.));
#5906=IFCAXIS2PLACEMENT3D(#5905,#3130,#52);
#5907=IFCEXTRUDEDAREASOLID(#5904,#5906,#55,8439.5999999999713);
#5908=IFCSHAPEREPRESENTATION(#15,'Body','SweptSolid',(#5907));
#5909=IFCCARTESIANPOINT((8660.,0.));
#5910=IFCPOLYLINE((#3139,#5909));
#5911=IFCSHAPEREPRESENTATION(#14,'Axis','Curve2D',(#5910));
#5912=IFCPRODUCTDEFINITIONSHAPE($,$,(#5911,#5908));
#5913=IFCBEAM('2pNQm$eHn1$wzB9nyPhmq2',#6,'Beam:Beam 200x800:328958',$,$,#5901,#5912,'328958');
#5914=IFCPROPERTYSET('1ml6lcrV4r3FjwHgq4I7LA',#6,'Pset_BeamCommon',$,(#82,#83,#3153,#3179,#5890));
#5915=IFCPROPERTYSET('2k8Pn0rNKrn4vxCc$afAAV',#6,'Pset_QuantityTakeOff',$,(#3179));
#5916=IFCPROPERTYSINGLEVALUE('Reference',$,IFCLABEL('Beam 200x800'),$);
#5917=IFCPROPERTYSET('0rbEOdlFoDuaSKVVK$KvUi',#6,'Pset_ReinforcementBarPitchOfBeam',$,(#5916));
#5918=IFCRELDEFINESBYPROPERTIES('3WBzDimkSpT3mlv$ClL0lp',#6,$,$,(#5913),#5914);
#5919=IFCRELDEFINESBYPROPERTIES('1ynKVMM51mF_dPUu$7DPdw',#6,$,$,(#5913),#5915);
#5920=IFCRELDEFINESBYPROPERTIES('2_KTS2fcjIQZpjgiijmkwm',#6,$,$,(#5913),#5917);
#5921=IFCCARTESIANPOINT((29563.785745378827,-11013.638670240452,-120.));
#5922=IFCAXIS2PLACEMENT3D(#5921,#55,#1689);
#5923=IFCLOCALPLACEMENT(#32,#5922);
#5924=IFCCARTESIANPOINT((0.,-1.0871303857129533E-012));
#5925=IFCAXIS2PLACEMENT2D(#5924,#48);
#5926=IFCRECTANGLEPROFILEDEF(.AREA.,'Beam 200x800',#5925,800.,200.);
#5927=IFCCARTESIANPOINT((57.699999999963993,25.,-400.));
#5928=IFCAXIS2PLACEMENT3D(#5927,#3130,#52);
#5929=IFCEXTRUDEDAREASOLID(#5926,#5928,#55,8439.5999999999713);
#5930=IFCSHAPEREPRESENTATION(#15,'Body','SweptSolid',(#5929));
#5931=IFCCARTESIANPOINT((8660.,0.));
#5932=IFCPOLYLINE((#3139,#5931));
#5933=IFCSHAPEREPRESENTATION(#14,'Axis','Curve2D',(#5932));
#5934=IFCPRODUCTDEFINITIONSHAPE($,$,(#5933,#5930));
#5935=IFCBEAM('2pNQm$eHn1$wzB9nyPhmpx',#6,'Beam:Beam 200x800:328967',$,$,#5923,#5934,'328967');
#5936=IFCPROPERTYSET('0SYXCIiR2i3URPetJSrHOJ',#6,'Pset_BeamCommon',$,(#82,#83,#3153,#3179,#5890));
#5937=IFCPROPERTYSET('280dE34VjvmbpigtmOZz9R',#6,'Pset_QuantityTakeOff',$,(#3179));
#5938=IFCPROPERTYSINGLEVALUE('Reference',$,IFCLABEL('Beam 200x800'),$);
#5939=IFCPROPERTYSET('1O3f77DAiHyIs9SnNw35Na',#6,'Pset_ReinforcementBarPitchOfBeam',$,(#5938));
#5940=IFCRELDEFINESBYPROPERTIES('1HaleUfbirA27KG4iZ_4G3',#6,$,$,(#5935),#5936);
#5941=IFCRELDEFINESBYPROPERTIES('0D$ESGCFy9sYPMWCVtzZ4Q',#6,$,$,(#5935),#5937);
#5942=IFCRELDEFINESBYPROPERTIES('3L0uOY$4PkZqyqqJIqU67$',#6,$,$,(#5935),#5939);
#5943=IFCCARTESIANPOINT((29563.785745378824,-14213.638670240452,-120.));
#5944=IFCAXIS2PLACEMENT3D(#5943,#55,#1689);
#5945=IFCLOCALPLACEMENT(#32,#5944);
#5946=IFCCARTESIANPOINT((0.,-1.0871303857129533E-012));
#5947=IFCAXIS2PLACEMENT2D(#5946,#48);
#5948=IFCRECTANGLEPROFILEDEF(.AREA.,'Beam 200x800',#5947,800.,200.);
#5949=IFCCARTESIANPOINT((57.699999999970913,25.,-400.));
#5950=IFCAXIS2PLACEMENT3D(#5949,#3130,#52);
#5951=IFCEXTRUDEDAREASOLID(#5948,#5950,#55,8439.5999999999694);
#5952=IFCSHAPEREPRESENTATION(#15,'Body','SweptSolid',(#5951));
#5953=IFCCARTESIANPOINT((8820.,0.));
#5954=IFCPOLYLINE((#3139,#5953));
#5955=IFCSHAPEREPRESENTATION(#14,'Axis','Curve2D',(#5954));
#5956=IFCPRODUCTDEFINITIONSHAPE($,$,(#5955,#5952));
#5957=IFCBEAM('2pNQm$eHn1$wzB9nyPhmpi',#6,'Beam:Beam 200x800:328976',$,$,#5945,#5956,'328976');
#5958=IFCPROPERTYSINGLEVALUE('Span',$,IFCPOSITIVELENGTHMEASURE(8820.),$);
#5959=IFCPROPERTYSET('0dJEFZj5trDGI5c1JFd1Se',#6,'Pset_BeamCommon',$,(#82,#83,#3153,#3179,#5958));
#5960=IFCPROPERTYSET('3pPOH$ymXF8rAe68p1LMiw',#6,'Pset_QuantityTakeOff',$,(#3179));
#5961=IFCPROPERTYSINGLEVALUE('Reference',$,IFCLABEL('Beam 200x800'),$);
#5962=IFCPROPERTYSET('0eaCSRxUNhz0SWz4XZuRzb',#6,'Pset_ReinforcementBarPitchOfBeam',$,(#5961));
#5963=IFCRELDEFINESBYPROPERTIES('1XMzs1_XV3dkSayqGIGIhR',#6,$,$,(#5957),#5959);
#5964=IFCRELDEFINESBYPROPERTIES('19oPV0iynhQGVQC1w364P4',#6,$,$,(#5957),#5960);
#5965=IFCRELDEFINESBYPROPERTIES('2XCoKo4z1wpPNFtgqvOnCL',#6,$,$,(#5957),#5962);
#5966=IFCMAPPEDITEM(#4731,#1706);
#5967=IFCSHAPEREPRESENTATION(#15,'Body','MappedRepresentation',(#5966));
#5968=IFCPRODUCTDEFINITIONSHAPE($,$,(#5967));
#5969=IFCCARTESIANPOINT((20803.785745378886,-14238.638670240211,-4000.));
#5970=IFCAXIS2PLACEMENT3D(#5969,$,$);
#5971=IFCLOCALPLACEMENT(#28,#5970);
#5972=IFCCOLUMN('2pNQm$eHn1$wzB9nyPhmoL',#6,'Column:200x300:329065',$,$,#5971,#5968,'329065');
#5973=IFCPROPERTYSET('2IXI7d3SbMt3aN1W9fOSvP',#6,'Pset_ColumnCommon',$,(#82,#83,#2352));
#5974=IFCPROPERTYSET('05oWXRAvoUAjG2Dxz6v2Ly',#6,'Pset_QuantityTakeOff',$,(#2352));
#5975=IFCPROPERTYSINGLEVALUE('Reference',$,IFCLABEL('200x300'),$);
#5976=IFCPROPERTYSET('3j9wiACXef1rzBc79qx6Ob',#6,'Pset_ReinforcementBarPitchOfColumn',$,(#5975));
#5977=IFCRELDEFINESBYPROPERTIES('0OFzEOch$t2XTHe_2fjIqQ',#6,$,$,(#5972),#5973);
#5978=IFCRELDEFINESBYPROPERTIES('2ye96Q44lg6uMoV7NkIPNI',#6,$,$,(#5972),#5974);
#5979=IFCRELDEFINESBYPROPERTIES('1iCqCTwYmKJ4kqEhUIMuy_',#6,$,$,(#5972),#5976);
#5980=IFCMAPPEDITEM(#4731,#1706);
#5981=IFCSHAPEREPRESENTATION(#15,'Body','MappedRepresentation',(#5980));
#5982=IFCPRODUCTDEFINITIONSHAPE($,$,(#5981));
#5983=IFCCARTESIANPOINT((29768.785745378867,-4638.6386702404425,-4000.));
#5984=IFCAXIS2PLACEMENT3D(#5983,$,$);
#5985=IFCLOCALPLACEMENT(#28,#5984);
#5986=IFCCOLUMN('2pNQm$eHn1$wzB9nyPhmnZ',#6,'Column:200x300:329119',$,$,#5985,#5982,'329119');
#5987=IFCPROPERTYSET('0wPayx0BAmirO7LVd4B28H',#6,'Pset_ColumnCommon',$,(#82,#83,#2352));
#5988=IFCPROPERTYSET('17iCv5eBSyXsyjiY_L3Jmt',#6,'Pset_QuantityTakeOff',$,(#2352));
#5989=IFCPROPERTYSINGLEVALUE('Reference',$,IFCLABEL('200x300'),$);
#5990=IFCPROPERTYSET('0RC0aDRMUsmhh_Vvj1mwS_',#6,'Pset_ReinforcementBarPitchOfColumn',$,(#5989));
#5991=IFCRELDEFINESBYPROPERTIES('0TaBelRUflKmi__ED0jDMd',#6,$,$,(#5986),#5987);
#5992=IFCRELDEFINESBYPROPERTIES('1OIC8r87xIRS6rMaorzKZS',#6,$,$,(#5986),#5988);
#5993=IFCRELDEFINESBYPROPERTIES('1NN2OXHTiG9d6joh2P3S4k',#6,$,$,(#5986),#5990);
#5994=IFCMAPPEDITEM(#4731,#1706);
#5995=IFCSHAPEREPRESENTATION(#15,'Body','MappedRepresentation',(#5994));
#5996=IFCPRODUCTDEFINITIONSHAPE($,$,(#5995));
#5997=IFCCARTESIANPOINT((29768.785745378864,-7838.6386702404425,-4000.));
#5998=IFCAXIS2PLACEMENT3D(#5997,$,$);
#5999=IFCLOCALPLACEMENT(#28,#5998);
#6000=IFCCOLUMN('2pNQm$eHn1$wzB9nyPhmnL',#6,'Column:200x300:329129',$,$,#5999,#5996,'329129');
#6001=IFCPROPERTYSET('0M5XJAYhhCfWUNvciY9trq',#6,'Pset_ColumnCommon',$,(#82,#83,#2352));
#6002=IFCPROPERTYSET('27fw0aL3rdgFCFo81F0xD4',#6,'Pset_QuantityTakeOff',$,(#2352));
#6003=IFCPROPERTYSINGLEVALUE('Reference',$,IFCLABEL('200x300'),$);
#6004=IFCPROPERTYSET('0ztAZ8JfSCpBOtRWD0DPWU',#6,'Pset_ReinforcementBarPitchOfColumn',$,(#6003));
#6005=IFCRELDEFINESBYPROPERTIES('1tgR7KXSljmnLPE2xnkmcw',#6,$,$,(#6000),#6001);
#6006=IFCRELDEFINESBYPROPERTIES('2QlGE5PBKumQ4e5fYes441',#6,$,$,(#6000),#6002);
#6007=IFCRELDEFINESBYPROPERTIES('2IA387Q5IxQR2fQL8YZpLF',#6,$,$,(#6000),#6004);
#6008=IFCMAPPEDITEM(#4731,#1706);
#6009=IFCSHAPEREPRESENTATION(#15,'Body','MappedRepresentation',(#6008));
#6010=IFCPRODUCTDEFINITIONSHAPE($,$,(#6009));
#6011=IFCCARTESIANPOINT((29768.78574537886,-11038.638670240443,-4000.));
#6012=IFCAXIS2PLACEMENT3D(#6011,$,$);
#6013=IFCLOCALPLACEMENT(#28,#6012);
#6014=IFCCOLUMN('2pNQm$eHn1$wzB9nyPhmnF',#6,'Column:200x300:329139',$,$,#6013,#6010,'329139');
#6015=IFCPROPERTYSET('0r9mXqz2DfmqTo_jZ$HS4A',#6,'Pset_ColumnCommon',$,(#82,#83,#2352));
#6016=IFCPROPERTYSET('3DyX63jfD$8A2Str9wH1MS',#6,'Pset_QuantityTakeOff',$,(#2352));
#6017=IFCPROPERTYSINGLEVALUE('Reference',$,IFCLABEL('200x300'),$);
#6018=IFCPROPERTYSET('3CqCcmh0CW5ziZlyvWwKMr',#6,'Pset_ReinforcementBarPitchOfColumn',$,(#6017));
#6019=IFCRELDEFINESBYPROPERTIES('1REPbCHyqIlnoFoahqgXr$',#6,$,$,(#6014),#6015);
#6020=IFCRELDEFINESBYPROPERTIES('1Sd5p6LYNwOr$ATQattxwC',#6,$,$,(#6014),#6016);
#6021=IFCRELDEFINESBYPROPERTIES('1Q$fVBCdm5nXDR5DmvG8v5',#6,$,$,(#6014),#6018);
#6022=IFCMAPPEDITEM(#4731,#1706);
#6023=IFCSHAPEREPRESENTATION(#15,'Body','MappedRepresentation',(#6022));
#6024=IFCPRODUCTDEFINITIONSHAPE($,$,(#6023));
#6025=IFCCARTESIANPOINT((29768.785745378857,-14238.638670240443,-4000.));
#6026=IFCAXIS2PLACEMENT3D(#6025,$,$);
#6027=IFCLOCALPLACEMENT(#28,#6026);
#6028=IFCCOLUMN('2pNQm$eHn1$wzB9nyPhmn1',#6,'Column:200x300:329149',$,$,#6027,#6024,'329149');
#6029=IFCPROPERTYSET('3x8NQsoK5S16pErpbQOqX1',#6,'Pset_ColumnCommon',$,(#82,#83,#2352));
#6030=IFCPROPERTYSET('1XFyUefp6Q44QtUTMJsQKQ',#6,'Pset_QuantityTakeOff',$,(#2352));
#6031=IFCPROPERTYSINGLEVALUE('Reference',$,IFCLABEL('200x300'),$);
#6032=IFCPROPERTYSET('3k9Kcakb6bC5yhMsBFEUEV',#6,'Pset_ReinforcementBarPitchOfColumn',$,(#6031));
#6033=IFCRELDEFINESBYPROPERTIES('0rxeoVNI_scb1ukrS9ywje',#6,$,$,(#6028),#6029);
#6034=IFCRELDEFINESBYPROPERTIES('2BYDmehocqovbYNiMxA72e',#6,$,$,(#6028),#6030);
#6035=IFCRELDEFINESBYPROPERTIES('2OtCTUynKRory2D21Jzq5L',#6,$,$,(#6028),#6032);
#6036=IFCCARTESIANPOINT((-30896.214254621093,8161.3613297597367,0.));
#6037=IFCAXIS2PLACEMENT3D(#6036,$,$);
#6038=IFCLOCALPLACEMENT(#24,#6037);
#6039=IFCCARTESIANPOINT((51275.,0.));
#6040=IFCPOLYLINE((#3139,#6039));
#6041=IFCSHAPEREPRESENTATION(#14,'Axis','Curve2D',(#6040));
#6042=IFCPRODUCTDEFINITIONSHAPE($,$,(#6041,#6050));
#6043=IFCCARTESIANPOINT((25637.500000000004,1.2079226507921703E-013));
#6044=IFCDIRECTION((-1.,0.));
#6045=IFCAXIS2PLACEMENT2D(#6043,#6044);
#6046=IFCRECTANGLEPROFILEDEF(.AREA.,$,#6045,51275.000000000007,200.);
#6047=IFCAXIS2PLACEMENT3D(#10,$,$);
#6048=IFCEXTRUDEDAREASOLID(#6046,#6047,#55,3880.0000000000005);
#6049=IFCSTYLEDITEM(#6048,(#1695),$);
#6050=IFCSHAPEREPRESENTATION(#15,'Body','SweptSolid',(#6048));
#6051=IFCWALLSTANDARDCASE('0OwT9niH5FCOj8tuWLjmgt',#6,'Basic Wall:Generic - 200mm:330313',$,$,#6038,#6042,'330313');
#6052=IFCMATERIALLAYER(#1701,200.,$);
#6053=IFCMATERIALLAYERSET((#6052),'Basic Wall:Generic - 200mm');
#6054=IFCMATERIALLAYERSETUSAGE(#6053,.AXIS2.,.NEGATIVE.,100.);
#6055=IFCWALLTYPE('3kSL0VGKv3gxJCujeqtuWE',#6,'Basic Wall:Generic - 200mm',$,$,(#6067),$,'1740',$,.STANDARD.);
#6056=IFCPROPERTYSINGLEVALUE('Reference',$,IFCIDENTIFIER('Generic - 200mm'),$);
#6057=IFCPROPERTYSET('3Ae7IjAEHKK25_32A9Xzye',#6,'Pset_QuantityTakeOff',$,(#6056));
#6058=IFCPROPERTYSINGLEVALUE('Reference',$,IFCLABEL('Generic - 200mm'),$);
#6059=IFCPROPERTYSET('1x3hnlkcU7eWPe3roPrcj5',#6,'Pset_ReinforcementBarPitchOfWall',$,(#6058));
#6060=IFCPROPERTYSINGLEVALUE('IsExternal',$,IFCBOOLEAN(.T.),$);
#6061=IFCPROPERTYSINGLEVALUE('ExtendToStructure',$,IFCBOOLEAN(.F.),$);
#6062=IFCPROPERTYSET('0mJ_oADic$AVvk0Wl$yVlD',#6,'Pset_WallCommon',$,(#83,#6056,#6060,#6061));
#6063=IFCRELDEFINESBYPROPERTIES('3YAMprwE6oTabJh9y89Kap',#6,$,$,(#6051),#6057);
#6064=IFCRELDEFINESBYPROPERTIES('1DQ0waMxrkpw2$Npk6yXxx',#6,$,$,(#6051),#6059);
#6065=IFCRELDEFINESBYPROPERTIES('0$t2JbtSmzQL39PGSPz1Z6',#6,$,$,(#6051),#6062);
#6066=IFCPROPERTYSINGLEVALUE('ThermalTransmittance',$,IFCTHERMALTRANSMITTANCEMEASURE(5.2300000000000004),$);
#6067=IFCPROPERTYSET('3H$7WiJlwp7c6zib1YyWsY',#6,'Pset_WallCommon',$,(#6066));
#6068=IFCCARTESIANPOINT((-30796.214254621093,8061.3613297597376,0.));
#6069=IFCAXIS2PLACEMENT3D(#6068,#55,#3163);
#6070=IFCLOCALPLACEMENT(#24,#6069);
#6071=IFCCARTESIANPOINT((9870.,0.));
#6072=IFCPOLYLINE((#3139,#6071));
#6073=IFCSHAPEREPRESENTATION(#14,'Axis','Curve2D',(#6072));
#6074=IFCPRODUCTDEFINITIONSHAPE($,$,(#6073,#6081));
#6075=IFCCARTESIANPOINT((4934.9999999999045,0.));
#6076=IFCAXIS2PLACEMENT2D(#6075,#6044);
#6077=IFCRECTANGLEPROFILEDEF(.AREA.,$,#6076,9869.999999999809,199.99999999999784);
#6078=IFCAXIS2PLACEMENT3D(#10,$,$);
#6079=IFCEXTRUDEDAREASOLID(#6077,#6078,#55,3880.0000000000005);
#6080=IFCSTYLEDITEM(#6079,(#1695),$);
#6081=IFCSHAPEREPRESENTATION(#15,'Body','SweptSolid',(#6079));
#6082=IFCWALLSTANDARDCASE('0OwT9niH5FCOj8tuWLjmkz',#6,'Basic Wall:Generic - 200mm:330563',$,$,#6070,#6074,'330563');
#6083=IFCMATERIALLAYERSETUSAGE(#6053,.AXIS2.,.NEGATIVE.,100.);
#6084=IFCPROPERTYSET('0Td8jIQ2H0xLId_aLO7mAC',#6,'Pset_QuantityTakeOff',$,(#6056));
#6085=IFCPROPERTYSINGLEVALUE('Reference',$,IFCLABEL('Generic - 200mm'),$);
#6086=IFCPROPERTYSET('0$t3omwQFxWmcUDnm6QRrW',#6,'Pset_ReinforcementBarPitchOfWall',$,(#6085));
#6087=IFCPROPERTYSET('2aH8xp2p1fyVoolSjAurQf',#6,'Pset_WallCommon',$,(#83,#6056,#6060,#6061));
#6088=IFCRELDEFINESBYPROPERTIES('0yRRwCIPVK4t64xwNV8MIG',#6,$,$,(#6082),#6084);
#6089=IFCRELDEFINESBYPROPERTIES('2EGo4oUym1kDf6Ue41yC7K',#6,$,$,(#6082),#6086);
#6090=IFCRELDEFINESBYPROPERTIES('1BPZX_SUoNx01NzuM4lmIP',#6,$,$,(#6082),#6087);
#6091=IFCCARTESIANPOINT((-30696.214254621093,-1708.6386702400719,0.));
#6092=IFCAXIS2PLACEMENT3D(#6091,$,$);
#6093=IFCLOCALPLACEMENT(#24,#6092);
#6094=IFCCARTESIANPOINT((51020.,0.));
#6095=IFCPOLYLINE((#3139,#6094));
#6096=IFCSHAPEREPRESENTATION(#14,'Axis','Curve2D',(#6095));
#6097=IFCPRODUCTDEFINITIONSHAPE($,$,(#6096,#6158));
#6098=IFCCARTESIANPOINT((0.,-100.,0.));
#6099=IFCCARTESIANPOINT((60.,-100.,0.));
#6100=IFCCARTESIANPOINT((15815.,-100.,0.));
#6101=IFCCARTESIANPOINT((15935.,-100.,0.));
#6102=IFCCARTESIANPOINT((19015.,-100.,0.));
#6103=IFCCARTESIANPOINT((19135.,-100.,0.));
#6104=IFCCARTESIANPOINT((35015.,-100.,0.));
#6105=IFCCARTESIANPOINT((35135.,-100.,0.));
#6106=IFCCARTESIANPOINT((38215.,-100.,0.));
#6107=IFCCARTESIANPOINT((38335.,-100.,0.));
#6108=IFCCARTESIANPOINT((47815.,-100.,0.));
#6109=IFCCARTESIANPOINT((47935.,-100.,0.));
#6110=IFCCARTESIANPOINT((50900.,-100.,0.));
#6111=IFCCARTESIANPOINT((51000.,-100.,0.));
#6112=IFCCARTESIANPOINT((51000.,-100.,3850.));
#6113=IFCCARTESIANPOINT((51020.,-100.,3850.));
#6114=IFCCARTESIANPOINT((51020.,-100.,3880.));
#6115=IFCCARTESIANPOINT((0.,-100.,3880.));
#6116=IFCPOLYLOOP((#6098,#6099,#6100,#6101,#6102,#6103,#6104,#6105,#6106,#6107,#6108,#6109,#6110,#6111,#6112,#6113,#6114,#6115));
#6117=IFCFACEOUTERBOUND(#6116,.T.);
#6118=IFCFACE((#6117));
#6119=IFCCARTESIANPOINT((0.,100.,0.));
#6120=IFCCARTESIANPOINT((0.,100.,3880.));
#6121=IFCCARTESIANPOINT((22175.,100.,3880.));
#6122=IFCCARTESIANPOINT((22375.,100.,3880.));
#6123=IFCCARTESIANPOINT((29575.,100.,3880.));
#6124=IFCCARTESIANPOINT((29775.,100.,3880.));
#6125=IFCCARTESIANPOINT((51020.,100.,3880.));
#6126=IFCCARTESIANPOINT((51020.,100.,3850.));
#6127=IFCCARTESIANPOINT((51000.,100.,3850.));
#6128=IFCCARTESIANPOINT((51000.,100.,0.));
#6129=IFCCARTESIANPOINT((50800.,100.,0.));
#6130=IFCCARTESIANPOINT((29775.,100.,0.));
#6131=IFCCARTESIANPOINT((29575.,100.,0.));
#6132=IFCCARTESIANPOINT((22375.,100.,0.));
#6133=IFCCARTESIANPOINT((22175.,100.,0.));
#6134=IFCPOLYLOOP((#6119,#6120,#6121,#6122,#6123,#6124,#6125,#6126,#6127,#6128,#6129,#6130,#6131,#6132,#6133));
#6135=IFCFACEOUTERBOUND(#6134,.T.);
#6136=IFCFACE((#6135));
#6137=IFCPOLYLOOP((#6111,#6110,#6109,#6108,#6107,#6106,#6105,#6104,#6103,#6102,#6101,#6100,#6099,#6098,#6119,#6133,#6132,#6131,#6130,#6129,#6128));
#6138=IFCFACEOUTERBOUND(#6137,.T.);
#6139=IFCFACE((#6138));
#6140=IFCPOLYLOOP((#6115,#6114,#6125,#6124,#6123,#6122,#6121,#6120));
#6141=IFCFACEOUTERBOUND(#6140,.T.);
#6142=IFCFACE((#6141));
#6143=IFCPOLYLOOP((#6098,#6115,#6120,#6119));
#6144=IFCFACEOUTERBOUND(#6143,.T.);
#6145=IFCFACE((#6144));
#6146=IFCPOLYLOOP((#6126,#6113,#6112,#6127));
#6147=IFCFACEOUTERBOUND(#6146,.T.);
#6148=IFCFACE((#6147));
#6149=IFCPOLYLOOP((#6112,#6111,#6128,#6127));
#6150=IFCFACEOUTERBOUND(#6149,.T.);
#6151=IFCFACE((#6150));
#6152=IFCPOLYLOOP((#6114,#6113,#6126,#6125));
#6153=IFCFACEOUTERBOUND(#6152,.T.);
#6154=IFCFACE((#6153));
#6155=IFCCLOSEDSHELL((#6118,#6136,#6139,#6142,#6145,#6148,#6151,#6154));
#6156=IFCFACETEDBREP(#6155);
#6157=IFCSTYLEDITEM(#6156,(#1695),$);
#6158=IFCSHAPEREPRESENTATION(#15,'Body','Brep',(#6156));
#6159=IFCWALL('0OwT9niH5FCOj8tuWLjmip',#6,'Basic Wall:Generic - 200mm:330701',$,$,#6093,#6097,'330701');
#6160=IFCPROPERTYSET('0$CdgyJQeRdvlHH512PySQ',#6,'Pset_QuantityTakeOff',$,(#6056));
#6161=IFCPROPERTYSINGLEVALUE('Reference',$,IFCLABEL('Generic - 200mm'),$);
#6162=IFCPROPERTYSET('1DKHOcTzb4vjkqQLiIm34M',#6,'Pset_ReinforcementBarPitchOfWall',$,(#6161));
#6163=IFCPROPERTYSET('2ZL0VjaPWk8TJRlDo5pldm',#6,'Pset_WallCommon',$,(#83,#6056,#6060,#6061));
#6164=IFCRELDEFINESBYPROPERTIES('2LlJVs4EHWCCQ5ZeOEAnSR',#6,$,$,(#6159),#6160);
#6165=IFCRELDEFINESBYPROPERTIES('2uDDopkX7V5K3PGNKbbG4G',#6,$,$,(#6159),#6162);
#6166=IFCRELDEFINESBYPROPERTIES('2_nKXpS0GNycv7OyQU_P6M',#6,$,$,(#6159),#6163);
#6167=IFCCARTESIANPOINT((20203.785745379246,-1608.6386702402372,0.));
#6168=IFCAXIS2PLACEMENT3D(#6167,#55,#53);
#6169=IFCLOCALPLACEMENT(#24,#6168);
#6170=IFCCARTESIANPOINT((9670.,-0.));
#6171=IFCPOLYLINE((#3139,#6170));
#6172=IFCSHAPEREPRESENTATION(#14,'Axis','Curve2D',(#6171));
#6173=IFCPRODUCTDEFINITIONSHAPE($,$,(#6172,#6180));
#6174=IFCCARTESIANPOINT((4834.9999999999045,-1.1368683772161603E-013));
#6175=IFCAXIS2PLACEMENT2D(#6174,#6044);
#6176=IFCRECTANGLEPROFILEDEF(.AREA.,$,#6175,9669.999999999809,199.99999999999784);
#6177=IFCAXIS2PLACEMENT3D(#10,$,$);
#6178=IFCEXTRUDEDAREASOLID(#6176,#6177,#55,3850.0000000000005);
#6179=IFCSTYLEDITEM(#6178,(#1695),$);
#6180=IFCSHAPEREPRESENTATION(#15,'Body','SweptSolid',(#6178));
#6181=IFCWALLSTANDARDCASE('0OwT9niH5FCOj8tuWLjmox',#6,'Basic Wall:Generic - 200mm:330821',$,$,#6169,#6173,'330821');
#6182=IFCMATERIALLAYERSETUSAGE(#6053,.AXIS2.,.NEGATIVE.,100.);
#6183=IFCPROPERTYSET('1Hl7N8niGZq1e81mAYB0Fe',#6,'Pset_QuantityTakeOff',$,(#6056));
#6184=IFCPROPERTYSINGLEVALUE('Reference',$,IFCLABEL('Generic - 200mm'),$);
#6185=IFCPROPERTYSET('0heFJGagZvkljVRrmDVF1g',#6,'Pset_ReinforcementBarPitchOfWall',$,(#6184));
#6186=IFCPROPERTYSET('1dq_$eB12CECmKAuhO$Hcr',#6,'Pset_WallCommon',$,(#83,#6056,#6060,#6061));
#6187=IFCRELDEFINESBYPROPERTIES('1d492KS2d_uE5bLMhIeY$A',#6,$,$,(#6181),#6183);
#6188=IFCRELDEFINESBYPROPERTIES('3XiJuAS_YkC2XfkOwuT7nQ',#6,$,$,(#6181),#6185);
#6189=IFCRELDEFINESBYPROPERTIES('1jAnkstotrz3ccnJoypqIw',#6,$,$,(#6181),#6186);
#6190=IFCCARTESIANPOINT((-34251.214254621125,-14238.638670240245,0.));
#6191=IFCAXIS2PLACEMENT3D(#6190,$,$);
#6192=IFCLOCALPLACEMENT(#24,#6191);
#6193=IFCCARTESIANPOINT((66600.,-0.));
#6194=IFCPOLYLINE((#3139,#6193));
#6195=IFCSHAPEREPRESENTATION(#14,'Axis','Curve2D',(#6194));
#6196=IFCPRODUCTDEFINITIONSHAPE($,$,(#6195,#6203));
#6197=IFCCARTESIANPOINT((33300.,-4.7606363295926712E-013));
#6198=IFCAXIS2PLACEMENT2D(#6197,#6044);
#6199=IFCRECTANGLEPROFILEDEF(.AREA.,$,#6198,66600.,240.00000000000176);
#6200=IFCAXIS2PLACEMENT3D(#10,$,$);
#6201=IFCEXTRUDEDAREASOLID(#6199,#6200,#55,3880.0000000000005);
#6202=IFCSTYLEDITEM(#6201,(#1695),$);
#6203=IFCSHAPEREPRESENTATION(#15,'Body','SweptSolid',(#6201));
#6204=IFCWALLSTANDARDCASE('0OwT9niH5FCOj8tuWLjmrW',#6,'Basic Wall:Generic - 240mm:331166',$,$,#6192,#6196,'331166');
#6205=IFCMATERIALLAYER(#1701,240.,$);
#6206=IFCMATERIALLAYERSET((#6205),'Basic Wall:Generic - 240mm');
#6207=IFCMATERIALLAYERSETUSAGE(#6206,.AXIS2.,.NEGATIVE.,120.);
#6208=IFCWALLTYPE('3qTnPBLQ19SwDDuLtwlFaH',#6,'Basic Wall:Generic - 240mm',$,$,(#6218),$,'333339',$,.STANDARD.);
#6209=IFCPROPERTYSINGLEVALUE('Reference',$,IFCIDENTIFIER('Generic - 240mm'),$);
#6210=IFCPROPERTYSET('1$n1zcl9AFfDNakc0zRHIX',#6,'Pset_QuantityTakeOff',$,(#6209));
#6211=IFCPROPERTYSINGLEVALUE('Reference',$,IFCLABEL('Generic - 240mm'),$);
#6212=IFCPROPERTYSET('1kxaL6FCjQdPh2t4hQNtSg',#6,'Pset_ReinforcementBarPitchOfWall',$,(#6211));
#6213=IFCPROPERTYSET('1gnKETOzpXrIELKFlaetV_',#6,'Pset_WallCommon',$,(#83,#6060,#6061,#6209));
#6214=IFCRELDEFINESBYPROPERTIES('0wnMGBOpFCPLivSSH9SFD$',#6,$,$,(#6204),#6210);
#6215=IFCRELDEFINESBYPROPERTIES('1Zon2Bd7biN8pOgB9V6eI4',#6,$,$,(#6204),#6212);
#6216=IFCRELDEFINESBYPROPERTIES('3h0lONU1kOCIObPSgJiKLU',#6,$,$,(#6204),#6213);
#6217=IFCPROPERTYSINGLEVALUE('ThermalTransmittance',$,IFCTHERMALTRANSMITTANCEMEASURE(4.3583333333333334),$);
#6218=IFCPROPERTYSET('0t6XdaxAWwdsXZQPO$_h8r',#6,'Pset_WallCommon',$,(#6217));
#6219=IFCAXIS2PLACEMENT3D(#10,$,$);
#6220=IFCLOCALPLACEMENT(#24,#6219);
#6221=IFCCARTESIANPOINT((4.5474735088646412E-013,0.));
#6222=IFCAXIS2PLACEMENT2D(#6221,#48);
#6223=IFCRECTANGLEPROFILEDEF(.AREA.,$,#6222,9449.99999999992,300.00000000000108);
#6224=IFCCARTESIANPOINT((-1021.2142546211222,3286.3613297596116,-100.));
#6225=IFCAXIS2PLACEMENT3D(#6224,#52,#53);
#6226=IFCEXTRUDEDAREASOLID(#6223,#6225,#55,150.);
#6227=IFCSTYLEDITEM(#6226,(#60),$);
#6228=IFCSHAPEREPRESENTATION(#15,'Body','SweptSolid',(#6226));
#6229=IFCPRODUCTDEFINITIONSHAPE($,$,(#6228));
#6230=IFCSLAB('0OwT9niH5FCOj8tuWLjn1L',#6,'Foundation Slab:15mm Foundation Slab:331947',$,$,#6220,#6229,'331947',.BASESLAB.);
#6231=IFCMATERIALLAYERSETUSAGE(#76,.AXIS3.,.POSITIVE.,0.);
#6232=IFCPROPERTYSET('2l0GTXHiOh2fXqNRkpOOkA',#6,'Pset_QuantityTakeOff',$,(#78));
#6233=IFCPROPERTYSINGLEVALUE('Reference',$,IFCLABEL('15mm Foundation Slab'),$);
#6234=IFCPROPERTYSET('2YWdoXDQxmUOLHYiZ1eHo7',#6,'Pset_ReinforcementBarPitchOfSlab',$,(#6233));
#6235=IFCPROPERTYSET('0d5_OBSUYxb6WMbMbaNQeZ',#6,'Pset_SlabCommon',$,(#78,#82,#83,#84));
#6236=IFCRELDEFINESBYPROPERTIES('2mCplga58xgyuNWt$yI4fH',#6,$,$,(#6230),#6232);
#6237=IFCRELDEFINESBYPROPERTIES('1i5_kk9IqXzUinCbpVLCl$',#6,$,$,(#6230),#6234);
#6238=IFCRELDEFINESBYPROPERTIES('1oMHVqYkA7R1vZKYW6Iv32',#6,$,$,(#6230),#6235);
#6239=IFCCARTESIANPOINT((-8421.2142546211162,8061.3613297596648,0.));
#6240=IFCAXIS2PLACEMENT3D(#6239,#55,#3163);
#6241=IFCLOCALPLACEMENT(#24,#6240);
#6242=IFCCARTESIANPOINT((9670.,0.));
#6243=IFCPOLYLINE((#3139,#6242));
#6244=IFCSHAPEREPRESENTATION(#14,'Axis','Curve2D',(#6243));
#6245=IFCPRODUCTDEFINITIONSHAPE($,$,(#6244,#6252));
#6246=IFCCARTESIANPOINT((4834.9999999999045,1.7763568394002505E-013));
#6247=IFCAXIS2PLACEMENT2D(#6246,#6044);
#6248=IFCRECTANGLEPROFILEDEF(.AREA.,$,#6247,9669.999999999809,200.);
#6249=IFCAXIS2PLACEMENT3D(#10,$,$);
#6250=IFCEXTRUDEDAREASOLID(#6248,#6249,#55,3880.0000000000005);
#6251=IFCSTYLEDITEM(#6250,(#1695),$);
#6252=IFCSHAPEREPRESENTATION(#15,'Body','SweptSolid',(#6250));
#6253=IFCWALLSTANDARDCASE('0OwT9niH5FCOj8tuWLjn7R',#6,'Basic Wall:Generic - 200mm:332069',$,$,#6241,#6245,'332069');
#6254=IFCMATERIALLAYERSETUSAGE(#6053,.AXIS2.,.NEGATIVE.,100.);
#6255=IFCPROPERTYSET('2C5piK2ot_QBqs3D0P3m3d',#6,'Pset_QuantityTakeOff',$,(#6056));
#6256=IFCPROPERTYSINGLEVALUE('Reference',$,IFCLABEL('Generic - 200mm'),$);
#6257=IFCPROPERTYSET('05sDQOINZrerVJfyKBitQ_',#6,'Pset_ReinforcementBarPitchOfWall',$,(#6256));
#6258=IFCPROPERTYSET('0AL5wSVmLiphfhiTfhPc6_',#6,'Pset_WallCommon',$,(#83,#6056,#6060,#6061));
#6259=IFCRELDEFINESBYPROPERTIES('3VPVwBorrOsWHMEwfMc7d2',#6,$,$,(#6253),#6255);
#6260=IFCRELDEFINESBYPROPERTIES('03LNPZ9$sCRH7NE2z1dSZQ',#6,$,$,(#6253),#6257);
#6261=IFCRELDEFINESBYPROPERTIES('3kKuWlFdNM5dav0m30TDMz',#6,$,$,(#6253),#6258);
#6262=IFCCARTESIANPOINT((-1021.2142546211148,8061.3613297596403,0.));
#6263=IFCAXIS2PLACEMENT3D(#6262,#55,#3163);
#6264=IFCLOCALPLACEMENT(#24,#6263);
#6265=IFCCARTESIANPOINT((9670.,-0.));
#6266=IFCPOLYLINE((#3139,#6265));
#6267=IFCSHAPEREPRESENTATION(#14,'Axis','Curve2D',(#6266));
#6268=IFCPRODUCTDEFINITIONSHAPE($,$,(#6267,#6275));
#6269=IFCCARTESIANPOINT((4834.9999999999045,-2.1316282072803006E-014));
#6270=IFCAXIS2PLACEMENT2D(#6269,#6044);
#6271=IFCRECTANGLEPROFILEDEF(.AREA.,$,#6270,9669.999999999809,200.);
#6272=IFCAXIS2PLACEMENT3D(#10,$,$);
#6273=IFCEXTRUDEDAREASOLID(#6271,#6272,#55,3880.0000000000005);
#6274=IFCSTYLEDITEM(#6273,(#1695),$);
#6275=IFCSHAPEREPRESENTATION(#15,'Body','SweptSolid',(#6273));
#6276=IFCWALLSTANDARDCASE('0OwT9niH5FCOj8tuWLjn5W',#6,'Basic Wall:Generic - 200mm:332190',$,$,#6264,#6268,'332190');
#6277=IFCMATERIALLAYERSETUSAGE(#6053,.AXIS2.,.NEGATIVE.,100.);
#6278=IFCPROPERTYSET('0WeS5BwRaX9TpC7wID76IT',#6,'Pset_QuantityTakeOff',$,(#6056));
#6279=IFCPROPERTYSINGLEVALUE('Reference',$,IFCLABEL('Generic - 200mm'),$);
#6280=IFCPROPERTYSET('3tVhD6yoe1klGrz97LY8Oa',#6,'Pset_ReinforcementBarPitchOfWall',$,(#6279));
#6281=IFCPROPERTYSET('2kbMjYAZNDzG$xOJ9uwd5m',#6,'Pset_WallCommon',$,(#83,#6056,#6060,#6061));
#6282=IFCRELDEFINESBYPROPERTIES('1EtmUTqb0IuiPqxzqPDAMX',#6,$,$,(#6276),#6278);
#6283=IFCRELDEFINESBYPROPERTIES('2b4tRXnmNqJKPlF2BdyBC2',#6,$,$,(#6276),#6280);
#6284=IFCRELDEFINESBYPROPERTIES('2vE3mq7V2BjIJQFsOnHrEY',#6,$,$,(#6276),#6281);
#6285=IFCCARTESIANPOINT((-30696.214254621093,-1808.6386702400712,0.));
#6286=IFCAXIS2PLACEMENT3D(#6285,#55,#3163);
#6287=IFCLOCALPLACEMENT(#24,#6286);
#6288=IFCCARTESIANPOINT((10690.,-0.));
#6289=IFCPOLYLINE((#3139,#6288));
#6290=IFCSHAPEREPRESENTATION(#14,'Axis','Curve2D',(#6289));
#6291=IFCPRODUCTDEFINITIONSHAPE($,$,(#6290,#6298));
#6292=IFCCARTESIANPOINT((5344.9999999999955,-4.2632564145606011E-014));
#6293=IFCAXIS2PLACEMENT2D(#6292,#6044);
#6294=IFCRECTANGLEPROFILEDEF(.AREA.,$,#6293,10689.999999999991,119.99999999999871);
#6295=IFCAXIS2PLACEMENT3D(#10,$,$);
#6296=IFCEXTRUDEDAREASOLID(#6294,#6295,#55,4000.0000000000005);
#6297=IFCSTYLEDITEM(#6296,(#1695),$);
#6298=IFCSHAPEREPRESENTATION(#15,'Body','SweptSolid',(#6296));
#6299=IFCWALLSTANDARDCASE('3qTnPBLQ19SwDDuLtwlFXW',#6,'Basic Wall:Generic - 120mm:333674',$,$,#6287,#6291,'333674');
#6300=IFCMATERIALLAYER(#1701,120.,$);
#6301=IFCMATERIALLAYERSET((#6300),'Basic Wall:Generic - 120mm');
#6302=IFCMATERIALLAYERSETUSAGE(#6301,.AXIS2.,.NEGATIVE.,60.);
#6303=IFCWALLTYPE('3qTnPBLQ19SwDDuLtwlFbH',#6,'Basic Wall:Generic - 120mm',$,$,(#6313),$,'333403',$,.STANDARD.);
#6304=IFCPROPERTYSINGLEVALUE('Reference',$,IFCIDENTIFIER('Generic - 120mm'),$);
#6305=IFCPROPERTYSET('3oSJ5xSYy0etwWLlwL2TJq',#6,'Pset_QuantityTakeOff',$,(#6304));
#6306=IFCPROPERTYSINGLEVALUE('Reference',$,IFCLABEL('Generic - 120mm'),$);
#6307=IFCPROPERTYSET('1uxFdwNrtpPSAPguoUqLGW',#6,'Pset_ReinforcementBarPitchOfWall',$,(#6306));
#6308=IFCPROPERTYSET('2Ls0$BxWvJi6S7265njRNr',#6,'Pset_WallCommon',$,(#83,#6060,#6061,#6304));
#6309=IFCRELDEFINESBYPROPERTIES('2xbRx0GueV98k3VPbxO7_Z',#6,$,$,(#6299),#6305);
#6310=IFCRELDEFINESBYPROPERTIES('2MYQBop244YMwzzei1uono',#6,$,$,(#6299),#6307);
#6311=IFCRELDEFINESBYPROPERTIES('2F$5B$Xkg$CWoVD1DcAzbk',#6,$,$,(#6299),#6308);
#6312=IFCPROPERTYSINGLEVALUE('ThermalTransmittance',$,IFCTHERMALTRANSMITTANCEMEASURE(8.7166666666666668),$);
#6313=IFCPROPERTYSET('01X3i6Ra1Q7L6hwWgGOcyQ',#6,'Pset_WallCommon',$,(#6312));
#6314=IFCCARTESIANPOINT((-30756.214254621111,-12558.638670240061,0.));
#6315=IFCAXIS2PLACEMENT3D(#6314,$,$);
#6316=IFCLOCALPLACEMENT(#24,#6315);
#6317=IFCCARTESIANPOINT((61165.,0.));
#6318=IFCPOLYLINE((#3139,#6317));
#6319=IFCSHAPEREPRESENTATION(#14,'Axis','Curve2D',(#6318));
#6320=IFCPRODUCTDEFINITIONSHAPE($,$,(#6319,#6327));
#6321=IFCCARTESIANPOINT((30582.500000000011,3.765876499528531E-013));
#6322=IFCAXIS2PLACEMENT2D(#6321,#6044);
#6323=IFCRECTANGLEPROFILEDEF(.AREA.,$,#6322,61165.000000000022,119.99999999999871);
#6324=IFCAXIS2PLACEMENT3D(#10,$,$);
#6325=IFCEXTRUDEDAREASOLID(#6323,#6324,#55,3880.0000000000005);
#6326=IFCSTYLEDITEM(#6325,(#1695),$);
#6327=IFCSHAPEREPRESENTATION(#15,'Body','SweptSolid',(#6325));
#6328=IFCWALLSTANDARDCASE('3qTnPBLQ19SwDDuLtwlFTW',#6,'Basic Wall:Generic - 120mm:333930',$,$,#6316,#6320,'333930');
#6329=IFCMATERIALLAYERSETUSAGE(#6301,.AXIS2.,.NEGATIVE.,60.);
#6330=IFCPROPERTYSET('2gGogntbb1gkAlv4gbcgn4',#6,'Pset_QuantityTakeOff',$,(#6304));
#6331=IFCPROPERTYSINGLEVALUE('Reference',$,IFCLABEL('Generic - 120mm'),$);
#6332=IFCPROPERTYSET('3QNn_fBEzctnS_CE8XMNw5',#6,'Pset_ReinforcementBarPitchOfWall',$,(#6331));
#6333=IFCPROPERTYSET('2pbPL3WevxzfEoN_Jgw5uz',#6,'Pset_WallCommon',$,(#83,#6060,#6061,#6304));
#6334=IFCRELDEFINESBYPROPERTIES('1_TD7MhgVV$BguGqJR83Rc',#6,$,$,(#6328),#6330);
#6335=IFCRELDEFINESBYPROPERTIES('3bOwQbs7Wk2ac5O2HwEXA0',#6,$,$,(#6328),#6332);
#6336=IFCRELDEFINESBYPROPERTIES('3WXVbcrTwLZxBNUL4vfzZr',#6,$,$,(#6328),#6333);
#6337=IFCCARTESIANPOINT((20263.785745378893,-1808.6386702402358,0.));
#6338=IFCAXIS2PLACEMENT3D(#6337,#55,#3163);
#6339=IFCLOCALPLACEMENT(#24,#6338);
#6340=IFCCARTESIANPOINT((10690.,-0.));
#6341=IFCPOLYLINE((#3139,#6340));
#6342=IFCSHAPEREPRESENTATION(#14,'Axis','Curve2D',(#6341));
#6343=IFCPRODUCTDEFINITIONSHAPE($,$,(#6342,#6350));
#6344=IFCCARTESIANPOINT((5344.9999999999955,-4.2632564145606011E-014));
#6345=IFCAXIS2PLACEMENT2D(#6344,#6044);
#6346=IFCRECTANGLEPROFILEDEF(.AREA.,$,#6345,10689.999999999991,119.99999999999871);
#6347=IFCAXIS2PLACEMENT3D(#10,$,$);
#6348=IFCEXTRUDEDAREASOLID(#6346,#6347,#55,4000.0000000000005);
#6349=IFCSTYLEDITEM(#6348,(#1695),$);
#6350=IFCSHAPEREPRESENTATION(#15,'Body','SweptSolid',(#6348));
#6351=IFCWALLSTANDARDCASE('3qTnPBLQ19SwDDuLtwlFLW',#6,'Basic Wall:Generic - 120mm:334442',$,$,#6339,#6343,'334442');
#6352=IFCMATERIALLAYERSETUSAGE(#6301,.AXIS2.,.NEGATIVE.,60.);
#6353=IFCPROPERTYSET('0ExsEDnJxgq9NcHcFzEvtV',#6,'Pset_QuantityTakeOff',$,(#6304));
#6354=IFCPROPERTYSINGLEVALUE('Reference',$,IFCLABEL('Generic - 120mm'),$);
#6355=IFCPROPERTYSET('1p_ruE7DDoC2U0c4GB_E4g',#6,'Pset_ReinforcementBarPitchOfWall',$,(#6354));
#6356=IFCPROPERTYSET('0LlH50lUixDGhY6b0_hEVe',#6,'Pset_WallCommon',$,(#83,#6060,#6061,#6304));
#6357=IFCRELDEFINESBYPROPERTIES('3FFxhcy45ABrAcLa3guKoX',#6,$,$,(#6351),#6353);
#6358=IFCRELDEFINESBYPROPERTIES('2jqfhWxrSzThNjeMweojjw',#6,$,$,(#6351),#6355);
#6359=IFCRELDEFINESBYPROPERTIES('2CLlAJS6FnO1Do3hNTnNww',#6,$,$,(#6351),#6356);
#6360=IFCCARTESIANPOINT((-14821.214254621116,-1808.638670240123,0.));
#6361=IFCAXIS2PLACEMENT3D(#6360,#55,#3163);
#6362=IFCLOCALPLACEMENT(#24,#6361);
#6363=IFCCARTESIANPOINT((10690.,-0.));
#6364=IFCPOLYLINE((#3139,#6363));
#6365=IFCSHAPEREPRESENTATION(#14,'Axis','Curve2D',(#6364));
#6366=IFCPRODUCTDEFINITIONSHAPE($,$,(#6365,#6373));
#6367=IFCCARTESIANPOINT((5344.9999999999964,-4.2632564145606011E-014));
#6368=IFCAXIS2PLACEMENT2D(#6367,#6044);
#6369=IFCRECTANGLEPROFILEDEF(.AREA.,$,#6368,10689.999999999993,119.99999999999871);
#6370=IFCAXIS2PLACEMENT3D(#10,$,$);
#6371=IFCEXTRUDEDAREASOLID(#6369,#6370,#55,4000.0000000000005);
#6372=IFCSTYLEDITEM(#6371,(#1695),$);
#6373=IFCSHAPEREPRESENTATION(#15,'Body','SweptSolid',(#6371));
#6374=IFCWALLSTANDARDCASE('3qTnPBLQ19SwDDuLtwlFN7',#6,'Basic Wall:Generic - 120mm:334541',$,$,#6362,#6366,'334541');
#6375=IFCMATERIALLAYERSETUSAGE(#6301,.AXIS2.,.NEGATIVE.,60.);
#6376=IFCPROPERTYSET('05qrjROA7quyjeDVT3jPMN',#6,'Pset_QuantityTakeOff',$,(#6304));
#6377=IFCPROPERTYSINGLEVALUE('Reference',$,IFCLABEL('Generic - 120mm'),$);
#6378=IFCPROPERTYSET('3HT6kM_gxwe1zFGh5xEWL$',#6,'Pset_ReinforcementBarPitchOfWall',$,(#6377));
#6379=IFCPROPERTYSET('3mGnAv7lwSNcNjWmiQteD3',#6,'Pset_WallCommon',$,(#83,#6060,#6061,#6304));
#6380=IFCRELDEFINESBYPROPERTIES('3P9_RGRPab9xkE9ttm2qO7',#6,$,$,(#6374),#6376);
#6381=IFCRELDEFINESBYPROPERTIES('241918iyofkkTwtitn0cFt',#6,$,$,(#6374),#6378);
#6382=IFCRELDEFINESBYPROPERTIES('3ORAWO229iORuiDQgCXORZ',#6,$,$,(#6374),#6379);
#6383=IFCCARTESIANPOINT((-11621.214254621116,-1808.6386702401319,0.));
#6384=IFCAXIS2PLACEMENT3D(#6383,#55,#3163);
#6385=IFCLOCALPLACEMENT(#24,#6384);
#6386=IFCCARTESIANPOINT((10690.,-0.));
#6387=IFCPOLYLINE((#3139,#6386));
#6388=IFCSHAPEREPRESENTATION(#14,'Axis','Curve2D',(#6387));
#6389=IFCPRODUCTDEFINITIONSHAPE($,$,(#6388,#6396));
#6390=IFCCARTESIANPOINT((5344.9999999999964,-4.2632564145606011E-014));
#6391=IFCAXIS2PLACEMENT2D(#6390,#6044);
#6392=IFCRECTANGLEPROFILEDEF(.AREA.,$,#6391,10689.999999999993,119.99999999999871);
#6393=IFCAXIS2PLACEMENT3D(#10,$,$);
#6394=IFCEXTRUDEDAREASOLID(#6392,#6393,#55,4000.0000000000005);
#6395=IFCSTYLEDITEM(#6394,(#1695),$);
#6396=IFCSHAPEREPRESENTATION(#15,'Body','SweptSolid',(#6394));
#6397=IFCWALLSTANDARDCASE('3qTnPBLQ19SwDDuLtwlFNS',#6,'Basic Wall:Generic - 120mm:334550',$,$,#6385,#6389,'334550');
#6398=IFCMATERIALLAYERSETUSAGE(#6301,.AXIS2.,.NEGATIVE.,60.);
#6399=IFCPROPERTYSET('03HbbJuQHVkLMQa_dJ1mhp',#6,'Pset_QuantityTakeOff',$,(#6304));
#6400=IFCPROPERTYSINGLEVALUE('Reference',$,IFCLABEL('Generic - 120mm'),$);
#6401=IFCPROPERTYSET('0Kl$t9DkJYuB9TZnsBgNfK',#6,'Pset_ReinforcementBarPitchOfWall',$,(#6400));
#6402=IFCPROPERTYSET('2ROCzeIq$3gKSlM6F9Y8Yp',#6,'Pset_WallCommon',$,(#83,#6060,#6061,#6304));
#6403=IFCRELDEFINESBYPROPERTIES('0x$gHRaTq2EOqWfL1j2CU_',#6,$,$,(#6397),#6399);
#6404=IFCRELDEFINESBYPROPERTIES('31r3Iyq3FUcxHibvsUmFEQ',#6,$,$,(#6397),#6401);
#6405=IFCRELDEFINESBYPROPERTIES('0VWOBMTNzyjV0MTw$9WmQG',#6,$,$,(#6397),#6402);
#6406=IFCCARTESIANPOINT((4378.7857453788783,-1808.638670240184,0.));
#6407=IFCAXIS2PLACEMENT3D(#6406,#55,#3163);
#6408=IFCLOCALPLACEMENT(#24,#6407);
#6409=IFCCARTESIANPOINT((10690.,-0.));
#6410=IFCPOLYLINE((#3139,#6409));
#6411=IFCSHAPEREPRESENTATION(#14,'Axis','Curve2D',(#6410));
#6412=IFCPRODUCTDEFINITIONSHAPE($,$,(#6411,#6419));
#6413=IFCCARTESIANPOINT((5344.9999999999964,-4.2632564145606011E-014));
#6414=IFCAXIS2PLACEMENT2D(#6413,#6044);
#6415=IFCRECTANGLEPROFILEDEF(.AREA.,$,#6414,10689.999999999993,119.99999999999979);
#6416=IFCAXIS2PLACEMENT3D(#10,$,$);
#6417=IFCEXTRUDEDAREASOLID(#6415,#6416,#55,3850.0000000000005);
#6418=IFCSTYLEDITEM(#6417,(#1695),$);
#6419=IFCSHAPEREPRESENTATION(#15,'Body','SweptSolid',(#6417));
#6420=IFCWALLSTANDARDCASE('3qTnPBLQ19SwDDuLtwlFGZ',#6,'Basic Wall:Generic - 120mm:334633',$,$,#6408,#6412,'334633');
#6421=IFCMATERIALLAYERSETUSAGE(#6301,.AXIS2.,.NEGATIVE.,60.);
#6422=IFCPROPERTYSET('2ryt_O95RtvZOaAkADvON1',#6,'Pset_QuantityTakeOff',$,(#6304));
#6423=IFCPROPERTYSINGLEVALUE('Reference',$,IFCLABEL('Generic - 120mm'),$);
#6424=IFCPROPERTYSET('25lnlGO8R_LPVfMd8N3axu',#6,'Pset_ReinforcementBarPitchOfWall',$,(#6423));
#6425=IFCPROPERTYSET('2rXneAalgVjVf36IJEahSg',#6,'Pset_WallCommon',$,(#83,#6060,#6061,#6304));
#6426=IFCRELDEFINESBYPROPERTIES('0xxSsdruIeGOxKbnWhj0BO',#6,$,$,(#6420),#6422);
#6427=IFCRELDEFINESBYPROPERTIES('05yX0xwzPDC5O_qfDqrNKs',#6,$,$,(#6420),#6424);
#6428=IFCRELDEFINESBYPROPERTIES('275EbcwSar2YdgDHrrZLeN',#6,$,$,(#6420),#6425);
#6429=IFCCARTESIANPOINT((7578.7857453788783,-1808.6386702401946,0.));
#6430=IFCAXIS2PLACEMENT3D(#6429,#55,#3163);
#6431=IFCLOCALPLACEMENT(#24,#6430);
#6432=IFCCARTESIANPOINT((10690.,-0.));
#6433=IFCPOLYLINE((#3139,#6432));
#6434=IFCSHAPEREPRESENTATION(#14,'Axis','Curve2D',(#6433));
#6435=IFCPRODUCTDEFINITIONSHAPE($,$,(#6434,#6442));
#6436=IFCCARTESIANPOINT((5344.9999999999955,-4.2632564145606011E-014));
#6437=IFCAXIS2PLACEMENT2D(#6436,#6044);
#6438=IFCRECTANGLEPROFILEDEF(.AREA.,$,#6437,10689.999999999991,120.00000000000088);
#6439=IFCAXIS2PLACEMENT3D(#10,$,$);
#6440=IFCEXTRUDEDAREASOLID(#6438,#6439,#55,3850.0000000000005);
#6441=IFCSTYLEDITEM(#6440,(#1695),$);
#6442=IFCSHAPEREPRESENTATION(#15,'Body','SweptSolid',(#6440));
#6443=IFCWALLSTANDARDCASE('3qTnPBLQ19SwDDuLtwlFGw',#6,'Basic Wall:Generic - 120mm:334640',$,$,#6431,#6435,'334640');
#6444=IFCMATERIALLAYERSETUSAGE(#6301,.AXIS2.,.NEGATIVE.,60.);
#6445=IFCPROPERTYSET('13scvGvGErc_NiOlmLsZ4h',#6,'Pset_QuantityTakeOff',$,(#6304));
#6446=IFCPROPERTYSINGLEVALUE('Reference',$,IFCLABEL('Generic - 120mm'),$);
#6447=IFCPROPERTYSET('0_1NKySOzHVMEYUee1jzya',#6,'Pset_ReinforcementBarPitchOfWall',$,(#6446));
#6448=IFCPROPERTYSET('1I6fxSqnjyDTc$4gJdanBo',#6,'Pset_WallCommon',$,(#83,#6060,#6061,#6304));
#6449=IFCRELDEFINESBYPROPERTIES('0aFzi$gJo_wfRSjgo4YQa$',#6,$,$,(#6443),#6445);
#6450=IFCRELDEFINESBYPROPERTIES('0fpWqUDNFL2bzO9CvjlvAP',#6,$,$,(#6443),#6447);
#6451=IFCRELDEFINESBYPROPERTIES('37LeHauuZQPJ6mlXd4aVbj',#6,$,$,(#6443),#6448);
#6452=IFCCARTESIANPOINT((17178.785745378878,-1808.6386702402251,0.));
#6453=IFCAXIS2PLACEMENT3D(#6452,#55,#3163);
#6454=IFCLOCALPLACEMENT(#24,#6453);
#6455=IFCCARTESIANPOINT((10690.,-0.));
#6456=IFCPOLYLINE((#3139,#6455));
#6457=IFCSHAPEREPRESENTATION(#14,'Axis','Curve2D',(#6456));
#6458=IFCPRODUCTDEFINITIONSHAPE($,$,(#6457,#6465));
#6459=IFCCARTESIANPOINT((5344.9999999999955,-4.2632564145606011E-014));
#6460=IFCAXIS2PLACEMENT2D(#6459,#6044);
#6461=IFCRECTANGLEPROFILEDEF(.AREA.,$,#6460,10689.999999999991,119.99999999999871);
#6462=IFCAXIS2PLACEMENT3D(#10,$,$);
#6463=IFCEXTRUDEDAREASOLID(#6461,#6462,#55,4000.0000000000005);
#6464=IFCSTYLEDITEM(#6463,(#1695),$);
#6465=IFCSHAPEREPRESENTATION(#15,'Body','SweptSolid',(#6463));
#6466=IFCWALLSTANDARDCASE('3qTnPBLQ19SwDDuLtwlFGr',#6,'Basic Wall:Generic - 120mm:334655',$,$,#6454,#6458,'334655');
#6467=IFCMATERIALLAYERSETUSAGE(#6301,.AXIS2.,.NEGATIVE.,60.);
#6468=IFCPROPERTYSET('3tAi5WLXrvkmlY6t_WlIV3',#6,'Pset_QuantityTakeOff',$,(#6304));
#6469=IFCPROPERTYSINGLEVALUE('Reference',$,IFCLABEL('Generic - 120mm'),$);
#6470=IFCPROPERTYSET('12ZhmKye_y3gx9QQVZTRxL',#6,'Pset_ReinforcementBarPitchOfWall',$,(#6469));
#6471=IFCPROPERTYSET('3jBFFMjGFVaVez0BNcywxM',#6,'Pset_WallCommon',$,(#83,#6060,#6061,#6304));
#6472=IFCRELDEFINESBYPROPERTIES('3RI$3xF970drQA9gV5tjAS',#6,$,$,(#6466),#6468);
#6473=IFCRELDEFINESBYPROPERTIES('1X_1Jm_9iQ2agTIQrjZ3kJ',#6,$,$,(#6466),#6470);
#6474=IFCRELDEFINESBYPROPERTIES('3xbOcRPfYMEgsl$Vzi$0MR',#6,$,$,(#6466),#6471);
#6475=IFCCARTESIANPOINT((-34351.214254621074,14561.361329759804,0.));
#6476=IFCAXIS2PLACEMENT3D(#6475,#55,#3163);
#6477=IFCLOCALPLACEMENT(#24,#6476);
#6478=IFCCARTESIANPOINT((38000.,-0.));
#6479=IFCPOLYLINE((#3139,#6478));
#6480=IFCSHAPEREPRESENTATION(#14,'Axis','Curve2D',(#6479));
#6481=IFCPRODUCTDEFINITIONSHAPE($,$,(#6480,#6488));
#6482=IFCCARTESIANPOINT((18999.999999999996,-9.9475983006414026E-014));
#6483=IFCAXIS2PLACEMENT2D(#6482,#6044);
#6484=IFCRECTANGLEPROFILEDEF(.AREA.,$,#6483,37999.999999999993,199.99999999999784);
#6485=IFCAXIS2PLACEMENT3D(#10,$,$);
#6486=IFCEXTRUDEDAREASOLID(#6484,#6485,#55,3850.0000000000005);
#6487=IFCSTYLEDITEM(#6486,(#1695),$);
#6488=IFCSHAPEREPRESENTATION(#15,'Body','SweptSolid',(#6486));
#6489=IFCWALLSTANDARDCASE('2P08yrpAz16O3JDZFlZNbh',#6,'Basic Wall:Generic - 200mm:334956',$,$,#6477,#6481,'334956');
#6490=IFCMATERIALLAYERSETUSAGE(#6053,.AXIS2.,.NEGATIVE.,100.);
#6491=IFCPROPERTYSET('0mLuwrJ9_$Q8aKMvJJhoFZ',#6,'Pset_QuantityTakeOff',$,(#6056));
#6492=IFCPROPERTYSINGLEVALUE('Reference',$,IFCLABEL('Generic - 200mm'),$);
#6493=IFCPROPERTYSET('3_cKwhxyy3g7lGjzKr4hGN',#6,'Pset_ReinforcementBarPitchOfWall',$,(#6492));
#6494=IFCPROPERTYSET('2yU0pIxuFgVecviU440$Pf',#6,'Pset_WallCommon',$,(#83,#6056,#6060,#6061));
#6495=IFCRELDEFINESBYPROPERTIES('1t7nID3q_2olbByuNaob_H',#6,$,$,(#6489),#6491);
#6496=IFCRELDEFINESBYPROPERTIES('0s9JTQaVM4RaWxfHdft_az',#6,$,$,(#6489),#6493);
#6497=IFCRELDEFINESBYPROPERTIES('05EvhPlFbN0MWdEhCGPqFm',#6,$,$,(#6489),#6494);
#6498=IFCCARTESIANPOINT((-34251.214254621147,-22938.638670240263,0.));
#6499=IFCAXIS2PLACEMENT3D(#6498,$,$);
#6500=IFCLOCALPLACEMENT(#24,#6499);
#6501=IFCCARTESIANPOINT((64460.,0.));
#6502=IFCPOLYLINE((#3139,#6501));
#6503=IFCSHAPEREPRESENTATION(#14,'Axis','Curve2D',(#6502));
#6504=IFCPRODUCTDEFINITIONSHAPE($,$,(#6503,#6511));
#6505=IFCCARTESIANPOINT((32230.000000000015,0.));
#6506=IFCAXIS2PLACEMENT2D(#6505,#6044);
#6507=IFCRECTANGLEPROFILEDEF(.AREA.,$,#6506,64460.000000000029,199.99999999999784);
#6508=IFCAXIS2PLACEMENT3D(#10,$,$);
#6509=IFCEXTRUDEDAREASOLID(#6507,#6508,#55,3850.0000000000005);
#6510=IFCSTYLEDITEM(#6509,(#1695),$);
#6511=IFCSHAPEREPRESENTATION(#15,'Body','SweptSolid',(#6509));
#6512=IFCWALLSTANDARDCASE('2P08yrpAz16O3JDZFlZNY1',#6,'Basic Wall:Generic - 200mm:335238',$,$,#6500,#6504,'335238');
#6513=IFCMATERIALLAYERSETUSAGE(#6053,.AXIS2.,.NEGATIVE.,100.);
#6514=IFCPROPERTYSET('3P5kh95VSnH3x5PsUINGi_',#6,'Pset_QuantityTakeOff',$,(#6056));
#6515=IFCPROPERTYSINGLEVALUE('Reference',$,IFCLABEL('Generic - 200mm'),$);
#6516=IFCPROPERTYSET('3GH5C1uRhZTMFY$r$YpU1d',#6,'Pset_ReinforcementBarPitchOfWall',$,(#6515));
#6517=IFCPROPERTYSET('1ponnElzazuD9BD4Swp$Gv',#6,'Pset_WallCommon',$,(#83,#6056,#6060,#6061));
#6518=IFCRELDEFINESBYPROPERTIES('3puDNBMewYa$xpw0h_rTj9',#6,$,$,(#6512),#6514);
#6519=IFCRELDEFINESBYPROPERTIES('2AD0JEDRudwe5rz39JZcxl',#6,$,$,(#6512),#6516);
#6520=IFCRELDEFINESBYPROPERTIES('0nzBlE4rOljVyy7N7_$Fga',#6,$,$,(#6512),#6517);
#6521=IFCCARTESIANPOINT((30308.785745378889,-23437.641941725258,0.));
#6522=IFCAXIS2PLACEMENT3D(#6521,#55,#53);
#6523=IFCLOCALPLACEMENT(#24,#6522);
#6524=IFCCARTESIANPOINT((9079.0032714848076,0.));
#6525=IFCPOLYLINE((#3139,#6524));
#6526=IFCSHAPEREPRESENTATION(#14,'Axis','Curve2D',(#6525));
#6527=IFCPRODUCTDEFINITIONSHAPE($,$,(#6526,#6534));
#6528=IFCCARTESIANPOINT((4539.5016357424038,7.8870243669371121E-013));
#6529=IFCAXIS2PLACEMENT2D(#6528,#6044);
#6530=IFCRECTANGLEPROFILEDEF(.AREA.,$,#6529,9079.0032714848076,199.99999999999784);
#6531=IFCAXIS2PLACEMENT3D(#10,$,$);
#6532=IFCEXTRUDEDAREASOLID(#6530,#6531,#55,3850.0000000000005);
#6533=IFCSTYLEDITEM(#6532,(#1695),$);
#6534=IFCSHAPEREPRESENTATION(#15,'Body','SweptSolid',(#6532));
#6535=IFCWALLSTANDARDCASE('2P08yrpAz16O3JDZFlZNlZ',#6,'Basic Wall:Generic - 200mm:335588',$,$,#6523,#6527,'335588');
#6536=IFCMATERIALLAYERSETUSAGE(#6053,.AXIS2.,.NEGATIVE.,100.);
#6537=IFCPROPERTYSET('18y4Le8o$eaz56Opn5rE6D',#6,'Pset_QuantityTakeOff',$,(#6056));
#6538=IFCPROPERTYSINGLEVALUE('Reference',$,IFCLABEL('Generic - 200mm'),$);
#6539=IFCPROPERTYSET('2ao2RZ9svp3TRsFU$Pgnle',#6,'Pset_ReinforcementBarPitchOfWall',$,(#6538));
#6540=IFCPROPERTYSET('2xSlk2DobEui6T_YVl_wEZ',#6,'Pset_WallCommon',$,(#83,#6056,#6060,#6061));
#6541=IFCRELDEFINESBYPROPERTIES('23M7mi$9UFk5kD$OufV3Pl',#6,$,$,(#6535),#6537);
#6542=IFCRELDEFINESBYPROPERTIES('3rv7ivT7gkxgbLIYYanCV1',#6,$,$,(#6535),#6539);
#6543=IFCRELDEFINESBYPROPERTIES('0gwnVnJwCTHmdWOOXY4EF4',#6,$,$,(#6535),#6540);
#6544=IFCCARTESIANPOINT((30308.785745378907,-11558.638670240472,0.));
#6545=IFCAXIS2PLACEMENT3D(#6544,#55,#53);
#6546=IFCLOCALPLACEMENT(#24,#6545);
#6547=IFCCARTESIANPOINT((22900.,-0.));
#6548=IFCPOLYLINE((#3139,#6547));
#6549=IFCSHAPEREPRESENTATION(#14,'Axis','Curve2D',(#6548));
#6550=IFCPRODUCTDEFINITIONSHAPE($,$,(#6549,#6557));
#6551=IFCCARTESIANPOINT((11450.000000000002,-1.1155520951433573E-012));
#6552=IFCAXIS2PLACEMENT2D(#6551,#6044);
#6553=IFCRECTANGLEPROFILEDEF(.AREA.,$,#6552,22900.000000000004,199.99999999999784);
#6554=IFCAXIS2PLACEMENT3D(#10,$,$);
#6555=IFCEXTRUDEDAREASOLID(#6553,#6554,#55,3850.0000000000005);
#6556=IFCSTYLEDITEM(#6555,(#1695),$);
#6557=IFCSHAPEREPRESENTATION(#15,'Body','SweptSolid',(#6555));
#6558=IFCWALLSTANDARDCASE('2P08yrpAz16O3JDZFlZKVM',#6,'Basic Wall:Generic - 200mm:336593',$,$,#6546,#6550,'336593');
#6559=IFCMATERIALLAYERSETUSAGE(#6053,.AXIS2.,.NEGATIVE.,100.);
#6560=IFCPROPERTYSET('2MKsSAP5W63RJDlTZSN6ey',#6,'Pset_QuantityTakeOff',$,(#6056));
#6561=IFCPROPERTYSINGLEVALUE('Reference',$,IFCLABEL('Generic - 200mm'),$);
#6562=IFCPROPERTYSET('1AKvsYPaAcoOL$tAYBtvXk',#6,'Pset_ReinforcementBarPitchOfWall',$,(#6561));
#6563=IFCPROPERTYSET('053gREGjyfDWXMKWITYNf4',#6,'Pset_WallCommon',$,(#83,#6056,#6060,#6061));
#6564=IFCRELDEFINESBYPROPERTIES('0IhF2ZXAoKUn0nNwZwLdmQ',#6,$,$,(#6558),#6560);
#6565=IFCRELDEFINESBYPROPERTIES('1DN7F$LLHdoGWz1SyU5Q6b',#6,$,$,(#6558),#6562);
#6566=IFCRELDEFINESBYPROPERTIES('3OWX0HCqcY6yCxlClE2cHP',#6,$,$,(#6558),#6563);
#6567=IFCCARTESIANPOINT((-30846.214254621096,19681.361329759922,-100.));
#6568=IFCAXIS2PLACEMENT3D(#6567,#55,#3163);
#6569=IFCLOCALPLACEMENT(#32,#6568);
#6570=IFCCARTESIANPOINT((5.4001247917767614E-013,-2.1671553440683056E-012));
#6571=IFCAXIS2PLACEMENT2D(#6570,#48);
#6572=IFCRECTANGLEPROFILEDEF(.AREA.,'Beam 200x500',#6571,500.00000000000006,200.00000000000216);
#6573=IFCCARTESIANPOINT((0.,25.,-250.));
#6574=IFCAXIS2PLACEMENT3D(#6573,#3130,#52);
#6575=IFCEXTRUDEDAREASOLID(#6572,#6574,#55,8320.0000000001746);
#6576=IFCSHAPEREPRESENTATION(#15,'Body','SweptSolid',(#6575));
#6577=IFCCARTESIANPOINT((8320.,0.));
#6578=IFCPOLYLINE((#3139,#6577));
#6579=IFCSHAPEREPRESENTATION(#14,'Axis','Curve2D',(#6578));
#6580=IFCPRODUCTDEFINITIONSHAPE($,$,(#6579,#6576));
#6581=IFCBEAM('38Id_6aY5A9wV9rPNyykxy',#6,'Beam:Beam 200x500:338413',$,$,#6569,#6580,'338413');
#6582=IFCBEAMTYPE('38Id_6aY5A9wV9rPNyykxt',#6,'Beam:Beam 200x500',$,$,(#6592),$,'338406',$,.NOTDEFINED.);
#6583=IFCPROPERTYSINGLEVALUE('Reference',$,IFCIDENTIFIER('Beam 200x500'),$);
#6584=IFCPROPERTYSINGLEVALUE('Span',$,IFCPOSITIVELENGTHMEASURE(8320.),$);
#6585=IFCPROPERTYSET('08L9rCa6uWiMO1Y0jmGV$w',#6,'Pset_BeamCommon',$,(#82,#83,#3153,#6583,#6584));
#6586=IFCPROPERTYSET('16uDTzXAC6cRZHoz5ARnVY',#6,'Pset_QuantityTakeOff',$,(#6583));
#6587=IFCPROPERTYSINGLEVALUE('Reference',$,IFCLABEL('Beam 200x500'),$);
#6588=IFCPROPERTYSET('10cXl1KoRVGTafe_7M38_$',#6,'Pset_ReinforcementBarPitchOfBeam',$,(#6587));
#6589=IFCRELDEFINESBYPROPERTIES('3huKSZ8uGfu$uuGRjclBxU',#6,$,$,(#6581),#6585);
#6590=IFCRELDEFINESBYPROPERTIES('3y7w2sGTmSZBsNt8IOtMEV',#6,$,$,(#6581),#6586);
#6591=IFCRELDEFINESBYPROPERTIES('2IuO1H0oZ8iE6WvU18JFLo',#6,$,$,(#6581),#6588);
#6592=IFCPROPERTYSET('0vD0acQGQtzqPLV0Zd99dS',#6,'Pset_BeamCommon',$,(#83));
#6593=IFCCARTESIANPOINT((-34146.214254621023,19791.361329759551,-120.));
#6594=IFCAXIS2PLACEMENT3D(#6593,#55,#3163);
#6595=IFCLOCALPLACEMENT(#28,#6594);
#6596=IFCCARTESIANPOINT((5.4001247917767614E-013,4.3343106881366111E-012));
#6597=IFCAXIS2PLACEMENT2D(#6596,#48);
#6598=IFCRECTANGLEPROFILEDEF(.AREA.,'Beam 200x520',#6597,519.99999999999977,199.99999999999784);
#6599=IFCCARTESIANPOINT((0.,25.,-260.));
#6600=IFCAXIS2PLACEMENT3D(#6599,#3130,#52);
#6601=IFCEXTRUDEDAREASOLID(#6598,#6600,#55,8429.9999999997908);
#6602=IFCSHAPEREPRESENTATION(#15,'Body','SweptSolid',(#6601));
#6603=IFCCARTESIANPOINT((8430.,0.));
#6604=IFCPOLYLINE((#3139,#6603));
#6605=IFCSHAPEREPRESENTATION(#14,'Axis','Curve2D',(#6604));
#6606=IFCPRODUCTDEFINITIONSHAPE($,$,(#6605,#6602));
#6607=IFCBEAM('2wD2a2yV5CTwDfrarJ8gba',#6,'Beam:Beam 200x520:340338',$,$,#6595,#6606,'340338');
#6608=IFCPROPERTYSET('1g6caxUw8NJEz5Cs_NM60V',#6,'Pset_BeamCommon',$,(#82,#83,#3153,#3602,#3603));
#6609=IFCPROPERTYSET('0M50E8FsXh4gAdibXWpwDE',#6,'Pset_QuantityTakeOff',$,(#3602));
#6610=IFCPROPERTYSINGLEVALUE('Reference',$,IFCLABEL('Beam 200x520'),$);
#6611=IFCPROPERTYSET('0Tt4pL91oXXUxVAUWmU0uG',#6,'Pset_ReinforcementBarPitchOfBeam',$,(#6610));
#6612=IFCRELDEFINESBYPROPERTIES('3LGPDXxDcJItsXMi4llkQq',#6,$,$,(#6607),#6608);
#6613=IFCRELDEFINESBYPROPERTIES('2Pbyrop6zcrVQdtE7sWBVg',#6,$,$,(#6607),#6609);
#6614=IFCRELDEFINESBYPROPERTIES('2j5rJ0HfRkiJQfrLzVkg63',#6,$,$,(#6607),#6611);
#6615=IFCCARTESIANPOINT((-34046.214254621031,19681.361329759933,-100.));
#6616=IFCAXIS2PLACEMENT3D(#6615,#55,#3163);
#6617=IFCLOCALPLACEMENT(#32,#6616);
#6618=IFCCARTESIANPOINT((5.4001247917767614E-013,2.1671553440683056E-012));
#6619=IFCAXIS2PLACEMENT2D(#6618,#48);
#6620=IFCRECTANGLEPROFILEDEF(.AREA.,'Beam 200x500',#6619,500.00000000000006,200.00000000000216);
#6621=IFCCARTESIANPOINT((0.,25.,-250.));
#6622=IFCAXIS2PLACEMENT3D(#6621,#3130,#52);
#6623=IFCEXTRUDEDAREASOLID(#6620,#6622,#55,8320.0000000001746);
#6624=IFCSHAPEREPRESENTATION(#15,'Body','SweptSolid',(#6623));
#6625=IFCCARTESIANPOINT((8320.,0.));
#6626=IFCPOLYLINE((#3139,#6625));
#6627=IFCSHAPEREPRESENTATION(#14,'Axis','Curve2D',(#6626));
#6628=IFCPRODUCTDEFINITIONSHAPE($,$,(#6627,#6624));
#6629=IFCBEAM('1oXiqDIL1FZAzi6JXcDMI_',#6,'Beam:Beam 200x500:340503',$,$,#6617,#6628,'340503');
#6630=IFCPROPERTYSET('1FAD1w3IpVRMIM7h_E2fv_',#6,'Pset_BeamCommon',$,(#82,#83,#3153,#6583,#6584));
#6631=IFCPROPERTYSET('1TsYQ4gR7U0hbPt4UsBDg2',#6,'Pset_QuantityTakeOff',$,(#6583));
#6632=IFCPROPERTYSINGLEVALUE('Reference',$,IFCLABEL('Beam 200x500'),$);
#6633=IFCPROPERTYSET('3lrpvnloG5TILh4p5KLibE',#6,'Pset_ReinforcementBarPitchOfBeam',$,(#6632));
#6634=IFCRELDEFINESBYPROPERTIES('3Cs0oe90ipjPwTW0zRnhWW',#6,$,$,(#6629),#6630);
#6635=IFCRELDEFINESBYPROPERTIES('05Sf5nPRffdpMVvCcAX1qc',#6,$,$,(#6629),#6631);
#6636=IFCRELDEFINESBYPROPERTIES('3BtpJfcUxis2AYhqHKolSB',#6,$,$,(#6629),#6633);
#6637=IFCCARTESIANPOINT((-27646.214254621096,19681.361329759911,-100.));
#6638=IFCAXIS2PLACEMENT3D(#6637,#55,#3163);
#6639=IFCLOCALPLACEMENT(#32,#6638);
#6640=IFCCARTESIANPOINT((5.4001247917767614E-013,-2.1671553440683056E-012));
#6641=IFCAXIS2PLACEMENT2D(#6640,#48);
#6642=IFCRECTANGLEPROFILEDEF(.AREA.,'Beam 200x500',#6641,500.00000000000006,200.00000000000216);
#6643=IFCCARTESIANPOINT((0.,25.,-250.));
#6644=IFCAXIS2PLACEMENT3D(#6643,#3130,#52);
#6645=IFCEXTRUDEDAREASOLID(#6642,#6644,#55,8320.0000000001746);
#6646=IFCSHAPEREPRESENTATION(#15,'Body','SweptSolid',(#6645));
#6647=IFCCARTESIANPOINT((8320.,0.));
#6648=IFCPOLYLINE((#3139,#6647));
#6649=IFCSHAPEREPRESENTATION(#14,'Axis','Curve2D',(#6648));
#6650=IFCPRODUCTDEFINITIONSHAPE($,$,(#6649,#6646));
#6651=IFCBEAM('1oXiqDIL1FZAzi6JXcDMIB',#6,'Beam:Beam 200x500:340514',$,$,#6639,#6650,'340514');
#6652=IFCPROPERTYSET('1gI20mEDh9mtFfjuQ8utHA',#6,'Pset_BeamCommon',$,(#82,#83,#3153,#6583,#6584));
#6653=IFCPROPERTYSET('1EsHU7O8Z4h1XViZbFATwH',#6,'Pset_QuantityTakeOff',$,(#6583));
#6654=IFCPROPERTYSINGLEVALUE('Reference',$,IFCLABEL('Beam 200x500'),$);
#6655=IFCPROPERTYSET('2u__Vv2UdxPtpbuOyJeOTy',#6,'Pset_ReinforcementBarPitchOfBeam',$,(#6654));
#6656=IFCRELDEFINESBYPROPERTIES('1rk$7y0ELHj9T4jVnsiQir',#6,$,$,(#6651),#6652);
#6657=IFCRELDEFINESBYPROPERTIES('0f_uvP_d0BCSbCB9HKygBq',#6,$,$,(#6651),#6653);
#6658=IFCRELDEFINESBYPROPERTIES('2Nl16_oEOpJMJzV3pQDBIw',#6,$,$,(#6651),#6655);
#6659=IFCCARTESIANPOINT((-24446.214254621082,19681.3613297599,-100.));
#6660=IFCAXIS2PLACEMENT3D(#6659,#55,#3163);
#6661=IFCLOCALPLACEMENT(#32,#6660);
#6662=IFCCARTESIANPOINT((5.4001247917767614E-013,2.1671553440683056E-012));
#6663=IFCAXIS2PLACEMENT2D(#6662,#48);
#6664=IFCRECTANGLEPROFILEDEF(.AREA.,'Beam 200x500',#6663,500.00000000000006,200.00000000000216);
#6665=IFCCARTESIANPOINT((0.,25.,-250.));
#6666=IFCAXIS2PLACEMENT3D(#6665,#3130,#52);
#6667=IFCEXTRUDEDAREASOLID(#6664,#6666,#55,8320.0000000001746);
#6668=IFCSHAPEREPRESENTATION(#15,'Body','SweptSolid',(#6667));
#6669=IFCCARTESIANPOINT((8320.,0.));
#6670=IFCPOLYLINE((#3139,#6669));
#6671=IFCSHAPEREPRESENTATION(#14,'Axis','Curve2D',(#6670));
#6672=IFCPRODUCTDEFINITIONSHAPE($,$,(#6671,#6668));
#6673=IFCBEAM('1oXiqDIL1FZAzi6JXcDMI2',#6,'Beam:Beam 200x500:340523',$,$,#6661,#6672,'340523');
#6674=IFCPROPERTYSET('0_atdh_1M96clqJ4nDJ00B',#6,'Pset_BeamCommon',$,(#82,#83,#3153,#6583,#6584));
#6675=IFCPROPERTYSET('2yT_WUBFjAGx7qP$4zP4BX',#6,'Pset_QuantityTakeOff',$,(#6583));
#6676=IFCPROPERTYSINGLEVALUE('Reference',$,IFCLABEL('Beam 200x500'),$);
#6677=IFCPROPERTYSET('1IgR2ozqAU4Ogh8ucA8sYh',#6,'Pset_ReinforcementBarPitchOfBeam',$,(#6676));
#6678=IFCRELDEFINESBYPROPERTIES('0xA4rL9EFfw_x$AKWqnDAQ',#6,$,$,(#6673),#6674);
#6679=IFCRELDEFINESBYPROPERTIES('0DLs4nvhipkcGU6A6Q3ckl',#6,$,$,(#6673),#6675);
#6680=IFCRELDEFINESBYPROPERTIES('2UttliOeuCCOELmTa1Jq0R',#6,$,$,(#6673),#6677);
#6681=IFCCARTESIANPOINT((-21246.214254621085,19681.361329759889,-100.));
#6682=IFCAXIS2PLACEMENT3D(#6681,#55,#3163);
#6683=IFCLOCALPLACEMENT(#32,#6682);
#6684=IFCCARTESIANPOINT((5.4001247917767614E-013,2.1671553440683056E-012));
#6685=IFCAXIS2PLACEMENT2D(#6684,#48);
#6686=IFCRECTANGLEPROFILEDEF(.AREA.,'Beam 200x500',#6685,500.00000000000006,200.00000000000216);
#6687=IFCCARTESIANPOINT((0.,25.,-250.));
#6688=IFCAXIS2PLACEMENT3D(#6687,#3130,#52);
#6689=IFCEXTRUDEDAREASOLID(#6686,#6688,#55,8320.0000000001746);
#6690=IFCSHAPEREPRESENTATION(#15,'Body','SweptSolid',(#6689));
#6691=IFCCARTESIANPOINT((8320.,0.));
#6692=IFCPOLYLINE((#3139,#6691));
#6693=IFCSHAPEREPRESENTATION(#14,'Axis','Curve2D',(#6692));
#6694=IFCPRODUCTDEFINITIONSHAPE($,$,(#6693,#6690));
#6695=IFCBEAM('1oXiqDIL1FZAzi6JXcDMIV',#6,'Beam:Beam 200x500:340534',$,$,#6683,#6694,'340534');
#6696=IFCPROPERTYSET('2q9ppxlBCXDDQAEZymDLUK',#6,'Pset_BeamCommon',$,(#82,#83,#3153,#6583,#6584));
#6697=IFCPROPERTYSET('3RF4604uaPhIIlkmQQwDuo',#6,'Pset_QuantityTakeOff',$,(#6583));
#6698=IFCPROPERTYSINGLEVALUE('Reference',$,IFCLABEL('Beam 200x500'),$);
#6699=IFCPROPERTYSET('0YaU8X3FCCOpjQhYc6KYQ7',#6,'Pset_ReinforcementBarPitchOfBeam',$,(#6698));
#6700=IFCRELDEFINESBYPROPERTIES('2HFqA57VjQURTUDq2GWRmb',#6,$,$,(#6695),#6696);
#6701=IFCRELDEFINESBYPROPERTIES('19ekaYgUNIvc$iCMQ2y_m_',#6,$,$,(#6695),#6697);
#6702=IFCRELDEFINESBYPROPERTIES('0vzFAP2RgeUcSvUby4sP0U',#6,$,$,(#6695),#6699);
#6703=IFCCARTESIANPOINT((-18046.214254621078,19681.361329759879,-100.));
#6704=IFCAXIS2PLACEMENT3D(#6703,#55,#3163);
#6705=IFCLOCALPLACEMENT(#32,#6704);
#6706=IFCCARTESIANPOINT((5.4001247917767614E-013,-1.0871303857129533E-012));
#6707=IFCAXIS2PLACEMENT2D(#6706,#48);
#6708=IFCRECTANGLEPROFILEDEF(.AREA.,'Beam 200x500',#6707,500.00000000000006,200.);
#6709=IFCCARTESIANPOINT((-0.,25.,-250.));
#6710=IFCAXIS2PLACEMENT3D(#6709,#3130,#52);
#6711=IFCEXTRUDEDAREASOLID(#6708,#6710,#55,8320.0000000001746);
#6712=IFCSHAPEREPRESENTATION(#15,'Body','SweptSolid',(#6711));
#6713=IFCCARTESIANPOINT((8320.,0.));
#6714=IFCPOLYLINE((#3139,#6713));
#6715=IFCSHAPEREPRESENTATION(#14,'Axis','Curve2D',(#6714));
#6716=IFCPRODUCTDEFINITIONSHAPE($,$,(#6715,#6712));
#6717=IFCBEAM('1oXiqDIL1FZAzi6JXcDMIK',#6,'Beam:Beam 200x500:340541',$,$,#6705,#6716,'340541');
#6718=IFCPROPERTYSET('00IKSEl3UJVvBF2500OBGF',#6,'Pset_BeamCommon',$,(#82,#83,#3153,#6583,#6584));
#6719=IFCPROPERTYSET('2rNjwUFMlsk2ajSn82Vmco',#6,'Pset_QuantityTakeOff',$,(#6583));
#6720=IFCPROPERTYSINGLEVALUE('Reference',$,IFCLABEL('Beam 200x500'),$);
#6721=IFCPROPERTYSET('3r0Kj47eRU8VhFk07sdH1I',#6,'Pset_ReinforcementBarPitchOfBeam',$,(#6720));
#6722=IFCRELDEFINESBYPROPERTIES('38naBynpPukU5Q47_YUJrQ',#6,$,$,(#6717),#6718);
#6723=IFCRELDEFINESBYPROPERTIES('35gfa7k8VMv274ZwFzIh_A',#6,$,$,(#6717),#6719);
#6724=IFCRELDEFINESBYPROPERTIES('0mXg$gKEl9DgL8DUFpomrY',#6,$,$,(#6717),#6721);
#6725=IFCCARTESIANPOINT((-14846.214254621078,19681.361329759868,-100.));
#6726=IFCAXIS2PLACEMENT3D(#6725,#55,#3163);
#6727=IFCLOCALPLACEMENT(#32,#6726);
#6728=IFCCARTESIANPOINT((5.4001247917767614E-013,-1.0871303857129533E-012));
#6729=IFCAXIS2PLACEMENT2D(#6728,#48);
#6730=IFCRECTANGLEPROFILEDEF(.AREA.,'Beam 200x500',#6729,500.00000000000006,200.);
#6731=IFCCARTESIANPOINT((0.,25.,-250.));
#6732=IFCAXIS2PLACEMENT3D(#6731,#3130,#52);
#6733=IFCEXTRUDEDAREASOLID(#6730,#6732,#55,8320.0000000001746);
#6734=IFCSHAPEREPRESENTATION(#15,'Body','SweptSolid',(#6733));
#6735=IFCCARTESIANPOINT((8320.,0.));
#6736=IFCPOLYLINE((#3139,#6735));
#6737=IFCSHAPEREPRESENTATION(#14,'Axis','Curve2D',(#6736));
#6738=IFCPRODUCTDEFINITIONSHAPE($,$,(#6737,#6734));
#6739=IFCBEAM('1oXiqDIL1FZAzi6JXcDMJj',#6,'Beam:Beam 200x500:340548',$,$,#6727,#6738,'340548');
#6740=IFCPROPERTYSET('0S_QD29y7Cf_UF9Gm9MUYo',#6,'Pset_BeamCommon',$,(#82,#83,#3153,#6583,#6584));
#6741=IFCPROPERTYSET('02dTYi7NuwNqPf7qdZ7N2W',#6,'Pset_QuantityTakeOff',$,(#6583));
#6742=IFCPROPERTYSINGLEVALUE('Reference',$,IFCLABEL('Beam 200x500'),$);
#6743=IFCPROPERTYSET('3kZ7V_oTr0o6mF_sT4LULe',#6,'Pset_ReinforcementBarPitchOfBeam',$,(#6742));
#6744=IFCRELDEFINESBYPROPERTIES('1BTSIS7CbsQx5aMrt6dhmm',#6,$,$,(#6739),#6740);
#6745=IFCRELDEFINESBYPROPERTIES('2V2VCqvAm27CtX0MU3Uuvm',#6,$,$,(#6739),#6741);
#6746=IFCRELDEFINESBYPROPERTIES('1Vtg1zBY7ikY3q0YFzGtVL',#6,$,$,(#6739),#6743);
#6747=IFCCARTESIANPOINT((-11646.21425462108,19681.361329759857,-100.));
#6748=IFCAXIS2PLACEMENT3D(#6747,#55,#3163);
#6749=IFCLOCALPLACEMENT(#32,#6748);
#6750=IFCCARTESIANPOINT((5.4001247917767614E-013,-1.0871303857129533E-012));
#6751=IFCAXIS2PLACEMENT2D(#6750,#48);
#6752=IFCRECTANGLEPROFILEDEF(.AREA.,'Beam 200x500',#6751,500.00000000000006,200.);
#6753=IFCCARTESIANPOINT((0.,25.,-250.));
#6754=IFCAXIS2PLACEMENT3D(#6753,#3130,#52);
#6755=IFCEXTRUDEDAREASOLID(#6752,#6754,#55,8320.0000000001746);
#6756=IFCSHAPEREPRESENTATION(#15,'Body','SweptSolid',(#6755));
#6757=IFCCARTESIANPOINT((8320.,0.));
#6758=IFCPOLYLINE((#3139,#6757));
#6759=IFCSHAPEREPRESENTATION(#14,'Axis','Curve2D',(#6758));
#6760=IFCPRODUCTDEFINITIONSHAPE($,$,(#6759,#6756));
#6761=IFCBEAM('1oXiqDIL1FZAzi6JXcDMJc',#6,'Beam:Beam 200x500:340559',$,$,#6749,#6760,'340559');
#6762=IFCPROPERTYSET('0vHTdGzLN4GEyBr2_y_DRw',#6,'Pset_BeamCommon',$,(#82,#83,#3153,#6583,#6584));
#6763=IFCPROPERTYSET('3TST1tVB7aXpfBtvSchTBT',#6,'Pset_QuantityTakeOff',$,(#6583));
#6764=IFCPROPERTYSINGLEVALUE('Reference',$,IFCLABEL('Beam 200x500'),$);
#6765=IFCPROPERTYSET('2P1dDHK3hTNwmI0SSoMXU1',#6,'Pset_ReinforcementBarPitchOfBeam',$,(#6764));
#6766=IFCRELDEFINESBYPROPERTIES('1Zg$RLkUDeS63FukrbWYCi',#6,$,$,(#6761),#6762);
#6767=IFCRELDEFINESBYPROPERTIES('1TUQ2XEjrhmkZqlnYwB1BB',#6,$,$,(#6761),#6763);
#6768=IFCRELDEFINESBYPROPERTIES('3UmZvo5s1RkYs66eJk6HLs',#6,$,$,(#6761),#6765);
#6769=IFCCARTESIANPOINT((-8446.2142546210816,19681.361329759846,-100.));
#6770=IFCAXIS2PLACEMENT3D(#6769,#55,#3163);
#6771=IFCLOCALPLACEMENT(#32,#6770);
#6772=IFCCARTESIANPOINT((5.4001247917767614E-013,-5.4711790653527714E-013));
#6773=IFCAXIS2PLACEMENT2D(#6772,#48);
#6774=IFCRECTANGLEPROFILEDEF(.AREA.,'Beam 200x500',#6773,500.00000000000006,200.00000000000108);
#6775=IFCCARTESIANPOINT((0.,25.,-250.));
#6776=IFCAXIS2PLACEMENT3D(#6775,#3130,#52);
#6777=IFCEXTRUDEDAREASOLID(#6774,#6776,#55,8320.0000000001746);
#6778=IFCSHAPEREPRESENTATION(#15,'Body','SweptSolid',(#6777));
#6779=IFCCARTESIANPOINT((8320.,0.));
#6780=IFCPOLYLINE((#3139,#6779));
#6781=IFCSHAPEREPRESENTATION(#14,'Axis','Curve2D',(#6780));
#6782=IFCPRODUCTDEFINITIONSHAPE($,$,(#6781,#6778));
#6783=IFCBEAM('1oXiqDIL1FZAzi6JXcDMJt',#6,'Beam:Beam 200x500:340574',$,$,#6771,#6782,'340574');
#6784=IFCPROPERTYSET('1TPSRdG6Dp5_pdk8YazMkT',#6,'Pset_BeamCommon',$,(#82,#83,#3153,#6583,#6584));
#6785=IFCPROPERTYSET('3TBYjW$V1OpcUHbGWaqoxr',#6,'Pset_QuantityTakeOff',$,(#6583));
#6786=IFCPROPERTYSINGLEVALUE('Reference',$,IFCLABEL('Beam 200x500'),$);
#6787=IFCPROPERTYSET('37nCDVTs56ATIG5UGDpXwg',#6,'Pset_ReinforcementBarPitchOfBeam',$,(#6786));
#6788=IFCRELDEFINESBYPROPERTIES('0Fx1dSqGXfLryaj1WRpqts',#6,$,$,(#6783),#6784);
#6789=IFCRELDEFINESBYPROPERTIES('2Dyj4nLTH04uqgQ7g200YZ',#6,$,$,(#6783),#6785);
#6790=IFCRELDEFINESBYPROPERTIES('17hkXU$hTTh_SBHlSEhGMJ',#6,$,$,(#6783),#6787);
#6791=IFCCARTESIANPOINT((-5246.2142546210725,19681.361329759835,-100.));
#6792=IFCAXIS2PLACEMENT3D(#6791,#55,#3163);
#6793=IFCLOCALPLACEMENT(#32,#6792);
#6794=IFCCARTESIANPOINT((5.4001247917767614E-013,-5.4711790653527714E-013));
#6795=IFCAXIS2PLACEMENT2D(#6794,#48);
#6796=IFCRECTANGLEPROFILEDEF(.AREA.,'Beam 200x500',#6795,500.00000000000006,200.00000000000108);
#6797=IFCCARTESIANPOINT((0.,25.,-250.));
#6798=IFCAXIS2PLACEMENT3D(#6797,#3130,#52);
#6799=IFCEXTRUDEDAREASOLID(#6796,#6798,#55,8320.0000000001746);
#6800=IFCSHAPEREPRESENTATION(#15,'Body','SweptSolid',(#6799));
#6801=IFCCARTESIANPOINT((8320.,0.));
#6802=IFCPOLYLINE((#3139,#6801));
#6803=IFCSHAPEREPRESENTATION(#14,'Axis','Curve2D',(#6802));
#6804=IFCPRODUCTDEFINITIONSHAPE($,$,(#6803,#6800));
#6805=IFCBEAM('1oXiqDIL1FZAzi6JXcDMJE',#6,'Beam:Beam 200x500:340583',$,$,#6793,#6804,'340583');
#6806=IFCPROPERTYSET('2n1qAppQIGC9xBwbHBAhHu',#6,'Pset_BeamCommon',$,(#82,#83,#3153,#6583,#6584));
#6807=IFCPROPERTYSET('0lfFZQHKp_X$MKDzjc7XlF',#6,'Pset_QuantityTakeOff',$,(#6583));
#6808=IFCPROPERTYSINGLEVALUE('Reference',$,IFCLABEL('Beam 200x500'),$);
#6809=IFCPROPERTYSET('3yYw47IeJsdxVt6Lnd5$7A',#6,'Pset_ReinforcementBarPitchOfBeam',$,(#6808));
#6810=IFCRELDEFINESBYPROPERTIES('2BYLTsGLOkwIqzB2eDbw0E',#6,$,$,(#6805),#6806);
#6811=IFCRELDEFINESBYPROPERTIES('2NwYefY$tRbewgsjq3AOc0',#6,$,$,(#6805),#6807);
#6812=IFCRELDEFINESBYPROPERTIES('1wbtao0loowWIjRzqWnYnK',#6,$,$,(#6805),#6809);
#6813=IFCCARTESIANPOINT((-2046.2142546210723,19681.361329759824,-100.));
#6814=IFCAXIS2PLACEMENT3D(#6813,#55,#3163);
#6815=IFCLOCALPLACEMENT(#32,#6814);
#6816=IFCCARTESIANPOINT((5.4001247917767614E-013,0.));
#6817=IFCAXIS2PLACEMENT2D(#6816,#48);
#6818=IFCRECTANGLEPROFILEDEF(.AREA.,'Beam 200x500',#6817,500.00000000000006,200.00000000000057);
#6819=IFCCARTESIANPOINT((0.,25.,-250.));
#6820=IFCAXIS2PLACEMENT3D(#6819,#3130,#52);
#6821=IFCEXTRUDEDAREASOLID(#6818,#6820,#55,8320.0000000001746);
#6822=IFCSHAPEREPRESENTATION(#15,'Body','SweptSolid',(#6821));
#6823=IFCCARTESIANPOINT((8320.,0.));
#6824=IFCPOLYLINE((#3139,#6823));
#6825=IFCSHAPEREPRESENTATION(#14,'Axis','Curve2D',(#6824));
#6826=IFCPRODUCTDEFINITIONSHAPE($,$,(#6825,#6822));
#6827=IFCBEAM('1oXiqDIL1FZAzi6JXcDMJP',#6,'Beam:Beam 200x500:340592',$,$,#6815,#6826,'340592');
#6828=IFCPROPERTYSET('251OclK$mJCjBGz1bC9jRO',#6,'Pset_BeamCommon',$,(#82,#83,#3153,#6583,#6584));
#6829=IFCPROPERTYSET('3kNJmtqkd9PQ4DaKuOg3HS',#6,'Pset_QuantityTakeOff',$,(#6583));
#6830=IFCPROPERTYSINGLEVALUE('Reference',$,IFCLABEL('Beam 200x500'),$);
#6831=IFCPROPERTYSET('2CLBll9IR4EtO3UpVvEX0p',#6,'Pset_ReinforcementBarPitchOfBeam',$,(#6830));
#6832=IFCRELDEFINESBYPROPERTIES('2ge4L1gVWYj$akSRYVjI$U',#6,$,$,(#6827),#6828);
#6833=IFCRELDEFINESBYPROPERTIES('36NYnoFjW80q56JbHoRjQq',#6,$,$,(#6827),#6829);
#6834=IFCRELDEFINESBYPROPERTIES('3iRcFkV43_iaZyvQ9UG0gl',#6,$,$,(#6827),#6831);
#6835=IFCCARTESIANPOINT((1153.7857453789291,19681.361329759813,-100.));
#6836=IFCAXIS2PLACEMENT3D(#6835,#55,#3163);
#6837=IFCLOCALPLACEMENT(#32,#6836);
#6838=IFCCARTESIANPOINT((5.4001247917767614E-013,0.));
#6839=IFCAXIS2PLACEMENT2D(#6838,#48);
#6840=IFCRECTANGLEPROFILEDEF(.AREA.,'Beam 200x500',#6839,500.00000000000006,200.00000000000057);
#6841=IFCCARTESIANPOINT((0.,25.,-250.));
#6842=IFCAXIS2PLACEMENT3D(#6841,#3130,#52);
#6843=IFCEXTRUDEDAREASOLID(#6840,#6842,#55,8320.0000000001746);
#6844=IFCSHAPEREPRESENTATION(#15,'Body','SweptSolid',(#6843));
#6845=IFCCARTESIANPOINT((8320.,0.));
#6846=IFCPOLYLINE((#3139,#6845));
#6847=IFCSHAPEREPRESENTATION(#14,'Axis','Curve2D',(#6846));
#6848=IFCPRODUCTDEFINITIONSHAPE($,$,(#6847,#6844));
#6849=IFCBEAM('1oXiqDIL1FZAzi6JXcDMJI',#6,'Beam:Beam 200x500:340603',$,$,#6837,#6848,'340603');
#6850=IFCPROPERTYSET('2zyyYxo4jbGDWrbO9aBVPP',#6,'Pset_BeamCommon',$,(#82,#83,#3153,#6583,#6584));
#6851=IFCPROPERTYSET('18tmxk5nZj3APDcSSK$AkL',#6,'Pset_QuantityTakeOff',$,(#6583));
#6852=IFCPROPERTYSINGLEVALUE('Reference',$,IFCLABEL('Beam 200x500'),$);
#6853=IFCPROPERTYSET('2w4bjJpJOn9bTCaWk_T78W',#6,'Pset_ReinforcementBarPitchOfBeam',$,(#6852));
#6854=IFCRELDEFINESBYPROPERTIES('012yF5tdCMKRWCzlQWNR_w',#6,$,$,(#6849),#6850);
#6855=IFCRELDEFINESBYPROPERTIES('10xEchzPNbKMGtuXcNAbcj',#6,$,$,(#6849),#6851);
#6856=IFCRELDEFINESBYPROPERTIES('2l6F5GOMmhP84YbfPmgvT$',#6,$,$,(#6849),#6853);
#6857=IFCCARTESIANPOINT((4353.7857453789284,19681.361329759802,-100.));
#6858=IFCAXIS2PLACEMENT3D(#6857,#55,#3163);
#6859=IFCLOCALPLACEMENT(#32,#6858);
#6860=IFCCARTESIANPOINT((5.4001247917767614E-013,-2.7711166694643907E-013));
#6861=IFCAXIS2PLACEMENT2D(#6860,#48);
#6862=IFCRECTANGLEPROFILEDEF(.AREA.,'Beam 200x500',#6861,500.00000000000006,200.00000000000057);
#6863=IFCCARTESIANPOINT((0.,25.,-250.));
#6864=IFCAXIS2PLACEMENT3D(#6863,#3130,#52);
#6865=IFCEXTRUDEDAREASOLID(#6862,#6864,#55,8320.0000000001746);
#6866=IFCSHAPEREPRESENTATION(#15,'Body','SweptSolid',(#6865));
#6867=IFCCARTESIANPOINT((8320.,0.));
#6868=IFCPOLYLINE((#3139,#6867));
#6869=IFCSHAPEREPRESENTATION(#14,'Axis','Curve2D',(#6868));
#6870=IFCPRODUCTDEFINITIONSHAPE($,$,(#6869,#6866));
#6871=IFCBEAM('1oXiqDIL1FZAzi6JXcDMGl',#6,'Beam:Beam 200x500:340614',$,$,#6859,#6870,'340614');
#6872=IFCPROPERTYSET('3U_4ebxRCdSbY_YuWYnVo0',#6,'Pset_BeamCommon',$,(#82,#83,#3153,#6583,#6584));
#6873=IFCPROPERTYSET('1qhX5PGi7NMwGkzozjzMGL',#6,'Pset_QuantityTakeOff',$,(#6583));
#6874=IFCPROPERTYSINGLEVALUE('Reference',$,IFCLABEL('Beam 200x500'),$);
#6875=IFCPROPERTYSET('31hwynjFIYdkX1L3zzz3td',#6,'Pset_ReinforcementBarPitchOfBeam',$,(#6874));
#6876=IFCRELDEFINESBYPROPERTIES('2G4_ZmnXT5zTCQMO_NqQ1i',#6,$,$,(#6871),#6872);
#6877=IFCRELDEFINESBYPROPERTIES('2WkdvxGC2ZEtpwuqoQGNEa',#6,$,$,(#6871),#6873);
#6878=IFCRELDEFINESBYPROPERTIES('3_5zfUhPOtEWy1L7IRAbTf',#6,$,$,(#6871),#6875);
#6879=IFCCARTESIANPOINT((7553.7857453789375,19681.361329759791,-100.));
#6880=IFCAXIS2PLACEMENT3D(#6879,#55,#3163);
#6881=IFCLOCALPLACEMENT(#32,#6880);
#6882=IFCCARTESIANPOINT((5.4001247917767614E-013,-5.4711790653527714E-013));
#6883=IFCAXIS2PLACEMENT2D(#6882,#48);
#6884=IFCRECTANGLEPROFILEDEF(.AREA.,'Beam 200x500',#6883,500.00000000000006,200.00000000000108);
#6885=IFCCARTESIANPOINT((0.,25.,-250.));
#6886=IFCAXIS2PLACEMENT3D(#6885,#3130,#52);
#6887=IFCEXTRUDEDAREASOLID(#6884,#6886,#55,8320.0000000001746);
#6888=IFCSHAPEREPRESENTATION(#15,'Body','SweptSolid',(#6887));
#6889=IFCCARTESIANPOINT((8320.,0.));
#6890=IFCPOLYLINE((#3139,#6889));
#6891=IFCSHAPEREPRESENTATION(#14,'Axis','Curve2D',(#6890));
#6892=IFCPRODUCTDEFINITIONSHAPE($,$,(#6891,#6888));
#6893=IFCBEAM('1oXiqDIL1FZAzi6JXcDMGy',#6,'Beam:Beam 200x500:340629',$,$,#6881,#6892,'340629');
#6894=IFCPROPERTYSET('0YmPxU6kVoY_D2MEHwJxnN',#6,'Pset_BeamCommon',$,(#82,#83,#3153,#6583,#6584));
#6895=IFCPROPERTYSET('2iNrpr3rFlojvwJRIyO5EP',#6,'Pset_QuantityTakeOff',$,(#6583));
#6896=IFCPROPERTYSINGLEVALUE('Reference',$,IFCLABEL('Beam 200x500'),$);
#6897=IFCPROPERTYSET('2e8noRy8LgxKItdtSUkQSY',#6,'Pset_ReinforcementBarPitchOfBeam',$,(#6896));
#6898=IFCRELDEFINESBYPROPERTIES('3zRGK$8Xv$cGQ220RRCOuW',#6,$,$,(#6893),#6894);
#6899=IFCRELDEFINESBYPROPERTIES('26el6ZEQ6GGXwcYe4uOZ7_',#6,$,$,(#6893),#6895);
#6900=IFCRELDEFINESBYPROPERTIES('3ighNUdE8pt2Y$Q0ghJn6V',#6,$,$,(#6893),#6897);
#6901=IFCCARTESIANPOINT((10753.78574537894,19681.36132975978,-100.));
#6902=IFCAXIS2PLACEMENT3D(#6901,#55,#3163);
#6903=IFCLOCALPLACEMENT(#32,#6902);
#6904=IFCCARTESIANPOINT((5.4001247917767614E-013,-1.0871303857129533E-012));
#6905=IFCAXIS2PLACEMENT2D(#6904,#48);
#6906=IFCRECTANGLEPROFILEDEF(.AREA.,'Beam 200x500',#6905,500.00000000000006,200.);
#6907=IFCCARTESIANPOINT((0.,25.,-250.));
#6908=IFCAXIS2PLACEMENT3D(#6907,#3130,#52);
#6909=IFCEXTRUDEDAREASOLID(#6906,#6908,#55,8320.0000000001746);
#6910=IFCSHAPEREPRESENTATION(#15,'Body','SweptSolid',(#6909));
#6911=IFCCARTESIANPOINT((8320.,0.));
#6912=IFCPOLYLINE((#3139,#6911));
#6913=IFCSHAPEREPRESENTATION(#14,'Axis','Curve2D',(#6912));
#6914=IFCPRODUCTDEFINITIONSHAPE($,$,(#6913,#6910));
#6915=IFCBEAM('1oXiqDIL1FZAzi6JXcDMG9',#6,'Beam:Beam 200x500:340640',$,$,#6903,#6914,'340640');
#6916=IFCPROPERTYSET('2z3l_0LUf4A5efzKz2nK6$',#6,'Pset_BeamCommon',$,(#82,#83,#3153,#6583,#6584));
#6917=IFCPROPERTYSET('2Hv0G6eg9FjTAKfLXYGBv7',#6,'Pset_QuantityTakeOff',$,(#6583));
#6918=IFCPROPERTYSINGLEVALUE('Reference',$,IFCLABEL('Beam 200x500'),$);
#6919=IFCPROPERTYSET('3Sb2pwOmEd7V1QKhB_1fDF',#6,'Pset_ReinforcementBarPitchOfBeam',$,(#6918));
#6920=IFCRELDEFINESBYPROPERTIES('2X$w3tCuSCdOOgpymTbOoU',#6,$,$,(#6915),#6916);
#6921=IFCRELDEFINESBYPROPERTIES('3C9vB9lpHdKUCep5SGfizx',#6,$,$,(#6915),#6917);
#6922=IFCRELDEFINESBYPROPERTIES('21EgaxjexFDxAEdpPOj9dZ',#6,$,$,(#6915),#6919);
#6923=IFCCARTESIANPOINT((13953.785745378947,19681.361329759769,-100.));
#6924=IFCAXIS2PLACEMENT3D(#6923,#55,#3163);
#6925=IFCLOCALPLACEMENT(#32,#6924);
#6926=IFCCARTESIANPOINT((5.4001247917767614E-013,-1.0871303857129533E-012));
#6927=IFCAXIS2PLACEMENT2D(#6926,#48);
#6928=IFCRECTANGLEPROFILEDEF(.AREA.,'Beam 200x500',#6927,500.00000000000006,200.);
#6929=IFCCARTESIANPOINT((0.,25.,-250.));
#6930=IFCAXIS2PLACEMENT3D(#6929,#3130,#52);
#6931=IFCEXTRUDEDAREASOLID(#6928,#6930,#55,8320.0000000001746);
#6932=IFCSHAPEREPRESENTATION(#15,'Body','SweptSolid',(#6931));
#6933=IFCCARTESIANPOINT((8320.,0.));
#6934=IFCPOLYLINE((#3139,#6933));
#6935=IFCSHAPEREPRESENTATION(#14,'Axis','Curve2D',(#6934));
#6936=IFCPRODUCTDEFINITIONSHAPE($,$,(#6935,#6932));
#6937=IFCBEAM('1oXiqDIL1FZAzi6JXcDMG2',#6,'Beam:Beam 200x500:340651',$,$,#6925,#6936,'340651');
#6938=IFCPROPERTYSET('3Wd6t4bA5ClqzPkHjHzgcV',#6,'Pset_BeamCommon',$,(#82,#83,#3153,#6583,#6584));
#6939=IFCPROPERTYSET('1IC7UYn3qvkhtI1DqH6vUZ',#6,'Pset_QuantityTakeOff',$,(#6583));
#6940=IFCPROPERTYSINGLEVALUE('Reference',$,IFCLABEL('Beam 200x500'),$);
#6941=IFCPROPERTYSET('3WKZi0ow$3cVBZ3wJRtMHT',#6,'Pset_ReinforcementBarPitchOfBeam',$,(#6940));
#6942=IFCRELDEFINESBYPROPERTIES('0vEBWcOnmIaqmBnvuW464Q',#6,$,$,(#6937),#6938);
#6943=IFCRELDEFINESBYPROPERTIES('2AVt2MJbbQQM_GbZVVy4vh',#6,$,$,(#6937),#6939);
#6944=IFCRELDEFINESBYPROPERTIES('2KrXLXxJWqW1FMkyXB06_y',#6,$,$,(#6937),#6941);
#6945=IFCCARTESIANPOINT((17153.78574537894,19681.361329759759,-100.));
#6946=IFCAXIS2PLACEMENT3D(#6945,#55,#3163);
#6947=IFCLOCALPLACEMENT(#32,#6946);
#6948=IFCCARTESIANPOINT((5.4001247917767614E-013,-1.0871303857129533E-012));
#6949=IFCAXIS2PLACEMENT2D(#6948,#48);
#6950=IFCRECTANGLEPROFILEDEF(.AREA.,'Beam 200x500',#6949,500.00000000000006,200.);
#6951=IFCCARTESIANPOINT((0.,25.,-250.));
#6952=IFCAXIS2PLACEMENT3D(#6951,#3130,#52);
#6953=IFCEXTRUDEDAREASOLID(#6950,#6952,#55,8320.0000000001746);
#6954=IFCSHAPEREPRESENTATION(#15,'Body','SweptSolid',(#6953));
#6955=IFCCARTESIANPOINT((8320.,0.));
#6956=IFCPOLYLINE((#3139,#6955));
#6957=IFCSHAPEREPRESENTATION(#14,'Axis','Curve2D',(#6956));
#6958=IFCPRODUCTDEFINITIONSHAPE($,$,(#6957,#6954));
#6959=IFCBEAM('1oXiqDIL1FZAzi6JXcDMGT',#6,'Beam:Beam 200x500:340660',$,$,#6947,#6958,'340660');
#6960=IFCPROPERTYSET('3CJx6I0hfAilDoaJTU0JAZ',#6,'Pset_BeamCommon',$,(#82,#83,#3153,#6583,#6584));
#6961=IFCPROPERTYSET('1W38s29ogbTn0mXxTdu40d',#6,'Pset_QuantityTakeOff',$,(#6583));
#6962=IFCPROPERTYSINGLEVALUE('Reference',$,IFCLABEL('Beam 200x500'),$);
#6963=IFCPROPERTYSET('0gBxrY5zDI7x_2IKdLPT6B',#6,'Pset_ReinforcementBarPitchOfBeam',$,(#6962));
#6964=IFCRELDEFINESBYPROPERTIES('0HcsMQG4ubKQfzB_jU80Eo',#6,$,$,(#6959),#6960);
#6965=IFCRELDEFINESBYPROPERTIES('2Uv6yoAqqfFkHBElIsGJsD',#6,$,$,(#6959),#6961);
#6966=IFCRELDEFINESBYPROPERTIES('1IA7xTSi4iP2c7S9TWSVAo',#6,$,$,(#6959),#6963);
#6967=IFCCARTESIANPOINT((20353.785745378947,19681.361329759751,-120.));
#6968=IFCAXIS2PLACEMENT3D(#6967,#55,#3163);
#6969=IFCLOCALPLACEMENT(#32,#6968);
#6970=IFCCARTESIANPOINT((5.4001247917767614E-013,0.));
#6971=IFCAXIS2PLACEMENT2D(#6970,#48);
#6972=IFCRECTANGLEPROFILEDEF(.AREA.,'Beam 200x500',#6971,500.00000000000006,200.00000000000216);
#6973=IFCCARTESIANPOINT((262.69999999998578,25.,-250.));
#6974=IFCAXIS2PLACEMENT3D(#6973,#3130,#52);
#6975=IFCEXTRUDEDAREASOLID(#6972,#6974,#55,7794.6000000001877);
#6976=IFCSHAPEREPRESENTATION(#15,'Body','SweptSolid',(#6975));
#6977=IFCCARTESIANPOINT((8320.,0.));
#6978=IFCPOLYLINE((#3139,#6977));
#6979=IFCSHAPEREPRESENTATION(#14,'Axis','Curve2D',(#6978));
#6980=IFCPRODUCTDEFINITIONSHAPE($,$,(#6979,#6976));
#6981=IFCBEAM('1oXiqDIL1FZAzi6JXcDMHe',#6,'Beam:Beam 200x500:340673',$,$,#6969,#6980,'340673');
#6982=IFCPROPERTYSET('0TfrGbh6duk$vWCbukXOjz',#6,'Pset_BeamCommon',$,(#82,#83,#3153,#6583,#6584));
#6983=IFCPROPERTYSET('0AGfArk7BRJFMUMxXrDvkN',#6,'Pset_QuantityTakeOff',$,(#6583));
#6984=IFCPROPERTYSINGLEVALUE('Reference',$,IFCLABEL('Beam 200x500'),$);
#6985=IFCPROPERTYSET('2cw19ei94ocpJIgUmIvejY',#6,'Pset_ReinforcementBarPitchOfBeam',$,(#6984));
#6986=IFCRELDEFINESBYPROPERTIES('1SoWPSKLIWEXijTEnOl59n',#6,$,$,(#6981),#6982);
#6987=IFCRELDEFINESBYPROPERTIES('1Nj9HxsesBrqiwmMrMGhtD',#6,$,$,(#6981),#6983);
#6988=IFCRELDEFINESBYPROPERTIES('2BcAF3aivrfj2$bNuLaVst',#6,$,$,(#6981),#6985);
#6989=IFCCARTESIANPOINT((23553.78574537894,19681.361329759737,-120.));
#6990=IFCAXIS2PLACEMENT3D(#6989,#55,#3163);
#6991=IFCLOCALPLACEMENT(#32,#6990);
#6992=IFCCARTESIANPOINT((5.4001247917767614E-013,2.1671553440683056E-012));
#6993=IFCAXIS2PLACEMENT2D(#6992,#48);
#6994=IFCRECTANGLEPROFILEDEF(.AREA.,'Beam 200x500',#6993,500.00000000000006,200.00000000000216);
#6995=IFCCARTESIANPOINT((262.69999999997708,25.,-250.));
#6996=IFCAXIS2PLACEMENT3D(#6995,#3130,#52);
#6997=IFCEXTRUDEDAREASOLID(#6994,#6996,#55,7944.6000000001823);
#6998=IFCSHAPEREPRESENTATION(#15,'Body','SweptSolid',(#6997));
#6999=IFCCARTESIANPOINT((8295.,0.));
#7000=IFCPOLYLINE((#3139,#6999));
#7001=IFCSHAPEREPRESENTATION(#14,'Axis','Curve2D',(#7000));
#7002=IFCPRODUCTDEFINITIONSHAPE($,$,(#7001,#6998));
#7003=IFCBEAM('0xTyCVYuX9FxCo__s35azy',#6,'Beam:Beam 200x500:340918',$,$,#6991,#7002,'340918');
#7004=IFCPROPERTYSINGLEVALUE('Span',$,IFCPOSITIVELENGTHMEASURE(8295.),$);
#7005=IFCPROPERTYSET('0ZyiUNu00UIzoiZPOVpDkA',#6,'Pset_BeamCommon',$,(#82,#83,#3153,#6583,#7004));
#7006=IFCPROPERTYSET('2gvlo8OVNUTmLem3SPaW_L',#6,'Pset_QuantityTakeOff',$,(#6583));
#7007=IFCPROPERTYSINGLEVALUE('Reference',$,IFCLABEL('Beam 200x500'),$);
#7008=IFCPROPERTYSET('0svhzBUJ6dX3uNZda5oUun',#6,'Pset_ReinforcementBarPitchOfBeam',$,(#7007));
#7009=IFCRELDEFINESBYPROPERTIES('0UOsRcvlx7VcKOt9pjdSyJ',#6,$,$,(#7003),#7005);
#7010=IFCRELDEFINESBYPROPERTIES('3i9GwIGoAlH2$5rJG6w7ik',#6,$,$,(#7003),#7006);
#7011=IFCRELDEFINESBYPROPERTIES('1C2yaFBWHuzBQPYF3XAnSL',#6,$,$,(#7003),#7008);
#7012=IFCCARTESIANPOINT((26753.785745378947,19681.361329759729,-120.));
#7013=IFCAXIS2PLACEMENT3D(#7012,#55,#3163);
#7014=IFCLOCALPLACEMENT(#32,#7013);
#7015=IFCCARTESIANPOINT((5.4001247917767614E-013,-4.3272052607790101E-012));
#7016=IFCAXIS2PLACEMENT2D(#7015,#48);
#7017=IFCRECTANGLEPROFILEDEF(.AREA.,'Beam 200x500',#7016,500.00000000000006,199.99999999999784);
#7018=IFCCARTESIANPOINT((262.69999999997708,25.,-250.));
#7019=IFCAXIS2PLACEMENT3D(#7018,#3130,#52);
#7020=IFCEXTRUDEDAREASOLID(#7017,#7019,#55,7944.6000000001823);
#7021=IFCSHAPEREPRESENTATION(#15,'Body','SweptSolid',(#7020));
#7022=IFCCARTESIANPOINT((8295.,0.));
#7023=IFCPOLYLINE((#3139,#7022));
#7024=IFCSHAPEREPRESENTATION(#14,'Axis','Curve2D',(#7023));
#7025=IFCPRODUCTDEFINITIONSHAPE($,$,(#7024,#7021));
#7026=IFCBEAM('0xTyCVYuX9FxCo__s35ayC',#6,'Beam:Beam 200x500:340934',$,$,#7014,#7025,'340934');
#7027=IFCPROPERTYSET('01bm2JHHKPfD8bjHtXuXI2',#6,'Pset_BeamCommon',$,(#82,#83,#3153,#6583,#7004));
#7028=IFCPROPERTYSET('2tkoc1bR8N6jhi3xuGhYD9',#6,'Pset_QuantityTakeOff',$,(#6583));
#7029=IFCPROPERTYSINGLEVALUE('Reference',$,IFCLABEL('Beam 200x500'),$);
#7030=IFCPROPERTYSET('0WYx$r0Tc98xr3aHIfaedW',#6,'Pset_ReinforcementBarPitchOfBeam',$,(#7029));
#7031=IFCRELDEFINESBYPROPERTIES('1dTygkxT9KwIlzCh76MNJf',#6,$,$,(#7026),#7027);
#7032=IFCRELDEFINESBYPROPERTIES('1MYlf3R1qSz0nut98VeYIV',#6,$,$,(#7026),#7028);
#7033=IFCRELDEFINESBYPROPERTIES('0ZcgUEtfW7TY601730sTFH',#6,$,$,(#7026),#7030);
#7034=IFCCARTESIANPOINT((29953.785745378947,19681.361329759715,-120.));
#7035=IFCAXIS2PLACEMENT3D(#7034,#55,#3163);
#7036=IFCLOCALPLACEMENT(#32,#7035);
#7037=IFCCARTESIANPOINT((5.4001247917767614E-013,-4.3343106881366111E-012));
#7038=IFCAXIS2PLACEMENT2D(#7037,#48);
#7039=IFCRECTANGLEPROFILEDEF(.AREA.,'Beam 200x500',#7038,500.00000000000006,200.00000000000216);
#7040=IFCCARTESIANPOINT((262.69999999998362,25.,-250.));
#7041=IFCAXIS2PLACEMENT3D(#7040,#3130,#52);
#7042=IFCEXTRUDEDAREASOLID(#7039,#7041,#55,7794.6000000001904);
#7043=IFCSHAPEREPRESENTATION(#15,'Body','SweptSolid',(#7042));
#7044=IFCCARTESIANPOINT((8320.,0.));
#7045=IFCPOLYLINE((#3139,#7044));
#7046=IFCSHAPEREPRESENTATION(#14,'Axis','Curve2D',(#7045));
#7047=IFCPRODUCTDEFINITIONSHAPE($,$,(#7046,#7043));
#7048=IFCBEAM('0xTyCVYuX9FxCo__s35ayV',#6,'Beam:Beam 200x500:340949',$,$,#7036,#7047,'340949');
#7049=IFCPROPERTYSET('0ue0RR$B0ryamy$z3ovp9i',#6,'Pset_BeamCommon',$,(#82,#83,#3153,#6583,#6584));
#7050=IFCPROPERTYSET('26OQDB6bGDPMeTSP7oEgdH',#6,'Pset_QuantityTakeOff',$,(#6583));
#7051=IFCPROPERTYSINGLEVALUE('Reference',$,IFCLABEL('Beam 200x500'),$);
#7052=IFCPROPERTYSET('10yc$2UP$mzHkxv5FYQGNq',#6,'Pset_ReinforcementBarPitchOfBeam',$,(#7051));
#7053=IFCRELDEFINESBYPROPERTIES('0oy8W6$embPaVtlI2wbtRs',#6,$,$,(#7048),#7049);
#7054=IFCRELDEFINESBYPROPERTIES('3t_XNyeTa6CRgXa25BdlOp',#6,$,$,(#7048),#7050);
#7055=IFCRELDEFINESBYPROPERTIES('1ic4XNiRMMYjK2KbmQJBYP',#6,$,$,(#7048),#7052);
#7056=IFCCARTESIANPOINT((23558.785745378937,19791.361329759551,-120.));
#7057=IFCAXIS2PLACEMENT3D(#7056,#55,#3163);
#7058=IFCLOCALPLACEMENT(#28,#7057);
#7059=IFCCARTESIANPOINT((-2.5579538487363607E-013,4.3343106881366111E-012));
#7060=IFCAXIS2PLACEMENT2D(#7059,#48);
#7061=IFCRECTANGLEPROFILEDEF(.AREA.,'Beam 200x570',#7060,570.00000000000034,199.99999999999784);
#7062=IFCCARTESIANPOINT((0.,25.,-285.));
#7063=IFCAXIS2PLACEMENT3D(#7062,#3130,#52);
#7064=IFCEXTRUDEDAREASOLID(#7061,#7063,#55,5117.2999999999711);
#7065=IFCSHAPEREPRESENTATION(#15,'Body','SweptSolid',(#7064));
#7066=IFCCARTESIANPOINT((5205.,0.));
#7067=IFCPOLYLINE((#3139,#7066));
#7068=IFCSHAPEREPRESENTATION(#14,'Axis','Curve2D',(#7067));
#7069=IFCPRODUCTDEFINITIONSHAPE($,$,(#7068,#7065));
#7070=IFCBEAM('0xTyCVYuX9FxCo__s35aNM',#6,'Beam:Beam 200x570:342300',$,$,#7058,#7069,'342300');
#7071=IFCPROPERTYSINGLEVALUE('Span',$,IFCPOSITIVELENGTHMEASURE(5205.),$);
#7072=IFCPROPERTYSET('2MHtVdQpCUZSArVDxrQWwg',#6,'Pset_BeamCommon',$,(#82,#83,#3153,#3628,#7071));
#7073=IFCPROPERTYSET('3LmIKN8FHy7YwCal6F8Pxj',#6,'Pset_QuantityTakeOff',$,(#3628));
#7074=IFCPROPERTYSINGLEVALUE('Reference',$,IFCLABEL('Beam 200x570'),$);
#7075=IFCPROPERTYSET('0O40__UXgDHwTrDNXCljLq',#6,'Pset_ReinforcementBarPitchOfBeam',$,(#7074));
#7076=IFCRELDEFINESBYPROPERTIES('2hHV93CvQ2NcrZm07BbAMZ',#6,$,$,(#7070),#7072);
#7077=IFCRELDEFINESBYPROPERTIES('1r0ncFf2PbEBAaDKADyjGy',#6,$,$,(#7070),#7073);
#7078=IFCRELDEFINESBYPROPERTIES('1RpQCT0_Oz$BK7emp4Mq7v',#6,$,$,(#7070),#7075);
#7079=IFCCARTESIANPOINT((26753.785745378958,19791.361329759551,-120.));
#7080=IFCAXIS2PLACEMENT3D(#7079,#55,#3163);
#7081=IFCLOCALPLACEMENT(#28,#7080);
#7082=IFCCARTESIANPOINT((-2.5579538487363607E-013,-4.3343106881366111E-012));
#7083=IFCAXIS2PLACEMENT2D(#7082,#48);
#7084=IFCRECTANGLEPROFILEDEF(.AREA.,'Beam 200x570',#7083,570.00000000000034,199.99999999999784);
#7085=IFCCARTESIANPOINT((0.,25.,-285.));
#7086=IFCAXIS2PLACEMENT3D(#7085,#3130,#52);
#7087=IFCEXTRUDEDAREASOLID(#7084,#7086,#55,5117.2999999999756);
#7088=IFCSHAPEREPRESENTATION(#15,'Body','SweptSolid',(#7087));
#7089=IFCCARTESIANPOINT((5205.,0.));
#7090=IFCPOLYLINE((#3139,#7089));
#7091=IFCSHAPEREPRESENTATION(#14,'Axis','Curve2D',(#7090));
#7092=IFCPRODUCTDEFINITIONSHAPE($,$,(#7091,#7088));
#7093=IFCBEAM('0xTyCVYuX9FxCo__s35aMA',#6,'Beam:Beam 200x570:342336',$,$,#7081,#7092,'342336');
#7094=IFCPROPERTYSET('1t4lErpY_pFl55WuZYH2mi',#6,'Pset_BeamCommon',$,(#82,#83,#3153,#3628,#7071));
#7095=IFCPROPERTYSET('2JAaTXjDIsSl$ZHxvaMLR3',#6,'Pset_QuantityTakeOff',$,(#3628));
#7096=IFCPROPERTYSINGLEVALUE('Reference',$,IFCLABEL('Beam 200x570'),$);
#7097=IFCPROPERTYSET('0zk2eXawXhq4xok98C3P23',#6,'Pset_ReinforcementBarPitchOfBeam',$,(#7096));
#7098=IFCRELDEFINESBYPROPERTIES('3jKQGC$rswHAk2v_9dBE15',#6,$,$,(#7093),#7094);
#7099=IFCRELDEFINESBYPROPERTIES('3OKRuFVgUsU3IhCWwjxxHW',#6,$,$,(#7093),#7095);
#7100=IFCRELDEFINESBYPROPERTIES('1NNxSMeYxy7591GnMg2aQ8',#6,$,$,(#7093),#7097);
#7101=IFCCARTESIANPOINT((30003.785745378864,14561.36132975956,-120.));
#7102=IFCAXIS2PLACEMENT3D(#7101,#55,#53);
#7103=IFCLOCALPLACEMENT(#28,#7102);
#7104=IFCCARTESIANPOINT((-2.5579538487363607E-013,4.3343106881366111E-012));
#7105=IFCAXIS2PLACEMENT2D(#7104,#48);
#7106=IFCRECTANGLEPROFILEDEF(.AREA.,'Beam 200x570',#7105,570.00000000000034,199.99999999999784);
#7107=IFCCARTESIANPOINT((262.69999999999874,25.,-285.));
#7108=IFCAXIS2PLACEMENT3D(#7107,#3130,#52);
#7109=IFCEXTRUDEDAREASOLID(#7106,#7108,#55,4967.2999999999929);
#7110=IFCSHAPEREPRESENTATION(#15,'Body','SweptSolid',(#7109));
#7111=IFCCARTESIANPOINT((5230.,0.));
#7112=IFCPOLYLINE((#3139,#7111));
#7113=IFCSHAPEREPRESENTATION(#14,'Axis','Curve2D',(#7112));
#7114=IFCPRODUCTDEFINITIONSHAPE($,$,(#7113,#7110));
#7115=IFCBEAM('0xTyCVYuX9FxCo__s35aLN',#6,'Beam:Beam 200x570:342429',$,$,#7103,#7114,'342429');
#7116=IFCPROPERTYSINGLEVALUE('Span',$,IFCPOSITIVELENGTHMEASURE(5230.),$);
#7117=IFCPROPERTYSET('29bOU8Dcfdm9SXOfWRCeX$',#6,'Pset_BeamCommon',$,(#82,#83,#3153,#3628,#7116));
#7118=IFCPROPERTYSET('3IzTqoeWJRR6faM8ghL34A',#6,'Pset_QuantityTakeOff',$,(#3628));
#7119=IFCPROPERTYSINGLEVALUE('Reference',$,IFCLABEL('Beam 200x570'),$);
#7120=IFCPROPERTYSET('1z8mMPbDvH1gWr5dP4VShN',#6,'Pset_ReinforcementBarPitchOfBeam',$,(#7119));
#7121=IFCRELDEFINESBYPROPERTIES('14$xOhiJlF8236R4r5uPVm',#6,$,$,(#7115),#7117);
#7122=IFCRELDEFINESBYPROPERTIES('1A4kyuFwtoEzlL3pl063Df',#6,$,$,(#7115),#7118);
#7123=IFCRELDEFINESBYPROPERTIES('07CG6W2BvjNMEWO3CuE520',#6,$,$,(#7115),#7120);
#7124=IFCCARTESIANPOINT((29993.785745378897,11361.361329759557,-120.));
#7125=IFCAXIS2PLACEMENT3D(#7124,#55,#53);
#7126=IFCLOCALPLACEMENT(#28,#7125);
#7127=IFCCARTESIANPOINT((-2.5579538487363607E-013,0.));
#7128=IFCAXIS2PLACEMENT2D(#7127,#48);
#7129=IFCRECTANGLEPROFILEDEF(.AREA.,'Beam 200x570',#7128,570.00000000000034,199.99999999999784);
#7130=IFCCARTESIANPOINT((262.69999999999658,25.,-285.));
#7131=IFCAXIS2PLACEMENT3D(#7130,#3130,#52);
#7132=IFCEXTRUDEDAREASOLID(#7129,#7131,#55,2674.6000000000072);
#7133=IFCSHAPEREPRESENTATION(#15,'Body','SweptSolid',(#7132));
#7134=IFCCARTESIANPOINT((3200.,0.));
#7135=IFCPOLYLINE((#3139,#7134));
#7136=IFCSHAPEREPRESENTATION(#14,'Axis','Curve2D',(#7135));
#7137=IFCPRODUCTDEFINITIONSHAPE($,$,(#7136,#7133));
#7138=IFCBEAM('0xTyCVYuX9FxCo__s35aLn',#6,'Beam:Beam 200x570:342459',$,$,#7126,#7137,'342459');
#7139=IFCPROPERTYSET('2b$vTInCnaK$hR4Q5FLpn7',#6,'Pset_BeamCommon',$,(#82,#83,#3153,#3628,#3701));
#7140=IFCPROPERTYSET('2OtdNPR_77D94D8CcN3emI',#6,'Pset_QuantityTakeOff',$,(#3628));
#7141=IFCPROPERTYSINGLEVALUE('Reference',$,IFCLABEL('Beam 200x570'),$);
#7142=IFCPROPERTYSET('3S8UDS6bY9Y1zyD9c7lD9a',#6,'Pset_ReinforcementBarPitchOfBeam',$,(#7141));
#7143=IFCRELDEFINESBYPROPERTIES('2bOQNlomoVI1$DpL$ApWbM',#6,$,$,(#7138),#7139);
#7144=IFCRELDEFINESBYPROPERTIES('1qJFh1R4EDIL5ZpPHJ3zMT',#6,$,$,(#7138),#7140);
#7145=IFCRELDEFINESBYPROPERTIES('3_TI1_rKJlR2Gz2S5C_Hhe',#6,$,$,(#7138),#7142);
#7146=IFCCARTESIANPOINT((-30806.214254621143,-1438.6386702402624,-770.));
#7147=IFCAXIS2PLACEMENT3D(#7146,$,$);
#7148=IFCLOCALPLACEMENT(#36,#7147);
#7149=IFCCARTESIANPOINT((0.,0.));
#7150=IFCAXIS2PLACEMENT2D(#7149,#48);
#7151=IFCRECTANGLEPROFILEDEF(.AREA.,'Beam 200x570',#7150,570.00000000000034,200.00000000000057);
#7152=IFCCARTESIANPOINT((0.,25.,-285.));
#7153=IFCAXIS2PLACEMENT3D(#7152,#3130,#52);
#7154=IFCEXTRUDEDAREASOLID(#7151,#7153,#55,51185.000000000007);
#7155=IFCSHAPEREPRESENTATION(#15,'Body','SweptSolid',(#7154));
#7156=IFCCARTESIANPOINT((51185.,0.));
#7157=IFCPOLYLINE((#3139,#7156));
#7158=IFCSHAPEREPRESENTATION(#14,'Axis','Curve2D',(#7157));
#7159=IFCPRODUCTDEFINITIONSHAPE($,$,(#7158,#7155));
#7160=IFCBEAM('3fH$VBLdT9Vx59u4feWZoG',#6,'Beam:Beam 200x570:343665',$,$,#7148,#7159,'343665');
#7161=IFCPROPERTYSINGLEVALUE('Span',$,IFCPOSITIVELENGTHMEASURE(51185.),$);
#7162=IFCPROPERTYSET('1z8PNDaaRbQFyP8NA_WeCY',#6,'Pset_BeamCommon',$,(#82,#83,#3153,#3628,#7161));
#7163=IFCPROPERTYSET('1J_I$Z23NxG77PBZqvEQBW',#6,'Pset_QuantityTakeOff',$,(#3628));
#7164=IFCPROPERTYSINGLEVALUE('Reference',$,IFCLABEL('Beam 200x570'),$);
#7165=IFCPROPERTYSET('3K3dGtmN76trUdAA$BAr4Z',#6,'Pset_ReinforcementBarPitchOfBeam',$,(#7164));
#7166=IFCRELDEFINESBYPROPERTIES('38axzoipC2Mk0Fmx_xoSWO',#6,$,$,(#7160),#7162);
#7167=IFCRELDEFINESBYPROPERTIES('1oAgC187SS8bhUz6ULLgDA',#6,$,$,(#7160),#7163);
#7168=IFCRELDEFINESBYPROPERTIES('2GyeHrhkMSng_pgFF3wO4c',#6,$,$,(#7160),#7165);
#7169=IFCCARTESIANPOINT((-30796.214254621093,8161.3613297595575,-120.));
#7170=IFCAXIS2PLACEMENT3D(#7169,#55,#1689);
#7171=IFCLOCALPLACEMENT(#28,#7170);
#7172=IFCCARTESIANPOINT((2.7000623958883807E-013,0.));
#7173=IFCAXIS2PLACEMENT2D(#7172,#48);
#7174=IFCRECTANGLEPROFILEDEF(.AREA.,'Beam 220x480',#7173,479.99999999999972,219.9999999999998);
#7175=IFCCARTESIANPOINT((112.700000000006,15.,-240.));
#7176=IFCAXIS2PLACEMENT3D(#7175,#3130,#52);
#7177=IFCEXTRUDEDAREASOLID(#7174,#7176,#55,3329.5999999999885);
#7178=IFCSHAPEREPRESENTATION(#15,'Body','SweptSolid',(#7177));
#7179=IFCCARTESIANPOINT((3555.,0.));
#7180=IFCPOLYLINE((#3139,#7179));
#7181=IFCSHAPEREPRESENTATION(#14,'Axis','Curve2D',(#7180));
#7182=IFCPRODUCTDEFINITIONSHAPE($,$,(#7181,#7178));
#7183=IFCBEAM('0XHblO2xr4uxmbbnKgKI_o',#6,'Beam:Beam 220x480:344068',$,$,#7171,#7182,'344068');
#7184=IFCBEAMTYPE('0XHblO2xr4uxmbbnKgKI$v',#6,'Beam:Beam 220x480',$,$,(#7194),$,'344143',$,.NOTDEFINED.);
#7185=IFCPROPERTYSINGLEVALUE('Reference',$,IFCIDENTIFIER('Beam 220x480'),$);
#7186=IFCPROPERTYSINGLEVALUE('Span',$,IFCPOSITIVELENGTHMEASURE(3555.),$);
#7187=IFCPROPERTYSET('2KO6h$85mWOlM_hWAKjbmP',#6,'Pset_BeamCommon',$,(#82,#83,#3153,#7185,#7186));
#7188=IFCPROPERTYSET('2LUSOTZrBcnbTY1Sv8SZbL',#6,'Pset_QuantityTakeOff',$,(#7185));
#7189=IFCPROPERTYSINGLEVALUE('Reference',$,IFCLABEL('Beam 220x480'),$);
#7190=IFCPROPERTYSET('20yWC5xlAAY5BOeAlmUECg',#6,'Pset_ReinforcementBarPitchOfBeam',$,(#7189));
#7191=IFCRELDEFINESBYPROPERTIES('1F6DW87EDHeu4$YkvD0l$$',#6,$,$,(#7183),#7187);
#7192=IFCRELDEFINESBYPROPERTIES('3QJTXmTlPQnSDA8hRmp9VD',#6,$,$,(#7183),#7188);
#7193=IFCRELDEFINESBYPROPERTIES('0AL1l87lOgyeNP081ZNRs5',#6,$,$,(#7183),#7190);
#7194=IFCPROPERTYSET('0QV3124Z65th9yPkqZaYgU',#6,'Pset_BeamCommon',$,(#83));
#7195=IFCCARTESIANPOINT((-11621.214254621118,-2903.6386702401364,-120.));
#7196=IFCAXIS2PLACEMENT3D(#7195,#55,#1689);
#7197=IFCLOCALPLACEMENT(#28,#7196);
#7198=IFCCARTESIANPOINT((2.7000623958883807E-013,-5.4001247917767614E-013));
#7199=IFCAXIS2PLACEMENT2D(#7198,#48);
#7200=IFCRECTANGLEPROFILEDEF(.AREA.,'Beam 220x480',#7199,479.99999999999966,220.00000000000034);
#7201=IFCCARTESIANPOINT((72.700000000002134,15.,-240.));
#7202=IFCAXIS2PLACEMENT3D(#7201,#3130,#52);
#7203=IFCEXTRUDEDAREASOLID(#7200,#7202,#55,3257.2999999999056);
#7204=IFCSHAPEREPRESENTATION(#15,'Body','SweptSolid',(#7203));
#7205=IFCCARTESIANPOINT((3330.,0.));
#7206=IFCPOLYLINE((#3139,#7205));
#7207=IFCSHAPEREPRESENTATION(#14,'Axis','Curve2D',(#7206));
#7208=IFCPRODUCTDEFINITIONSHAPE($,$,(#7207,#7204));
#7209=IFCBEAM('0XHblO2xr4uxmbbnKgKIz1',#6,'Beam:Beam 220x480:344311',$,$,#7197,#7208,'344311');
#7210=IFCPROPERTYSINGLEVALUE('Span',$,IFCPOSITIVELENGTHMEASURE(3330.),$);
#7211=IFCPROPERTYSET('1c5Jm4bMg0EcuqGcXA13pF',#6,'Pset_BeamCommon',$,(#82,#83,#3153,#7185,#7210));
#7212=IFCPROPERTYSET('1JX7Itxygz0MiDBFU392l1',#6,'Pset_QuantityTakeOff',$,(#7185));
#7213=IFCPROPERTYSINGLEVALUE('Reference',$,IFCLABEL('Beam 220x480'),$);
#7214=IFCPROPERTYSET('2$Xod2s4cZJ6p0lrIJ5prf',#6,'Pset_ReinforcementBarPitchOfBeam',$,(#7213));
#7215=IFCRELDEFINESBYPROPERTIES('1$TGM7HCdUF7ENE$ynBA_0',#6,$,$,(#7209),#7211);
#7216=IFCRELDEFINESBYPROPERTIES('18EiWstTX$TvjB3oHIVX$7',#6,$,$,(#7209),#7212);
#7217=IFCRELDEFINESBYPROPERTIES('2LVAmHbU1NxALAdfqsSZW1',#6,$,$,(#7209),#7214);
#7218=IFCCARTESIANPOINT((7578.7857453788765,-2903.6386702401987,-120.));
#7219=IFCAXIS2PLACEMENT3D(#7218,#55,#1689);
#7220=IFCLOCALPLACEMENT(#28,#7219);
#7221=IFCCARTESIANPOINT((2.7000623958883807E-013,-5.4001247917767614E-013));
#7222=IFCAXIS2PLACEMENT2D(#7221,#48);
#7223=IFCRECTANGLEPROFILEDEF(.AREA.,'Beam 220x480',#7222,479.99999999999966,220.00000000000034);
#7224=IFCCARTESIANPOINT((72.700000000001054,15.,-240.));
#7225=IFCAXIS2PLACEMENT3D(#7224,#3130,#52);
#7226=IFCEXTRUDEDAREASOLID(#7223,#7225,#55,3257.299999999907);
#7227=IFCSHAPEREPRESENTATION(#15,'Body','SweptSolid',(#7226));
#7228=IFCCARTESIANPOINT((3330.,0.));
#7229=IFCPOLYLINE((#3139,#7228));
#7230=IFCSHAPEREPRESENTATION(#14,'Axis','Curve2D',(#7229));
#7231=IFCPRODUCTDEFINITIONSHAPE($,$,(#7230,#7227));
#7232=IFCBEAM('0XHblO2xr4uxmbbnKgKIun',#6,'Beam:Beam 220x480:344455',$,$,#7220,#7231,'344455');
#7233=IFCPROPERTYSET('1fjFD6G3gk82UfImZH8L4I',#6,'Pset_BeamCommon',$,(#82,#83,#3153,#7185,#7210));
#7234=IFCPROPERTYSET('3g7mMBxanBepXF6GbQRzP0',#6,'Pset_QuantityTakeOff',$,(#7185));
#7235=IFCPROPERTYSINGLEVALUE('Reference',$,IFCLABEL('Beam 220x480'),$);
#7236=IFCPROPERTYSET('0QTeHA6mZVRkNU$C_IP0h9',#6,'Pset_ReinforcementBarPitchOfBeam',$,(#7235));
#7237=IFCRELDEFINESBYPROPERTIES('2ydHnh7uD8KugSytD944YW',#6,$,$,(#7232),#7233);
#7238=IFCRELDEFINESBYPROPERTIES('3ujDA8NHsRkl2ftwxfJ_T8',#6,$,$,(#7232),#7234);
#7239=IFCRELDEFINESBYPROPERTIES('3zeUVZxWvv5NDGnBHifAtG',#6,$,$,(#7232),#7236);
#7240=IFCCARTESIANPOINT((20263.785745378893,-2903.6386702402397,-120.));
#7241=IFCAXIS2PLACEMENT3D(#7240,#55,#1689);
#7242=IFCLOCALPLACEMENT(#28,#7241);
#7243=IFCCARTESIANPOINT((2.7000623958883807E-013,-5.4001247917767614E-013));
#7244=IFCAXIS2PLACEMENT2D(#7243,#48);
#7245=IFCRECTANGLEPROFILEDEF(.AREA.,'Beam 220x480',#7244,479.99999999999966,220.00000000000034);
#7246=IFCCARTESIANPOINT((72.699999999999974,15.,-240.));
#7247=IFCAXIS2PLACEMENT3D(#7246,#3130,#52);
#7248=IFCEXTRUDEDAREASOLID(#7245,#7247,#55,3257.2999999999074);
#7249=IFCSHAPEREPRESENTATION(#15,'Body','SweptSolid',(#7248));
#7250=IFCCARTESIANPOINT((3330.,0.));
#7251=IFCPOLYLINE((#3139,#7250));
#7252=IFCSHAPEREPRESENTATION(#14,'Axis','Curve2D',(#7251));
#7253=IFCPRODUCTDEFINITIONSHAPE($,$,(#7252,#7249));
#7254=IFCBEAM('0XHblO2xr4uxmbbnKgKIuc',#6,'Beam:Beam 220x480:344464',$,$,#7242,#7253,'344464');
#7255=IFCPROPERTYSET('28Wy2X5$$Jy4ZkYPKK0qKy',#6,'Pset_BeamCommon',$,(#82,#83,#3153,#7185,#7210));
#7256=IFCPROPERTYSET('3TGUfmE4a4K63oGtFX2haW',#6,'Pset_QuantityTakeOff',$,(#7185));
#7257=IFCPROPERTYSINGLEVALUE('Reference',$,IFCLABEL('Beam 220x480'),$);
#7258=IFCPROPERTYSET('3wsX0YzSQ0IXjJS2V00vTe',#6,'Pset_ReinforcementBarPitchOfBeam',$,(#7257));
#7259=IFCRELDEFINESBYPROPERTIES('0XBQ06l26PV_hBHHuL6hHl',#6,$,$,(#7254),#7255);
#7260=IFCRELDEFINESBYPROPERTIES('36wjlDIPQmvJBsp0XKBmcA',#6,$,$,(#7254),#7256);
#7261=IFCRELDEFINESBYPROPERTIES('2o_LktT34iZQvfFKUVbSCR',#6,$,$,(#7254),#7258);
#7262=IFCCARTESIANPOINT((23578.785745378864,8186.3613297595703,-120.));
#7263=IFCAXIS2PLACEMENT3D(#7262,#55,#3163);
#7264=IFCLOCALPLACEMENT(#28,#7263);
#7265=IFCCARTESIANPOINT((0.,4.3343106881366111E-012));
#7266=IFCAXIS2PLACEMENT2D(#7265,#48);
#7267=IFCRECTANGLEPROFILEDEF(.AREA.,'Beam 200x515',#7266,514.99999999999989,199.99999999999784);
#7268=IFCCARTESIANPOINT((137.69999999999814,25.,-257.49999999999937));
#7269=IFCAXIS2PLACEMENT3D(#7268,#3130,#52);
#7270=IFCEXTRUDEDAREASOLID(#7267,#7269,#55,9582.3000000000029);
#7271=IFCSHAPEREPRESENTATION(#15,'Body','SweptSolid',(#7270));
#7272=IFCCARTESIANPOINT((9720.,0.));
#7273=IFCPOLYLINE((#3139,#7272));
#7274=IFCSHAPEREPRESENTATION(#14,'Axis','Curve2D',(#7273));
#7275=IFCPRODUCTDEFINITIONSHAPE($,$,(#7274,#7271));
#7276=IFCBEAM('3_y5AkIXP9TumU9fdkajHZ',#6,'Beam:Beam 200x515:344650',$,$,#7264,#7275,'344650');
#7277=IFCBEAMTYPE('3_y5AkIXP9TumU9fdkajGw',#6,'Beam:Beam 200x515',$,$,(#7287),$,'344595',$,.BEAM.);
#7278=IFCPROPERTYSINGLEVALUE('Reference',$,IFCIDENTIFIER('Beam 200x515'),$);
#7279=IFCPROPERTYSINGLEVALUE('Span',$,IFCPOSITIVELENGTHMEASURE(9720.),$);
#7280=IFCPROPERTYSET('0kd9GOLoRomZJkNOLtQOD4',#6,'Pset_BeamCommon',$,(#82,#83,#3153,#7278,#7279));
#7281=IFCPROPERTYSET('3ER79PDRyYjHXA8uOwD3yA',#6,'Pset_QuantityTakeOff',$,(#7278));
#7282=IFCPROPERTYSINGLEVALUE('Reference',$,IFCLABEL('Beam 200x515'),$);
#7283=IFCPROPERTYSET('0IBp$YQjpKPvyPCAQ2R1t9',#6,'Pset_ReinforcementBarPitchOfBeam',$,(#7282));
#7284=IFCRELDEFINESBYPROPERTIES('2Tgv_KWzB9KHkGLQCiNvm7',#6,$,$,(#7276),#7280);
#7285=IFCRELDEFINESBYPROPERTIES('1zx_IJtai2eTi8uIIiIeGs',#6,$,$,(#7276),#7281);
#7286=IFCRELDEFINESBYPROPERTIES('0Cdo2OTHJJw$t6b8dgaNJH',#6,$,$,(#7276),#7283);
#7287=IFCPROPERTYSET('2hgb_DPFwBe22Pc$xCJCA1',#6,'Pset_BeamCommon',$,(#83));
#7288=IFCCARTESIANPOINT((-34021.214254621162,-14238.638670240254,0.));
#7289=IFCAXIS2PLACEMENT3D(#7288,$,$);
#7290=IFCLOCALPLACEMENT(#32,#7289);
#7291=IFCCARTESIANPOINT((0.,-2.1600499167107046E-012));
#7292=IFCAXIS2PLACEMENT2D(#7291,#48);
#7293=IFCRECTANGLEPROFILEDEF(.AREA.,'Beam 220x600',#7292,600.,220.00000000000196);
#7294=IFCCARTESIANPOINT((-0.,15.,-300.));
#7295=IFCAXIS2PLACEMENT3D(#7294,#3130,#52);
#7296=IFCEXTRUDEDAREASOLID(#7293,#7295,#55,54137.300000000039);
#7297=IFCSHAPEREPRESENTATION(#15,'Body','SweptSolid',(#7296));
#7298=IFCCARTESIANPOINT((54400.,0.));
#7299=IFCPOLYLINE((#3139,#7298));
#7300=IFCSHAPEREPRESENTATION(#14,'Axis','Curve2D',(#7299));
#7301=IFCPRODUCTDEFINITIONSHAPE($,$,(#7300,#7297));
#7302=IFCBEAM('0D$ytGqYXFjuMNotWCwxBN',#6,'Beam:Beam 220x600:345940',$,$,#7290,#7301,'345940');
#7303=IFCBEAMTYPE('0T21oFHNjCOPIdQOn3fwql',#6,'Beam:Beam 220x600',$,$,(#7313),$,'397286',$,.BEAM.);
#7304=IFCPROPERTYSINGLEVALUE('Reference',$,IFCIDENTIFIER('Beam 220x600'),$);
#7305=IFCPROPERTYSINGLEVALUE('Span',$,IFCPOSITIVELENGTHMEASURE(54400.),$);
#7306=IFCPROPERTYSET('33lyohdSAmJV9ZD37LUUm3',#6,'Pset_BeamCommon',$,(#82,#83,#3153,#7304,#7305));
#7307=IFCPROPERTYSET('1yK1OBdQLZFMH12DQLC7C1',#6,'Pset_QuantityTakeOff',$,(#7304));
#7308=IFCPROPERTYSINGLEVALUE('Reference',$,IFCLABEL('Beam 220x600'),$);
#7309=IFCPROPERTYSET('27g3LTOccYU8p2d2ET2c0o',#6,'Pset_ReinforcementBarPitchOfBeam',$,(#7308));
#7310=IFCRELDEFINESBYPROPERTIES('15wkYx7Aiem8VYYm5vimvK',#6,$,$,(#7302),#7306);
#7311=IFCRELDEFINESBYPROPERTIES('1h0vFMmmCA1g2f_viZGife',#6,$,$,(#7302),#7307);
#7312=IFCRELDEFINESBYPROPERTIES('1oo8Zj6FzUVmvAemdc5TjC',#6,$,$,(#7302),#7309);
#7313=IFCPROPERTYSET('2Rvk81Am2AOlJrAlF8M1Pm',#6,'Pset_BeamCommon',$,(#83));
#7314=IFCCARTESIANPOINT((-27596.214254621085,-1438.6386702402615,-740.));
#7315=IFCAXIS2PLACEMENT3D(#7314,#55,#3163);
#7316=IFCLOCALPLACEMENT(#36,#7315);
#7317=IFCCARTESIANPOINT((0.,0.));
#7318=IFCAXIS2PLACEMENT2D(#7317,#48);
#7319=IFCRECTANGLEPROFILEDEF(.AREA.,'Beam 300x600',#7318,600.,300.00000000000108);
#7320=IFCCARTESIANPOINT((0.,-25.,-300.));
#7321=IFCAXIS2PLACEMENT3D(#7320,#3130,#52);
#7322=IFCEXTRUDEDAREASOLID(#7319,#7321,#55,12900.);
#7323=IFCSHAPEREPRESENTATION(#15,'Body','SweptSolid',(#7322));
#7324=IFCCARTESIANPOINT((12900.,0.));
#7325=IFCPOLYLINE((#3139,#7324));
#7326=IFCSHAPEREPRESENTATION(#14,'Axis','Curve2D',(#7325));
#7327=IFCPRODUCTDEFINITIONSHAPE($,$,(#7326,#7323));
#7328=IFCBEAM('2LfkUyDWb5oAD2iJUJIH3a',#6,'Beam:Beam 300x600:347241',$,$,#7316,#7327,'347241');
#7329=IFCBEAMTYPE('0D$ytGqYXFjuMNotWCwxBs',#6,'Beam:Beam 300x600',$,$,(#7339),$,'345973',$,.NOTDEFINED.);
#7330=IFCPROPERTYSINGLEVALUE('Reference',$,IFCIDENTIFIER('Beam 300x600'),$);
#7331=IFCPROPERTYSINGLEVALUE('Span',$,IFCPOSITIVELENGTHMEASURE(12900.),$);
#7332=IFCPROPERTYSET('3ZEyExGKziyPq$$V0L98sz',#6,'Pset_BeamCommon',$,(#82,#83,#3153,#7330,#7331));
#7333=IFCPROPERTYSET('193CCEblKlGvJak6wrp_Zm',#6,'Pset_QuantityTakeOff',$,(#7330));
#7334=IFCPROPERTYSINGLEVALUE('Reference',$,IFCLABEL('Beam 300x600'),$);
#7335=IFCPROPERTYSET('3QheiKNc78UVko2NvfwjvF',#6,'Pset_ReinforcementBarPitchOfBeam',$,(#7334));
#7336=IFCRELDEFINESBYPROPERTIES('1W7Fuj_7o0hCQx4If4KQWk',#6,$,$,(#7328),#7332);
#7337=IFCRELDEFINESBYPROPERTIES('1gxDrS5mdnG$T6p1aLX$gq',#6,$,$,(#7328),#7333);
#7338=IFCRELDEFINESBYPROPERTIES('3c8JRAc9EGLpHMkvIvfSkp',#6,$,$,(#7328),#7335);
#7339=IFCPROPERTYSET('0Rp2qR2v8HyFZpahOCIWW1',#6,'Pset_BeamCommon',$,(#83));
#7340=IFCCARTESIANPOINT((-24396.214254621074,-1438.6386702402717,-740.));
#7341=IFCAXIS2PLACEMENT3D(#7340,#55,#3163);
#7342=IFCLOCALPLACEMENT(#36,#7341);
#7343=IFCCARTESIANPOINT((0.,0.));
#7344=IFCAXIS2PLACEMENT2D(#7343,#48);
#7345=IFCRECTANGLEPROFILEDEF(.AREA.,'Beam 300x600',#7344,600.,300.00000000000108);
#7346=IFCCARTESIANPOINT((0.,-25.,-300.));
#7347=IFCAXIS2PLACEMENT3D(#7346,#3130,#52);
#7348=IFCEXTRUDEDAREASOLID(#7345,#7347,#55,12900.);
#7349=IFCSHAPEREPRESENTATION(#15,'Body','SweptSolid',(#7348));
#7350=IFCCARTESIANPOINT((12900.,0.));
#7351=IFCPOLYLINE((#3139,#7350));
#7352=IFCSHAPEREPRESENTATION(#14,'Axis','Curve2D',(#7351));
#7353=IFCPRODUCTDEFINITIONSHAPE($,$,(#7352,#7349));
#7354=IFCBEAM('2LfkUyDWb5oAD2iJUJIH78',#6,'Beam:Beam 300x600:347461',$,$,#7342,#7353,'347461');
#7355=IFCPROPERTYSET('3GDuT2mwJIAGkGK2tXbKD1',#6,'Pset_BeamCommon',$,(#82,#83,#3153,#7330,#7331));
#7356=IFCPROPERTYSET('1m987lPHOD4syAbGvQojwy',#6,'Pset_QuantityTakeOff',$,(#7330));
#7357=IFCPROPERTYSINGLEVALUE('Reference',$,IFCLABEL('Beam 300x600'),$);
#7358=IFCPROPERTYSET('1P3olobN$cv3X9eDlDPB52',#6,'Pset_ReinforcementBarPitchOfBeam',$,(#7357));
#7359=IFCRELDEFINESBYPROPERTIES('25UC3hoxUe2K_ljP7pq4xL',#6,$,$,(#7354),#7355);
#7360=IFCRELDEFINESBYPROPERTIES('1qQXBdH_WOl8B11C0Rr5FM',#6,$,$,(#7354),#7356);
#7361=IFCRELDEFINESBYPROPERTIES('2BI57_a8ozLLIipDSfmCvl',#6,$,$,(#7354),#7358);
#7362=IFCCARTESIANPOINT((-21196.214254621074,-1438.638670240282,-740.));
#7363=IFCAXIS2PLACEMENT3D(#7362,#55,#3163);
#7364=IFCLOCALPLACEMENT(#36,#7363);
#7365=IFCCARTESIANPOINT((1.0800249583553523E-012,0.));
#7366=IFCAXIS2PLACEMENT2D(#7365,#48);
#7367=IFCRECTANGLEPROFILEDEF(.AREA.,'Beam 300x600',#7366,600.,300.00000000000108);
#7368=IFCCARTESIANPOINT((0.,-25.,-300.));
#7369=IFCAXIS2PLACEMENT3D(#7368,#3130,#52);
#7370=IFCEXTRUDEDAREASOLID(#7367,#7369,#55,12900.);
#7371=IFCSHAPEREPRESENTATION(#15,'Body','SweptSolid',(#7370));
#7372=IFCCARTESIANPOINT((12900.,0.));
#7373=IFCPOLYLINE((#3139,#7372));
#7374=IFCSHAPEREPRESENTATION(#14,'Axis','Curve2D',(#7373));
#7375=IFCPRODUCTDEFINITIONSHAPE($,$,(#7374,#7371));
#7376=IFCBEAM('2LfkUyDWb5oAD2iJUJIH7V',#6,'Beam:Beam 300x600:347474',$,$,#7364,#7375,'347474');
#7377=IFCPROPERTYSET('0n3xE1Fua8oStpQ7g6dAVq',#6,'Pset_BeamCommon',$,(#82,#83,#3153,#7330,#7331));
#7378=IFCPROPERTYSET('3yeKxPGLKmIRqV47MozFNl',#6,'Pset_QuantityTakeOff',$,(#7330));
#7379=IFCPROPERTYSINGLEVALUE('Reference',$,IFCLABEL('Beam 300x600'),$);
#7380=IFCPROPERTYSET('2FqHoZnWQN6Rwo$Zyxf66T',#6,'Pset_ReinforcementBarPitchOfBeam',$,(#7379));
#7381=IFCRELDEFINESBYPROPERTIES('0TqdgWfx9_fyVTCgzx_oRA',#6,$,$,(#7376),#7377);
#7382=IFCRELDEFINESBYPROPERTIES('2u67nIFTcjofbcPOCIOhHk',#6,$,$,(#7376),#7378);
#7383=IFCRELDEFINESBYPROPERTIES('24fu6v$yd6$cqN5ns9aMWr',#6,$,$,(#7376),#7380);
#7384=IFCCARTESIANPOINT((-17996.214254621074,-1438.6386702402924,-740.));
#7385=IFCAXIS2PLACEMENT3D(#7384,#55,#3163);
#7386=IFCLOCALPLACEMENT(#36,#7385);
#7387=IFCCARTESIANPOINT((0.,0.));
#7388=IFCAXIS2PLACEMENT2D(#7387,#48);
#7389=IFCRECTANGLEPROFILEDEF(.AREA.,'Beam 300x600',#7388,600.,300.00000000000108);
#7390=IFCCARTESIANPOINT((0.,-25.,-300.));
#7391=IFCAXIS2PLACEMENT3D(#7390,#3130,#52);
#7392=IFCEXTRUDEDAREASOLID(#7389,#7391,#55,12900.);
#7393=IFCSHAPEREPRESENTATION(#15,'Body','SweptSolid',(#7392));
#7394=IFCCARTESIANPOINT((12900.,0.));
#7395=IFCPOLYLINE((#3139,#7394));
#7396=IFCSHAPEREPRESENTATION(#14,'Axis','Curve2D',(#7395));
#7397=IFCPRODUCTDEFINITIONSHAPE($,$,(#7396,#7393));
#7398=IFCBEAM('2LfkUyDWb5oAD2iJUJIH7M',#6,'Beam:Beam 300x600:347483',$,$,#7386,#7397,'347483');
#7399=IFCPROPERTYSET('1tpsQ0z6uz7x8ebsFazZDp',#6,'Pset_BeamCommon',$,(#82,#83,#3153,#7330,#7331));
#7400=IFCPROPERTYSET('1GZJKPJ5KdVYEHg0$dNV1U',#6,'Pset_QuantityTakeOff',$,(#7330));
#7401=IFCPROPERTYSINGLEVALUE('Reference',$,IFCLABEL('Beam 300x600'),$);
#7402=IFCPROPERTYSET('0FZfKF9NQbs6YAH8UcgTrx',#6,'Pset_ReinforcementBarPitchOfBeam',$,(#7401));
#7403=IFCRELDEFINESBYPROPERTIES('2LbcoJeY91nDhpznsohdEc',#6,$,$,(#7398),#7399);
#7404=IFCRELDEFINESBYPROPERTIES('0V3qsrJ1YlxnsqRtr$2SDJ',#6,$,$,(#7398),#7400);
#7405=IFCRELDEFINESBYPROPERTIES('2keNA0bfHq_qMfTUH8KaOJ',#6,$,$,(#7398),#7402);
#7406=IFCCARTESIANPOINT((-8396.2142546210744,-1438.6386702403236,-740.));
#7407=IFCAXIS2PLACEMENT3D(#7406,#55,#3163);
#7408=IFCLOCALPLACEMENT(#36,#7407);
#7409=IFCCARTESIANPOINT((0.,5.4001247917767614E-013));
#7410=IFCAXIS2PLACEMENT2D(#7409,#48);
#7411=IFCRECTANGLEPROFILEDEF(.AREA.,'Beam 300x600',#7410,600.,300.);
#7412=IFCCARTESIANPOINT((0.,-25.,-300.));
#7413=IFCAXIS2PLACEMENT3D(#7412,#3130,#52);
#7414=IFCEXTRUDEDAREASOLID(#7411,#7413,#55,12900.);
#7415=IFCSHAPEREPRESENTATION(#15,'Body','SweptSolid',(#7414));
#7416=IFCCARTESIANPOINT((12900.,0.));
#7417=IFCPOLYLINE((#3139,#7416));
#7418=IFCSHAPEREPRESENTATION(#14,'Axis','Curve2D',(#7417));
#7419=IFCPRODUCTDEFINITIONSHAPE($,$,(#7418,#7415));
#7420=IFCBEAM('2LfkUyDWb5oAD2iJUJIH7l',#6,'Beam:Beam 300x600:347490',$,$,#7408,#7419,'347490');
#7421=IFCPROPERTYSET('1ozrbtT6nTC8YbJbj6zuQD',#6,'Pset_BeamCommon',$,(#82,#83,#3153,#7330,#7331));
#7422=IFCPROPERTYSET('3O5nvH5VeNW9azMit_CPA$',#6,'Pset_QuantityTakeOff',$,(#7330));
#7423=IFCPROPERTYSINGLEVALUE('Reference',$,IFCLABEL('Beam 300x600'),$);
#7424=IFCPROPERTYSET('1OXOR1WHRIwdVUgBdp2PTi',#6,'Pset_ReinforcementBarPitchOfBeam',$,(#7423));
#7425=IFCRELDEFINESBYPROPERTIES('31_HEiBuJx2YfTSD1S_sF7',#6,$,$,(#7420),#7421);
#7426=IFCRELDEFINESBYPROPERTIES('2e$4EZaQPaP1hVOKQZN3wG',#6,$,$,(#7420),#7422);
#7427=IFCRELDEFINESBYPROPERTIES('3GuV93uSfpQQVY37HkkDXp',#6,$,$,(#7420),#7424);
#7428=IFCCARTESIANPOINT((-5196.2142546210653,-1438.6386702403338,-740.));
#7429=IFCAXIS2PLACEMENT3D(#7428,#55,#3163);
#7430=IFCLOCALPLACEMENT(#36,#7429);
#7431=IFCCARTESIANPOINT((0.,5.4001247917767614E-013));
#7432=IFCAXIS2PLACEMENT2D(#7431,#48);
#7433=IFCRECTANGLEPROFILEDEF(.AREA.,'Beam 300x600',#7432,600.,300.);
#7434=IFCCARTESIANPOINT((-0.,-25.,-300.));
#7435=IFCAXIS2PLACEMENT3D(#7434,#3130,#52);
#7436=IFCEXTRUDEDAREASOLID(#7433,#7435,#55,13000.);
#7437=IFCSHAPEREPRESENTATION(#15,'Body','SweptSolid',(#7436));
#7438=IFCCARTESIANPOINT((13000.,0.));
#7439=IFCPOLYLINE((#3139,#7438));
#7440=IFCSHAPEREPRESENTATION(#14,'Axis','Curve2D',(#7439));
#7441=IFCPRODUCTDEFINITIONSHAPE($,$,(#7440,#7437));
#7442=IFCBEAM('2LfkUyDWb5oAD2iJUJIH7c',#6,'Beam:Beam 300x600:347499',$,$,#7430,#7441,'347499');
#7443=IFCPROPERTYSINGLEVALUE('Span',$,IFCPOSITIVELENGTHMEASURE(13000.),$);
#7444=IFCPROPERTYSET('0nBfcKWuTCAzdwR3P_4rZq',#6,'Pset_BeamCommon',$,(#82,#83,#3153,#7330,#7443));
#7445=IFCPROPERTYSET('2tZM1XJM3EB8UQDCsW_4jL',#6,'Pset_QuantityTakeOff',$,(#7330));
#7446=IFCPROPERTYSINGLEVALUE('Reference',$,IFCLABEL('Beam 300x600'),$);
#7447=IFCPROPERTYSET('1Xi9G5EuP1XPI8bEkUpBwX',#6,'Pset_ReinforcementBarPitchOfBeam',$,(#7446));
#7448=IFCRELDEFINESBYPROPERTIES('2vJefNr0c9vOsHoToWfzBd',#6,$,$,(#7442),#7444);
#7449=IFCRELDEFINESBYPROPERTIES('3AJpwC4hSoZwoGtfQYLCr8',#6,$,$,(#7442),#7445);
#7450=IFCRELDEFINESBYPROPERTIES('05K9P6_7NDpBogIeFDs0kn',#6,$,$,(#7442),#7447);
#7451=IFCCARTESIANPOINT((-1996.2142546210662,-1438.638670240344,-740.));
#7452=IFCAXIS2PLACEMENT3D(#7451,#55,#3163);
#7453=IFCLOCALPLACEMENT(#36,#7452);
#7454=IFCCARTESIANPOINT((0.,-1.4210854715202004E-013));
#7455=IFCAXIS2PLACEMENT2D(#7454,#48);
#7456=IFCRECTANGLEPROFILEDEF(.AREA.,'Beam 300x600',#7455,600.,300.00000000000028);
#7457=IFCCARTESIANPOINT((0.,-25.,-300.));
#7458=IFCAXIS2PLACEMENT3D(#7457,#3130,#52);
#7459=IFCEXTRUDEDAREASOLID(#7456,#7458,#55,12900.);
#7460=IFCSHAPEREPRESENTATION(#15,'Body','SweptSolid',(#7459));
#7461=IFCCARTESIANPOINT((12900.,0.));
#7462=IFCPOLYLINE((#3139,#7461));
#7463=IFCSHAPEREPRESENTATION(#14,'Axis','Curve2D',(#7462));
#7464=IFCPRODUCTDEFINITIONSHAPE($,$,(#7463,#7460));
#7465=IFCBEAM('2LfkUyDWb5oAD2iJUJIH7v',#6,'Beam:Beam 300x600:347508',$,$,#7453,#7464,'347508');
#7466=IFCPROPERTYSET('0CG8ysjo_NazKRKlJMU2DN',#6,'Pset_BeamCommon',$,(#82,#83,#3153,#7330,#7331));
#7467=IFCPROPERTYSET('3nKr2K6PuLnhjSr2UGyhIf',#6,'Pset_QuantityTakeOff',$,(#7330));
#7468=IFCPROPERTYSINGLEVALUE('Reference',$,IFCLABEL('Beam 300x600'),$);
#7469=IFCPROPERTYSET('29Cbgr$I0LJLsKYGIfG7Cd',#6,'Pset_ReinforcementBarPitchOfBeam',$,(#7468));
#7470=IFCRELDEFINESBYPROPERTIES('0MCc7Yupa6oMS5FBqYISms',#6,$,$,(#7465),#7466);
#7471=IFCRELDEFINESBYPROPERTIES('0MWsYhzwWwyDKe7spsg3rG',#6,$,$,(#7465),#7467);
#7472=IFCRELDEFINESBYPROPERTIES('0r50bT5MW0etbdJM45ZApU',#6,$,$,(#7465),#7469);
#7473=IFCCARTESIANPOINT((1203.7857453789345,-1438.6386702403543,-740.));
#7474=IFCAXIS2PLACEMENT3D(#7473,#55,#3163);
#7475=IFCLOCALPLACEMENT(#36,#7474);
#7476=IFCCARTESIANPOINT((0.,0.));
#7477=IFCAXIS2PLACEMENT2D(#7476,#48);
#7478=IFCRECTANGLEPROFILEDEF(.AREA.,'Beam 300x600',#7477,600.,300.00000000000028);
#7479=IFCCARTESIANPOINT((0.,-25.,-300.));
#7480=IFCAXIS2PLACEMENT3D(#7479,#3130,#52);
#7481=IFCEXTRUDEDAREASOLID(#7478,#7480,#55,12900.);
#7482=IFCSHAPEREPRESENTATION(#15,'Body','SweptSolid',(#7481));
#7483=IFCCARTESIANPOINT((12900.,0.));
#7484=IFCPOLYLINE((#3139,#7483));
#7485=IFCSHAPEREPRESENTATION(#14,'Axis','Curve2D',(#7484));
#7486=IFCPRODUCTDEFINITIONSHAPE($,$,(#7485,#7482));
#7487=IFCBEAM('2LfkUyDWb5oAD2iJUJIH7m',#6,'Beam:Beam 300x600:347517',$,$,#7475,#7486,'347517');
#7488=IFCPROPERTYSET('0B660b$nQwBtwUwskZEu74',#6,'Pset_BeamCommon',$,(#82,#83,#3153,#7330,#7331));
#7489=IFCPROPERTYSET('1PnHu3GWKy4pDGKo1JxNhL',#6,'Pset_QuantityTakeOff',$,(#7330));
#7490=IFCPROPERTYSINGLEVALUE('Reference',$,IFCLABEL('Beam 300x600'),$);
#7491=IFCPROPERTYSET('1nrdcxdsuSD8$lSEEOJLbF',#6,'Pset_ReinforcementBarPitchOfBeam',$,(#7490));
#7492=IFCRELDEFINESBYPROPERTIES('24GKCn3hMQLmMTXOdhReJz',#6,$,$,(#7487),#7488);
#7493=IFCRELDEFINESBYPROPERTIES('0OJkQwqxrEkszKi4h2dsJk',#6,$,$,(#7487),#7489);
#7494=IFCRELDEFINESBYPROPERTIES('25EOGNO61xAQE4R4ypgPij',#6,$,$,(#7487),#7491);
#7495=IFCCARTESIANPOINT((10803.785745378953,-1438.6386702403854,-740.));
#7496=IFCAXIS2PLACEMENT3D(#7495,#55,#3163);
#7497=IFCLOCALPLACEMENT(#36,#7496);
#7498=IFCCARTESIANPOINT((0.,0.));
#7499=IFCAXIS2PLACEMENT2D(#7498,#48);
#7500=IFCRECTANGLEPROFILEDEF(.AREA.,'Beam 300x600',#7499,600.,300.00000000000108);
#7501=IFCCARTESIANPOINT((0.,-25.,-300.));
#7502=IFCAXIS2PLACEMENT3D(#7501,#3130,#52);
#7503=IFCEXTRUDEDAREASOLID(#7500,#7502,#55,12900.);
#7504=IFCSHAPEREPRESENTATION(#15,'Body','SweptSolid',(#7503));
#7505=IFCCARTESIANPOINT((12900.,0.));
#7506=IFCPOLYLINE((#3139,#7505));
#7507=IFCSHAPEREPRESENTATION(#14,'Axis','Curve2D',(#7506));
#7508=IFCPRODUCTDEFINITIONSHAPE($,$,(#7507,#7504));
#7509=IFCBEAM('2LfkUyDWb5oAD2iJUJIH4T',#6,'Beam:Beam 300x600:347536',$,$,#7497,#7508,'347536');
#7510=IFCPROPERTYSET('3$YThnoRyZ3IaNwKo2_dqt',#6,'Pset_BeamCommon',$,(#82,#83,#3153,#7330,#7331));
#7511=IFCPROPERTYSET('2pRFpXjZMDc4ZA9O8YGheq',#6,'Pset_QuantityTakeOff',$,(#7330));
#7512=IFCPROPERTYSINGLEVALUE('Reference',$,IFCLABEL('Beam 300x600'),$);
#7513=IFCPROPERTYSET('1ilXimOppJ0LPJC6Nw$hIo',#6,'Pset_ReinforcementBarPitchOfBeam',$,(#7512));
#7514=IFCRELDEFINESBYPROPERTIES('0bGiePCR01nn5Zp2aaeupu',#6,$,$,(#7509),#7510);
#7515=IFCRELDEFINESBYPROPERTIES('3zJqlFkT0mNyd0q$7HE9kF',#6,$,$,(#7509),#7511);
#7516=IFCRELDEFINESBYPROPERTIES('0ROUbE2nsdpBK70KgdvV7R',#6,$,$,(#7509),#7513);
#7517=IFCCARTESIANPOINT((14003.785745378953,-1438.6386702404072,-770.));
#7518=IFCDIRECTION((0.,0.0023255813953488125,0.99999729583193064));
#7519=IFCDIRECTION((-0.,-0.99999729583193064,0.0023255813953488125));
#7520=IFCAXIS2PLACEMENT3D(#7517,#7518,#7519);
#7521=IFCLOCALPLACEMENT(#36,#7520);
#7522=IFCCARTESIANPOINT((-5.4001247917767614E-013,0.));
#7523=IFCAXIS2PLACEMENT2D(#7522,#48);
#7524=IFCRECTANGLEPROFILEDEF(.AREA.,'Beam 300x600',#7523,599.99999999999977,300.00000000000108);
#7525=IFCCARTESIANPOINT((87.699797187398218,-25.,-300.));
#7526=IFCAXIS2PLACEMENT3D(#7525,#3130,#52);
#7527=IFCEXTRUDEDAREASOLID(#7524,#7526,#55,12812.300202812601);
#7528=IFCSHAPEREPRESENTATION(#15,'Body','SweptSolid',(#7527));
#7529=IFCCARTESIANPOINT((12900.,0.));
#7530=IFCPOLYLINE((#3139,#7529));
#7531=IFCSHAPEREPRESENTATION(#14,'Axis','Curve2D',(#7530));
#7532=IFCPRODUCTDEFINITIONSHAPE($,$,(#7531,#7528));
#7533=IFCBEAM('2LfkUyDWb5oAD2iJUJIH4K',#6,'Beam:Beam 300x600:347545',$,$,#7521,#7532,'347545');
#7534=IFCPROPERTYSINGLEVALUE('Slope',$,IFCPLANEANGLEMEASURE(0.13324611897428712),$);
#7535=IFCPROPERTYSET('3chcySgJrXRSU3k1K2LNnX',#6,'Pset_BeamCommon',$,(#82,#83,#7330,#7331,#7534));
#7536=IFCPROPERTYSET('3p0K_2FVehVEjNBi3Rn92H',#6,'Pset_QuantityTakeOff',$,(#7330));
#7537=IFCPROPERTYSINGLEVALUE('Reference',$,IFCLABEL('Beam 300x600'),$);
#7538=IFCPROPERTYSET('2Jekz24$MPwGuWrtRXtO2s',#6,'Pset_ReinforcementBarPitchOfBeam',$,(#7537));
#7539=IFCRELDEFINESBYPROPERTIES('3YDV7QVJnuZS9KuQIXs5Ro',#6,$,$,(#7533),#7535);
#7540=IFCRELDEFINESBYPROPERTIES('1Ii9pvkRqfIDmNijmHSu$s',#6,$,$,(#7533),#7536);
#7541=IFCRELDEFINESBYPROPERTIES('2cLhUA9Xisa7m$VLaor8EX',#6,$,$,(#7533),#7538);
#7542=IFCCARTESIANPOINT((-4726.2198698551092,5101.3613297596457,-400.));
#7543=IFCAXIS2PLACEMENT3D(#7542,#55,#3163);
#7544=IFCLOCALPLACEMENT(#28,#7543);
#7545=IFCCARTESIANPOINT((0.,-2.7000623958883807E-013));
#7546=IFCAXIS2PLACEMENT2D(#7545,#48);
#7547=IFCRECTANGLEPROFILEDEF(.AREA.,'Beam 240x650',#7546,650.,240.00000000000011);
#7548=IFCCARTESIANPOINT((0.,5.,-325.));
#7549=IFCAXIS2PLACEMENT3D(#7548,#3130,#52);
#7550=IFCEXTRUDEDAREASOLID(#7547,#7549,#55,3480.);
#7551=IFCSHAPEREPRESENTATION(#15,'Body','SweptSolid',(#7550));
#7552=IFCCARTESIANPOINT((3480.,0.));
#7553=IFCPOLYLINE((#3139,#7552));
#7554=IFCSHAPEREPRESENTATION(#14,'Axis','Curve2D',(#7553));
#7555=IFCPRODUCTDEFINITIONSHAPE($,$,(#7554,#7551));
#7556=IFCBEAM('0tcqS8tCX67QR_Ljmwwhwn',#6,'Beam:Beam 240x650:349605',$,$,#7544,#7555,'349605');
#7557=IFCBEAMTYPE('0tcqS8tCX67QR_LjmwwhnR',#6,'Beam:Beam 240x650',$,$,(#7567),$,'350031',$,.BEAM.);
#7558=IFCPROPERTYSINGLEVALUE('Reference',$,IFCIDENTIFIER('Beam 240x650'),$);
#7559=IFCPROPERTYSINGLEVALUE('Span',$,IFCPOSITIVELENGTHMEASURE(3480.),$);
#7560=IFCPROPERTYSET('1jmKDarbp$sSo7zScHLE$2',#6,'Pset_BeamCommon',$,(#82,#83,#3153,#7558,#7559));
#7561=IFCPROPERTYSET('2uUZnsOlse9ee2hKqF_EGJ',#6,'Pset_QuantityTakeOff',$,(#7558));
#7562=IFCPROPERTYSINGLEVALUE('Reference',$,IFCLABEL('Beam 240x650'),$);
#7563=IFCPROPERTYSET('1gNy9K68gKCYIg5A8CCJF0',#6,'Pset_ReinforcementBarPitchOfBeam',$,(#7562));
#7564=IFCRELDEFINESBYPROPERTIES('0HoIs7uBA5MIMh7wYb2WAt',#6,$,$,(#7556),#7560);
#7565=IFCRELDEFINESBYPROPERTIES('0w_Z23ohVBXUM5yKPCwvUp',#6,$,$,(#7556),#7561);
#7566=IFCRELDEFINESBYPROPERTIES('2WPp_fsp0PrcTVmZNYoBBr',#6,$,$,(#7556),#7563);
#7567=IFCPROPERTYSET('3ZF3hWWvlZMUhKGnqTbfoJ',#6,'Pset_BeamCommon',$,(#83));
#7568=IFCCARTESIANPOINT((1.4210854715202004E-014,0.));
#7569=IFCAXIS2PLACEMENT2D(#7568,#48);
#7570=IFCRECTANGLEPROFILEDEF(.AREA.,'200x200',#7569,200.,200.00000000000006);
#7571=IFCCARTESIANPOINT((0.,0.,7500.));
#7572=IFCAXIS2PLACEMENT3D(#7571,#55,#1689);
#7573=IFCEXTRUDEDAREASOLID(#7570,#7572,#55,3200.0000000000014);
#7574=IFCCOLOURRGB($,0.82352941176470584,0.70588235294117652,0.47058823529411764);
#7575=IFCSURFACESTYLERENDERING(#7574,0.,$,$,$,$,IFCNORMALISEDRATIOMEASURE(0.5),IFCSPECULAREXPONENT(64.),.NOTDEFINED.);
#7576=IFCSURFACESTYLE('Glulam',.BOTH.,(#7575));
#7577=IFCPRESENTATIONSTYLEASSIGNMENT((#7576));
#7578=IFCSTYLEDITEM(#7573,(#7577),$);
#7579=IFCSHAPEREPRESENTATION(#15,'Body','SweptSolid',(#7573));
#7580=IFCAXIS2PLACEMENT3D(#10,$,$);
#7581=IFCREPRESENTATIONMAP(#7580,#7579);
#7582=IFCCOLUMNTYPE('0g5ewGsoP03e4azADNVM$W',#6,'Column_Timber:200x200',$,$,(#7602),(#7581),'385467',$,.COLUMN.);
#7583=IFCMATERIAL('Glulam');
#7584=IFCPRESENTATIONSTYLEASSIGNMENT((#7576));
#7585=IFCSTYLEDITEM($,(#7584),$);
#7586=IFCSTYLEDREPRESENTATION(#13,'Style','Material',(#7585));
#7587=IFCMATERIALDEFINITIONREPRESENTATION($,$,(#7586),#7583);
#7588=IFCMAPPEDITEM(#7581,#1706);
#7589=IFCSHAPEREPRESENTATION(#15,'Body','MappedRepresentation',(#7588));
#7590=IFCPRODUCTDEFINITIONSHAPE($,$,(#7589));
#7591=IFCCARTESIANPOINT((-34031.214254621067,-22938.638670240303,-7500.));
#7592=IFCAXIS2PLACEMENT3D(#7591,$,$);
#7593=IFCLOCALPLACEMENT(#32,#7592);
#7594=IFCCOLUMN('0LIBF5WAf0aut2ABf1cYAX',#6,'Column_Timber:200x200:352228',$,$,#7593,#7590,'352228');
#7595=IFCPROPERTYSET('1SiMJW8rBCPgiyiN891OxD',#6,'Pset_ColumnCommon',$,(#82,#83,#2406));
#7596=IFCPROPERTYSET('0cDS_G_BsKDydRUlVAK_EX',#6,'Pset_QuantityTakeOff',$,(#2406));
#7597=IFCPROPERTYSINGLEVALUE('Reference',$,IFCLABEL('200x200'),$);
#7598=IFCPROPERTYSET('2VZJ8a19zC1nMmCO3bhJkj',#6,'Pset_ReinforcementBarPitchOfColumn',$,(#7597));
#7599=IFCRELDEFINESBYPROPERTIES('1oS6SuwHv1nFbuzSgAeNkz',#6,$,$,(#7594),#7595);
#7600=IFCRELDEFINESBYPROPERTIES('3XCwlRZF0FFYiPi1tvOMHO',#6,$,$,(#7594),#7596);
#7601=IFCRELDEFINESBYPROPERTIES('3dO_EE5RYWNPCjvCRmPcaT',#6,$,$,(#7594),#7598);
#7602=IFCPROPERTYSET('1sZvbRUmJSuToR1oqg_Y3i',#6,'Pset_ColumnCommon',$,(#83));
#7603=IFCMAPPEDITEM(#7581,#1706);
#7604=IFCSHAPEREPRESENTATION(#15,'Body','MappedRepresentation',(#7603));
#7605=IFCPRODUCTDEFINITIONSHAPE($,$,(#7604));
#7606=IFCCARTESIANPOINT((-30821.214254621096,-22938.638670240289,-7500.));
#7607=IFCAXIS2PLACEMENT3D(#7606,$,$);
#7608=IFCLOCALPLACEMENT(#32,#7607);
#7609=IFCCOLUMN('0LIBF5WAf0aut2ABf1cYAW',#6,'Column_Timber:200x200:352229',$,$,#7608,#7605,'352229');
#7610=IFCPROPERTYSET('2BPVPtn31al411Wiy8G$dF',#6,'Pset_ColumnCommon',$,(#82,#83,#2406));
#7611=IFCPROPERTYSET('0DX_qZig4IBXXOlWmQ4bwP',#6,'Pset_QuantityTakeOff',$,(#2406));
#7612=IFCPROPERTYSINGLEVALUE('Reference',$,IFCLABEL('200x200'),$);
#7613=IFCPROPERTYSET('2qrmNOBC12MPWZe12qcYcI',#6,'Pset_ReinforcementBarPitchOfColumn',$,(#7612));
#7614=IFCRELDEFINESBYPROPERTIES('2vMoNpiNOgqJdfrxGCiFN6',#6,$,$,(#7609),#7610);
#7615=IFCRELDEFINESBYPROPERTIES('3wht24DYlJR7h1qK1kUsGI',#6,$,$,(#7609),#7611);
#7616=IFCRELDEFINESBYPROPERTIES('2Cys2pSJXJTi7AZoysPkXi',#6,$,$,(#7609),#7613);
#7617=IFCMAPPEDITEM(#7581,#1706);
#7618=IFCSHAPEREPRESENTATION(#15,'Body','MappedRepresentation',(#7617));
#7619=IFCPRODUCTDEFINITIONSHAPE($,$,(#7618));
#7620=IFCCARTESIANPOINT((-27621.2142546211,-22938.638670240129,-7500.));
#7621=IFCAXIS2PLACEMENT3D(#7620,$,$);
#7622=IFCLOCALPLACEMENT(#32,#7621);
#7623=IFCCOLUMN('0LIBF5WAf0aut2ABf1cYAZ',#6,'Column_Timber:200x200:352230',$,$,#7622,#7619,'352230');
#7624=IFCPROPERTYSET('1pZ12Wiv2OB63hBxrr1Lpn',#6,'Pset_ColumnCommon',$,(#82,#83,#2406));
#7625=IFCPROPERTYSET('0Ilkx1N49AdV2cFNPpf3zx',#6,'Pset_QuantityTakeOff',$,(#2406));
#7626=IFCPROPERTYSINGLEVALUE('Reference',$,IFCLABEL('200x200'),$);
#7627=IFCPROPERTYSET('0z28lIEJyFPNQpN7E2tt2I',#6,'Pset_ReinforcementBarPitchOfColumn',$,(#7626));
#7628=IFCRELDEFINESBYPROPERTIES('1j3tGPNbtZDQBd20tlRY49',#6,$,$,(#7623),#7624);
#7629=IFCRELDEFINESBYPROPERTIES('3URLKj_oDoBafEX_BviVPr',#6,$,$,(#7623),#7625);
#7630=IFCRELDEFINESBYPROPERTIES('12FU3ZT1bFKm0yZKdeB7dt',#6,$,$,(#7623),#7627);
#7631=IFCMAPPEDITEM(#7581,#1706);
#7632=IFCSHAPEREPRESENTATION(#15,'Body','MappedRepresentation',(#7631));
#7633=IFCPRODUCTDEFINITIONSHAPE($,$,(#7632));
#7634=IFCCARTESIANPOINT((-24421.214254621093,-22938.63867024014,-7500.));
#7635=IFCAXIS2PLACEMENT3D(#7634,$,$);
#7636=IFCLOCALPLACEMENT(#32,#7635);
#7637=IFCCOLUMN('0LIBF5WAf0aut2ABf1cYAY',#6,'Column_Timber:200x200:352231',$,$,#7636,#7633,'352231');
#7638=IFCPROPERTYSET('2GbGI9Cc6bYhCUJVvckX2S',#6,'Pset_ColumnCommon',$,(#82,#83,#2406));
#7639=IFCPROPERTYSET('0dFEPNdNqGf_YgQddmB3TM',#6,'Pset_QuantityTakeOff',$,(#2406));
#7640=IFCPROPERTYSINGLEVALUE('Reference',$,IFCLABEL('200x200'),$);
#7641=IFCPROPERTYSET('0A$a0PMjH0nUymLMkyZbUb',#6,'Pset_ReinforcementBarPitchOfColumn',$,(#7640));
#7642=IFCRELDEFINESBYPROPERTIES('1DS5unlwULkewgjmgsuvYv',#6,$,$,(#7637),#7638);
#7643=IFCRELDEFINESBYPROPERTIES('0$pJyE0X91rwGd8doZxb1F',#6,$,$,(#7637),#7639);
#7644=IFCRELDEFINESBYPROPERTIES('2XewDQKbgl_3NGbbhsnRXu',#6,$,$,(#7637),#7641);
#7645=IFCMAPPEDITEM(#7581,#1706);
#7646=IFCSHAPEREPRESENTATION(#15,'Body','MappedRepresentation',(#7645));
#7647=IFCPRODUCTDEFINITIONSHAPE($,$,(#7646));
#7648=IFCCARTESIANPOINT((-5221.2142546210789,-22938.638670240191,-7500.));
#7649=IFCAXIS2PLACEMENT3D(#7648,$,$);
#7650=IFCLOCALPLACEMENT(#32,#7649);
#7651=IFCCOLUMN('0LIBF5WAf0aut2ABf1cYAe',#6,'Column_Timber:200x200:352237',$,$,#7650,#7647,'352237');
#7652=IFCPROPERTYSET('2DOYihYdiV0BUBkCobPW3z',#6,'Pset_ColumnCommon',$,(#82,#83,#2406));
#7653=IFCPROPERTYSET('10S_K5jRh3navk0N1GH7AL',#6,'Pset_QuantityTakeOff',$,(#2406));
#7654=IFCPROPERTYSINGLEVALUE('Reference',$,IFCLABEL('200x200'),$);
#7655=IFCPROPERTYSET('2OYsdRg7c$T6ol1ugDYYqZ',#6,'Pset_ReinforcementBarPitchOfColumn',$,(#7654));
#7656=IFCRELDEFINESBYPROPERTIES('0WHIR8lm6i7F$N15ArEZJf',#6,$,$,(#7651),#7652);
#7657=IFCRELDEFINESBYPROPERTIES('0hQzIEfw_XNJe8Ma8SrVRZ',#6,$,$,(#7651),#7653);
#7658=IFCRELDEFINESBYPROPERTIES('1pO5sqdbct$F1AjkWL$EGs',#6,$,$,(#7651),#7655);
#7659=IFCMAPPEDITEM(#7581,#1706);
#7660=IFCSHAPEREPRESENTATION(#15,'Body','MappedRepresentation',(#7659));
#7661=IFCPRODUCTDEFINITIONSHAPE($,$,(#7660));
#7662=IFCCARTESIANPOINT((1178.7857453789213,-22938.638670240212,-7500.));
#7663=IFCAXIS2PLACEMENT3D(#7662,$,$);
#7664=IFCLOCALPLACEMENT(#32,#7663);
#7665=IFCCOLUMN('0LIBF5WAf0aut2ABf1cYAh',#6,'Column_Timber:200x200:352238',$,$,#7664,#7661,'352238');
#7666=IFCPROPERTYSET('1mdbt7fsP38Zf0sI1X0tx4',#6,'Pset_ColumnCommon',$,(#82,#83,#2406));
#7667=IFCPROPERTYSET('1q2oTmYkny7CYDwzTrlg7K',#6,'Pset_QuantityTakeOff',$,(#2406));
#7668=IFCPROPERTYSINGLEVALUE('Reference',$,IFCLABEL('200x200'),$);
#7669=IFCPROPERTYSET('27ZkmFOibV$N7jX5EwhhHb',#6,'Pset_ReinforcementBarPitchOfColumn',$,(#7668));
#7670=IFCRELDEFINESBYPROPERTIES('1JKPosxoq5YIIDbFOPJFoH',#6,$,$,(#7665),#7666);
#7671=IFCRELDEFINESBYPROPERTIES('13Cca2LdW7Z8UfKWRm61_J',#6,$,$,(#7665),#7667);
#7672=IFCRELDEFINESBYPROPERTIES('0qsbrzsG5oKTJYaEnBFKvy',#6,$,$,(#7665),#7669);
#7673=IFCMAPPEDITEM(#7581,#1706);
#7674=IFCSHAPEREPRESENTATION(#15,'Body','MappedRepresentation',(#7673));
#7675=IFCPRODUCTDEFINITIONSHAPE($,$,(#7674));
#7676=IFCCARTESIANPOINT((4378.7857453789293,-22938.63867024022,-7500.));
#7677=IFCAXIS2PLACEMENT3D(#7676,$,$);
#7678=IFCLOCALPLACEMENT(#32,#7677);
#7679=IFCCOLUMN('0LIBF5WAf0aut2ABf1cYAg',#6,'Column_Timber:200x200:352239',$,$,#7678,#7675,'352239');
#7680=IFCPROPERTYSET('1ENAumg6x8ajkZt8ai6r9T',#6,'Pset_ColumnCommon',$,(#82,#83,#2406));
#7681=IFCPROPERTYSET('2QnXxKX4jrwg6Psfuo8jzY',#6,'Pset_QuantityTakeOff',$,(#2406));
#7682=IFCPROPERTYSINGLEVALUE('Reference',$,IFCLABEL('200x200'),$);
#7683=IFCPROPERTYSET('3mIoJfRd1OFaVcyV3k4w7e',#6,'Pset_ReinforcementBarPitchOfColumn',$,(#7682));
#7684=IFCRELDEFINESBYPROPERTIES('0qVbGBCrULFcLAJM$d_APV',#6,$,$,(#7679),#7680);
#7685=IFCRELDEFINESBYPROPERTIES('3ez9u9KbCgE8vfRo$KbZ6M',#6,$,$,(#7679),#7681);
#7686=IFCRELDEFINESBYPROPERTIES('2UydGwoAcsBnRNF9$SGjWR',#6,$,$,(#7679),#7683);
#7687=IFCMAPPEDITEM(#7581,#1706);
#7688=IFCSHAPEREPRESENTATION(#15,'Body','MappedRepresentation',(#7687));
#7689=IFCPRODUCTDEFINITIONSHAPE($,$,(#7688));
#7690=IFCCARTESIANPOINT((7578.7857453789393,-22938.638670240231,-7500.));
#7691=IFCAXIS2PLACEMENT3D(#7690,$,$);
#7692=IFCLOCALPLACEMENT(#32,#7691);
#7693=IFCCOLUMN('0LIBF5WAf0aut2ABf1cYAr',#6,'Column_Timber:200x200:352240',$,$,#7692,#7689,'352240');
#7694=IFCPROPERTYSET('1IFlDHE16_Bc_0wTMNpakD',#6,'Pset_ColumnCommon',$,(#82,#83,#2406));
#7695=IFCPROPERTYSET('2qxqbcjIHyaUtozV406V1m',#6,'Pset_QuantityTakeOff',$,(#2406));
#7696=IFCPROPERTYSINGLEVALUE('Reference',$,IFCLABEL('200x200'),$);
#7697=IFCPROPERTYSET('3T_ju9flb534NbVPS6WfLq',#6,'Pset_ReinforcementBarPitchOfColumn',$,(#7696));
#7698=IFCRELDEFINESBYPROPERTIES('29dkGVArShL6iV6Qic4Kdz',#6,$,$,(#7693),#7694);
#7699=IFCRELDEFINESBYPROPERTIES('0cDzmjReR_c9xUdbgTnE02',#6,$,$,(#7693),#7695);
#7700=IFCRELDEFINESBYPROPERTIES('0P8tl8e2nmdhPCTSQpihxE',#6,$,$,(#7693),#7697);
#7701=IFCMAPPEDITEM(#7581,#1706);
#7702=IFCSHAPEREPRESENTATION(#15,'Body','MappedRepresentation',(#7701));
#7703=IFCPRODUCTDEFINITIONSHAPE($,$,(#7702));
#7704=IFCCARTESIANPOINT((10778.785745378938,-22938.638670240238,-7500.));
#7705=IFCAXIS2PLACEMENT3D(#7704,$,$);
#7706=IFCLOCALPLACEMENT(#32,#7705);
#7707=IFCCOLUMN('0LIBF5WAf0aut2ABf1cYAq',#6,'Column_Timber:200x200:352241',$,$,#7706,#7703,'352241');
#7708=IFCPROPERTYSET('2hhshhokYDfjCSkVHzfY5J',#6,'Pset_ColumnCommon',$,(#82,#83,#2406));
#7709=IFCPROPERTYSET('3bzPTwPg0VLfYylxqLKSOM',#6,'Pset_QuantityTakeOff',$,(#2406));
#7710=IFCPROPERTYSINGLEVALUE('Reference',$,IFCLABEL('200x200'),$);
#7711=IFCPROPERTYSET('0tmuEKmKP0s$DT3F1MoTSN',#6,'Pset_ReinforcementBarPitchOfColumn',$,(#7710));
#7712=IFCRELDEFINESBYPROPERTIES('39DQnkDVoLrtOf7NYS0XaK',#6,$,$,(#7707),#7708);
#7713=IFCRELDEFINESBYPROPERTIES('1p$xDppaXmHkP8a6yBlsCo',#6,$,$,(#7707),#7709);
#7714=IFCRELDEFINESBYPROPERTIES('3yY2xaepPrfRiTpfiadB42',#6,$,$,(#7707),#7711);
#7715=IFCMAPPEDITEM(#7581,#1706);
#7716=IFCSHAPEREPRESENTATION(#15,'Body','MappedRepresentation',(#7715));
#7717=IFCPRODUCTDEFINITIONSHAPE($,$,(#7716));
#7718=IFCCARTESIANPOINT((13978.785745378937,-22938.638670240245,-7500.));
#7719=IFCAXIS2PLACEMENT3D(#7718,$,$);
#7720=IFCLOCALPLACEMENT(#32,#7719);
#7721=IFCCOLUMN('0LIBF5WAf0aut2ABf1cYAt',#6,'Column_Timber:200x200:352242',$,$,#7720,#7717,'352242');
#7722=IFCPROPERTYSET('1JT1p9JkXa5hURDxoBqrp8',#6,'Pset_ColumnCommon',$,(#82,#83,#2406));
#7723=IFCPROPERTYSET('0vUXbKlY1K__qfgoDlfXPa',#6,'Pset_QuantityTakeOff',$,(#2406));
#7724=IFCPROPERTYSINGLEVALUE('Reference',$,IFCLABEL('200x200'),$);
#7725=IFCPROPERTYSET('107WiYnwSGdM_kY8vncMO1',#6,'Pset_ReinforcementBarPitchOfColumn',$,(#7724));
#7726=IFCRELDEFINESBYPROPERTIES('05dYuKNB7sL0z72k9KTNTb',#6,$,$,(#7721),#7722);
#7727=IFCRELDEFINESBYPROPERTIES('3mKt0JnBaj_dtuSkcTaEkC',#6,$,$,(#7721),#7723);
#7728=IFCRELDEFINESBYPROPERTIES('2XlJh1clFi5nC_dne4r1Cm',#6,$,$,(#7721),#7725);
#7729=IFCMAPPEDITEM(#7581,#1706);
#7730=IFCSHAPEREPRESENTATION(#15,'Body','MappedRepresentation',(#7729));
#7731=IFCPRODUCTDEFINITIONSHAPE($,$,(#7730));
#7732=IFCCARTESIANPOINT((17178.785745378937,-22938.638670240256,-7500.));
#7733=IFCAXIS2PLACEMENT3D(#7732,$,$);
#7734=IFCLOCALPLACEMENT(#32,#7733);
#7735=IFCCOLUMN('0LIBF5WAf0aut2ABf1cYAs',#6,'Column_Timber:200x200:352243',$,$,#7734,#7731,'352243');
#7736=IFCPROPERTYSET('0qK$zrt7UZFLFl1dHOWhFD',#6,'Pset_ColumnCommon',$,(#82,#83,#2406));
#7737=IFCPROPERTYSET('0lAT9KWUO2wK61UjcT95z5',#6,'Pset_QuantityTakeOff',$,(#2406));
#7738=IFCPROPERTYSINGLEVALUE('Reference',$,IFCLABEL('200x200'),$);
#7739=IFCPROPERTYSET('2U3Dc15gG6IR_OGTFAKAG6',#6,'Pset_ReinforcementBarPitchOfColumn',$,(#7738));
#7740=IFCRELDEFINESBYPROPERTIES('2qIRW6FLCWEwlbOyIVU5J$',#6,$,$,(#7735),#7736);
#7741=IFCRELDEFINESBYPROPERTIES('0ompI7ishOhgzYjAPQgiLL',#6,$,$,(#7735),#7737);
#7742=IFCRELDEFINESBYPROPERTIES('0Fs20HX11$qgd1XEDp4b13',#6,$,$,(#7735),#7739);
#7743=IFCMAPPEDITEM(#7581,#1706);
#7744=IFCSHAPEREPRESENTATION(#15,'Body','MappedRepresentation',(#7743));
#7745=IFCPRODUCTDEFINITIONSHAPE($,$,(#7744));
#7746=IFCCARTESIANPOINT((20378.785745378937,-22938.638670240263,-7500.));
#7747=IFCAXIS2PLACEMENT3D(#7746,$,$);
#7748=IFCLOCALPLACEMENT(#32,#7747);
#7749=IFCCOLUMN('0LIBF5WAf0aut2ABf1cYAn',#6,'Column_Timber:200x200:352244',$,$,#7748,#7745,'352244');
#7750=IFCPROPERTYSET('2N6VgH$yiPv7cTgOFWCHRt',#6,'Pset_ColumnCommon',$,(#82,#83,#2406));
#7751=IFCPROPERTYSET('2365MIWbnZ_$kD43rPidUI',#6,'Pset_QuantityTakeOff',$,(#2406));
#7752=IFCPROPERTYSINGLEVALUE('Reference',$,IFCLABEL('200x200'),$);
#7753=IFCPROPERTYSET('2jF4mT$pdDgvyxq6wRejsp',#6,'Pset_ReinforcementBarPitchOfColumn',$,(#7752));
#7754=IFCRELDEFINESBYPROPERTIES('2ypv9ywGTaLw6hBRqL2AD4',#6,$,$,(#7749),#7750);
#7755=IFCRELDEFINESBYPROPERTIES('38BWP1NwK9EVPJytGmO7Xy',#6,$,$,(#7749),#7751);
#7756=IFCRELDEFINESBYPROPERTIES('1X1XU8eIxHnevDIZl8BJOq',#6,$,$,(#7749),#7753);
#7757=IFCMAPPEDITEM(#7581,#1706);
#7758=IFCSHAPEREPRESENTATION(#15,'Body','MappedRepresentation',(#7757));
#7759=IFCPRODUCTDEFINITIONSHAPE($,$,(#7758));
#7760=IFCCARTESIANPOINT((23578.785745378937,-22938.638670240274,-7500.));
#7761=IFCAXIS2PLACEMENT3D(#7760,$,$);
#7762=IFCLOCALPLACEMENT(#32,#7761);
#7763=IFCCOLUMN('0LIBF5WAf0aut2ABf1cYAm',#6,'Column_Timber:200x200:352245',$,$,#7762,#7759,'352245');
#7764=IFCPROPERTYSET('0Ruo$wChNaewfe9Jd0BFUp',#6,'Pset_ColumnCommon',$,(#82,#83,#2406));
#7765=IFCPROPERTYSET('2az9DheZQsTCYMjya_szrd',#6,'Pset_QuantityTakeOff',$,(#2406));
#7766=IFCPROPERTYSINGLEVALUE('Reference',$,IFCLABEL('200x200'),$);
#7767=IFCPROPERTYSET('2MAPEp5BcQ33OMgE6Kw3XS',#6,'Pset_ReinforcementBarPitchOfColumn',$,(#7766));
#7768=IFCRELDEFINESBYPROPERTIES('0mpQmke2LN3BR8y8X7$jkE',#6,$,$,(#7763),#7764);
#7769=IFCRELDEFINESBYPROPERTIES('35092LJjWhluFeWg6onTrX',#6,$,$,(#7763),#7765);
#7770=IFCRELDEFINESBYPROPERTIES('08o1oClxL1GhObCRdlpwZO',#6,$,$,(#7763),#7767);
#7771=IFCMAPPEDITEM(#7581,#1706);
#7772=IFCSHAPEREPRESENTATION(#15,'Body','MappedRepresentation',(#7771));
#7773=IFCPRODUCTDEFINITIONSHAPE($,$,(#7772));
#7774=IFCCARTESIANPOINT((26778.785745378947,-22938.638670240281,-7500.));
#7775=IFCAXIS2PLACEMENT3D(#7774,$,$);
#7776=IFCLOCALPLACEMENT(#32,#7775);
#7777=IFCCOLUMN('0LIBF5WAf0aut2ABf1cYAp',#6,'Column_Timber:200x200:352246',$,$,#7776,#7773,'352246');
#7778=IFCPROPERTYSET('3I4N5$nUYaKwHvgjuEuDoz',#6,'Pset_ColumnCommon',$,(#82,#83,#2406));
#7779=IFCPROPERTYSET('2_mwHB6gG981YeQ9g2J7ZF',#6,'Pset_QuantityTakeOff',$,(#2406));
#7780=IFCPROPERTYSINGLEVALUE('Reference',$,IFCLABEL('200x200'),$);
#7781=IFCPROPERTYSET('28ZPXyORpExa6adoxxi1Cm',#6,'Pset_ReinforcementBarPitchOfColumn',$,(#7780));
#7782=IFCRELDEFINESBYPROPERTIES('00yH8Va8lrPhZ9KXcug2rF',#6,$,$,(#7777),#7778);
#7783=IFCRELDEFINESBYPROPERTIES('0ArGrEAfMD_$KmJBQrQRx3',#6,$,$,(#7777),#7779);
#7784=IFCRELDEFINESBYPROPERTIES('2BubA32kYrl7n3wC9v8uZ2',#6,$,$,(#7777),#7781);
#7785=IFCMAPPEDITEM(#7581,#1706);
#7786=IFCSHAPEREPRESENTATION(#15,'Body','MappedRepresentation',(#7785));
#7787=IFCPRODUCTDEFINITIONSHAPE($,$,(#7786));
#7788=IFCCARTESIANPOINT((30078.785745378962,-22937.638670240285,-7500.));
#7789=IFCAXIS2PLACEMENT3D(#7788,$,$);
#7790=IFCLOCALPLACEMENT(#32,#7789);
#7791=IFCCOLUMN('0LIBF5WAf0aut2ABf1cYAo',#6,'Column_Timber:200x200:352247',$,$,#7790,#7787,'352247');
#7792=IFCPROPERTYSET('3mkUaxaEYHqimw4XNIpJtP',#6,'Pset_ColumnCommon',$,(#82,#83,#2406));
#7793=IFCPROPERTYSET('1gT9BoyDhGTytdPkYYgoYo',#6,'Pset_QuantityTakeOff',$,(#2406));
#7794=IFCPROPERTYSINGLEVALUE('Reference',$,IFCLABEL('200x200'),$);
#7795=IFCPROPERTYSET('3s_3V5LSc6Pk5$Fg4qSsL7',#6,'Pset_ReinforcementBarPitchOfColumn',$,(#7794));
#7796=IFCRELDEFINESBYPROPERTIES('0atrVxOU3iJRI5purdJ1JV',#6,$,$,(#7791),#7792);
#7797=IFCRELDEFINESBYPROPERTIES('2Iv$oIiwdo9gvE2JgweFR3',#6,$,$,(#7791),#7793);
#7798=IFCRELDEFINESBYPROPERTIES('2A48FK5UwOQvfg4ZQiiOsz',#6,$,$,(#7791),#7795);
#7799=IFCCARTESIANPOINT((0.,0.));
#7800=IFCAXIS2PLACEMENT2D(#7799,#48);
#7801=IFCRECTANGLEPROFILEDEF(.AREA.,'200x300',#7800,300.,200.);
#7802=IFCCARTESIANPOINT((-50.,0.,7500.));
#7803=IFCAXIS2PLACEMENT3D(#7802,#55,#1689);
#7804=IFCEXTRUDEDAREASOLID(#7801,#7803,#55,4000.0000000000014);
#7805=IFCSTYLEDITEM(#7804,(#7577),$);
#7806=IFCSHAPEREPRESENTATION(#15,'Body','SweptSolid',(#7804));
#7807=IFCAXIS2PLACEMENT3D(#10,$,$);
#7808=IFCREPRESENTATIONMAP(#7807,#7806);
#7809=IFCCOLUMNTYPE('09eTxoWQTEZgTQ5YNvddm4',#6,'Column_Timber:200x300',$,$,(#7824),(#7808),'385477',$,.COLUMN.);
#7810=IFCMAPPEDITEM(#7808,#1706);
#7811=IFCSHAPEREPRESENTATION(#15,'Body','MappedRepresentation',(#7810));
#7812=IFCPRODUCTDEFINITIONSHAPE($,$,(#7811));
#7813=IFCCARTESIANPOINT((20803.785745378889,-4638.6386702402087,-7500.));
#7814=IFCAXIS2PLACEMENT3D(#7813,$,$);
#7815=IFCLOCALPLACEMENT(#32,#7814);
#7816=IFCCOLUMN('0LIBF5WAf0aut2ABf1cYAz',#6,'Column_Timber:200x300:352248',$,$,#7815,#7812,'352248');
#7817=IFCPROPERTYSET('0DiiNzjX_JhLs423rCORM$',#6,'Pset_ColumnCommon',$,(#82,#83,#2352));
#7818=IFCPROPERTYSET('12DhSnflcanRBBdiPyzWPE',#6,'Pset_QuantityTakeOff',$,(#2352));
#7819=IFCPROPERTYSINGLEVALUE('Reference',$,IFCLABEL('200x300'),$);
#7820=IFCPROPERTYSET('190L5anvnwBd4VN80FPQt1',#6,'Pset_ReinforcementBarPitchOfColumn',$,(#7819));
#7821=IFCRELDEFINESBYPROPERTIES('0EUCPhZRn24qa$0dPH7YO8',#6,$,$,(#7816),#7817);
#7822=IFCRELDEFINESBYPROPERTIES('08asRkf$k7kDodXLDUz2OF',#6,$,$,(#7816),#7818);
#7823=IFCRELDEFINESBYPROPERTIES('0scINHW4$YAb__5YRcvVI1',#6,$,$,(#7816),#7820);
#7824=IFCPROPERTYSET('0ygbw51la3wxF2TNaZoTJL',#6,'Pset_ColumnCommon',$,(#83));
#7825=IFCMAPPEDITEM(#7808,#1706);
#7826=IFCSHAPEREPRESENTATION(#15,'Body','MappedRepresentation',(#7825));
#7827=IFCPRODUCTDEFINITIONSHAPE($,$,(#7826));
#7828=IFCCARTESIANPOINT((20803.785745378889,-11038.638670240211,-7500.));
#7829=IFCAXIS2PLACEMENT3D(#7828,$,$);
#7830=IFCLOCALPLACEMENT(#32,#7829);
#7831=IFCCOLUMN('0LIBF5WAf0aut2ABf1cYAy',#6,'Column_Timber:200x300:352249',$,$,#7830,#7827,'352249');
#7832=IFCPROPERTYSET('0ZlQDVkHOVKbzOOf0SgvL0',#6,'Pset_ColumnCommon',$,(#82,#83,#2352));
#7833=IFCPROPERTYSET('0Ugr3xn_UleG3WmgB1KZ3W',#6,'Pset_QuantityTakeOff',$,(#2352));
#7834=IFCPROPERTYSINGLEVALUE('Reference',$,IFCLABEL('200x300'),$);
#7835=IFCPROPERTYSET('0RDgJkED0WsUmZq2CK4LGt',#6,'Pset_ReinforcementBarPitchOfColumn',$,(#7834));
#7836=IFCRELDEFINESBYPROPERTIES('3MHDFtZQ8vmYORcGyIPIhE',#6,$,$,(#7831),#7832);
#7837=IFCRELDEFINESBYPROPERTIES('0zQoRYQMJKdjB4n$O7Ro_i',#6,$,$,(#7831),#7833);
#7838=IFCRELDEFINESBYPROPERTIES('1Vic6w$6O3hGvt0aFoaE7D',#6,$,$,(#7831),#7835);
#7839=IFCMAPPEDITEM(#7808,#1706);
#7840=IFCSHAPEREPRESENTATION(#15,'Body','MappedRepresentation',(#7839));
#7841=IFCPRODUCTDEFINITIONSHAPE($,$,(#7840));
#7842=IFCCARTESIANPOINT((20803.785745378889,-7838.6386702402779,-7500.));
#7843=IFCAXIS2PLACEMENT3D(#7842,$,$);
#7844=IFCLOCALPLACEMENT(#32,#7843);
#7845=IFCCOLUMN('0LIBF5WAf0aut2ABf1cYA$',#6,'Column_Timber:200x300:352250',$,$,#7844,#7841,'352250');
#7846=IFCPROPERTYSET('2wgyMz2BRZZshz9pPN2DQY',#6,'Pset_ColumnCommon',$,(#82,#83,#2352));
#7847=IFCPROPERTYSET('30aHw7qnvrJ$Mo8RMLe55O',#6,'Pset_QuantityTakeOff',$,(#2352));
#7848=IFCPROPERTYSINGLEVALUE('Reference',$,IFCLABEL('200x300'),$);
#7849=IFCPROPERTYSET('3X8dEhjnIOgydGaoonzyiI',#6,'Pset_ReinforcementBarPitchOfColumn',$,(#7848));
#7850=IFCRELDEFINESBYPROPERTIES('0J1l_aL1hmCQHvpJiphLpP',#6,$,$,(#7845),#7846);
#7851=IFCRELDEFINESBYPROPERTIES('3EA$Yd1r06nIYU0OjZQMNL',#6,$,$,(#7845),#7847);
#7852=IFCRELDEFINESBYPROPERTIES('0NBi2RgG5Ml6iRbEeF1gMu',#6,$,$,(#7845),#7849);
#7853=IFCMAPPEDITEM(#7808,#1706);
#7854=IFCSHAPEREPRESENTATION(#15,'Body','MappedRepresentation',(#7853));
#7855=IFCPRODUCTDEFINITIONSHAPE($,$,(#7854));
#7856=IFCCARTESIANPOINT((29768.785745378875,-1438.6386702404423,-7500.));
#7857=IFCAXIS2PLACEMENT3D(#7856,$,$);
#7858=IFCLOCALPLACEMENT(#32,#7857);
#7859=IFCCOLUMN('0LIBF5WAf0aut2ABf1cYA_',#6,'Column_Timber:200x300:352251',$,$,#7858,#7855,'352251');
#7860=IFCPROPERTYSET('0mcnyOwDAQOFu0T$EAUTq3',#6,'Pset_ColumnCommon',$,(#82,#83,#2352));
#7861=IFCPROPERTYSET('07IJkU594rFHnp2BYX1VwX',#6,'Pset_QuantityTakeOff',$,(#2352));
#7862=IFCPROPERTYSINGLEVALUE('Reference',$,IFCLABEL('200x300'),$);
#7863=IFCPROPERTYSET('2o$F7nOaugEqnIU0eedh8k',#6,'Pset_ReinforcementBarPitchOfColumn',$,(#7862));
#7864=IFCRELDEFINESBYPROPERTIES('1X0dvXSE6nyDp3w9GFWUZq',#6,$,$,(#7859),#7860);
#7865=IFCRELDEFINESBYPROPERTIES('2EdCX1_fJv_r36hhiRAC6M',#6,$,$,(#7859),#7861);
#7866=IFCRELDEFINESBYPROPERTIES('3m1H89ASYa4eRJKV3saSmN',#6,$,$,(#7859),#7863);
#7867=IFCMAPPEDITEM(#7808,#1706);
#7868=IFCSHAPEREPRESENTATION(#15,'Body','MappedRepresentation',(#7867));
#7869=IFCPRODUCTDEFINITIONSHAPE($,$,(#7868));
#7870=IFCCARTESIANPOINT((29768.785745378886,4961.3613297595566,-7500.));
#7871=IFCAXIS2PLACEMENT3D(#7870,$,$);
#7872=IFCLOCALPLACEMENT(#32,#7871);
#7873=IFCCOLUMN('0LIBF5WAf0aut2ABf1cYAu',#6,'Column_Timber:200x300:352253',$,$,#7872,#7869,'352253');
#7874=IFCPROPERTYSET('3szLP4PRFgHBZiM_MtrH4A',#6,'Pset_ColumnCommon',$,(#82,#83,#2352));
#7875=IFCPROPERTYSET('3iynzhjnEO1AacAF$qGLr9',#6,'Pset_QuantityTakeOff',$,(#2352));
#7876=IFCPROPERTYSINGLEVALUE('Reference',$,IFCLABEL('200x300'),$);
#7877=IFCPROPERTYSET('1ssybQayMyms4MGrUxPRoS',#6,'Pset_ReinforcementBarPitchOfColumn',$,(#7876));
#7878=IFCRELDEFINESBYPROPERTIES('3ZnhL9P8PDK2oIhfiSpWlK',#6,$,$,(#7873),#7874);
#7879=IFCRELDEFINESBYPROPERTIES('2c9kHbk_$CbXumi2vYGKlx',#6,$,$,(#7873),#7875);
#7880=IFCRELDEFINESBYPROPERTIES('0wpbkSXMDfKYEHyRqo2jwJ',#6,$,$,(#7873),#7877);
#7881=IFCMAPPEDITEM(#7808,#1706);
#7882=IFCSHAPEREPRESENTATION(#15,'Body','MappedRepresentation',(#7881));
#7883=IFCPRODUCTDEFINITIONSHAPE($,$,(#7882));
#7884=IFCCARTESIANPOINT((20803.78574537886,-1438.6386702402317,-7500.));
#7885=IFCAXIS2PLACEMENT3D(#7884,$,$);
#7886=IFCLOCALPLACEMENT(#32,#7885);
#7887=IFCCOLUMN('0LIBF5WAf0aut2ABf1cXr5',#6,'Column_Timber:200x300:352256',$,$,#7886,#7883,'352256');
#7888=IFCPROPERTYSET('0wvtiiKOPJtBEq1i_Mseq_',#6,'Pset_ColumnCommon',$,(#82,#83,#2352));
#7889=IFCPROPERTYSET('16FbnZyOzke02ssNohce2A',#6,'Pset_QuantityTakeOff',$,(#2352));
#7890=IFCPROPERTYSINGLEVALUE('Reference',$,IFCLABEL('200x300'),$);
#7891=IFCPROPERTYSET('0EDHhsKtV9ILemZ1iQZjE9',#6,'Pset_ReinforcementBarPitchOfColumn',$,(#7890));
#7892=IFCRELDEFINESBYPROPERTIES('2$YomGZIEXV9PC7U$UqGc6',#6,$,$,(#7887),#7888);
#7893=IFCRELDEFINESBYPROPERTIES('2womowvieK5kOI4Vv3W2hG',#6,$,$,(#7887),#7889);
#7894=IFCRELDEFINESBYPROPERTIES('3WTNH4OvPzlKLWgBeH6I9o',#6,$,$,(#7887),#7891);
#7895=IFCMAPPEDITEM(#7808,#1706);
#7896=IFCSHAPEREPRESENTATION(#15,'Body','MappedRepresentation',(#7895));
#7897=IFCPRODUCTDEFINITIONSHAPE($,$,(#7896));
#7898=IFCCARTESIANPOINT((20803.785745378864,1761.3613297597685,-7500.));
#7899=IFCAXIS2PLACEMENT3D(#7898,$,$);
#7900=IFCLOCALPLACEMENT(#32,#7899);
#7901=IFCCOLUMN('0LIBF5WAf0aut2ABf1cXr4',#6,'Column_Timber:200x300:352257',$,$,#7900,#7897,'352257');
#7902=IFCPROPERTYSET('1lD98BdI00u0ztrNawd$lX',#6,'Pset_ColumnCommon',$,(#82,#83,#2352));
#7903=IFCPROPERTYSET('0scR$ejkEIg4e2y_dSurwx',#6,'Pset_QuantityTakeOff',$,(#2352));
#7904=IFCPROPERTYSINGLEVALUE('Reference',$,IFCLABEL('200x300'),$);
#7905=IFCPROPERTYSET('2c2dm_78szyLghuXdMMY1P',#6,'Pset_ReinforcementBarPitchOfColumn',$,(#7904));
#7906=IFCRELDEFINESBYPROPERTIES('1S3klhg8fKt5bJBuXEX31d',#6,$,$,(#7901),#7902);
#7907=IFCRELDEFINESBYPROPERTIES('28s6rjfNViJWp47r0ULMm3',#6,$,$,(#7901),#7903);
#7908=IFCRELDEFINESBYPROPERTIES('0m64PYZ0JNftL0pH1VSHzE',#6,$,$,(#7901),#7905);
#7909=IFCMAPPEDITEM(#7808,#1706);
#7910=IFCSHAPEREPRESENTATION(#15,'Body','MappedRepresentation',(#7909));
#7911=IFCPRODUCTDEFINITIONSHAPE($,$,(#7910));
#7912=IFCCARTESIANPOINT((20803.785745378867,4961.3613297597685,-7500.));
#7913=IFCAXIS2PLACEMENT3D(#7912,$,$);
#7914=IFCLOCALPLACEMENT(#32,#7913);
#7915=IFCCOLUMN('0LIBF5WAf0aut2ABf1cXr7',#6,'Column_Timber:200x300:352258',$,$,#7914,#7911,'352258');
#7916=IFCPROPERTYSET('1UKIZWSckkv$BSfwB8s2me',#6,'Pset_ColumnCommon',$,(#82,#83,#2352));
#7917=IFCPROPERTYSET('1EFEIH536vxlNcdx0wA2vV',#6,'Pset_QuantityTakeOff',$,(#2352));
#7918=IFCPROPERTYSINGLEVALUE('Reference',$,IFCLABEL('200x300'),$);
#7919=IFCPROPERTYSET('33QII50g4py0Ts_5nXqSp6',#6,'Pset_ReinforcementBarPitchOfColumn',$,(#7918));
#7920=IFCRELDEFINESBYPROPERTIES('2ZZTXlQj$apt7EFMoze_zw',#6,$,$,(#7915),#7916);
#7921=IFCRELDEFINESBYPROPERTIES('1K80H_7T6GsLaZydHOhfTi',#6,$,$,(#7915),#7917);
#7922=IFCRELDEFINESBYPROPERTIES('3$JMP5NUUcDoeCewzjeavv',#6,$,$,(#7915),#7919);
#7923=IFCMAPPEDITEM(#7581,#1706);
#7924=IFCSHAPEREPRESENTATION(#15,'Body','MappedRepresentation',(#7923));
#7925=IFCPRODUCTDEFINITIONSHAPE($,$,(#7924));
#7926=IFCCARTESIANPOINT((-2021.21425462108,-22938.638670240198,-7500.));
#7927=IFCAXIS2PLACEMENT3D(#7926,$,$);
#7928=IFCLOCALPLACEMENT(#32,#7927);
#7929=IFCCOLUMN('0LIBF5WAf0aut2ABf1cXr1',#6,'Column_Timber:200x200:352260',$,$,#7928,#7925,'352260');
#7930=IFCPROPERTYSET('0RnPnALcihByHXhQDxaloL',#6,'Pset_ColumnCommon',$,(#82,#83,#2406));
#7931=IFCPROPERTYSET('1H3fj6D1LjnIWW_5a1cebM',#6,'Pset_QuantityTakeOff',$,(#2406));
#7932=IFCPROPERTYSINGLEVALUE('Reference',$,IFCLABEL('200x200'),$);
#7933=IFCPROPERTYSET('1of2yexfBdRfVIIz5_hqvK',#6,'Pset_ReinforcementBarPitchOfColumn',$,(#7932));
#7934=IFCRELDEFINESBYPROPERTIES('0Ihng0dSrOAT1yYFx8qh2O',#6,$,$,(#7929),#7930);
#7935=IFCRELDEFINESBYPROPERTIES('2$nbJiKOAPxMdtTL9Cf$aQ',#6,$,$,(#7929),#7931);
#7936=IFCRELDEFINESBYPROPERTIES('2RcpcanAXutu89amAyp9Kj',#6,$,$,(#7929),#7933);
#7937=IFCMAPPEDITEM(#7808,#1706);
#7938=IFCSHAPEREPRESENTATION(#15,'Body','MappedRepresentation',(#7937));
#7939=IFCPRODUCTDEFINITIONSHAPE($,$,(#7938));
#7940=IFCCARTESIANPOINT((20803.785745378886,-14238.638670240211,-7500.));
#7941=IFCAXIS2PLACEMENT3D(#7940,$,$);
#7942=IFCLOCALPLACEMENT(#32,#7941);
#7943=IFCCOLUMN('0LIBF5WAf0aut2ABf1cXr3',#6,'Column_Timber:200x300:352262',$,$,#7942,#7939,'352262');
#7944=IFCPROPERTYSET('3oAsfzVx7OBdZ35piZWhfc',#6,'Pset_ColumnCommon',$,(#82,#83,#2352));
#7945=IFCPROPERTYSET('06yqC9bAP0MSVTwr$5fdGH',#6,'Pset_QuantityTakeOff',$,(#2352));
#7946=IFCPROPERTYSINGLEVALUE('Reference',$,IFCLABEL('200x300'),$);
#7947=IFCPROPERTYSET('1e19Nr4DAhFlrKuimXT8DG',#6,'Pset_ReinforcementBarPitchOfColumn',$,(#7946));
#7948=IFCRELDEFINESBYPROPERTIES('1lGWHzWLd46RL2g1_NkRXi',#6,$,$,(#7943),#7944);
#7949=IFCRELDEFINESBYPROPERTIES('3pbJ8JckY8_6KJSbxZ0Xcw',#6,$,$,(#7943),#7945);
#7950=IFCRELDEFINESBYPROPERTIES('07xyIExicDueeVC54fbPWu',#6,$,$,(#7943),#7947);
#7951=IFCMAPPEDITEM(#7808,#1706);
#7952=IFCSHAPEREPRESENTATION(#15,'Body','MappedRepresentation',(#7951));
#7953=IFCPRODUCTDEFINITIONSHAPE($,$,(#7952));
#7954=IFCCARTESIANPOINT((29768.785745378867,-4638.6386702404425,-7500.));
#7955=IFCAXIS2PLACEMENT3D(#7954,$,$);
#7956=IFCLOCALPLACEMENT(#32,#7955);
#7957=IFCCOLUMN('0LIBF5WAf0aut2ABf1cXr2',#6,'Column_Timber:200x300:352263',$,$,#7956,#7953,'352263');
#7958=IFCPROPERTYSET('1owTXMx7FVbWDJWIUSiBne',#6,'Pset_ColumnCommon',$,(#82,#83,#2352));
#7959=IFCPROPERTYSET('16pNRWXJgGEsNOmbZoKyv6',#6,'Pset_QuantityTakeOff',$,(#2352));
#7960=IFCPROPERTYSINGLEVALUE('Reference',$,IFCLABEL('200x300'),$);
#7961=IFCPROPERTYSET('00LZCH53bGcIYhjZitx3W3',#6,'Pset_ReinforcementBarPitchOfColumn',$,(#7960));
#7962=IFCRELDEFINESBYPROPERTIES('3AnJlnLdG5lCUGwSVsssvz',#6,$,$,(#7957),#7958);
#7963=IFCRELDEFINESBYPROPERTIES('1gQv5KH7xoJdqVn5_X$rji',#6,$,$,(#7957),#7959);
#7964=IFCRELDEFINESBYPROPERTIES('0sNnaNp17iU7fxhkphQLKR',#6,$,$,(#7957),#7961);
#7965=IFCMAPPEDITEM(#7808,#1706);
#7966=IFCSHAPEREPRESENTATION(#15,'Body','MappedRepresentation',(#7965));
#7967=IFCPRODUCTDEFINITIONSHAPE($,$,(#7966));
#7968=IFCCARTESIANPOINT((29768.785745378864,-7838.6386702404425,-7500.));
#7969=IFCAXIS2PLACEMENT3D(#7968,$,$);
#7970=IFCLOCALPLACEMENT(#32,#7969);
#7971=IFCCOLUMN('0LIBF5WAf0aut2ABf1cXrD',#6,'Column_Timber:200x300:352264',$,$,#7970,#7967,'352264');
#7972=IFCPROPERTYSET('3Gj7E9k3CRniSWg7gxuW7V',#6,'Pset_ColumnCommon',$,(#82,#83,#2352));
#7973=IFCPROPERTYSET('2WGcRVhPtizvH9JHopJ4u$',#6,'Pset_QuantityTakeOff',$,(#2352));
#7974=IFCPROPERTYSINGLEVALUE('Reference',$,IFCLABEL('200x300'),$);
#7975=IFCPROPERTYSET('2AcZZfc5c$IPz1Ccn7q2vC',#6,'Pset_ReinforcementBarPitchOfColumn',$,(#7974));
#7976=IFCRELDEFINESBYPROPERTIES('2s46BlIW$CDSA_9WltKRWF',#6,$,$,(#7971),#7972);
#7977=IFCRELDEFINESBYPROPERTIES('1gA4DDppySqhXGBG5htOKk',#6,$,$,(#7971),#7973);
#7978=IFCRELDEFINESBYPROPERTIES('0gH7YBDslCY_nDJCJepQ7X',#6,$,$,(#7971),#7975);
#7979=IFCMAPPEDITEM(#7808,#1706);
#7980=IFCSHAPEREPRESENTATION(#15,'Body','MappedRepresentation',(#7979));
#7981=IFCPRODUCTDEFINITIONSHAPE($,$,(#7980));
#7982=IFCCARTESIANPOINT((29768.78574537886,-11038.638670240443,-7500.));
#7983=IFCAXIS2PLACEMENT3D(#7982,$,$);
#7984=IFCLOCALPLACEMENT(#32,#7983);
#7985=IFCCOLUMN('0LIBF5WAf0aut2ABf1cXrC',#6,'Column_Timber:200x300:352265',$,$,#7984,#7981,'352265');
#7986=IFCPROPERTYSET('3Fi5j7T1l8Jlmk5ELRd0NS',#6,'Pset_ColumnCommon',$,(#82,#83,#2352));
#7987=IFCPROPERTYSET('0PtapEWwWEFpenSqXf9Dcg',#6,'Pset_QuantityTakeOff',$,(#2352));
#7988=IFCPROPERTYSINGLEVALUE('Reference',$,IFCLABEL('200x300'),$);
#7989=IFCPROPERTYSET('11If81nxXZ5jc4$nVG0A1N',#6,'Pset_ReinforcementBarPitchOfColumn',$,(#7988));
#7990=IFCRELDEFINESBYPROPERTIES('1Yc2YAdklYxq6Cg7LSNJDz',#6,$,$,(#7985),#7986);
#7991=IFCRELDEFINESBYPROPERTIES('2hL8$f4jjSZX6Ga_C8$nOr',#6,$,$,(#7985),#7987);
#7992=IFCRELDEFINESBYPROPERTIES('2SU9ECRmfqHElKNSryeRkj',#6,$,$,(#7985),#7989);
#7993=IFCMAPPEDITEM(#7808,#1706);
#7994=IFCSHAPEREPRESENTATION(#15,'Body','MappedRepresentation',(#7993));
#7995=IFCPRODUCTDEFINITIONSHAPE($,$,(#7994));
#7996=IFCCARTESIANPOINT((29768.785745378857,-14238.638670240443,-7500.));
#7997=IFCAXIS2PLACEMENT3D(#7996,$,$);
#7998=IFCLOCALPLACEMENT(#32,#7997);
#7999=IFCCOLUMN('0LIBF5WAf0aut2ABf1cXrF',#6,'Column_Timber:200x300:352266',$,$,#7998,#7995,'352266');
#8000=IFCPROPERTYSET('3C0ME2PIgV1Du_6iYTxCz_',#6,'Pset_ColumnCommon',$,(#82,#83,#2352));
#8001=IFCPROPERTYSET('3pFt_NLIoN6sfJEWuEHAaJ',#6,'Pset_QuantityTakeOff',$,(#2352));
#8002=IFCPROPERTYSINGLEVALUE('Reference',$,IFCLABEL('200x300'),$);
#8003=IFCPROPERTYSET('127MB227KZEGOeISjlC8e8',#6,'Pset_ReinforcementBarPitchOfColumn',$,(#8002));
#8004=IFCRELDEFINESBYPROPERTIES('02h4BfGKNzDJTnOeVhdg1U',#6,$,$,(#7999),#8000);
#8005=IFCRELDEFINESBYPROPERTIES('3le3iW6LHzkLgoUZev2YTB',#6,$,$,(#7999),#8001);
#8006=IFCRELDEFINESBYPROPERTIES('35hpcYXzJKTul__xEL1RQF',#6,$,$,(#7999),#8003);
#8007=IFCAXIS2PLACEMENT3D(#10,$,$);
#8008=IFCLOCALPLACEMENT(#32,#8007);
#8009=IFCCARTESIANPOINT((-16557.5,-6300.));
#8010=IFCCARTESIANPOINT((17472.500000000007,-6300.));
#8011=IFCCARTESIANPOINT((17472.500000000007,3300.));
#8012=IFCCARTESIANPOINT((1342.5000000000023,3300.));
#8013=IFCCARTESIANPOINT((1342.5000000000023,-300.));
#8014=IFCCARTESIANPOINT((-2257.5000000000064,-300.));
#8015=IFCCARTESIANPOINT((-2257.500000000015,3300.));
#8016=IFCCARTESIANPOINT((-16557.5,3300.));
#8017=IFCPOLYLINE((#8009,#8010,#8011,#8012,#8013,#8014,#8015,#8016,#8009));
#8018=IFCARBITRARYCLOSEDPROFILEDEF(.AREA.,$,#8017);
#8019=IFCCARTESIANPOINT((26678.785745378926,2318.8613297595252,0.));
#8020=IFCAXIS2PLACEMENT3D(#8019,#52,#53);
#8021=IFCEXTRUDEDAREASOLID(#8018,#8020,#55,160.00000000000045);
#8022=IFCCARTESIANPOINT((0.,0.));
#8023=IFCAXIS2PLACEMENT2D(#8022,#48);
#8024=IFCRECTANGLEPROFILEDEF(.AREA.,$,#8023,10725.000000000002,2511.9999999999832);
#8025=IFCCARTESIANPOINT((22253.785745378987,1798.8613297596685,-160.));
#8026=IFCAXIS2PLACEMENT3D(#8025,#55,#53);
#8027=IFCEXTRUDEDAREASOLID(#8024,#8026,#55,160.00000000000045);
#8028=IFCBOOLEANRESULT(.DIFFERENCE.,#8021,#8027);
#8029=IFCCOLOURRGB($,0.87450980392156863,0.75294117647058822,0.52549019607843139);
#8030=IFCSURFACESTYLERENDERING(#8029,0.,$,$,$,$,IFCNORMALISEDRATIOMEASURE(0.5),IFCSPECULAREXPONENT(128.),.NOTDEFINED.);
#8031=IFCSURFACESTYLE('Softwood, Lumber',.BOTH.,(#8030));
#8032=IFCPRESENTATIONSTYLEASSIGNMENT((#8031));
#8033=IFCSTYLEDITEM(#8021,(#8032),$);
#8034=IFCSHAPEREPRESENTATION(#15,'Body','CSG',(#8028));
#8035=IFCPRODUCTDEFINITIONSHAPE($,$,(#8034));
#8036=IFCSLAB('0LIBF5WAf0aut2ABf1cXrS',#6,'Floor:Timber 160mm:352281',$,$,#8008,#8035,'352281',.FLOOR.);
#8037=IFCCARTESIANPOINT((22253.785745378987,1798.8613297596683));
#8038=IFCDIRECTION((0.,-1.));
#8039=IFCAXIS2PLACEMENT2D(#8037,#8038);
#8040=IFCRECTANGLEPROFILEDEF(.AREA.,$,#8039,10725.000000000002,2511.9999999999854);
#8041=IFCAXIS2PLACEMENT3D(#10,$,$);
#8042=IFCEXTRUDEDAREASOLID(#8040,#8041,#52,160.00000000000045);
#8043=IFCSHAPEREPRESENTATION(#15,'Body','SweptSolid',(#8042));
#8044=IFCPRODUCTDEFINITIONSHAPE($,$,(#8043));
#8045=IFCAXIS2PLACEMENT3D(#10,$,$);
#8046=IFCLOCALPLACEMENT(#8008,#8045);
#8047=IFCOPENINGELEMENT('1ycNmy1gOilp27vdTqICTT',#6,'Floor:Timber 160mm:393605',$,'Opening',#8046,#8044,'356250');
#8048=IFCRELVOIDSELEMENT('3GePvY7P1zfJ$oX2dEci4K',#6,$,$,#8036,#8047);
#8049=IFCSLABTYPE('0K6Di_2nv7vRgOPoSeJcnr',#6,'Floor:Timber 160mm',$,$,(#8071),$,'393605',$,.FLOOR.);
#8050=IFCMATERIAL('Softwood, Lumber');
#8051=IFCPRESENTATIONSTYLEASSIGNMENT((#8031));
#8052=IFCSTYLEDITEM($,(#8051),$);
#8053=IFCSTYLEDREPRESENTATION(#13,'Style','Material',(#8052));
#8054=IFCMATERIALDEFINITIONREPRESENTATION($,$,(#8053),#8050);
#8055=IFCMATERIALLAYER(#8050,160.,$);
#8056=IFCMATERIALLAYERSET((#8055),'Floor:Timber 160mm');
#8057=IFCMATERIALLAYERSETUSAGE(#8056,.AXIS3.,.POSITIVE.,0.);
#8058=IFCPROPERTYSINGLEVALUE('Reference',$,IFCIDENTIFIER('Timber 160mm'),$);
#8059=IFCPROPERTYSET('0yVTzkrkKL7LvMxkPH91to',#6,'Pset_QuantityTakeOff',$,(#8058));
#8060=IFCPROPERTYSINGLEVALUE('Reference',$,IFCLABEL('Timber 160mm'),$);
#8061=IFCPROPERTYSET('3AP_lqreBXSOYw7S9sLd0H',#6,'Pset_ReinforcementBarPitchOfSlab',$,(#8060));
#8062=IFCPROPERTYSET('1Vq_53_c54bPKEvG5It8xA',#6,'Pset_SlabCommon',$,(#82,#84,#4407,#8058));
#8063=IFCPROPERTYSET('0iSt01wQIVp$xf8JAb6Ygf',#6,'Pset_OpeningElementCommon',$,(#8058));
#8064=IFCPROPERTYSET('0TR31ISAbWIUXfxU9edHqO',#6,'Pset_QuantityTakeOff',$,(#8058));
#8065=IFCRELDEFINESBYPROPERTIES('0DG2T5RUmFjohyATW$Z6a6',#6,$,$,(#8036),#8059);
#8066=IFCRELDEFINESBYPROPERTIES('0ALSMv9FB7s2hgEv36rjAG',#6,$,$,(#8036),#8061);
#8067=IFCRELDEFINESBYPROPERTIES('0jcYCwFLu8hspPyv0rAzHD',#6,$,$,(#8036),#8062);
#8068=IFCRELDEFINESBYPROPERTIES('3A1VoIEwGu$f8VsqFMdChE',#6,$,$,(#8047),#8063);
#8069=IFCRELDEFINESBYPROPERTIES('0N2CF_Qw0Odeirso4TwoeX',#6,$,$,(#8047),#8064);
#8070=IFCPROPERTYSINGLEVALUE('ThermalTransmittance',$,IFCTHERMALTRANSMITTANCEMEASURE(0.75),$);
#8071=IFCPROPERTYSET('2oPnP6zwBV1_0u75rgMJmb',#6,'Pset_SlabCommon',$,(#8070));
#8072=IFCCARTESIANPOINT((29563.785745378849,4986.3613297595512,0.));
#8073=IFCAXIS2PLACEMENT3D(#8072,#55,#1689);
#8074=IFCLOCALPLACEMENT(#40,#8073);
#8075=IFCCARTESIANPOINT((0.,0.));
#8076=IFCAXIS2PLACEMENT2D(#8075,#48);
#8077=IFCRECTANGLEPROFILEDEF(.AREA.,'Beam 200x800',#8076,800.,200.);
#8078=IFCCARTESIANPOINT((-5.,25.,-400.));
#8079=IFCAXIS2PLACEMENT3D(#8078,#3130,#52);
#8080=IFCEXTRUDEDAREASOLID(#8077,#8079,#55,8665.0000000000327);
#8081=IFCSTYLEDITEM(#8080,(#7577),$);
#8082=IFCSHAPEREPRESENTATION(#15,'Body','SweptSolid',(#8080));
#8083=IFCCARTESIANPOINT((8660.,0.));
#8084=IFCPOLYLINE((#3139,#8083));
#8085=IFCSHAPEREPRESENTATION(#14,'Axis','Curve2D',(#8084));
#8086=IFCPRODUCTDEFINITIONSHAPE($,$,(#8085,#8082));
#8087=IFCBEAM('0LIBF5WAf0aut2ABf1cXpK',#6,'Beam_Timber:Beam 200x800:352657',$,$,#8074,#8086,'352657');
#8088=IFCBEAMTYPE('1GgSMGs1bDKvotNlTC9L7_',#6,'Beam_Timber:Beam 200x800',$,$,(#8096),$,'382709',$,.BEAM.);
#8089=IFCPROPERTYSET('13IgjFE23OgyBLDKqG1Tzs',#6,'Pset_BeamCommon',$,(#82,#83,#3153,#3179,#5890));
#8090=IFCPROPERTYSET('25wCRmru8WYPeJrZIpuI_i',#6,'Pset_QuantityTakeOff',$,(#3179));
#8091=IFCPROPERTYSINGLEVALUE('Reference',$,IFCLABEL('Beam 200x800'),$);
#8092=IFCPROPERTYSET('2qVRezKSuTf2kCh$lVxdik',#6,'Pset_ReinforcementBarPitchOfBeam',$,(#8091));
#8093=IFCRELDEFINESBYPROPERTIES('0h43iDulXqK$lTT5YNpwaF',#6,$,$,(#8087),#8089);
#8094=IFCRELDEFINESBYPROPERTIES('2jvAecWZzi3W7gZmW37f3G',#6,$,$,(#8087),#8090);
#8095=IFCRELDEFINESBYPROPERTIES('0kO6pfw9jadj8_5DhA7AE5',#6,$,$,(#8087),#8092);
#8096=IFCPROPERTYSET('1D1Pvo3eHKurRjLQg7ROqp',#6,'Pset_BeamCommon',$,(#83));
#8097=IFCCARTESIANPOINT((26503.785745378846,1786.3613297595612,0.));
#8098=IFCAXIS2PLACEMENT3D(#8097,#55,#1689);
#8099=IFCLOCALPLACEMENT(#40,#8098);
#8100=IFCCARTESIANPOINT((0.,0.));
#8101=IFCAXIS2PLACEMENT2D(#8100,#48);
#8102=IFCRECTANGLEPROFILEDEF(.AREA.,'Beam 200x800',#8101,800.,200.);
#8103=IFCCARTESIANPOINT((125.,25.,-400.));
#8104=IFCAXIS2PLACEMENT3D(#8103,#3130,#52);
#8105=IFCEXTRUDEDAREASOLID(#8102,#8104,#55,5475.0000000001119);
#8106=IFCSTYLEDITEM(#8105,(#7577),$);
#8107=IFCSHAPEREPRESENTATION(#15,'Body','SweptSolid',(#8105));
#8108=IFCCARTESIANPOINT((5600.,0.));
#8109=IFCPOLYLINE((#3139,#8108));
#8110=IFCSHAPEREPRESENTATION(#14,'Axis','Curve2D',(#8109));
#8111=IFCPRODUCTDEFINITIONSHAPE($,$,(#8110,#8107));
#8112=IFCBEAM('0LIBF5WAf0aut2ABf1cXpN',#6,'Beam_Timber:Beam 200x800:352658',$,$,#8099,#8111,'352658');
#8113=IFCPROPERTYSINGLEVALUE('Span',$,IFCPOSITIVELENGTHMEASURE(5600.),$);
#8114=IFCPROPERTYSET('0aV5WGh0eFy77v0LjUDOq7',#6,'Pset_BeamCommon',$,(#82,#83,#3153,#3179,#8113));
#8115=IFCPROPERTYSET('1hfK86ZTrjINlmmUEix81k',#6,'Pset_QuantityTakeOff',$,(#3179));
#8116=IFCPROPERTYSINGLEVALUE('Reference',$,IFCLABEL('Beam 200x800'),$);
#8117=IFCPROPERTYSET('0lsFEfETL2yaTUeE_pgG6B',#6,'Pset_ReinforcementBarPitchOfBeam',$,(#8116));
#8118=IFCRELDEFINESBYPROPERTIES('0UxUSZ1uBzgjBviGYBTWHO',#6,$,$,(#8112),#8114);
#8119=IFCRELDEFINESBYPROPERTIES('1B91KkCHM6_bKX_Zxdbnzp',#6,$,$,(#8112),#8115);
#8120=IFCRELDEFINESBYPROPERTIES('1SetOgFqjDEYvLrnGUnuIQ',#6,$,$,(#8112),#8117);
#8121=IFCCARTESIANPOINT((29563.785745378842,-1413.6386702404513,0.));
#8122=IFCAXIS2PLACEMENT3D(#8121,#55,#1689);
#8123=IFCLOCALPLACEMENT(#40,#8122);
#8124=IFCCARTESIANPOINT((0.,-1.4210854715202004E-013));
#8125=IFCAXIS2PLACEMENT2D(#8124,#48);
#8126=IFCRECTANGLEPROFILEDEF(.AREA.,'Beam 200x800',#8125,800.,200.00000000000028);
#8127=IFCCARTESIANPOINT((-5.,25.,-400.));
#8128=IFCAXIS2PLACEMENT3D(#8127,#3130,#52);
#8129=IFCEXTRUDEDAREASOLID(#8126,#8128,#55,8665.0000000000327);
#8130=IFCSTYLEDITEM(#8129,(#7577),$);
#8131=IFCSHAPEREPRESENTATION(#15,'Body','SweptSolid',(#8129));
#8132=IFCCARTESIANPOINT((8660.,0.));
#8133=IFCPOLYLINE((#3139,#8132));
#8134=IFCSHAPEREPRESENTATION(#14,'Axis','Curve2D',(#8133));
#8135=IFCPRODUCTDEFINITIONSHAPE($,$,(#8134,#8131));
#8136=IFCBEAM('0LIBF5WAf0aut2ABf1cXpM',#6,'Beam_Timber:Beam 200x800:352659',$,$,#8123,#8135,'352659');
#8137=IFCPROPERTYSET('3$JLXLQc0Tj9wU8wibpKnx',#6,'Pset_BeamCommon',$,(#82,#83,#3153,#3179,#5890));
#8138=IFCPROPERTYSET('2$kK6YgEQu87nlfxBrYjXn',#6,'Pset_QuantityTakeOff',$,(#3179));
#8139=IFCPROPERTYSINGLEVALUE('Reference',$,IFCLABEL('Beam 200x800'),$);
#8140=IFCPROPERTYSET('0c70gJNHK_67PH6NxUr7xz',#6,'Pset_ReinforcementBarPitchOfBeam',$,(#8139));
#8141=IFCRELDEFINESBYPROPERTIES('2pJP5VQQblGPaB1pKgRXxN',#6,$,$,(#8136),#8137);
#8142=IFCRELDEFINESBYPROPERTIES('1ZbWIxL$R68G6Isy66A6iH',#6,$,$,(#8136),#8138);
#8143=IFCRELDEFINESBYPROPERTIES('1TaWgni36Cd5602PSu4e0L',#6,$,$,(#8136),#8140);
#8144=IFCCARTESIANPOINT((29563.785745378838,-4613.6386702404516,0.));
#8145=IFCAXIS2PLACEMENT3D(#8144,#55,#1689);
#8146=IFCLOCALPLACEMENT(#40,#8145);
#8147=IFCCARTESIANPOINT((0.,5.4711790653527714E-013));
#8148=IFCAXIS2PLACEMENT2D(#8147,#48);
#8149=IFCRECTANGLEPROFILEDEF(.AREA.,'Beam 200x800',#8148,800.,200.);
#8150=IFCCARTESIANPOINT((-5.,25.,-400.));
#8151=IFCAXIS2PLACEMENT3D(#8150,#3130,#52);
#8152=IFCEXTRUDEDAREASOLID(#8149,#8151,#55,8665.0000000000309);
#8153=IFCSTYLEDITEM(#8152,(#7577),$);
#8154=IFCSHAPEREPRESENTATION(#15,'Body','SweptSolid',(#8152));
#8155=IFCCARTESIANPOINT((8660.,0.));
#8156=IFCPOLYLINE((#3139,#8155));
#8157=IFCSHAPEREPRESENTATION(#14,'Axis','Curve2D',(#8156));
#8158=IFCPRODUCTDEFINITIONSHAPE($,$,(#8157,#8154));
#8159=IFCBEAM('0LIBF5WAf0aut2ABf1cXpH',#6,'Beam_Timber:Beam 200x800:352660',$,$,#8146,#8158,'352660');
#8160=IFCPROPERTYSET('3VvBijGlBvFDbEVZ7kdALh',#6,'Pset_BeamCommon',$,(#82,#83,#3153,#3179,#5890));
#8161=IFCPROPERTYSET('3sodNiJUsvEZe_j1fjzy2C',#6,'Pset_QuantityTakeOff',$,(#3179));
#8162=IFCPROPERTYSINGLEVALUE('Reference',$,IFCLABEL('Beam 200x800'),$);
#8163=IFCPROPERTYSET('2V67oTr_xUXLEpkrYVwYCN',#6,'Pset_ReinforcementBarPitchOfBeam',$,(#8162));
#8164=IFCRELDEFINESBYPROPERTIES('2SwTY8qz7BFSlDYMghiB2r',#6,$,$,(#8159),#8160);
#8165=IFCRELDEFINESBYPROPERTIES('1CRRo83yphzKrnIeq2XKX_',#6,$,$,(#8159),#8161);
#8166=IFCRELDEFINESBYPROPERTIES('1MQ5TmXil6KlouiwabAB70',#6,$,$,(#8159),#8163);
#8167=IFCCARTESIANPOINT((29563.785745378835,-7813.6386702404516,0.));
#8168=IFCAXIS2PLACEMENT3D(#8167,#55,#1689);
#8169=IFCLOCALPLACEMENT(#40,#8168);
#8170=IFCCARTESIANPOINT((0.,-1.0871303857129533E-012));
#8171=IFCAXIS2PLACEMENT2D(#8170,#48);
#8172=IFCRECTANGLEPROFILEDEF(.AREA.,'Beam 200x800',#8171,800.,200.);
#8173=IFCCARTESIANPOINT((-5.,25.,-400.));
#8174=IFCAXIS2PLACEMENT3D(#8173,#3130,#52);
#8175=IFCEXTRUDEDAREASOLID(#8172,#8174,#55,8665.0000000000327);
#8176=IFCSTYLEDITEM(#8175,(#7577),$);
#8177=IFCSHAPEREPRESENTATION(#15,'Body','SweptSolid',(#8175));
#8178=IFCCARTESIANPOINT((8660.,0.));
#8179=IFCPOLYLINE((#3139,#8178));
#8180=IFCSHAPEREPRESENTATION(#14,'Axis','Curve2D',(#8179));
#8181=IFCPRODUCTDEFINITIONSHAPE($,$,(#8180,#8177));
#8182=IFCBEAM('0LIBF5WAf0aut2ABf1cXpG',#6,'Beam_Timber:Beam 200x800:352661',$,$,#8169,#8181,'352661');
#8183=IFCPROPERTYSET('0kbuFKjPaeAG5iee4soynx',#6,'Pset_BeamCommon',$,(#82,#83,#3153,#3179,#5890));
#8184=IFCPROPERTYSET('0m4ke1w5B$wTvZ2$hmfQIz',#6,'Pset_QuantityTakeOff',$,(#3179));
#8185=IFCPROPERTYSINGLEVALUE('Reference',$,IFCLABEL('Beam 200x800'),$);
#8186=IFCPROPERTYSET('3ej4ONaW0CYtECpxP2nUHq',#6,'Pset_ReinforcementBarPitchOfBeam',$,(#8185));
#8187=IFCRELDEFINESBYPROPERTIES('1y1nReL_knRnilIasxxkHX',#6,$,$,(#8182),#8183);
#8188=IFCRELDEFINESBYPROPERTIES('2giDfwwl$Lq7jGVet4X$k$',#6,$,$,(#8182),#8184);
#8189=IFCRELDEFINESBYPROPERTIES('0kDeHT7B9_DCt2rOLdGu8F',#6,$,$,(#8182),#8186);
#8190=IFCCARTESIANPOINT((29563.785745378827,-11013.638670240452,0.));
#8191=IFCAXIS2PLACEMENT3D(#8190,#55,#1689);
#8192=IFCLOCALPLACEMENT(#40,#8191);
#8193=IFCCARTESIANPOINT((0.,-1.0871303857129533E-012));
#8194=IFCAXIS2PLACEMENT2D(#8193,#48);
#8195=IFCRECTANGLEPROFILEDEF(.AREA.,'Beam 200x800',#8194,800.,200.);
#8196=IFCCARTESIANPOINT((-5.,25.,-400.));
#8197=IFCAXIS2PLACEMENT3D(#8196,#3130,#52);
#8198=IFCEXTRUDEDAREASOLID(#8195,#8197,#55,8665.0000000000309);
#8199=IFCSTYLEDITEM(#8198,(#7577),$);
#8200=IFCSHAPEREPRESENTATION(#15,'Body','SweptSolid',(#8198));
#8201=IFCCARTESIANPOINT((8660.,0.));
#8202=IFCPOLYLINE((#3139,#8201));
#8203=IFCSHAPEREPRESENTATION(#14,'Axis','Curve2D',(#8202));
#8204=IFCPRODUCTDEFINITIONSHAPE($,$,(#8203,#8200));
#8205=IFCBEAM('0LIBF5WAf0aut2ABf1cXpJ',#6,'Beam_Timber:Beam 200x800:352662',$,$,#8192,#8204,'352662');
#8206=IFCPROPERTYSET('3hVr49fYecLkaWsxJAKdq_',#6,'Pset_BeamCommon',$,(#82,#83,#3153,#3179,#5890));
#8207=IFCPROPERTYSET('0lzXI45Yysr4_DlMz_Up32',#6,'Pset_QuantityTakeOff',$,(#3179));
#8208=IFCPROPERTYSINGLEVALUE('Reference',$,IFCLABEL('Beam 200x800'),$);
#8209=IFCPROPERTYSET('0jyhP_TZ4pQuZxGEro4EvK',#6,'Pset_ReinforcementBarPitchOfBeam',$,(#8208));
#8210=IFCRELDEFINESBYPROPERTIES('2D9O__XJXJwUDYvTcTaJdd',#6,$,$,(#8205),#8206);
#8211=IFCRELDEFINESBYPROPERTIES('29op9XAGSISst9fKl84yUR',#6,$,$,(#8205),#8207);
#8212=IFCRELDEFINESBYPROPERTIES('33r$EOXGuK5W3pMKkyFaBG',#6,$,$,(#8205),#8209);
#8213=IFCCARTESIANPOINT((29563.785745378824,-14213.638670240452,0.));
#8214=IFCAXIS2PLACEMENT3D(#8213,#55,#1689);
#8215=IFCLOCALPLACEMENT(#40,#8214);
#8216=IFCCARTESIANPOINT((0.,-1.0871303857129533E-012));
#8217=IFCAXIS2PLACEMENT2D(#8216,#48);
#8218=IFCRECTANGLEPROFILEDEF(.AREA.,'Beam 200x800',#8217,800.,200.);
#8219=IFCCARTESIANPOINT((-5.,25.,-400.));
#8220=IFCAXIS2PLACEMENT3D(#8219,#3130,#52);
#8221=IFCEXTRUDEDAREASOLID(#8218,#8220,#55,8665.0000000000327);
#8222=IFCSTYLEDITEM(#8221,(#7577),$);
#8223=IFCSHAPEREPRESENTATION(#15,'Body','SweptSolid',(#8221));
#8224=IFCCARTESIANPOINT((8660.,0.));
#8225=IFCPOLYLINE((#3139,#8224));
#8226=IFCSHAPEREPRESENTATION(#14,'Axis','Curve2D',(#8225));
#8227=IFCPRODUCTDEFINITIONSHAPE($,$,(#8226,#8223));
#8228=IFCBEAM('0LIBF5WAf0aut2ABf1cXpI',#6,'Beam_Timber:Beam 200x800:352663',$,$,#8215,#8227,'352663');
#8229=IFCPROPERTYSET('3tCW8G$Qad9PDDUEdrl1I1',#6,'Pset_BeamCommon',$,(#82,#83,#3153,#3179,#5890));
#8230=IFCPROPERTYSET('0wUkGqJKnbaFwHxZ3oX2Bx',#6,'Pset_QuantityTakeOff',$,(#3179));
#8231=IFCPROPERTYSINGLEVALUE('Reference',$,IFCLABEL('Beam 200x800'),$);
#8232=IFCPROPERTYSET('1DJLJhC4ck6vSuApzNM$Ns',#6,'Pset_ReinforcementBarPitchOfBeam',$,(#8231));
#8233=IFCRELDEFINESBYPROPERTIES('1tD8T_k9kwR5$sjEbIgPvQ',#6,$,$,(#8228),#8229);
#8234=IFCRELDEFINESBYPROPERTIES('2RYzkw0T0BsuXL7BRXKWUr',#6,$,$,(#8228),#8230);
#8235=IFCRELDEFINESBYPROPERTIES('3fpdntMZiI31oajqbjrMhz',#6,$,$,(#8228),#8232);
#8236=IFCMAPPEDITEM(#5485,#1706);
#8237=IFCSHAPEREPRESENTATION(#15,'Body','MappedRepresentation',(#8236));
#8238=IFCPRODUCTDEFINITIONSHAPE($,$,(#8237));
#8239=IFCCARTESIANPOINT((7578.7857453789284,-14238.638670240378,-4000.));
#8240=IFCAXIS2PLACEMENT3D(#8239,$,$);
#8241=IFCLOCALPLACEMENT(#28,#8240);
#8242=IFCCOLUMN('2l3F4AxOj5f8zsx98ExTLm',#6,'Column:200x240:352917',$,$,#8241,#8238,'352917');
#8243=IFCPROPERTYSET('14iUA$ytSq9MKK7V8277gi',#6,'Pset_ColumnCommon',$,(#82,#83,#5494));
#8244=IFCPROPERTYSET('31ifNobuWH1uXjlhHGhmdq',#6,'Pset_QuantityTakeOff',$,(#5494));
#8245=IFCPROPERTYSINGLEVALUE('Reference',$,IFCLABEL('200x240'),$);
#8246=IFCPROPERTYSET('0DyGLZIyqLbL9XhnVhhRZt',#6,'Pset_ReinforcementBarPitchOfColumn',$,(#8245));
#8247=IFCRELDEFINESBYPROPERTIES('24mwKlkXYdTvFJwruS8Vjq',#6,$,$,(#8242),#8243);
#8248=IFCRELDEFINESBYPROPERTIES('3VrL1VjnFvPxxNGkaxcRq4',#6,$,$,(#8242),#8244);
#8249=IFCRELDEFINESBYPROPERTIES('2C6uF1JkxU8QV5Qv8wAP0e',#6,$,$,(#8242),#8246);
#8250=IFCMAPPEDITEM(#5485,#1706);
#8251=IFCSHAPEREPRESENTATION(#15,'Body','MappedRepresentation',(#8250));
#8252=IFCPRODUCTDEFINITIONSHAPE($,$,(#8251));
#8253=IFCCARTESIANPOINT((7578.7857453789502,-1438.638670240374,-4000.));
#8254=IFCAXIS2PLACEMENT3D(#8253,$,$);
#8255=IFCLOCALPLACEMENT(#28,#8254);
#8256=IFCCOLUMN('2l3F4AxOj5f8zsx98ExTLp',#6,'Column:200x240:352918',$,$,#8255,#8252,'352918');
#8257=IFCPROPERTYSET('0AMs8JJ3CEQVV_KM98Ppcu',#6,'Pset_ColumnCommon',$,(#82,#83,#5494));
#8258=IFCPROPERTYSET('31AZ3p6DorMEf1U77yuQdx',#6,'Pset_QuantityTakeOff',$,(#5494));
#8259=IFCPROPERTYSINGLEVALUE('Reference',$,IFCLABEL('200x240'),$);
#8260=IFCPROPERTYSET('3bau8BuKCl3w9GMlpd8JSu',#6,'Pset_ReinforcementBarPitchOfColumn',$,(#8259));
#8261=IFCRELDEFINESBYPROPERTIES('2O2mWFnFQ1LUxwvI0cE4U_',#6,$,$,(#8256),#8257);
#8262=IFCRELDEFINESBYPROPERTIES('14DQGLV$oUKPqcu1IZdKUc',#6,$,$,(#8256),#8258);
#8263=IFCRELDEFINESBYPROPERTIES('2EAoRO_MTFe2OkOIc$hbS3',#6,$,$,(#8256),#8260);
#8264=IFCCARTESIANPOINT((7603.7857453790048,-1438.6386702403747,-740.));
#8265=IFCAXIS2PLACEMENT3D(#8264,#55,#3163);
#8266=IFCLOCALPLACEMENT(#36,#8265);
#8267=IFCCARTESIANPOINT((0.,5.4001247917767614E-013));
#8268=IFCAXIS2PLACEMENT2D(#8267,#48);
#8269=IFCRECTANGLEPROFILEDEF(.AREA.,'Beam 300x600',#8268,600.,300.);
#8270=IFCCARTESIANPOINT((0.,-25.,-300.));
#8271=IFCAXIS2PLACEMENT3D(#8270,#3130,#52);
#8272=IFCEXTRUDEDAREASOLID(#8269,#8271,#55,12900.);
#8273=IFCSHAPEREPRESENTATION(#15,'Body','SweptSolid',(#8272));
#8274=IFCCARTESIANPOINT((12900.,0.));
#8275=IFCPOLYLINE((#3139,#8274));
#8276=IFCSHAPEREPRESENTATION(#14,'Axis','Curve2D',(#8275));
#8277=IFCPRODUCTDEFINITIONSHAPE($,$,(#8276,#8273));
#8278=IFCBEAM('2l3F4AxOj5f8zsx98ExTLz',#6,'Beam:Beam 300x600:352920',$,$,#8266,#8277,'352920');
#8279=IFCPROPERTYSET('30A3CMFwq4t6BugLujIpwC',#6,'Pset_BeamCommon',$,(#82,#83,#3153,#7330,#7331));
#8280=IFCPROPERTYSET('3C42FUkkluyjEgUyM35ijJ',#6,'Pset_QuantityTakeOff',$,(#7330));
#8281=IFCPROPERTYSINGLEVALUE('Reference',$,IFCLABEL('Beam 300x600'),$);
#8282=IFCPROPERTYSET('1kEBkuUXHJbaHnzix93ZVl',#6,'Pset_ReinforcementBarPitchOfBeam',$,(#8281));
#8283=IFCRELDEFINESBYPROPERTIES('0$cIjUOMfAUR09iyCGwufO',#6,$,$,(#8278),#8279);
#8284=IFCRELDEFINESBYPROPERTIES('1yF_dpy4f2mGwJCd1u7Zxl',#6,$,$,(#8278),#8280);
#8285=IFCRELDEFINESBYPROPERTIES('38csd_0aHampBwQhG9qx$d',#6,$,$,(#8278),#8282);
#8286=IFCMAPPEDITEM(#5485,#1706);
#8287=IFCSHAPEREPRESENTATION(#15,'Body','MappedRepresentation',(#8286));
#8288=IFCPRODUCTDEFINITIONSHAPE($,$,(#8287));
#8289=IFCCARTESIANPOINT((4378.7857453789102,-14238.638670240367,-4000.));
#8290=IFCAXIS2PLACEMENT3D(#8289,$,$);
#8291=IFCLOCALPLACEMENT(#28,#8290);
#8292=IFCCOLUMN('2l3F4AxOj5f8zsx98ExTL6',#6,'Column:200x240:352931',$,$,#8291,#8288,'352931');
#8293=IFCPROPERTYSET('03CqYb7vtLe1cbO$4Oo1_$',#6,'Pset_ColumnCommon',$,(#82,#83,#5494));
#8294=IFCPROPERTYSET('2pwFz6aIv8V91MZ0U128Rz',#6,'Pset_QuantityTakeOff',$,(#5494));
#8295=IFCPROPERTYSINGLEVALUE('Reference',$,IFCLABEL('200x240'),$);
#8296=IFCPROPERTYSET('1NOVJbGpOQsD2SckwAyRgG',#6,'Pset_ReinforcementBarPitchOfColumn',$,(#8295));
#8297=IFCRELDEFINESBYPROPERTIES('1OqPtUxI7nwfVqtKncd0ud',#6,$,$,(#8292),#8293);
#8298=IFCRELDEFINESBYPROPERTIES('1YYg9PFxYGrvETSOf_6N7n',#6,$,$,(#8292),#8294);
#8299=IFCRELDEFINESBYPROPERTIES('01osTTWVc_EzquhQgg8eXQ',#6,$,$,(#8292),#8296);
#8300=IFCMAPPEDITEM(#5485,#1706);
#8301=IFCSHAPEREPRESENTATION(#15,'Body','MappedRepresentation',(#8300));
#8302=IFCPRODUCTDEFINITIONSHAPE($,$,(#8301));
#8303=IFCCARTESIANPOINT((4378.785745378932,-1438.6386702403634,-4000.));
#8304=IFCAXIS2PLACEMENT3D(#8303,$,$);
#8305=IFCLOCALPLACEMENT(#28,#8304);
#8306=IFCCOLUMN('2l3F4AxOj5f8zsx98ExTL1',#6,'Column:200x240:352932',$,$,#8305,#8302,'352932');
#8307=IFCPROPERTYSET('1a0JMIvTcR2Bnt_enqfyqo',#6,'Pset_ColumnCommon',$,(#82,#83,#5494));
#8308=IFCPROPERTYSET('1zFvcQugdiNuRVunlfhnIh',#6,'Pset_QuantityTakeOff',$,(#5494));
#8309=IFCPROPERTYSINGLEVALUE('Reference',$,IFCLABEL('200x240'),$);
#8310=IFCPROPERTYSET('08$ZmYR6FATnQepUdZc$wM',#6,'Pset_ReinforcementBarPitchOfColumn',$,(#8309));
#8311=IFCRELDEFINESBYPROPERTIES('3rFWZ$W9asdHzCv$ZKxHpQ',#6,$,$,(#8306),#8307);
#8312=IFCRELDEFINESBYPROPERTIES('2URxHFsTKfZzHI_eFfr8Gj',#6,$,$,(#8306),#8308);
#8313=IFCRELDEFINESBYPROPERTIES('0mSLUWT9NZzCSyy1MM073L',#6,$,$,(#8306),#8310);
#8314=IFCCARTESIANPOINT((4403.7857453789875,-1438.6386702403638,-740.));
#8315=IFCAXIS2PLACEMENT3D(#8314,#55,#3163);
#8316=IFCLOCALPLACEMENT(#36,#8315);
#8317=IFCCARTESIANPOINT((0.,5.4001247917767614E-013));
#8318=IFCAXIS2PLACEMENT2D(#8317,#48);
#8319=IFCRECTANGLEPROFILEDEF(.AREA.,'Beam 300x600',#8318,600.,300.);
#8320=IFCCARTESIANPOINT((0.,-25.,-300.));
#8321=IFCAXIS2PLACEMENT3D(#8320,#3130,#52);
#8322=IFCEXTRUDEDAREASOLID(#8319,#8321,#55,12900.);
#8323=IFCSHAPEREPRESENTATION(#15,'Body','SweptSolid',(#8322));
#8324=IFCCARTESIANPOINT((12900.,0.));
#8325=IFCPOLYLINE((#3139,#8324));
#8326=IFCSHAPEREPRESENTATION(#14,'Axis','Curve2D',(#8325));
#8327=IFCPRODUCTDEFINITIONSHAPE($,$,(#8326,#8323));
#8328=IFCBEAM('2l3F4AxOj5f8zsx98ExTL0',#6,'Beam:Beam 300x600:352933',$,$,#8316,#8327,'352933');
#8329=IFCPROPERTYSET('2P5$UZcKGou7IepSTy4khC',#6,'Pset_BeamCommon',$,(#82,#83,#3153,#7330,#7331));
#8330=IFCPROPERTYSET('3A0EqnrECaEo12W1c4ZFVC',#6,'Pset_QuantityTakeOff',$,(#7330));
#8331=IFCPROPERTYSINGLEVALUE('Reference',$,IFCLABEL('Beam 300x600'),$);
#8332=IFCPROPERTYSET('3qcG5uY8a00_8knE6liS_0',#6,'Pset_ReinforcementBarPitchOfBeam',$,(#8331));
#8333=IFCRELDEFINESBYPROPERTIES('2qjb5YA0ahcUTI$R04sEJG',#6,$,$,(#8328),#8329);
#8334=IFCRELDEFINESBYPROPERTIES('0coXRGzpI11aXUYKkfPl6B',#6,$,$,(#8328),#8330);
#8335=IFCRELDEFINESBYPROPERTIES('1xNucgBdKyaUE8WUzAXFcV',#6,$,$,(#8328),#8332);
#8336=IFCCARTESIANPOINT((0.,0.));
#8337=IFCAXIS2PLACEMENT2D(#8336,#48);
#8338=IFCRECTANGLEPROFILEDEF(.AREA.,'200x240 L=1140',#8337,200.,240.);
#8339=IFCCARTESIANPOINT((0.,20.,9760.));
#8340=IFCAXIS2PLACEMENT3D(#8339,#55,#1689);
#8341=IFCEXTRUDEDAREASOLID(#8338,#8340,#55,1140.0000000000007);
#8342=IFCSTYLEDITEM(#8341,(#7577),$);
#8343=IFCSHAPEREPRESENTATION(#15,'Body','SweptSolid',(#8341));
#8344=IFCAXIS2PLACEMENT3D(#10,$,$);
#8345=IFCREPRESENTATIONMAP(#8344,#8343);
#8346=IFCCOLUMNTYPE('09eTxoWQTEZgTQ5YNvddag',#6,'Column_Timber:200x240 L=1140',$,$,(#8362),(#8345),'385497',$,.COLUMN.);
#8347=IFCMAPPEDITEM(#8345,#1706);
#8348=IFCSHAPEREPRESENTATION(#15,'Body','MappedRepresentation',(#8347));
#8349=IFCPRODUCTDEFINITIONSHAPE($,$,(#8348));
#8350=IFCCARTESIANPOINT((-27621.214254621082,-14238.410494177759,-10500.));
#8351=IFCAXIS2PLACEMENT3D(#8350,$,$);
#8352=IFCLOCALPLACEMENT(#36,#8351);
#8353=IFCCOLUMN('2l3F4AxOj5f8zsx98ExTIZ',#6,'Column_Timber:200x240 L=1140:353094',$,$,#8352,#8349,'353094');
#8354=IFCPROPERTYSINGLEVALUE('Reference',$,IFCIDENTIFIER('200x240 L=1140'),$);
#8355=IFCPROPERTYSET('04LuCzBadkg6CV15J$itOL',#6,'Pset_ColumnCommon',$,(#82,#83,#8354));
#8356=IFCPROPERTYSET('2Q64SGKyymti3cy_e5I9tc',#6,'Pset_QuantityTakeOff',$,(#8354));
#8357=IFCPROPERTYSINGLEVALUE('Reference',$,IFCLABEL('200x240 L=1140'),$);
#8358=IFCPROPERTYSET('3tYg3XrfhgDx8r8LSFbFlf',#6,'Pset_ReinforcementBarPitchOfColumn',$,(#8357));
#8359=IFCRELDEFINESBYPROPERTIES('2Do2K3HKwW4uJA3tukSg6Q',#6,$,$,(#8353),#8355);
#8360=IFCRELDEFINESBYPROPERTIES('2Pn$Sd8fMGv4$rEmwETMMr',#6,$,$,(#8353),#8356);
#8361=IFCRELDEFINESBYPROPERTIES('1qFDVGEAmrGnIpDS8uYnal',#6,$,$,(#8353),#8358);
#8362=IFCPROPERTYSET('1HmVei2Hn6JiARNYtELSjl',#6,'Pset_ColumnCommon',$,(#83));
#8363=IFCCARTESIANPOINT((1.4210854715202004E-014,0.));
#8364=IFCAXIS2PLACEMENT2D(#8363,#48);
#8365=IFCRECTANGLEPROFILEDEF(.AREA.,'200x200',#8364,200.,200.00000000000006);
#8366=IFCCARTESIANPOINT((0.,0.,7500.));
#8367=IFCAXIS2PLACEMENT3D(#8366,#55,#1689);
#8368=IFCEXTRUDEDAREASOLID(#8365,#8367,#55,4000.0000000000014);
#8369=IFCSTYLEDITEM(#8368,(#1695),$);
#8370=IFCSHAPEREPRESENTATION(#15,'Body','SweptSolid',(#8368));
#8371=IFCAXIS2PLACEMENT3D(#10,$,$);
#8372=IFCREPRESENTATIONMAP(#8371,#8370);
#8373=IFCCOLUMNTYPE('1GgSMGs1bDKvotNlTC9KWn',#6,'Column:200x200',$,$,(#8388),(#8372),'310266',$,.COLUMN.);
#8374=IFCMAPPEDITEM(#8372,#1706);
#8375=IFCSHAPEREPRESENTATION(#15,'Body','MappedRepresentation',(#8374));
#8376=IFCPRODUCTDEFINITIONSHAPE($,$,(#8375));
#8377=IFCCARTESIANPOINT((20378.785745378871,-14338.638670240231,-7500.));
#8378=IFCAXIS2PLACEMENT3D(#8377,$,$);
#8379=IFCLOCALPLACEMENT(#32,#8378);
#8380=IFCCOLUMN('2l3F4AxOj5f8zsx98ExTIn',#6,'Column:200x200:353108',$,$,#8379,#8376,'353108');
#8381=IFCPROPERTYSET('0JxMZwFCsE_mGpPL3Urzud',#6,'Pset_ColumnCommon',$,(#82,#83,#2406));
#8382=IFCPROPERTYSET('3YD2p2fMp7ZjWmgr1PnDwP',#6,'Pset_QuantityTakeOff',$,(#2406));
#8383=IFCPROPERTYSINGLEVALUE('Reference',$,IFCLABEL('200x200'),$);
#8384=IFCPROPERTYSET('12hvjvW3KR2gw6gLmiYYf5',#6,'Pset_ReinforcementBarPitchOfColumn',$,(#8383));
#8385=IFCRELDEFINESBYPROPERTIES('3nOlMDTJDwJV3DDTAgpznv',#6,$,$,(#8380),#8381);
#8386=IFCRELDEFINESBYPROPERTIES('3_9RPZF7jAthtkWeCy_FfC',#6,$,$,(#8380),#8382);
#8387=IFCRELDEFINESBYPROPERTIES('2mo94wwRl8I9aoEg_p6Zzg',#6,$,$,(#8380),#8384);
#8388=IFCPROPERTYSET('0809WZBDwwhQba4pmP7h4n',#6,'Pset_ColumnCommon',$,(#83));
#8389=IFCCARTESIANPOINT((-30796.214254621158,-14338.638670240256,0.));
#8390=IFCDIRECTION((-0.0029069644615331396,-0.99999577476988344,0.));
#8391=IFCAXIS2PLACEMENT3D(#8389,#55,#8390);
#8392=IFCLOCALPLACEMENT(#40,#8391);
#8393=IFCCARTESIANPOINT((0.,2.1671553440683056E-012));
#8394=IFCAXIS2PLACEMENT2D(#8393,#48);
#8395=IFCRECTANGLEPROFILEDEF(.AREA.,'Beam 200x800',#8394,800.,199.99999999999869);
#8396=IFCCARTESIANPOINT((-199.78134295699456,25.,-400.));
#8397=IFCAXIS2PLACEMENT3D(#8396,#3130,#52);
#8398=IFCEXTRUDEDAREASOLID(#8395,#8397,#55,8899.4532516845429);
#8399=IFCSTYLEDITEM(#8398,(#7577),$);
#8400=IFCSHAPEREPRESENTATION(#15,'Body','SweptSolid',(#8398));
#8401=IFCCARTESIANPOINT((8600.0363371325675,0.));
#8402=IFCPOLYLINE((#3139,#8401));
#8403=IFCSHAPEREPRESENTATION(#14,'Axis','Curve2D',(#8402));
#8404=IFCPRODUCTDEFINITIONSHAPE($,$,(#8403,#8400));
#8405=IFCBEAM('2l3F4AxOj5f8zsx98ExTHv',#6,'Beam_Timber:Beam 200x800:353180',$,$,#8392,#8404,'353180');
#8406=IFCPROPERTYSINGLEVALUE('Span',$,IFCPOSITIVELENGTHMEASURE(8600.0363371325675),$);
#8407=IFCPROPERTYSET('1gz$O4_He_0Hxcy9Ta4HiK',#6,'Pset_BeamCommon',$,(#82,#83,#3153,#3179,#8406));
#8408=IFCPROPERTYSET('2MHyXE06P8kuSmL7jO4Qli',#6,'Pset_QuantityTakeOff',$,(#3179));
#8409=IFCPROPERTYSINGLEVALUE('Reference',$,IFCLABEL('Beam 200x800'),$);
#8410=IFCPROPERTYSET('1ji7fWbr50DG7azb3VBrh7',#6,'Pset_ReinforcementBarPitchOfBeam',$,(#8409));
#8411=IFCRELDEFINESBYPROPERTIES('3oafs7aNa5UNoQrOa3qgb1',#6,$,$,(#8405),#8407);
#8412=IFCRELDEFINESBYPROPERTIES('3lNpnsVbFOVupaxprZ$5Kr',#6,$,$,(#8405),#8408);
#8413=IFCRELDEFINESBYPROPERTIES('3xkv6mT90e97vcKpDWnAQo',#6,$,$,(#8405),#8410);
#8414=IFCCARTESIANPOINT((-33996.214254621162,-14338.638670240247,0.));
#8415=IFCDIRECTION((-0.0040697337384752392,-0.9999917185993582,0.));
#8416=IFCAXIS2PLACEMENT3D(#8414,#55,#8415);
#8417=IFCLOCALPLACEMENT(#40,#8416);
#8418=IFCCARTESIANPOINT((0.,0.));
#8419=IFCAXIS2PLACEMENT2D(#8418,#48);
#8420=IFCRECTANGLEPROFILEDEF(.AREA.,'Beam 200x800',#8419,800.,200.00000000000099);
#8421=IFCCARTESIANPOINT((-199.69352522144689,25.,-400.));
#8422=IFCAXIS2PLACEMENT3D(#8421,#3130,#52);
#8423=IFCEXTRUDEDAREASOLID(#8420,#8422,#55,8899.2539545592917);
#8424=IFCSTYLEDITEM(#8423,(#7577),$);
#8425=IFCSHAPEREPRESENTATION(#15,'Body','SweptSolid',(#8423));
#8426=IFCCARTESIANPOINT((8600.0712206353837,0.));
#8427=IFCPOLYLINE((#3139,#8426));
#8428=IFCSHAPEREPRESENTATION(#14,'Axis','Curve2D',(#8427));
#8429=IFCPRODUCTDEFINITIONSHAPE($,$,(#8428,#8425));
#8430=IFCBEAM('2l3F4AxOj5f8zsx98ExTDP',#6,'Beam_Timber:Beam 200x800:353468',$,$,#8417,#8429,'353468');
#8431=IFCPROPERTYSINGLEVALUE('Span',$,IFCPOSITIVELENGTHMEASURE(8600.0712206353819),$);
#8432=IFCPROPERTYSET('2KD9x6eBuBxPpWveXjkOgZ',#6,'Pset_BeamCommon',$,(#82,#83,#3153,#3179,#8431));
#8433=IFCPROPERTYSET('2IOlTOjVTJtdYdHiYPVZj5',#6,'Pset_QuantityTakeOff',$,(#3179));
#8434=IFCPROPERTYSINGLEVALUE('Reference',$,IFCLABEL('Beam 200x800'),$);
#8435=IFCPROPERTYSET('2r$NfSlBaRRo1aDcSYl0uY',#6,'Pset_ReinforcementBarPitchOfBeam',$,(#8434));
#8436=IFCRELDEFINESBYPROPERTIES('3tPBooSVRqK8_zDspWCwz0',#6,$,$,(#8430),#8432);
#8437=IFCRELDEFINESBYPROPERTIES('2tNl9zal8Y5oD0AbfbwPHf',#6,$,$,(#8430),#8433);
#8438=IFCRELDEFINESBYPROPERTIES('0ZoauA_wO2r7K$VhHtX8ra',#6,$,$,(#8430),#8435);
#8439=IFCCARTESIANPOINT((-27596.214254621158,-14338.638670240267,0.));
#8440=IFCDIRECTION((-0.0029069644615337012,-0.99999577476988344,0.));
#8441=IFCAXIS2PLACEMENT3D(#8439,#55,#8440);
#8442=IFCLOCALPLACEMENT(#40,#8441);
#8443=IFCCARTESIANPOINT((0.,-2.1671553440683056E-012));
#8444=IFCAXIS2PLACEMENT2D(#8443,#48);
#8445=IFCRECTANGLEPROFILEDEF(.AREA.,'Beam 200x800',#8444,800.,199.99999999999869);
#8446=IFCCARTESIANPOINT((-200.00951998360048,25.,-400.));
#8447=IFCAXIS2PLACEMENT3D(#8446,#3130,#52);
#8448=IFCEXTRUDEDAREASOLID(#8445,#8447,#55,8899.6814287109828);
#8449=IFCSTYLEDITEM(#8448,(#7577),$);
#8450=IFCSHAPEREPRESENTATION(#15,'Body','SweptSolid',(#8448));
#8451=IFCCARTESIANPOINT((8600.0363371323965,0.));
#8452=IFCPOLYLINE((#3139,#8451));
#8453=IFCSHAPEREPRESENTATION(#14,'Axis','Curve2D',(#8452));
#8454=IFCPRODUCTDEFINITIONSHAPE($,$,(#8453,#8450));
#8455=IFCBEAM('2l3F4AxOj5f8zsx98ExTCW',#6,'Beam_Timber:Beam 200x800:353477',$,$,#8442,#8454,'353477');
#8456=IFCPROPERTYSINGLEVALUE('Span',$,IFCPOSITIVELENGTHMEASURE(8600.0363371323965),$);
#8457=IFCPROPERTYSET('1U58ZEBj2cSgTPNHdUBo1T',#6,'Pset_BeamCommon',$,(#82,#83,#3153,#3179,#8456));
#8458=IFCPROPERTYSET('2o$RtExNweUSNKzpYw7jse',#6,'Pset_QuantityTakeOff',$,(#3179));
#8459=IFCPROPERTYSINGLEVALUE('Reference',$,IFCLABEL('Beam 200x800'),$);
#8460=IFCPROPERTYSET('2F$8uuB6mg$q8if3_LUoaj',#6,'Pset_ReinforcementBarPitchOfBeam',$,(#8459));
#8461=IFCRELDEFINESBYPROPERTIES('1Bxle84dY3LqyNMuCc0RVT',#6,$,$,(#8455),#8457);
#8462=IFCRELDEFINESBYPROPERTIES('1pAUTr3ZaAurSRrhRdffNA',#6,$,$,(#8455),#8458);
#8463=IFCRELDEFINESBYPROPERTIES('1XjT26VfU7o4j9QhFkrGF5',#6,$,$,(#8455),#8460);
#8464=IFCCARTESIANPOINT((-24396.214254621151,-14338.638670240278,0.));
#8465=IFCDIRECTION((-0.0029069644615337016,-0.99999577476988344,0.));
#8466=IFCAXIS2PLACEMENT3D(#8464,#55,#8465);
#8467=IFCLOCALPLACEMENT(#40,#8466);
#8468=IFCCARTESIANPOINT((0.,-2.1671553440683056E-012));
#8469=IFCAXIS2PLACEMENT2D(#8468,#48);
#8470=IFCRECTANGLEPROFILEDEF(.AREA.,'Beam 200x800',#8469,800.,199.99999999999869);
#8471=IFCCARTESIANPOINT((-199.78134295707903,25.,-400.));
#8472=IFCAXIS2PLACEMENT3D(#8471,#3130,#52);
#8473=IFCEXTRUDEDAREASOLID(#8470,#8472,#55,8899.4532516845429);
#8474=IFCSTYLEDITEM(#8473,(#7577),$);
#8475=IFCSHAPEREPRESENTATION(#15,'Body','SweptSolid',(#8473));
#8476=IFCCARTESIANPOINT((8600.0363371323947,0.));
#8477=IFCPOLYLINE((#3139,#8476));
#8478=IFCSHAPEREPRESENTATION(#14,'Axis','Curve2D',(#8477));
#8479=IFCPRODUCTDEFINITIONSHAPE($,$,(#8478,#8475));
#8480=IFCBEAM('2l3F4AxOj5f8zsx98ExTCh',#6,'Beam_Timber:Beam 200x800:353486',$,$,#8467,#8479,'353486');
#8481=IFCPROPERTYSINGLEVALUE('Span',$,IFCPOSITIVELENGTHMEASURE(8600.0363371323947),$);
#8482=IFCPROPERTYSET('2JSNOs_wCW77rmhRnwmb4c',#6,'Pset_BeamCommon',$,(#82,#83,#3153,#3179,#8481));
#8483=IFCPROPERTYSET('0FeX9lxjDRiQNO3cTYRE3$',#6,'Pset_QuantityTakeOff',$,(#3179));
#8484=IFCPROPERTYSINGLEVALUE('Reference',$,IFCLABEL('Beam 200x800'),$);
#8485=IFCPROPERTYSET('1MJlBFZTpL47b_k1W$XfEm',#6,'Pset_ReinforcementBarPitchOfBeam',$,(#8484));
#8486=IFCRELDEFINESBYPROPERTIES('0czJz7HqaEIH9EYk7owjMv',#6,$,$,(#8480),#8482);
#8487=IFCRELDEFINESBYPROPERTIES('3z9XHs2mwsvvMiLVXHCHcH',#6,$,$,(#8480),#8483);
#8488=IFCRELDEFINESBYPROPERTIES('3RcL7Izx$DQgr5UzI7z2VC',#6,$,$,(#8480),#8485);
#8489=IFCCARTESIANPOINT((-21196.214254621147,-14338.638670240289,0.));
#8490=IFCDIRECTION((-0.0029069644615337025,-0.99999577476988344,0.));
#8491=IFCAXIS2PLACEMENT3D(#8489,#55,#8490);
#8492=IFCLOCALPLACEMENT(#40,#8491);
#8493=IFCCARTESIANPOINT((0.,-2.1671553440683056E-012));
#8494=IFCAXIS2PLACEMENT2D(#8493,#48);
#8495=IFCRECTANGLEPROFILEDEF(.AREA.,'Beam 200x800',#8494,800.,199.99999999999869);
#8496=IFCCARTESIANPOINT((-199.78134295700107,25.,-400.));
#8497=IFCAXIS2PLACEMENT3D(#8496,#3130,#52);
#8498=IFCEXTRUDEDAREASOLID(#8495,#8497,#55,8799.8176800895744);
#8499=IFCSTYLEDITEM(#8498,(#7577),$);
#8500=IFCSHAPEREPRESENTATION(#15,'Body','SweptSolid',(#8498));
#8501=IFCCARTESIANPOINT((8600.0363371323911,0.));
#8502=IFCPOLYLINE((#3139,#8501));
#8503=IFCSHAPEREPRESENTATION(#14,'Axis','Curve2D',(#8502));
#8504=IFCPRODUCTDEFINITIONSHAPE($,$,(#8503,#8500));
#8505=IFCBEAM('2l3F4AxOj5f8zsx98ExTCo',#6,'Beam_Timber:Beam 200x800:353495',$,$,#8492,#8504,'353495');
#8506=IFCPROPERTYSINGLEVALUE('Span',$,IFCPOSITIVELENGTHMEASURE(8600.0363371323929),$);
#8507=IFCPROPERTYSET('3jJbGYXja_ApV807sgz$Z5',#6,'Pset_BeamCommon',$,(#82,#83,#3153,#3179,#8506));
#8508=IFCPROPERTYSET('3_lYIY9gCr5xHR0zhhOZHj',#6,'Pset_QuantityTakeOff',$,(#3179));
#8509=IFCPROPERTYSINGLEVALUE('Reference',$,IFCLABEL('Beam 200x800'),$);
#8510=IFCPROPERTYSET('0oz0wZE9dkPdzzO3QU5pT7',#6,'Pset_ReinforcementBarPitchOfBeam',$,(#8509));
#8511=IFCRELDEFINESBYPROPERTIES('1Mo9nkI8SCqGyx0Goi_dWt',#6,$,$,(#8505),#8507);
#8512=IFCRELDEFINESBYPROPERTIES('0I$ZXZC26pTGeUyxvg6cdQ',#6,$,$,(#8505),#8508);
#8513=IFCRELDEFINESBYPROPERTIES('2Fqp3LC1wMuvvKSY10FL5t',#6,$,$,(#8505),#8510);
#8514=IFCCARTESIANPOINT((-17996.214254621147,-14338.6386702403,0.));
#8515=IFCDIRECTION((-0.0029069644615337033,-0.99999577476988344,0.));
#8516=IFCAXIS2PLACEMENT3D(#8514,#55,#8515);
#8517=IFCLOCALPLACEMENT(#40,#8516);
#8518=IFCCARTESIANPOINT((0.,0.));
#8519=IFCAXIS2PLACEMENT2D(#8518,#48);
#8520=IFCRECTANGLEPROFILEDEF(.AREA.,'Beam 200x800',#8519,800.,199.99999999999869);
#8521=IFCCARTESIANPOINT((-199.78134295699672,25.,-400.));
#8522=IFCAXIS2PLACEMENT3D(#8521,#3130,#52);
#8523=IFCEXTRUDEDAREASOLID(#8520,#8522,#55,8799.8176800895744);
#8524=IFCSTYLEDITEM(#8523,(#7577),$);
#8525=IFCSHAPEREPRESENTATION(#15,'Body','SweptSolid',(#8523));
#8526=IFCCARTESIANPOINT((8600.0363371323911,0.));
#8527=IFCPOLYLINE((#3139,#8526));
#8528=IFCSHAPEREPRESENTATION(#14,'Axis','Curve2D',(#8527));
#8529=IFCPRODUCTDEFINITIONSHAPE($,$,(#8528,#8525));
#8530=IFCBEAM('2l3F4AxOj5f8zsx98ExTC1',#6,'Beam_Timber:Beam 200x800:353508',$,$,#8517,#8529,'353508');
#8531=IFCPROPERTYSINGLEVALUE('Span',$,IFCPOSITIVELENGTHMEASURE(8600.0363371323892),$);
#8532=IFCPROPERTYSET('2I3EpTqNxPW2fit1wGvUH3',#6,'Pset_BeamCommon',$,(#82,#83,#3153,#3179,#8531));
#8533=IFCPROPERTYSET('2gaQHONbhHQQwQcecTSGiX',#6,'Pset_QuantityTakeOff',$,(#3179));
#8534=IFCPROPERTYSINGLEVALUE('Reference',$,IFCLABEL('Beam 200x800'),$);
#8535=IFCPROPERTYSET('1abWomVoNPCDpTwsqfIrFT',#6,'Pset_ReinforcementBarPitchOfBeam',$,(#8534));
#8536=IFCRELDEFINESBYPROPERTIES('2$ggolZd0id1e5wSOlQ_Se',#6,$,$,(#8530),#8532);
#8537=IFCRELDEFINESBYPROPERTIES('08GsrafLad5TDUSWzWx_JQ',#6,$,$,(#8530),#8533);
#8538=IFCRELDEFINESBYPROPERTIES('2RG46SlvCfHbj$fKOJipKb',#6,$,$,(#8530),#8535);
#8539=IFCCARTESIANPOINT((-14796.214254621145,-14338.638670240311,0.));
#8540=IFCDIRECTION((-0.0029069644615337038,-0.99999577476988344,0.));
#8541=IFCAXIS2PLACEMENT3D(#8539,#55,#8540);
#8542=IFCLOCALPLACEMENT(#40,#8541);
#8543=IFCCARTESIANPOINT((0.,0.));
#8544=IFCAXIS2PLACEMENT2D(#8543,#48);
#8545=IFCRECTANGLEPROFILEDEF(.AREA.,'Beam 200x800',#8544,800.,199.99999999999869);
#8546=IFCCARTESIANPOINT((-199.78134295699672,25.,-400.));
#8547=IFCAXIS2PLACEMENT3D(#8546,#3130,#52);
#8548=IFCEXTRUDEDAREASOLID(#8545,#8547,#55,8799.8176800895744);
#8549=IFCSTYLEDITEM(#8548,(#7577),$);
#8550=IFCSHAPEREPRESENTATION(#15,'Body','SweptSolid',(#8548));
#8551=IFCCARTESIANPOINT((8600.0363371323874,0.));
#8552=IFCPOLYLINE((#3139,#8551));
#8553=IFCSHAPEREPRESENTATION(#14,'Axis','Curve2D',(#8552));
#8554=IFCPRODUCTDEFINITIONSHAPE($,$,(#8553,#8550));
#8555=IFCBEAM('2l3F4AxOj5f8zsx98ExTCE',#6,'Beam_Timber:Beam 200x800:353515',$,$,#8542,#8554,'353515');
#8556=IFCPROPERTYSINGLEVALUE('Span',$,IFCPOSITIVELENGTHMEASURE(8600.0363371323874),$);
#8557=IFCPROPERTYSET('0dP8FfFc3gNb38hMYQ$5Ex',#6,'Pset_BeamCommon',$,(#82,#83,#3153,#3179,#8556));
#8558=IFCPROPERTYSET('03s5fi8q3C8ysRcHrCqtou',#6,'Pset_QuantityTakeOff',$,(#3179));
#8559=IFCPROPERTYSINGLEVALUE('Reference',$,IFCLABEL('Beam 200x800'),$);
#8560=IFCPROPERTYSET('3yEIFZRai4cNjTgluogY$X',#6,'Pset_ReinforcementBarPitchOfBeam',$,(#8559));
#8561=IFCRELDEFINESBYPROPERTIES('1mSkxS$WfunbmBsZBo4wc7',#6,$,$,(#8555),#8557);
#8562=IFCRELDEFINESBYPROPERTIES('3KPzLufr88WuGWEMXrojVT',#6,$,$,(#8555),#8558);
#8563=IFCRELDEFINESBYPROPERTIES('3BBYChUgglFdooRNvl5Bdb',#6,$,$,(#8555),#8560);
#8564=IFCCARTESIANPOINT((-11596.214254621149,-14338.638670240322,0.));
#8565=IFCDIRECTION((-0.0029069644615334527,-0.99999577476988355,0.));
#8566=IFCAXIS2PLACEMENT3D(#8564,#55,#8565);
#8567=IFCLOCALPLACEMENT(#40,#8566);
#8568=IFCCARTESIANPOINT((0.,1.0800249583553523E-012));
#8569=IFCAXIS2PLACEMENT2D(#8568,#48);
#8570=IFCRECTANGLEPROFILEDEF(.AREA.,'Beam 200x800',#8569,800.,200.00000000000085);
#8571=IFCCARTESIANPOINT((-199.78134295700107,25.,-400.));
#8572=IFCAXIS2PLACEMENT3D(#8571,#3130,#52);
#8573=IFCEXTRUDEDAREASOLID(#8570,#8572,#55,8799.8176800895762);
#8574=IFCSTYLEDITEM(#8573,(#7577),$);
#8575=IFCSHAPEREPRESENTATION(#15,'Body','SweptSolid',(#8573));
#8576=IFCCARTESIANPOINT((8600.0363371323911,0.));
#8577=IFCPOLYLINE((#3139,#8576));
#8578=IFCSHAPEREPRESENTATION(#14,'Axis','Curve2D',(#8577));
#8579=IFCPRODUCTDEFINITIONSHAPE($,$,(#8578,#8575));
#8580=IFCBEAM('2l3F4AxOj5f8zsx98ExTCH',#6,'Beam_Timber:Beam 200x800:353524',$,$,#8567,#8579,'353524');
#8581=IFCPROPERTYSINGLEVALUE('Span',$,IFCPOSITIVELENGTHMEASURE(8600.0363371323874),$);
#8582=IFCPROPERTYSET('364uU9F2jUBUzRhWNzSrRL',#6,'Pset_BeamCommon',$,(#82,#83,#3153,#3179,#8581));
#8583=IFCPROPERTYSET('0MRYGlirwdc7$Qwnqz3rC_',#6,'Pset_QuantityTakeOff',$,(#3179));
#8584=IFCPROPERTYSINGLEVALUE('Reference',$,IFCLABEL('Beam 200x800'),$);
#8585=IFCPROPERTYSET('18_ClePN9f4DColB9ZBz6h',#6,'Pset_ReinforcementBarPitchOfBeam',$,(#8584));
#8586=IFCRELDEFINESBYPROPERTIES('0JrD4IqPKGlcw3rIITGSqu',#6,$,$,(#8580),#8582);
#8587=IFCRELDEFINESBYPROPERTIES('3D3V9nQOCOfmFYDGqsNBdI',#6,$,$,(#8580),#8583);
#8588=IFCRELDEFINESBYPROPERTIES('1Ig5GIinuxvInw0En3rs5m',#6,$,$,(#8580),#8585);
#8589=IFCCARTESIANPOINT((-8396.2142546211417,-14338.638670240332,0.));
#8590=IFCDIRECTION((-0.0029069644615340832,-0.99999577476988344,0.));
#8591=IFCAXIS2PLACEMENT3D(#8589,#55,#8590);
#8592=IFCLOCALPLACEMENT(#40,#8591);
#8593=IFCCARTESIANPOINT((0.,0.));
#8594=IFCAXIS2PLACEMENT2D(#8593,#48);
#8595=IFCRECTANGLEPROFILEDEF(.AREA.,'Beam 200x800',#8594,800.,199.99999999999977);
#8596=IFCCARTESIANPOINT((-199.78134295695776,25.,-400.));
#8597=IFCAXIS2PLACEMENT3D(#8596,#3130,#52);
#8598=IFCEXTRUDEDAREASOLID(#8595,#8597,#55,8799.8176800895362);
#8599=IFCSTYLEDITEM(#8598,(#7577),$);
#8600=IFCSHAPEREPRESENTATION(#15,'Body','SweptSolid',(#8598));
#8601=IFCCARTESIANPOINT((8600.0363371323838,0.));
#8602=IFCPOLYLINE((#3139,#8601));
#8603=IFCSHAPEREPRESENTATION(#14,'Axis','Curve2D',(#8602));
#8604=IFCPRODUCTDEFINITIONSHAPE($,$,(#8603,#8600));
#8605=IFCBEAM('2l3F4AxOj5f8zsx98ExTCO',#6,'Beam_Timber:Beam 200x800:353533',$,$,#8592,#8604,'353533');
#8606=IFCPROPERTYSINGLEVALUE('Span',$,IFCPOSITIVELENGTHMEASURE(8600.0363371323838),$);
#8607=IFCPROPERTYSET('1phvTheluJW9RQdN7QgL6o',#6,'Pset_BeamCommon',$,(#82,#83,#3153,#3179,#8606));
#8608=IFCPROPERTYSET('1xVUZ7IeqApxtdVSYdyTOt',#6,'Pset_QuantityTakeOff',$,(#3179));
#8609=IFCPROPERTYSINGLEVALUE('Reference',$,IFCLABEL('Beam 200x800'),$);
#8610=IFCPROPERTYSET('2UbVFYi__ny2VF5CCNZUSk',#6,'Pset_ReinforcementBarPitchOfBeam',$,(#8609));
#8611=IFCRELDEFINESBYPROPERTIES('1H0mONzvoo_OIYo7zMly$h',#6,$,$,(#8605),#8607);
#8612=IFCRELDEFINESBYPROPERTIES('3aAi5yrsJ1wfgRCJdCbXn_',#6,$,$,(#8605),#8608);
#8613=IFCRELDEFINESBYPROPERTIES('0sxbSvDtffUl_w94j5uOVM',#6,$,$,(#8605),#8610);
#8614=IFCCARTESIANPOINT((-5196.214254621138,-14338.638670240343,0.));
#8615=IFCDIRECTION((-0.0029069644615335802,-0.99999577476988355,0.));
#8616=IFCAXIS2PLACEMENT3D(#8614,#55,#8615);
#8617=IFCLOCALPLACEMENT(#40,#8616);
#8618=IFCCARTESIANPOINT((0.,0.));
#8619=IFCAXIS2PLACEMENT2D(#8618,#48);
#8620=IFCRECTANGLEPROFILEDEF(.AREA.,'Beam 200x800',#8619,800.,199.99999999999977);
#8621=IFCCARTESIANPOINT((-199.78134295708119,25.,-400.));
#8622=IFCAXIS2PLACEMENT3D(#8621,#3130,#52);
#8623=IFCEXTRUDEDAREASOLID(#8620,#8622,#55,8899.4532516845447);
#8624=IFCSTYLEDITEM(#8623,(#7577),$);
#8625=IFCSHAPEREPRESENTATION(#15,'Body','SweptSolid',(#8623));
#8626=IFCCARTESIANPOINT((8600.0363371323856,0.));
#8627=IFCPOLYLINE((#3139,#8626));
#8628=IFCSHAPEREPRESENTATION(#14,'Axis','Curve2D',(#8627));
#8629=IFCPRODUCTDEFINITIONSHAPE($,$,(#8628,#8625));
#8630=IFCBEAM('2l3F4AxOj5f8zsx98ExTBZ',#6,'Beam_Timber:Beam 200x800:353542',$,$,#8617,#8629,'353542');
#8631=IFCPROPERTYSINGLEVALUE('Span',$,IFCPOSITIVELENGTHMEASURE(8600.0363371323838),$);
#8632=IFCPROPERTYSET('3keRbUUp3pfEAP6aw0MOWh',#6,'Pset_BeamCommon',$,(#82,#83,#3153,#3179,#8631));
#8633=IFCPROPERTYSET('3qXX0qh$YZpa_o66KCknWY',#6,'Pset_QuantityTakeOff',$,(#3179));
#8634=IFCPROPERTYSINGLEVALUE('Reference',$,IFCLABEL('Beam 200x800'),$);
#8635=IFCPROPERTYSET('2tn2XlTYeW4yt2D_zdCbn4',#6,'Pset_ReinforcementBarPitchOfBeam',$,(#8634));
#8636=IFCRELDEFINESBYPROPERTIES('1fbIMrLwsNuT_jgBxmEUbL',#6,$,$,(#8630),#8632);
#8637=IFCRELDEFINESBYPROPERTIES('2NmwoEgEqrtl8J_46a_qMx',#6,$,$,(#8630),#8633);
#8638=IFCRELDEFINESBYPROPERTIES('0yHuiD1l8Vn1WCpffux3j8',#6,$,$,(#8630),#8635);
#8639=IFCCARTESIANPOINT((-1996.2142546211378,-14338.638670240354,0.));
#8640=IFCDIRECTION((-0.0029069644615337068,-0.99999577476988344,0.));
#8641=IFCAXIS2PLACEMENT3D(#8639,#55,#8640);
#8642=IFCLOCALPLACEMENT(#40,#8641);
#8643=IFCCARTESIANPOINT((0.,1.3500311979441904E-013));
#8644=IFCAXIS2PLACEMENT2D(#8643,#48);
#8645=IFCRECTANGLEPROFILEDEF(.AREA.,'Beam 200x800',#8644,800.,200.00000000000006);
#8646=IFCCARTESIANPOINT((-199.78134295708551,25.,-400.));
#8647=IFCAXIS2PLACEMENT3D(#8646,#3130,#52);
#8648=IFCEXTRUDEDAREASOLID(#8645,#8647,#55,8899.4532516845429);
#8649=IFCSTYLEDITEM(#8648,(#7577),$);
#8650=IFCSHAPEREPRESENTATION(#15,'Body','SweptSolid',(#8648));
#8651=IFCCARTESIANPOINT((8600.0363371323801,0.));
#8652=IFCPOLYLINE((#3139,#8651));
#8653=IFCSHAPEREPRESENTATION(#14,'Axis','Curve2D',(#8652));
#8654=IFCPRODUCTDEFINITIONSHAPE($,$,(#8653,#8650));
#8655=IFCBEAM('2l3F4AxOj5f8zsx98ExTBe',#6,'Beam_Timber:Beam 200x800:353549',$,$,#8642,#8654,'353549');
#8656=IFCPROPERTYSINGLEVALUE('Span',$,IFCPOSITIVELENGTHMEASURE(8600.0363371323801),$);
#8657=IFCPROPERTYSET('0xKZRBANT6ej2G5khKYszS',#6,'Pset_BeamCommon',$,(#82,#83,#3153,#3179,#8656));
#8658=IFCPROPERTYSET('0pXPj1f_zZhtbfM$sWK3mP',#6,'Pset_QuantityTakeOff',$,(#3179));
#8659=IFCPROPERTYSINGLEVALUE('Reference',$,IFCLABEL('Beam 200x800'),$);
#8660=IFCPROPERTYSET('0R2JyiMifUA3AHsjvHteGF',#6,'Pset_ReinforcementBarPitchOfBeam',$,(#8659));
#8661=IFCRELDEFINESBYPROPERTIES('3ReaTd8Ryim8_EBkqgEGqm',#6,$,$,(#8655),#8657);
#8662=IFCRELDEFINESBYPROPERTIES('3Fxbq8mRI9HfoTiv$HCOTO',#6,$,$,(#8655),#8658);
#8663=IFCRELDEFINESBYPROPERTIES('2jdvC$gcyQ01Bdx_lgTSP0',#6,$,$,(#8655),#8660);
#8664=IFCCARTESIANPOINT((1203.7857453788624,-14338.638670240365,0.));
#8665=IFCDIRECTION((-0.0029069644615335646,-0.99999577476988355,0.));
#8666=IFCAXIS2PLACEMENT3D(#8664,#55,#8665);
#8667=IFCLOCALPLACEMENT(#40,#8666);
#8668=IFCCARTESIANPOINT((0.,0.));
#8669=IFCAXIS2PLACEMENT2D(#8668,#48);
#8670=IFCRECTANGLEPROFILEDEF(.AREA.,'Beam 200x800',#8669,800.,200.00000000000031);
#8671=IFCCARTESIANPOINT((-199.78134295708551,25.,-400.));
#8672=IFCAXIS2PLACEMENT3D(#8671,#3130,#52);
#8673=IFCEXTRUDEDAREASOLID(#8670,#8672,#55,8899.4532516845429);
#8674=IFCSTYLEDITEM(#8673,(#7577),$);
#8675=IFCSHAPEREPRESENTATION(#15,'Body','SweptSolid',(#8673));
#8676=IFCCARTESIANPOINT((8600.0363371323838,0.));
#8677=IFCPOLYLINE((#3139,#8676));
#8678=IFCSHAPEREPRESENTATION(#14,'Axis','Curve2D',(#8677));
#8679=IFCPRODUCTDEFINITIONSHAPE($,$,(#8678,#8675));
#8680=IFCBEAM('2l3F4AxOj5f8zsx98ExTBp',#6,'Beam_Timber:Beam 200x800:353558',$,$,#8667,#8679,'353558');
#8681=IFCPROPERTYSINGLEVALUE('Span',$,IFCPOSITIVELENGTHMEASURE(8600.0363371323838),$);
#8682=IFCPROPERTYSET('0kUohFVn5a0QmWsw2MZYdj',#6,'Pset_BeamCommon',$,(#82,#83,#3153,#3179,#8681));
#8683=IFCPROPERTYSET('1WTVgSYAOFn5gcKyQY1_T4',#6,'Pset_QuantityTakeOff',$,(#3179));
#8684=IFCPROPERTYSINGLEVALUE('Reference',$,IFCLABEL('Beam 200x800'),$);
#8685=IFCPROPERTYSET('3GD754JuztkubqY9PsV_LJ',#6,'Pset_ReinforcementBarPitchOfBeam',$,(#8684));
#8686=IFCRELDEFINESBYPROPERTIES('2FDKZ7cpzdQAQNU9Mx4xKi',#6,$,$,(#8680),#8682);
#8687=IFCRELDEFINESBYPROPERTIES('2LIRAydHI_oNw15QRpriGj',#6,$,$,(#8680),#8683);
#8688=IFCRELDEFINESBYPROPERTIES('39VV_XCaHaFhxDkgyiRTca',#6,$,$,(#8680),#8685);
#8689=IFCCARTESIANPOINT((4403.7857453788674,-14338.638670240376,0.));
#8690=IFCDIRECTION((-0.0029069644615332033,-0.99999577476988344,0.));
#8691=IFCAXIS2PLACEMENT3D(#8689,#55,#8690);
#8692=IFCLOCALPLACEMENT(#40,#8691);
#8693=IFCCARTESIANPOINT((0.,0.));
#8694=IFCAXIS2PLACEMENT2D(#8693,#48);
#8695=IFCRECTANGLEPROFILEDEF(.AREA.,'Beam 200x800',#8694,800.,199.99999999999977);
#8696=IFCCARTESIANPOINT((-199.7813429570877,25.,-400.));
#8697=IFCAXIS2PLACEMENT3D(#8696,#3130,#52);
#8698=IFCEXTRUDEDAREASOLID(#8695,#8697,#55,8899.4532516845429);
#8699=IFCSTYLEDITEM(#8698,(#7577),$);
#8700=IFCSHAPEREPRESENTATION(#15,'Body','SweptSolid',(#8698));
#8701=IFCCARTESIANPOINT((8600.0363371323801,0.));
#8702=IFCPOLYLINE((#3139,#8701));
#8703=IFCSHAPEREPRESENTATION(#14,'Axis','Curve2D',(#8702));
#8704=IFCPRODUCTDEFINITIONSHAPE($,$,(#8703,#8700));
#8705=IFCBEAM('2l3F4AxOj5f8zsx98ExTBw',#6,'Beam_Timber:Beam 200x800:353567',$,$,#8692,#8704,'353567');
#8706=IFCPROPERTYSINGLEVALUE('Span',$,IFCPOSITIVELENGTHMEASURE(8600.0363371323801),$);
#8707=IFCPROPERTYSET('3djx5Ka51he0sxs45upNPo',#6,'Pset_BeamCommon',$,(#82,#83,#3153,#3179,#8706));
#8708=IFCPROPERTYSET('3NotODXkSCIAxTB8PRATgq',#6,'Pset_QuantityTakeOff',$,(#3179));
#8709=IFCPROPERTYSINGLEVALUE('Reference',$,IFCLABEL('Beam 200x800'),$);
#8710=IFCPROPERTYSET('3SwjH5ZGHytSWrtCMHA7Ba',#6,'Pset_ReinforcementBarPitchOfBeam',$,(#8709));
#8711=IFCRELDEFINESBYPROPERTIES('2QEDyHrsZYlo_U5xh4V3S0',#6,$,$,(#8705),#8707);
#8712=IFCRELDEFINESBYPROPERTIES('2hdD70o1GaY$mlbzVujcQp',#6,$,$,(#8705),#8708);
#8713=IFCRELDEFINESBYPROPERTIES('3salI4q19xLkmsK1WRXgmz',#6,$,$,(#8705),#8710);
#8714=IFCCARTESIANPOINT((7603.7857453788802,-14338.638670240387,0.));
#8715=IFCDIRECTION((-0.0029069644615335815,-0.99999577476988355,0.));
#8716=IFCAXIS2PLACEMENT3D(#8714,#55,#8715);
#8717=IFCLOCALPLACEMENT(#40,#8716);
#8718=IFCCARTESIANPOINT((0.,0.));
#8719=IFCAXIS2PLACEMENT2D(#8718,#48);
#8720=IFCRECTANGLEPROFILEDEF(.AREA.,'Beam 200x800',#8719,800.,199.99999999999977);
#8721=IFCCARTESIANPOINT((-199.78134295708335,25.,-400.));
#8722=IFCAXIS2PLACEMENT3D(#8721,#3130,#52);
#8723=IFCEXTRUDEDAREASOLID(#8720,#8722,#55,8899.4532516845429);
#8724=IFCSTYLEDITEM(#8723,(#7577),$);
#8725=IFCSHAPEREPRESENTATION(#15,'Body','SweptSolid',(#8723));
#8726=IFCCARTESIANPOINT((8600.036337132382,0.));
#8727=IFCPOLYLINE((#3139,#8726));
#8728=IFCSHAPEREPRESENTATION(#14,'Axis','Curve2D',(#8727));
#8729=IFCPRODUCTDEFINITIONSHAPE($,$,(#8728,#8725));
#8730=IFCBEAM('2l3F4AxOj5f8zsx98ExTB9',#6,'Beam_Timber:Beam 200x800:353580',$,$,#8717,#8729,'353580');
#8731=IFCPROPERTYSINGLEVALUE('Span',$,IFCPOSITIVELENGTHMEASURE(8600.0363371323801),$);
#8732=IFCPROPERTYSET('2RMW7_8wz38FM8kRXJ95qS',#6,'Pset_BeamCommon',$,(#82,#83,#3153,#3179,#8731));
#8733=IFCPROPERTYSET('15PWDysgtP8_Pord1CVpza',#6,'Pset_QuantityTakeOff',$,(#3179));
#8734=IFCPROPERTYSINGLEVALUE('Reference',$,IFCLABEL('Beam 200x800'),$);
#8735=IFCPROPERTYSET('1orfDzoD_HAWXbZUU8pBXH',#6,'Pset_ReinforcementBarPitchOfBeam',$,(#8734));
#8736=IFCRELDEFINESBYPROPERTIES('1kgGwFBCHZeUi0XNbq0KYE',#6,$,$,(#8730),#8732);
#8737=IFCRELDEFINESBYPROPERTIES('0D$hjLV$UXdfnC21RlaHt9',#6,$,$,(#8730),#8733);
#8738=IFCRELDEFINESBYPROPERTIES('0z0kVMZUrF0Lhs1ikMF0KN',#6,$,$,(#8730),#8735);
#8739=IFCCARTESIANPOINT((10803.785745378875,-14338.638670240398,0.));
#8740=IFCDIRECTION((-0.0029069644615329526,-0.99999577476988344,0.));
#8741=IFCAXIS2PLACEMENT3D(#8739,#55,#8740);
#8742=IFCLOCALPLACEMENT(#40,#8741);
#8743=IFCCARTESIANPOINT((0.,-1.0800249583553523E-012));
#8744=IFCAXIS2PLACEMENT2D(#8743,#48);
#8745=IFCRECTANGLEPROFILEDEF(.AREA.,'Beam 200x800',#8744,800.,200.00000000000085);
#8746=IFCCARTESIANPOINT((-199.78134295709202,25.,-400.));
#8747=IFCAXIS2PLACEMENT3D(#8746,#3130,#52);
#8748=IFCEXTRUDEDAREASOLID(#8745,#8747,#55,8899.4532516845429);
#8749=IFCSTYLEDITEM(#8748,(#7577),$);
#8750=IFCSHAPEREPRESENTATION(#15,'Body','SweptSolid',(#8748));
#8751=IFCCARTESIANPOINT((8600.0363371323765,-0.));
#8752=IFCPOLYLINE((#3139,#8751));
#8753=IFCSHAPEREPRESENTATION(#14,'Axis','Curve2D',(#8752));
#8754=IFCPRODUCTDEFINITIONSHAPE($,$,(#8753,#8750));
#8755=IFCBEAM('2l3F4AxOj5f8zsx98ExTBG',#6,'Beam_Timber:Beam 200x800:353589',$,$,#8742,#8754,'353589');
#8756=IFCPROPERTYSINGLEVALUE('Span',$,IFCPOSITIVELENGTHMEASURE(8600.0363371323747),$);
#8757=IFCPROPERTYSET('2zRV1kl5lSyXtigzwrBJoz',#6,'Pset_BeamCommon',$,(#82,#83,#3153,#3179,#8756));
#8758=IFCPROPERTYSET('2uxokQ4q8pC2AwrTQ8vwOk',#6,'Pset_QuantityTakeOff',$,(#3179));
#8759=IFCPROPERTYSINGLEVALUE('Reference',$,IFCLABEL('Beam 200x800'),$);
#8760=IFCPROPERTYSET('3dWUe4tkyBS_Mj3ahgKFXu',#6,'Pset_ReinforcementBarPitchOfBeam',$,(#8759));
#8761=IFCRELDEFINESBYPROPERTIES('3GnY4igEYM1BUsuT5xZJ$$',#6,$,$,(#8755),#8757);
#8762=IFCRELDEFINESBYPROPERTIES('0jhCUnO2HGt0wegMNmDCx7',#6,$,$,(#8755),#8758);
#8763=IFCRELDEFINESBYPROPERTIES('0JFnCDKS6h$K6$iZbFlPWZ',#6,$,$,(#8755),#8760);
#8764=IFCCARTESIANPOINT((14003.78574537888,-14338.638670240409,0.));
#8765=IFCDIRECTION((-0.002906964461533709,-0.99999577476988355,0.));
#8766=IFCAXIS2PLACEMENT3D(#8764,#55,#8765);
#8767=IFCLOCALPLACEMENT(#40,#8766);
#8768=IFCCARTESIANPOINT((0.,1.0800249583553523E-012));
#8769=IFCAXIS2PLACEMENT2D(#8768,#48);
#8770=IFCRECTANGLEPROFILEDEF(.AREA.,'Beam 200x800',#8769,800.,200.00000000000085);
#8771=IFCCARTESIANPOINT((-199.7813429570877,25.,-400.));
#8772=IFCAXIS2PLACEMENT3D(#8771,#3130,#52);
#8773=IFCEXTRUDEDAREASOLID(#8770,#8772,#55,8899.4532516845447);
#8774=IFCSTYLEDITEM(#8773,(#7577),$);
#8775=IFCSHAPEREPRESENTATION(#15,'Body','SweptSolid',(#8773));
#8776=IFCCARTESIANPOINT((8600.0363371323765,0.));
#8777=IFCPOLYLINE((#3139,#8776));
#8778=IFCSHAPEREPRESENTATION(#14,'Axis','Curve2D',(#8777));
#8779=IFCPRODUCTDEFINITIONSHAPE($,$,(#8778,#8775));
#8780=IFCBEAM('2l3F4AxOj5f8zsx98ExTBR',#6,'Beam_Timber:Beam 200x800:353598',$,$,#8767,#8779,'353598');
#8781=IFCPROPERTYSINGLEVALUE('Span',$,IFCPOSITIVELENGTHMEASURE(8600.0363371323747),$);
#8782=IFCPROPERTYSET('126BpbFrtPs4ISQNTJVqDr',#6,'Pset_BeamCommon',$,(#82,#83,#3153,#3179,#8781));
#8783=IFCPROPERTYSET('2KS65KrMWC$nkylsOM_MqR',#6,'Pset_QuantityTakeOff',$,(#3179));
#8784=IFCPROPERTYSINGLEVALUE('Reference',$,IFCLABEL('Beam 200x800'),$);
#8785=IFCPROPERTYSET('01tqBvxOurcenCzYDsvonX',#6,'Pset_ReinforcementBarPitchOfBeam',$,(#8784));
#8786=IFCRELDEFINESBYPROPERTIES('1QiGkOO32dMX4VDyr$uPKv',#6,$,$,(#8780),#8782);
#8787=IFCRELDEFINESBYPROPERTIES('3LE$DfuKjw_Udzt8SO4Wds',#6,$,$,(#8780),#8783);
#8788=IFCRELDEFINESBYPROPERTIES('0lejPuSaQP0UAgD9L4kdJ9',#6,$,$,(#8780),#8785);
#8789=IFCCARTESIANPOINT((17203.785745378878,-14338.63867024042,0.));
#8790=IFCDIRECTION((-0.0029069644615337099,-0.99999577476988344,0.));
#8791=IFCAXIS2PLACEMENT3D(#8789,#55,#8790);
#8792=IFCLOCALPLACEMENT(#40,#8791);
#8793=IFCCARTESIANPOINT((0.,1.0800249583553523E-012));
#8794=IFCAXIS2PLACEMENT2D(#8793,#48);
#8795=IFCRECTANGLEPROFILEDEF(.AREA.,'Beam 200x800',#8794,800.,200.00000000000085);
#8796=IFCCARTESIANPOINT((-199.7813429570877,25.,-400.));
#8797=IFCAXIS2PLACEMENT3D(#8796,#3130,#52);
#8798=IFCEXTRUDEDAREASOLID(#8795,#8797,#55,8899.4532516845429);
#8799=IFCSTYLEDITEM(#8798,(#7577),$);
#8800=IFCSHAPEREPRESENTATION(#15,'Body','SweptSolid',(#8798));
#8801=IFCCARTESIANPOINT((8600.0363371323692,0.));
#8802=IFCPOLYLINE((#3139,#8801));
#8803=IFCSHAPEREPRESENTATION(#14,'Axis','Curve2D',(#8802));
#8804=IFCPRODUCTDEFINITIONSHAPE($,$,(#8803,#8800));
#8805=IFCBEAM('2l3F4AxOj5f8zsx98ExTAY',#6,'Beam_Timber:Beam 200x800:353607',$,$,#8792,#8804,'353607');
#8806=IFCPROPERTYSINGLEVALUE('Span',$,IFCPOSITIVELENGTHMEASURE(8600.036337132371),$);
#8807=IFCPROPERTYSET('1JBGb$yug89s$qlDKgCz9z',#6,'Pset_BeamCommon',$,(#82,#83,#3153,#3179,#8806));
#8808=IFCPROPERTYSET('36Vgjq43XRmsdMcZuYVQhS',#6,'Pset_QuantityTakeOff',$,(#3179));
#8809=IFCPROPERTYSINGLEVALUE('Reference',$,IFCLABEL('Beam 200x800'),$);
#8810=IFCPROPERTYSET('1cTR11dlBSvhNHi4C85czl',#6,'Pset_ReinforcementBarPitchOfBeam',$,(#8809));
#8811=IFCRELDEFINESBYPROPERTIES('2dirqIy6_75ZHmH6aDae5Q',#6,$,$,(#8805),#8807);
#8812=IFCRELDEFINESBYPROPERTIES('0xgGMJbdMFuxQUNvCvI6CG',#6,$,$,(#8805),#8808);
#8813=IFCRELDEFINESBYPROPERTIES('0lmPAJorMXZrXc8Z7OezDZ',#6,$,$,(#8805),#8810);
#8814=IFCCARTESIANPOINT((20403.785745378871,-14338.638670240431,0.));
#8815=IFCDIRECTION((-0.0029069644615327033,-0.99999577476988355,0.));
#8816=IFCAXIS2PLACEMENT3D(#8814,#55,#8815);
#8817=IFCLOCALPLACEMENT(#40,#8816);
#8818=IFCCARTESIANPOINT((0.,4.3343106881366111E-012));
#8819=IFCAXIS2PLACEMENT2D(#8818,#48);
#8820=IFCRECTANGLEPROFILEDEF(.AREA.,'Beam 200x800',#8819,800.,199.99999999999869);
#8821=IFCCARTESIANPOINT((-99.780920432392591,25.,-400.));
#8822=IFCAXIS2PLACEMENT3D(#8821,#3130,#52);
#8823=IFCEXTRUDEDAREASOLID(#8820,#8822,#55,8799.4528291597508);
#8824=IFCSTYLEDITEM(#8823,(#7577),$);
#8825=IFCSHAPEREPRESENTATION(#15,'Body','SweptSolid',(#8823));
#8826=IFCCARTESIANPOINT((8600.0363371323729,0.));
#8827=IFCPOLYLINE((#3139,#8826));
#8828=IFCSHAPEREPRESENTATION(#14,'Axis','Curve2D',(#8827));
#8829=IFCPRODUCTDEFINITIONSHAPE($,$,(#8828,#8825));
#8830=IFCBEAM('2l3F4AxOj5f8zsx98ExTAr',#6,'Beam_Timber:Beam 200x800:353616',$,$,#8817,#8829,'353616');
#8831=IFCPROPERTYSINGLEVALUE('Span',$,IFCPOSITIVELENGTHMEASURE(8600.036337132371),$);
#8832=IFCPROPERTYSET('1N86z6_yjHBrmz5HlVgxdb',#6,'Pset_BeamCommon',$,(#82,#83,#3153,#3179,#8831));
#8833=IFCPROPERTYSET('2w6TXsZ7pDY9aui2S70dQu',#6,'Pset_QuantityTakeOff',$,(#3179));
#8834=IFCPROPERTYSINGLEVALUE('Reference',$,IFCLABEL('Beam 200x800'),$);
#8835=IFCPROPERTYSET('11OMVllf7KxUo5fYhZDbn1',#6,'Pset_ReinforcementBarPitchOfBeam',$,(#8834));
#8836=IFCRELDEFINESBYPROPERTIES('2MoQBImEc365d7ELMpdgh7',#6,$,$,(#8830),#8832);
#8837=IFCRELDEFINESBYPROPERTIES('0AyTWfJT$ZQrLe2ES7XmIt',#6,$,$,(#8830),#8833);
#8838=IFCRELDEFINESBYPROPERTIES('3lBcP$FMaAyusbe7YmdwZb',#6,$,$,(#8830),#8835);
#8839=IFCCARTESIANPOINT((23603.785745378875,-14338.638670240442,0.));
#8840=IFCDIRECTION((-0.0029069644615332076,-0.99999577476988344,0.));
#8841=IFCAXIS2PLACEMENT3D(#8839,#55,#8840);
#8842=IFCLOCALPLACEMENT(#40,#8841);
#8843=IFCCARTESIANPOINT((0.,-2.1671553440683056E-012));
#8844=IFCAXIS2PLACEMENT2D(#8843,#48);
#8845=IFCRECTANGLEPROFILEDEF(.AREA.,'Beam 200x800',#8844,800.,199.99999999999869);
#8846=IFCCARTESIANPOINT((0.,25.,-400.));
#8847=IFCAXIS2PLACEMENT3D(#8846,#3130,#52);
#8848=IFCEXTRUDEDAREASOLID(#8845,#8847,#55,8699.6719087273523);
#8849=IFCSTYLEDITEM(#8848,(#7577),$);
#8850=IFCSHAPEREPRESENTATION(#15,'Body','SweptSolid',(#8848));
#8851=IFCCARTESIANPOINT((8600.0363371323656,0.));
#8852=IFCPOLYLINE((#3139,#8851));
#8853=IFCSHAPEREPRESENTATION(#14,'Axis','Curve2D',(#8852));
#8854=IFCPRODUCTDEFINITIONSHAPE($,$,(#8853,#8850));
#8855=IFCBEAM('2l3F4AxOj5f8zsx98ExTAy',#6,'Beam_Timber:Beam 200x800:353625',$,$,#8842,#8854,'353625');
#8856=IFCPROPERTYSINGLEVALUE('Span',$,IFCPOSITIVELENGTHMEASURE(8600.0363371323656),$);
#8857=IFCPROPERTYSET('1vTmCKApK98GqxPbVFZ19B',#6,'Pset_BeamCommon',$,(#82,#83,#3153,#3179,#8856));
#8858=IFCPROPERTYSET('18pr0LOIybcXPKHWXhcfw3',#6,'Pset_QuantityTakeOff',$,(#3179));
#8859=IFCPROPERTYSINGLEVALUE('Reference',$,IFCLABEL('Beam 200x800'),$);
#8860=IFCPROPERTYSET('0hqIzUbZe0mF41wME7G6NS',#6,'Pset_ReinforcementBarPitchOfBeam',$,(#8859));
#8861=IFCRELDEFINESBYPROPERTIES('0VGFXBzUIzFsK95TuvhP5Y',#6,$,$,(#8855),#8857);
#8862=IFCRELDEFINESBYPROPERTIES('15EiY00wnu6nFq3spNqCNI',#6,$,$,(#8855),#8858);
#8863=IFCRELDEFINESBYPROPERTIES('1_BPuCYK60bMsmRB1rYjl4',#6,$,$,(#8855),#8860);
#8864=IFCCARTESIANPOINT((26803.785745378889,-14338.638670240452,0.));
#8865=IFCDIRECTION((-0.002906964461533712,-0.99999577476988355,0.));
#8866=IFCAXIS2PLACEMENT3D(#8864,#55,#8865);
#8867=IFCLOCALPLACEMENT(#40,#8866);
#8868=IFCCARTESIANPOINT((0.,2.1671553440683056E-012));
#8869=IFCAXIS2PLACEMENT2D(#8868,#48);
#8870=IFCRECTANGLEPROFILEDEF(.AREA.,'Beam 200x800',#8869,800.,199.99999999999869);
#8871=IFCCARTESIANPOINT((-0.,25.,-400.));
#8872=IFCAXIS2PLACEMENT3D(#8871,#3130,#52);
#8873=IFCEXTRUDEDAREASOLID(#8870,#8872,#55,8699.6719087273523);
#8874=IFCSTYLEDITEM(#8873,(#7577),$);
#8875=IFCSHAPEREPRESENTATION(#15,'Body','SweptSolid',(#8873));
#8876=IFCCARTESIANPOINT((8600.0363371323692,0.));
#8877=IFCPOLYLINE((#3139,#8876));
#8878=IFCSHAPEREPRESENTATION(#14,'Axis','Curve2D',(#8877));
#8879=IFCPRODUCTDEFINITIONSHAPE($,$,(#8878,#8875));
#8880=IFCBEAM('2l3F4AxOj5f8zsx98ExTA7',#6,'Beam_Timber:Beam 200x800:353634',$,$,#8867,#8879,'353634');
#8881=IFCPROPERTYSINGLEVALUE('Span',$,IFCPOSITIVELENGTHMEASURE(8600.0363371323656),$);
#8882=IFCPROPERTYSET('0UEAOtHv02MxhyDNcYLRiU',#6,'Pset_BeamCommon',$,(#82,#83,#3153,#3179,#8881));
#8883=IFCPROPERTYSET('3c78DieTchOVaq9s79AgZS',#6,'Pset_QuantityTakeOff',$,(#3179));
#8884=IFCPROPERTYSINGLEVALUE('Reference',$,IFCLABEL('Beam 200x800'),$);
#8885=IFCPROPERTYSET('3u54AzZaTZE2KBvEHao4Cd',#6,'Pset_ReinforcementBarPitchOfBeam',$,(#8884));
#8886=IFCRELDEFINESBYPROPERTIES('2szHAgL2AD$3lH3i74aLpH',#6,$,$,(#8880),#8882);
#8887=IFCRELDEFINESBYPROPERTIES('3r8TNa3$wIfTWl7SRoeg0f',#6,$,$,(#8880),#8883);
#8888=IFCRELDEFINESBYPROPERTIES('1Hwdf1tg9F6NJXeqOWueCq',#6,$,$,(#8880),#8885);
#8889=IFCCARTESIANPOINT((30003.785745378886,-14338.638670240463,0.));
#8890=IFCDIRECTION((0.0087216126818282867,-0.99996196601282206,0.));
#8891=IFCAXIS2PLACEMENT3D(#8889,#55,#8890);
#8892=IFCLOCALPLACEMENT(#40,#8891);
#8893=IFCCARTESIANPOINT((0.,0.));
#8894=IFCAXIS2PLACEMENT2D(#8893,#48);
#8895=IFCRECTANGLEPROFILEDEF(.AREA.,'Beam 200x800',#8894,800.,199.99999999999835);
#8896=IFCCARTESIANPOINT((-199.87488090787363,25.,-400.));
#8897=IFCAXIS2PLACEMENT3D(#8896,#3130,#52);
#8898=IFCEXTRUDEDAREASOLID(#8895,#8897,#55,8898.5382929137195);
#8899=IFCSTYLEDITEM(#8898,(#7577),$);
#8900=IFCSHAPEREPRESENTATION(#15,'Body','SweptSolid',(#8898));
#8901=IFCCARTESIANPOINT((8599.3270666952176,0.));
#8902=IFCPOLYLINE((#3139,#8901));
#8903=IFCSHAPEREPRESENTATION(#14,'Axis','Curve2D',(#8902));
#8904=IFCPRODUCTDEFINITIONSHAPE($,$,(#8903,#8900));
#8905=IFCBEAM('2l3F4AxOj5f8zsx98ExTAE',#6,'Beam_Timber:Beam 200x800:353643',$,$,#8892,#8904,'353643');
#8906=IFCPROPERTYSINGLEVALUE('Span',$,IFCPOSITIVELENGTHMEASURE(8599.3270666952158),$);
#8907=IFCPROPERTYSET('1Po$w35fhPxfc5yYlWdYDs',#6,'Pset_BeamCommon',$,(#82,#83,#3153,#3179,#8906));
#8908=IFCPROPERTYSET('1RHPd0qH9g2V2TXDYrl6RW',#6,'Pset_QuantityTakeOff',$,(#3179));
#8909=IFCPROPERTYSINGLEVALUE('Reference',$,IFCLABEL('Beam 200x800'),$);
#8910=IFCPROPERTYSET('3YwHvA1qgbv4Su1$2iN3pC',#6,'Pset_ReinforcementBarPitchOfBeam',$,(#8909));
#8911=IFCRELDEFINESBYPROPERTIES('1SGFmxHwwKXnRGWzxiAkmW',#6,$,$,(#8905),#8907);
#8912=IFCRELDEFINESBYPROPERTIES('18XsaBWg9FVDBOzH1fguPh',#6,$,$,(#8905),#8908);
#8913=IFCRELDEFINESBYPROPERTIES('0N9Buh8t06hi_M8Q8CwaKh',#6,$,$,(#8905),#8910);
#8914=IFCAXIS2PLACEMENT3D(#8916,$,$);
#8915=IFCLOCALPLACEMENT(#32,#8914);
#8916=IFCCARTESIANPOINT((-34251.214254621242,11211.361329759582,-100.));
#8917=IFCAXIS2PLACEMENT3D(#10,$,$);
#8919=IFCCARTESIANPOINT((0.,0.));
#8920=IFCAXIS2PLACEMENT2D(#8919,#48);
#8921=IFCRECTANGLEPROFILEDEF(.AREA.,$,#8920,54742.500000000146,8630.0000000001601);
#8922=IFCCARTESIANPOINT((27371.250000000073,4315.,0.));
#8923=IFCAXIS2PLACEMENT3D(#8922,$,$);
#8924=IFCEXTRUDEDAREASOLID(#8921,#8923,#55,200.);
#8925=IFCSTYLEDITEM(#8924,(#1695),$);
#8926=IFCSHAPEREPRESENTATION(#15,'Body','SweptSolid',(#8924));
#8927=IFCPRODUCTDEFINITIONSHAPE($,$,(#8926));
#8928=IFCAXIS2PLACEMENT3D(#10,$,$);
#8929=IFCLOCALPLACEMENT(#8915,#12447);
#8930=IFCSLAB('2BJ6J5gaP9B9p5bPQVvwKx',#6,'Basic Roof:SL-deck 200mm:354432',$,$,#8929,#8927,'354432',.ROOF.);
#8931=IFCSLABTYPE('3TZFGb_EX4$827oSXUUxES',#6,'Basic Roof:SL-deck 200mm',$,$,(#8951),$,'393660',$,.ROOF.);
#8932=IFCMATERIALLAYER(#1701,200.,$);
#8933=IFCMATERIALLAYERSET((#8932),'Basic Roof:SL-deck 200mm');
#8934=IFCROOF('2BJ6J5gaP9B9p5bPIVvwKx',#6,'Basic Roof:SL-deck 200mm:354432',$,$,#8915,$,'354432',.NOTDEFINED.);
#8935=IFCRELAGGREGATES('0lm6ekk7$6LukBu$2Nxsys',#6,$,$,#8934,(#8930));
#8936=IFCPROPERTYSINGLEVALUE('Reference',$,IFCIDENTIFIER('SL-deck 200mm'),$);
#8937=IFCPROPERTYSET('0GqKU3SLdXumqyDsr904dj',#6,'Pset_QuantityTakeOff',$,(#8936));
#8938=IFCPROPERTYSINGLEVALUE('Reference',$,IFCLABEL('SL-deck 200mm'),$);
#8939=IFCPROPERTYSET('1BA5_BWKEZSzuKhqXhcIRv',#6,'Pset_ReinforcementBarPitchOfSlab',$,(#8938));
#8940=IFCPROPERTYSET('0QZN14_Mg5gzcJ70ki6wDp',#6,'Pset_SlabCommon',$,(#84,#6060,#8936));
#8941=IFCPROPERTYSET('3a6fU5mfzpXA9jVEo7iW_T',#6,'Pset_QuantityTakeOff',$,(#8936));
#8942=IFCPROPERTYSINGLEVALUE('ProjectedArea',$,IFCAREAMEASURE(472.42777500001),$);
#8943=IFCPROPERTYSINGLEVALUE('TotalArea',$,IFCAREAMEASURE(472.42777500001),$);
#8944=IFCPROPERTYSET('0njSTfyZ5_JrLkJxiCqyvu',#6,'Pset_RoofCommon',$,(#6060,#8936,#8942,#8943));
#8945=IFCRELDEFINESBYPROPERTIES('2BYYpWVhNQnPTx88xfpzn7',#6,$,$,(#8930),#8937);
#8946=IFCRELDEFINESBYPROPERTIES('1a1oLJzOR242CY6_gDgDU1',#6,$,$,(#8930),#8939);
#8947=IFCRELDEFINESBYPROPERTIES('1F7uZe3EAtlijbL_4TPKyh',#6,$,$,(#8930),#8940);
#8948=IFCRELDEFINESBYPROPERTIES('21av2bXx7XZv8S_Vksx8n4',#6,$,$,(#8934),#8941);
#8949=IFCRELDEFINESBYPROPERTIES('3mvumTBm8VgJIJ_eGpL4sg',#6,$,$,(#8934),#8944);
#8950=IFCPROPERTYSINGLEVALUE('ThermalTransmittance',$,IFCTHERMALTRANSMITTANCEMEASURE(5.2300000000000004),$);
#8951=IFCPROPERTYSET('1yfpJG61ccDCq8dEGdxFtm',#6,'Pset_SlabCommon',$,(#8950));
#8952=IFCCARTESIANPOINT((29978.785745378955,161.36132975951014,-500.));
#8953=IFCAXIS2PLACEMENT3D(#8952,#55,#1689);
#8954=IFCLOCALPLACEMENT(#24,#8953);
#8955=IFCCARTESIANPOINT((3600.,0.));
#8956=IFCPOLYLINE((#3139,#8955));
#8957=IFCSHAPEREPRESENTATION(#14,'Axis','Curve2D',(#8956));
#8958=IFCPRODUCTDEFINITIONSHAPE($,$,(#8957,#8965));
#8959=IFCCARTESIANPOINT((1799.999999999998,0.));
#8960=IFCAXIS2PLACEMENT2D(#8959,#6044);
#8961=IFCRECTANGLEPROFILEDEF(.AREA.,$,#8960,3599.9999999999959,200.);
#8962=IFCAXIS2PLACEMENT3D(#10,$,$);
#8963=IFCEXTRUDEDAREASOLID(#8961,#8962,#55,12000.);
#8964=IFCSTYLEDITEM(#8963,(#1695),$);
#8965=IFCSHAPEREPRESENTATION(#15,'Body','SweptSolid',(#8963));
#8966=IFCWALLSTANDARDCASE('2BJ6J5gaP9B9p5bPIVvwJt',#6,'Basic Wall:Generic - 200mm:354636',$,$,#8954,#8958,'354636');
#8967=IFCMATERIALLAYERSETUSAGE(#6053,.AXIS2.,.NEGATIVE.,100.);
#8968=IFCPROPERTYSET('3FLL$OYh3tJ40N98tvEnan',#6,'Pset_QuantityTakeOff',$,(#6056));
#8969=IFCPROPERTYSINGLEVALUE('Reference',$,IFCLABEL('Generic - 200mm'),$);
#8970=IFCPROPERTYSET('0rybmA0bVmUhZXDN59bIEO',#6,'Pset_ReinforcementBarPitchOfWall',$,(#8969));
#8971=IFCPROPERTYSET('1eFfTWNjcviuo62o9AzmUM',#6,'Pset_WallCommon',$,(#83,#6056,#6060,#6061));
#8972=IFCRELDEFINESBYPROPERTIES('1LhQt5jPmmcolBvr8pUClP',#6,$,$,(#8966),#8968);
#8973=IFCRELDEFINESBYPROPERTIES('0UpIG1jc1O$IBXz4p4uu8F',#6,$,$,(#8966),#8970);
#8974=IFCRELDEFINESBYPROPERTIES('1dL$rPGupX79uk7_r2zj4G',#6,$,$,(#8966),#8971);
#8975=IFCCARTESIANPOINT((26478.785745378962,261.36132975952097,-500.));
#8976=IFCAXIS2PLACEMENT3D(#8975,#55,#53);
#8977=IFCLOCALPLACEMENT(#24,#8976);
#8978=IFCCARTESIANPOINT((3400.,0.));
#8979=IFCPOLYLINE((#3139,#8978));
#8980=IFCSHAPEREPRESENTATION(#14,'Axis','Curve2D',(#8979));
#8981=IFCPRODUCTDEFINITIONSHAPE($,$,(#8980,#8988));
#8982=IFCCARTESIANPOINT((1700.0000000000005,1.3500311979441904E-013));
#8983=IFCAXIS2PLACEMENT2D(#8982,#6044);
#8984=IFCRECTANGLEPROFILEDEF(.AREA.,$,#8983,3400.0000000000009,199.99999999999784);
#8985=IFCAXIS2PLACEMENT3D(#10,$,$);
#8986=IFCEXTRUDEDAREASOLID(#8984,#8985,#55,12000.);
#8987=IFCSTYLEDITEM(#8986,(#1695),$);
#8988=IFCSHAPEREPRESENTATION(#15,'Body','SweptSolid',(#8986));
#8989=IFCWALLSTANDARDCASE('2BJ6J5gaP9B9p5bPIVvwG_',#6,'Basic Wall:Generic - 200mm:354693',$,$,#8977,#8981,'354693');
#8990=IFCMATERIALLAYERSETUSAGE(#6053,.AXIS2.,.NEGATIVE.,100.);
#8991=IFCPROPERTYSET('21uoM9PmtJPCo3M4PtkvFB',#6,'Pset_QuantityTakeOff',$,(#6056));
#8992=IFCPROPERTYSINGLEVALUE('Reference',$,IFCLABEL('Generic - 200mm'),$);
#8993=IFCPROPERTYSET('33bebWmne9FLbjZ02ZP36j',#6,'Pset_ReinforcementBarPitchOfWall',$,(#8992));
#8994=IFCPROPERTYSET('1VjqFeysmNLJkbKer1GtNJ',#6,'Pset_WallCommon',$,(#83,#6056,#6060,#6061));
#8995=IFCRELDEFINESBYPROPERTIES('2qbMKbwIv324yVZbyEfEXT',#6,$,$,(#8989),#8991);
#8996=IFCRELDEFINESBYPROPERTIES('2K7xQa2JxmCaC1pm6H4XXr',#6,$,$,(#8989),#8993);
#8997=IFCRELDEFINESBYPROPERTIES('1mSKqqMGjbeJRTYiV8qr7H',#6,$,$,(#8989),#8994);
#8998=IFCCARTESIANPOINT((26578.785745378966,3561.3613297595211,-500.));
#8999=IFCAXIS2PLACEMENT3D(#8998,$,$);
#9000=IFCLOCALPLACEMENT(#24,#8999);
#9001=IFCCARTESIANPOINT((3400.,0.));
#9002=IFCPOLYLINE((#3139,#9001));
#9003=IFCSHAPEREPRESENTATION(#14,'Axis','Curve2D',(#9002));
#9004=IFCPRODUCTDEFINITIONSHAPE($,$,(#9003,#9011));
#9005=IFCCARTESIANPOINT((1699.9999999999991,1.2079226507921703E-013));
#9006=IFCAXIS2PLACEMENT2D(#9005,#6044);
#9007=IFCRECTANGLEPROFILEDEF(.AREA.,$,#9006,3399.9999999999982,200.);
#9008=IFCAXIS2PLACEMENT3D(#10,$,$);
#9009=IFCEXTRUDEDAREASOLID(#9007,#9008,#55,12000.);
#9010=IFCSTYLEDITEM(#9009,(#1695),$);
#9011=IFCSHAPEREPRESENTATION(#15,'Body','SweptSolid',(#9009));
#9012=IFCWALLSTANDARDCASE('2BJ6J5gaP9B9p5bPIVvwHH',#6,'Basic Wall:Generic - 200mm:354794',$,$,#9000,#9004,'354794');
#9013=IFCMATERIALLAYERSETUSAGE(#6053,.AXIS2.,.NEGATIVE.,100.);
#9014=IFCPROPERTYSET('1lVpZ4CgKd4IKDQYWLzX1w',#6,'Pset_QuantityTakeOff',$,(#6056));
#9015=IFCPROPERTYSINGLEVALUE('Reference',$,IFCLABEL('Generic - 200mm'),$);
#9016=IFCPROPERTYSET('13haPWii3DC8ZLa0JNnX58',#6,'Pset_ReinforcementBarPitchOfWall',$,(#9015));
#9017=IFCPROPERTYSET('0uUSR9luNg0AbBxn_N_uP9',#6,'Pset_WallCommon',$,(#83,#6056,#6060,#6061));
#9018=IFCRELDEFINESBYPROPERTIES('1vDaO78PLzQETy4xW5EDnl',#6,$,$,(#9012),#9014);
#9019=IFCRELDEFINESBYPROPERTIES('3XVM3IPUtH_c1v9g$33yQs',#6,$,$,(#9012),#9016);
#9020=IFCRELDEFINESBYPROPERTIES('0OxW2EosHfoliBNz5vopL6',#6,$,$,(#9012),#9017);
#9021=IFCCARTESIANPOINT((-34021.214254621023,19991.361329759748,-100.));
#9022=IFCAXIS2PLACEMENT3D(#9021,$,$);
#9023=IFCLOCALPLACEMENT(#24,#9022);
#9024=IFCCARTESIANPOINT((9800.,0.));
#9025=IFCPOLYLINE((#3139,#9024));
#9026=IFCSHAPEREPRESENTATION(#14,'Axis','Curve2D',(#9025));
#9027=IFCPRODUCTDEFINITIONSHAPE($,$,(#9026,#9038));
#9028=IFCCARTESIANPOINT((4899.9999999999991,-7.3896444519050419E-013));
#9029=IFCAXIS2PLACEMENT2D(#9028,#6044);
#9030=IFCRECTANGLEPROFILEDEF(.AREA.,$,#9029,9799.9999999999982,300.00000000000114);
#9031=IFCAXIS2PLACEMENT3D(#10,$,$);
#9032=IFCEXTRUDEDAREASOLID(#9030,#9031,#55,7600.0000000000009);
#9033=IFCCOLOURRGB($,0.50196078431372548,0.50196078431372548,0.50196078431372548);
#9034=IFCSURFACESTYLERENDERING(#9033,0.,$,$,$,$,IFCNORMALISEDRATIOMEASURE(0.5),IFCSPECULAREXPONENT(64.),.NOTDEFINED.);
#9035=IFCSURFACESTYLE('Default Wall',.BOTH.,(#9034));
#9036=IFCPRESENTATIONSTYLEASSIGNMENT((#9035));
#9037=IFCSTYLEDITEM(#9032,(#9036),$);
#9038=IFCSHAPEREPRESENTATION(#15,'Body','SweptSolid',(#9032));
#9039=IFCWALLSTANDARDCASE('2BJ6J5gaP9B9p5bPIVvwOK',#6,'Basic Wall:Generic - 300mm:355247',$,$,#9023,#9027,'355247');
#9040=IFCMATERIAL('Default Wall');
#9041=IFCPRESENTATIONSTYLEASSIGNMENT((#9035));
#9042=IFCSTYLEDITEM($,(#9041),$);
#9043=IFCSTYLEDREPRESENTATION(#13,'Style','Material',(#9042));
#9044=IFCMATERIALDEFINITIONREPRESENTATION($,$,(#9043),#9040);
#9045=IFCMATERIALLAYER(#9040,300.,$);
#9046=IFCMATERIALLAYERSET((#9045),'Basic Wall:Generic - 300mm');
#9047=IFCMATERIALLAYERSETUSAGE(#9046,.AXIS2.,.NEGATIVE.,149.99999999999997);
#9048=IFCWALLTYPE('3kSL0VGKv3gxJCujeqtuWP',#6,'Basic Wall:Generic - 300mm',$,$,$,$,'1755',$,.STANDARD.);
#9049=IFCPROPERTYSINGLEVALUE('Reference',$,IFCIDENTIFIER('Generic - 300mm'),$);
#9050=IFCPROPERTYSET('1w$iLiczUQzjwBrMF4MO9z',#6,'Pset_QuantityTakeOff',$,(#9049));
#9051=IFCPROPERTYSINGLEVALUE('Reference',$,IFCLABEL('Generic - 300mm'),$);
#9052=IFCPROPERTYSET('14E_eskrmBYZclQTQGcuw_',#6,'Pset_ReinforcementBarPitchOfWall',$,(#9051));
#9053=IFCPROPERTYSET('1IVs$qVKrAW_B0b5kqPGqs',#6,'Pset_WallCommon',$,(#83,#6060,#6061,#9049));
#9054=IFCRELDEFINESBYPROPERTIES('3dadPzMfgmSiXneUUwUzoD',#6,$,$,(#9039),#9050);
#9055=IFCRELDEFINESBYPROPERTIES('2jK3a$MDbs2huoxMZwUOM6',#6,$,$,(#9039),#9052);
#9056=IFCRELDEFINESBYPROPERTIES('2ZFcPDZUdEdyZY5ij1bkZf',#6,$,$,(#9039),#9053);
#9057=IFCCARTESIANPOINT((29878.785745378962,3461.3613297595102,-500.));
#9058=IFCAXIS2PLACEMENT3D(#9057,#55,#3163);
#9059=IFCLOCALPLACEMENT(#24,#9058);
#9060=IFCCARTESIANPOINT((3200.,0.));
#9061=IFCPOLYLINE((#3139,#9060));
#9062=IFCSHAPEREPRESENTATION(#14,'Axis','Curve2D',(#9061));
#9063=IFCPRODUCTDEFINITIONSHAPE($,$,(#9062,#9070));
#9064=IFCCARTESIANPOINT((1600.,1.4921397450962104E-013));
#9065=IFCAXIS2PLACEMENT2D(#9064,#6044);
#9066=IFCRECTANGLEPROFILEDEF(.AREA.,$,#9065,3200.,199.99999999999784);
#9067=IFCAXIS2PLACEMENT3D(#10,$,$);
#9068=IFCEXTRUDEDAREASOLID(#9066,#9067,#55,12000.);
#9069=IFCSTYLEDITEM(#9068,(#1695),$);
#9070=IFCSHAPEREPRESENTATION(#15,'Body','SweptSolid',(#9068));
#9071=IFCWALLSTANDARDCASE('2BJ6J5gaP9B9p5bPIVvw4t',#6,'Basic Wall:Generic - 200mm:355468',$,$,#9059,#9063,'355468');
#9072=IFCMATERIALLAYERSETUSAGE(#6053,.AXIS2.,.NEGATIVE.,100.);
#9073=IFCPROPERTYSET('2SWkMb41QcfzAiNgIJxwsk',#6,'Pset_QuantityTakeOff',$,(#6056));
#9074=IFCPROPERTYSINGLEVALUE('Reference',$,IFCLABEL('Generic - 200mm'),$);
#9075=IFCPROPERTYSET('1wF_685CrUFxNcf8rnEArU',#6,'Pset_ReinforcementBarPitchOfWall',$,(#9074));
#9076=IFCPROPERTYSET('1tLJoSllLKBO2qnfWdLoyV',#6,'Pset_WallCommon',$,(#83,#6056,#6060,#6061));
#9077=IFCRELDEFINESBYPROPERTIES('1OGvKMGDWHrWmCG9kHRcVa',#6,$,$,(#9071),#9073);
#9078=IFCRELDEFINESBYPROPERTIES('1ry9Ma1y2MlSS5aA$EvsBO',#6,$,$,(#9071),#9075);
#9079=IFCRELDEFINESBYPROPERTIES('1B9s4gMVqg0b4uFa2xi40V',#6,$,$,(#9071),#9076);
#9080=IFCCARTESIANPOINT((30408.785745378911,-11478.638670240472,0.));
#9081=IFCAXIS2PLACEMENT3D(#9080,$,$);
#9082=IFCLOCALPLACEMENT(#24,#9081);
#9083=IFCCARTESIANPOINT((1940.,0.));
#9084=IFCPOLYLINE((#3139,#9083));
#9085=IFCSHAPEREPRESENTATION(#14,'Axis','Curve2D',(#9084));
#9086=IFCPRODUCTDEFINITIONSHAPE($,$,(#9085,#9093));
#9087=IFCCARTESIANPOINT((969.99999999998522,0.));
#9088=IFCAXIS2PLACEMENT2D(#9087,#6044);
#9089=IFCRECTANGLEPROFILEDEF(.AREA.,$,#9088,1939.9999999999704,159.99999999999827);
#9090=IFCAXIS2PLACEMENT3D(#10,$,$);
#9091=IFCEXTRUDEDAREASOLID(#9089,#9090,#55,3850.0000000000005);
#9092=IFCSTYLEDITEM(#9091,(#9036),$);
#9093=IFCSHAPEREPRESENTATION(#15,'Body','SweptSolid',(#9091));
#9094=IFCWALLSTANDARDCASE('1zlD4ydJz3GOe9NbhuuZCX',#6,'Basic Wall:Generic - 160mm:357585',$,$,#9082,#9086,'357585');
#9095=IFCMATERIALLAYER(#9040,160.,$);
#9096=IFCMATERIALLAYERSET((#9095),'Basic Wall:Generic - 160mm');
#9097=IFCMATERIALLAYERSETUSAGE(#9096,.AXIS2.,.NEGATIVE.,80.);
#9098=IFCWALLTYPE('1zlD4ydJz3GOe9NbhuuZAp',#6,'Basic Wall:Generic - 160mm',$,$,$,$,'357699',$,.STANDARD.);
#9099=IFCPROPERTYSINGLEVALUE('Reference',$,IFCIDENTIFIER('Generic - 160mm'),$);
#9100=IFCPROPERTYSET('0OJs965xb6m7U96EdCXQzd',#6,'Pset_QuantityTakeOff',$,(#9099));
#9101=IFCPROPERTYSINGLEVALUE('Reference',$,IFCLABEL('Generic - 160mm'),$);
#9102=IFCPROPERTYSET('04_$Vk1J8JW4nF9kYBnBtw',#6,'Pset_ReinforcementBarPitchOfWall',$,(#9101));
#9103=IFCPROPERTYSET('1SC3VcRiRrVjzuJSA8YO15',#6,'Pset_WallCommon',$,(#83,#6060,#6061,#9099));
#9104=IFCRELDEFINESBYPROPERTIES('2kH55PS54su8xuyrBBcQfs',#6,$,$,(#9094),#9100);
#9105=IFCRELDEFINESBYPROPERTIES('2fHHRSOcySnosIh00CAHn9',#6,$,$,(#9094),#9102);
#9106=IFCRELDEFINESBYPROPERTIES('2$kUOn347cPoxIxxdQHRtA',#6,$,$,(#9094),#9103);
#9107=IFCMAPPEDITEM(#4731,#1706);
#9108=IFCSHAPEREPRESENTATION(#15,'Body','MappedRepresentation',(#9107));
#9109=IFCPRODUCTDEFINITIONSHAPE($,$,(#9108));
#9110=IFCCARTESIANPOINT((20803.785745378871,-1438.6386702402317,-4000.));
#9111=IFCAXIS2PLACEMENT3D(#9110,$,$);
#9112=IFCLOCALPLACEMENT(#28,#9111);
#9113=IFCCOLUMN('1zlD4ydJz3GOe9NbhuuiEz',#6,'Column:200x300:361549',$,$,#9112,#9109,'361549');
#9114=IFCPROPERTYSET('1UQCHeQewy7gU7BtHOI_pH',#6,'Pset_ColumnCommon',$,(#82,#83,#2352));
#9115=IFCPROPERTYSET('36Ya94D1UnUzew4swio4qj',#6,'Pset_QuantityTakeOff',$,(#2352));
#9116=IFCPROPERTYSINGLEVALUE('Reference',$,IFCLABEL('200x300'),$);
#9117=IFCPROPERTYSET('3GRARc6aqbubHkG07nr3FX',#6,'Pset_ReinforcementBarPitchOfColumn',$,(#9116));
#9118=IFCRELDEFINESBYPROPERTIES('0AfRSk6_klQjNthqKmtJRR',#6,$,$,(#9113),#9114);
#9119=IFCRELDEFINESBYPROPERTIES('3G8E9kxSvOk4F0JbEwxP6J',#6,$,$,(#9113),#9115);
#9120=IFCRELDEFINESBYPROPERTIES('2SjJ7$xuEzMiLqIlZWRws3',#6,$,$,(#9113),#9117);
#9121=IFCMAPPEDITEM(#4731,#1706);
#9122=IFCSHAPEREPRESENTATION(#15,'Body','MappedRepresentation',(#9121));
#9123=IFCPRODUCTDEFINITIONSHAPE($,$,(#9122));
#9124=IFCCARTESIANPOINT((20803.785745378871,1761.3613297597685,-4000.));
#9125=IFCAXIS2PLACEMENT3D(#9124,$,$);
#9126=IFCLOCALPLACEMENT(#28,#9125);
#9127=IFCCOLUMN('1zlD4ydJz3GOe9NbhuuiE_',#6,'Column:200x300:361550',$,$,#9126,#9123,'361550');
#9128=IFCPROPERTYSET('0EL2uWCkQxiSSgoAkTul9S',#6,'Pset_ColumnCommon',$,(#82,#83,#2352));
#9129=IFCPROPERTYSET('16lau4cTLlR_dc5_c33L6Q',#6,'Pset_QuantityTakeOff',$,(#2352));
#9130=IFCPROPERTYSINGLEVALUE('Reference',$,IFCLABEL('200x300'),$);
#9131=IFCPROPERTYSET('1Zlh$Ad5wWIgmfxPvS4BrB',#6,'Pset_ReinforcementBarPitchOfColumn',$,(#9130));
#9132=IFCRELDEFINESBYPROPERTIES('3rl6BcY4Le16eyLHZWC$Ux',#6,$,$,(#9127),#9128);
#9133=IFCRELDEFINESBYPROPERTIES('0h0TvQfrWbZT$AeHovI5UA',#6,$,$,(#9127),#9129);
#9134=IFCRELDEFINESBYPROPERTIES('1_EYvb13qVTmnwlNPCQgX$',#6,$,$,(#9127),#9131);
#9135=IFCMAPPEDITEM(#4731,#1706);
#9136=IFCSHAPEREPRESENTATION(#15,'Body','MappedRepresentation',(#9135));
#9137=IFCPRODUCTDEFINITIONSHAPE($,$,(#9136));
#9138=IFCCARTESIANPOINT((20803.785745378871,4961.3613297597685,-4000.));
#9139=IFCAXIS2PLACEMENT3D(#9138,$,$);
#9140=IFCLOCALPLACEMENT(#28,#9139);
#9141=IFCCOLUMN('1zlD4ydJz3GOe9NbhuuiE$',#6,'Column:200x300:361551',$,$,#9140,#9137,'361551');
#9142=IFCPROPERTYSET('1TwMdkteip8a23hrt8iT$r',#6,'Pset_ColumnCommon',$,(#82,#83,#2352));
#9143=IFCPROPERTYSET('0o727fOReBQxe5ZoI4ZxAC',#6,'Pset_QuantityTakeOff',$,(#2352));
#9144=IFCPROPERTYSINGLEVALUE('Reference',$,IFCLABEL('200x300'),$);
#9145=IFCPROPERTYSET('1vC0idDs2RuliGmAy7XCm4',#6,'Pset_ReinforcementBarPitchOfColumn',$,(#9144));
#9146=IFCRELDEFINESBYPROPERTIES('0LRRSzVvoKPvAvRGOWXs9I',#6,$,$,(#9141),#9142);
#9147=IFCRELDEFINESBYPROPERTIES('3$mef6m1ZELGzvsrf9bnMW',#6,$,$,(#9141),#9143);
#9148=IFCRELDEFINESBYPROPERTIES('19y$HIvDzQ6N2jDgktHfdA',#6,$,$,(#9141),#9145);
#9149=IFCAXIS2PLACEMENT3D(#10,$,$);
#9150=IFCLOCALPLACEMENT(#24,#9149);
#9151=IFCCARTESIANPOINT((0.,0.));
#9152=IFCAXIS2PLACEMENT2D(#9151,#48);
#9153=IFCRECTANGLEPROFILEDEF(.AREA.,$,#9152,42830.000000000226,64459.999999999985);
#9154=IFCCARTESIANPOINT((-2021.2142546211028,-1423.638670240357,0.));
#9155=IFCAXIS2PLACEMENT3D(#9154,#52,#53);
#9156=IFCEXTRUDEDAREASOLID(#9153,#9155,#55,100.);
#9157=IFCCARTESIANPOINT((0.,0.));
#9158=IFCAXIS2PLACEMENT2D(#9157,#48);
#9159=IFCRECTANGLEPROFILEDEF(.AREA.,$,#9158,10069.99999999988,22574.99999999996);
#9160=IFCCARTESIANPOINT((-19608.714254621111,3226.3613297597976,-100.));
#9161=IFCAXIS2PLACEMENT3D(#9160,#55,#53);
#9162=IFCEXTRUDEDAREASOLID(#9159,#9161,#55,100.);
#9163=IFCBOOLEANRESULT(.DIFFERENCE.,#9156,#9162);
#9164=IFCCARTESIANPOINT((0.,2.7284841053187847E-012));
#9165=IFCAXIS2PLACEMENT2D(#9164,#48);
#9166=IFCRECTANGLEPROFILEDEF(.AREA.,$,#9165,10069.999999999874,21425.000000000364);
#9167=IFCCARTESIANPOINT((9591.2857453790675,3226.3613297597035,-100.));
#9168=IFCAXIS2PLACEMENT3D(#9167,#55,#53);
#9169=IFCEXTRUDEDAREASOLID(#9166,#9168,#55,100.);
#9170=IFCBOOLEANRESULT(.DIFFERENCE.,#9163,#9169);
#9171=IFCCARTESIANPOINT((0.,-2.1600499167107046E-012));
#9172=IFCAXIS2PLACEMENT2D(#9171,#48);
#9173=IFCRECTANGLEPROFILEDEF(.AREA.,$,#9172,3599.9999999999741,3599.9999999999873);
#9174=IFCCARTESIANPOINT((28178.785745378977,1861.3613297595232,-100.));
#9175=IFCAXIS2PLACEMENT3D(#9174,#55,#53);
#9176=IFCEXTRUDEDAREASOLID(#9173,#9175,#55,100.);
#9177=IFCBOOLEANRESULT(.DIFFERENCE.,#9170,#9176);
#9178=IFCSTYLEDITEM(#9156,(#1695),$);
#9179=IFCSHAPEREPRESENTATION(#15,'Body','CSG',(#9177));
#9180=IFCPRODUCTDEFINITIONSHAPE($,$,(#9179));
#9181=IFCSLAB('1zlD4ydJz3GOe9NbhuujPE',#6,'Floor:Generic 100mm:364990',$,$,#9150,#9180,'364990',.FLOOR.);
#9182=IFCCARTESIANPOINT((28178.785745378977,1861.3613297595248));
#9183=IFCAXIS2PLACEMENT2D(#9182,#8038);
#9184=IFCRECTANGLEPROFILEDEF(.AREA.,$,#9183,3599.999999999975,3599.9999999999818);
#9185=IFCAXIS2PLACEMENT3D(#10,$,$);
#9186=IFCEXTRUDEDAREASOLID(#9184,#9185,#52,100.);
#9187=IFCSHAPEREPRESENTATION(#15,'Body','SweptSolid',(#9186));
#9188=IFCPRODUCTDEFINITIONSHAPE($,$,(#9187));
#9189=IFCAXIS2PLACEMENT3D(#10,$,$);
#9190=IFCLOCALPLACEMENT(#9150,#9189);
#9191=IFCOPENINGELEMENT('3QIaQeZHoLNgpUkaJ54Nh3',#6,'Floor:Generic 100mm:365008',$,'Opening',#9190,#9188,'365078');
#9192=IFCRELVOIDSELEMENT('0qU6PXFTRyV8I0Q6F_ZNdQ',#6,$,$,#9181,#9191);
#9193=IFCCARTESIANPOINT((-19608.714254621111,3226.3613297597967));
#9194=IFCAXIS2PLACEMENT2D(#9193,#8038);
#9195=IFCRECTANGLEPROFILEDEF(.AREA.,$,#9194,10069.99999999988,22574.999999999964);
#9196=IFCAXIS2PLACEMENT3D(#10,$,$);
#9197=IFCEXTRUDEDAREASOLID(#9195,#9196,#52,100.);
#9198=IFCSHAPEREPRESENTATION(#15,'Body','SweptSolid',(#9197));
#9199=IFCPRODUCTDEFINITIONSHAPE($,$,(#9198));
#9200=IFCAXIS2PLACEMENT3D(#10,$,$);
#9201=IFCLOCALPLACEMENT(#9150,#9200);
#9202=IFCOPENINGELEMENT('1ZiNVSc$f$p04lwxp7wFkK',#6,'Floor:Generic 100mm:365008',$,'Opening',#9201,#9199,'365101');
#9203=IFCRELVOIDSELEMENT('1KNQ3Dh72dSewHlqHDhE9a',#6,$,$,#9181,#9202);
#9204=IFCCARTESIANPOINT((9591.2857453790657,3226.3613297597021));
#9205=IFCAXIS2PLACEMENT2D(#9204,#8038);
#9206=IFCRECTANGLEPROFILEDEF(.AREA.,$,#9205,10069.999999999876,21425.000000000367);
#9207=IFCAXIS2PLACEMENT3D(#10,$,$);
#9208=IFCEXTRUDEDAREASOLID(#9206,#9207,#52,100.);
#9209=IFCSHAPEREPRESENTATION(#15,'Body','SweptSolid',(#9208));
#9210=IFCPRODUCTDEFINITIONSHAPE($,$,(#9209));
#9211=IFCAXIS2PLACEMENT3D(#10,$,$);
#9212=IFCLOCALPLACEMENT(#9150,#9211);
#9213=IFCOPENINGELEMENT('2QRI2wzkiEbwwer273yBIn',#6,'Floor:Generic 100mm:365008',$,'Opening',#9212,#9210,'365124');
#9214=IFCRELVOIDSELEMENT('2dvHc9msHDVtrFJ_fPwffl',#6,$,$,#9181,#9213);
#9215=IFCSLABTYPE('1zlD4ydJz3GOe9NbhuujOW',#6,'Floor:Generic 100mm',$,$,(#9240),$,'365008',$,.FLOOR.);
#9216=IFCMATERIALLAYER(#1701,100.,$);
#9217=IFCMATERIALLAYERSET((#9216),'Floor:Generic 100mm');
#9218=IFCMATERIALLAYERSETUSAGE(#9217,.AXIS3.,.POSITIVE.,0.);
#9219=IFCPROPERTYSINGLEVALUE('Reference',$,IFCIDENTIFIER('Generic 100mm'),$);
#9220=IFCPROPERTYSET('3kX6PkXmTWgANbNb0BIb2p',#6,'Pset_QuantityTakeOff',$,(#9219));
#9221=IFCPROPERTYSINGLEVALUE('Reference',$,IFCLABEL('Generic 100mm'),$);
#9222=IFCPROPERTYSET('2YP37Yy3ly8QoJfhKb8BGe',#6,'Pset_ReinforcementBarPitchOfSlab',$,(#9221));
#9223=IFCPROPERTYSET('2ziMZOPM_K1YEU7NUbKbrT',#6,'Pset_SlabCommon',$,(#82,#83,#84,#9219));
#9224=IFCPROPERTYSET('1S7_grsWFaROOgI9N$DFYQ',#6,'Pset_OpeningElementCommon',$,(#9219));
#9225=IFCPROPERTYSET('2lLak7r3iSgb5WCgXqyoKP',#6,'Pset_QuantityTakeOff',$,(#9219));
#9226=IFCPROPERTYSET('0wP9FptWoz6wesgPhJKgEm',#6,'Pset_OpeningElementCommon',$,(#9219));
#9227=IFCPROPERTYSET('10yi96Rpfk1drf0Qbotwh7',#6,'Pset_QuantityTakeOff',$,(#9219));
#9228=IFCPROPERTYSET('3ePAAaYfL_A9i0RaKMBQee',#6,'Pset_OpeningElementCommon',$,(#9219));
#9229=IFCPROPERTYSET('14PNw0HglbCjQtQM9UAMs1',#6,'Pset_QuantityTakeOff',$,(#9219));
#9230=IFCRELDEFINESBYPROPERTIES('3LYwgVscPgYeHWX1s0ZG9p',#6,$,$,(#9181),#9220);
#9231=IFCRELDEFINESBYPROPERTIES('2aEcqmp0kaUTMu6qm0o3Ow',#6,$,$,(#9181),#9222);
#9232=IFCRELDEFINESBYPROPERTIES('2CbXoNv5pKpxkaBmWp5JKs',#6,$,$,(#9181),#9223);
#9233=IFCRELDEFINESBYPROPERTIES('3KVFZIiWJR1DkatV7MW8qE',#6,$,$,(#9191),#9224);
#9234=IFCRELDEFINESBYPROPERTIES('3P003ykKBjaRH4j8IKQARv',#6,$,$,(#9191),#9225);
#9235=IFCRELDEFINESBYPROPERTIES('3ABLF5$VYWwL8vy2PISw4G',#6,$,$,(#9202),#9226);
#9236=IFCRELDEFINESBYPROPERTIES('1mnQixO$usX6BTFXB2h_jJ',#6,$,$,(#9202),#9227);
#9237=IFCRELDEFINESBYPROPERTIES('0OZiBe39IqXXjKqiSvKbIF',#6,$,$,(#9213),#9228);
#9238=IFCRELDEFINESBYPROPERTIES('11I3p82EYBI_Ro7TqcJRb4',#6,$,$,(#9213),#9229);
#9239=IFCPROPERTYSINGLEVALUE('ThermalTransmittance',$,IFCTHERMALTRANSMITTANCEMEASURE(10.460000000000001),$);
#9240=IFCPROPERTYSET('3dNFX2cUvrdBPJngCgJUsg',#6,'Pset_SlabCommon',$,(#9239));
#9241=IFCCARTESIANPOINT((23578.785745378958,8161.3613297595748,-120.));
#9242=IFCAXIS2PLACEMENT3D(#9241,#55,#3163);
#9243=IFCLOCALPLACEMENT(#32,#9242);
#9244=IFCCARTESIANPOINT((-5.1159076974727213E-013,0.));
#9245=IFCAXIS2PLACEMENT2D(#9244,#48);
#9246=IFCRECTANGLEPROFILEDEF(.AREA.,'Beam 220x1100',#9245,1100.,220.00000000000196);
#9247=IFCCARTESIANPOINT((112.70000000000145,15.,-550.));
#9248=IFCAXIS2PLACEMENT3D(#9247,#3130,#52);
#9249=IFCEXTRUDEDAREASOLID(#9246,#9248,#55,12554.599999999999);
#9250=IFCSHAPEREPRESENTATION(#15,'Body','SweptSolid',(#9249));
#9251=IFCCARTESIANPOINT((12775.,0.));
#9252=IFCPOLYLINE((#3139,#9251));
#9253=IFCSHAPEREPRESENTATION(#14,'Axis','Curve2D',(#9252));
#9254=IFCPRODUCTDEFINITIONSHAPE($,$,(#9253,#9250));
#9255=IFCBEAM('1zlD4ydJz3GOe9NbhuujFU',#6,'Beam:Beam 220x1100:365614',$,$,#9243,#9254,'365614');
#9256=IFCPROPERTYSINGLEVALUE('Span',$,IFCPOSITIVELENGTHMEASURE(12775.),$);
#9257=IFCPROPERTYSET('21YmCR8wzQV8us3Kp4bleC',#6,'Pset_BeamCommon',$,(#82,#83,#3153,#5889,#9256));
#9258=IFCPROPERTYSET('1NZF9SZQIwucZxmFTw4RSR',#6,'Pset_QuantityTakeOff',$,(#5889));
#9259=IFCPROPERTYSINGLEVALUE('Reference',$,IFCLABEL('Beam 220x1100'),$);
#9260=IFCPROPERTYSET('2L56agjkiEZt2EYGavvUAE',#6,'Pset_ReinforcementBarPitchOfBeam',$,(#9259));
#9261=IFCRELDEFINESBYPROPERTIES('1NnbCgsr48YT2GJBItAqVL',#6,$,$,(#9255),#9257);
#9262=IFCRELDEFINESBYPROPERTIES('2ujZFGL6YLzbIehokmWm_F',#6,$,$,(#9255),#9258);
#9263=IFCRELDEFINESBYPROPERTIES('1bEvskSLE1O6MmQoYt$nVY',#6,$,$,(#9255),#9260);
#9264=IFCMAPPEDITEM(#8345,#1706);
#9265=IFCSHAPEREPRESENTATION(#15,'Body','MappedRepresentation',(#9264));
#9266=IFCPRODUCTDEFINITIONSHAPE($,$,(#9265));
#9267=IFCCARTESIANPOINT((-24421.214254621151,-14238.638670240276,-10500.));
#9268=IFCAXIS2PLACEMENT3D(#9267,$,$);
#9269=IFCLOCALPLACEMENT(#36,#9268);
#9270=IFCCOLUMN('0juuILpVP6_QYAGELVeeAZ',#6,'Column_Timber:200x240 L=1140:368518',$,$,#9269,#9266,'368518');
#9271=IFCPROPERTYSET('24UsHEonuHweOkQcPhO$0H',#6,'Pset_ColumnCommon',$,(#82,#83,#8354));
#9272=IFCPROPERTYSET('2Wosg7$kqfTPyfEdJ$M0TY',#6,'Pset_QuantityTakeOff',$,(#8354));
#9273=IFCPROPERTYSINGLEVALUE('Reference',$,IFCLABEL('200x240 L=1140'),$);
#9274=IFCPROPERTYSET('19sU0iCL3raa8tctUZs42g',#6,'Pset_ReinforcementBarPitchOfColumn',$,(#9273));
#9275=IFCRELDEFINESBYPROPERTIES('2Bl1XLbMCfZJ0rrtXQ23d7',#6,$,$,(#9270),#9271);
#9276=IFCRELDEFINESBYPROPERTIES('3UsZlXAhsdJJB15CzfBiIa',#6,$,$,(#9270),#9272);
#9277=IFCRELDEFINESBYPROPERTIES('3jt9qcVKF_RrsCSPg9iLIx',#6,$,$,(#9270),#9274);
#9278=IFCMAPPEDITEM(#8345,#1706);
#9279=IFCSHAPEREPRESENTATION(#15,'Body','MappedRepresentation',(#9278));
#9280=IFCPRODUCTDEFINITIONSHAPE($,$,(#9279));
#9281=IFCCARTESIANPOINT((-21221.214254621151,-14238.638670240287,-10500.));
#9282=IFCAXIS2PLACEMENT3D(#9281,$,$);
#9283=IFCLOCALPLACEMENT(#36,#9282);
#9284=IFCCOLUMN('0juuILpVP6_QYAGELVeeAo',#6,'Column_Timber:200x240 L=1140:368535',$,$,#9283,#9280,'368535');
#9285=IFCPROPERTYSET('3NpbpzE5Vol3cSxJ5bD45R',#6,'Pset_ColumnCommon',$,(#82,#83,#8354));
#9286=IFCPROPERTYSET('17mr50W3x3ifQ8hgpLbydz',#6,'Pset_QuantityTakeOff',$,(#8354));
#9287=IFCPROPERTYSINGLEVALUE('Reference',$,IFCLABEL('200x240 L=1140'),$);
#9288=IFCPROPERTYSET('2qOIUaKaoXRmq7tVU14rZp',#6,'Pset_ReinforcementBarPitchOfColumn',$,(#9287));
#9289=IFCRELDEFINESBYPROPERTIES('1Q9CbGWmzz0w_yMDidKVRz',#6,$,$,(#9284),#9285);
#9290=IFCRELDEFINESBYPROPERTIES('0Ukn4LG5ZXyapnlxcbFOI2',#6,$,$,(#9284),#9286);
#9291=IFCRELDEFINESBYPROPERTIES('3zF4h1AfKN9PUQdhmuicia',#6,$,$,(#9284),#9288);
#9292=IFCMAPPEDITEM(#8345,#1706);
#9293=IFCSHAPEREPRESENTATION(#15,'Body','MappedRepresentation',(#9292));
#9294=IFCPRODUCTDEFINITIONSHAPE($,$,(#9293));
#9295=IFCCARTESIANPOINT((-30821.214254621162,-14238.638670240258,-10500.));
#9296=IFCAXIS2PLACEMENT3D(#9295,$,$);
#9297=IFCLOCALPLACEMENT(#36,#9296);
#9298=IFCCOLUMN('0juuILpVP6_QYAGELVeeAE',#6,'Column_Timber:200x240 L=1140:368555',$,$,#9297,#9294,'368555');
#9299=IFCPROPERTYSET('15f$WN1j9ICGHCFZYtlne8',#6,'Pset_ColumnCommon',$,(#82,#83,#8354));
#9300=IFCPROPERTYSET('0iJ4_aTKzqxXcmGwP$MlDT',#6,'Pset_QuantityTakeOff',$,(#8354));
#9301=IFCPROPERTYSINGLEVALUE('Reference',$,IFCLABEL('200x240 L=1140'),$);
#9302=IFCPROPERTYSET('2Iyw$UCG0SB8yezOsWChWg',#6,'Pset_ReinforcementBarPitchOfColumn',$,(#9301));
#9303=IFCRELDEFINESBYPROPERTIES('2QrXIrV2_zvKfvUyniAGmd',#6,$,$,(#9298),#9299);
#9304=IFCRELDEFINESBYPROPERTIES('1qv1OINDYX0bc5dINvpJI3',#6,$,$,(#9298),#9300);
#9305=IFCRELDEFINESBYPROPERTIES('3JQ_Pft4c8F7i6wAnt4r4D',#6,$,$,(#9298),#9302);
#9306=IFCMAPPEDITEM(#7581,#1706);
#9307=IFCSHAPEREPRESENTATION(#15,'Body','MappedRepresentation',(#9306));
#9308=IFCPRODUCTDEFINITIONSHAPE($,$,(#9307));
#9309=IFCCARTESIANPOINT((-34021.214254621162,-14238.638670240283,-7500.));
#9310=IFCAXIS2PLACEMENT3D(#9309,$,$);
#9311=IFCLOCALPLACEMENT(#32,#9310);
#9312=IFCCOLUMN('0juuILpVP6_QYAGELVeeAQ',#6,'Column_Timber:200x200:368575',$,$,#9311,#9308,'368575');
#9313=IFCPROPERTYSET('3pZ0plDVSi8WHrgBzN5JY0',#6,'Pset_ColumnCommon',$,(#82,#83,#2406));
#9314=IFCPROPERTYSET('2Szzto4grmx5eU2XBFUiuV',#6,'Pset_QuantityTakeOff',$,(#2406));
#9315=IFCPROPERTYSINGLEVALUE('Reference',$,IFCLABEL('200x200'),$);
#9316=IFCPROPERTYSET('2Eg4ahVMoCJIdIfoXmQm6N',#6,'Pset_ReinforcementBarPitchOfColumn',$,(#9315));
#9317=IFCRELDEFINESBYPROPERTIES('2swvR4VI6snAa47NQXJaml',#6,$,$,(#9312),#9313);
#9318=IFCRELDEFINESBYPROPERTIES('0WoIYtV$sCot14rAjxxM6d',#6,$,$,(#9312),#9314);
#9319=IFCRELDEFINESBYPROPERTIES('2Jl31_aj13vA4ztBj7Qyz4',#6,$,$,(#9312),#9316);
#9320=IFCMAPPEDITEM(#8345,#1706);
#9321=IFCSHAPEREPRESENTATION(#15,'Body','MappedRepresentation',(#9320));
#9322=IFCPRODUCTDEFINITIONSHAPE($,$,(#9321));
#9323=IFCCARTESIANPOINT((-18021.214254621151,-14238.638670240336,-10500.));
#9324=IFCAXIS2PLACEMENT3D(#9323,$,$);
#9325=IFCLOCALPLACEMENT(#36,#9324);
#9326=IFCCOLUMN('0juuILpVP6_QYAGELVeeBh',#6,'Column_Timber:200x240 L=1140:368590',$,$,#9325,#9322,'368590');
#9327=IFCPROPERTYSET('1uwYSbFjAmy$yTuNWV4kye',#6,'Pset_ColumnCommon',$,(#82,#83,#8354));
#9328=IFCPROPERTYSET('0QuxInVhGhUskB4cYxQOGw',#6,'Pset_QuantityTakeOff',$,(#8354));
#9329=IFCPROPERTYSINGLEVALUE('Reference',$,IFCLABEL('200x240 L=1140'),$);
#9330=IFCPROPERTYSET('11b9DVrBwaTogxsP8Ua_BX',#6,'Pset_ReinforcementBarPitchOfColumn',$,(#9329));
#9331=IFCRELDEFINESBYPROPERTIES('0y4IRv9cywLjcAdTbxrAj2',#6,$,$,(#9326),#9327);
#9332=IFCRELDEFINESBYPROPERTIES('2oIaRlTGKVknhbAXFfPMZn',#6,$,$,(#9326),#9328);
#9333=IFCRELDEFINESBYPROPERTIES('36oI4mzicoEhkO8WYBUDG6',#6,$,$,(#9326),#9330);
#9334=IFCMAPPEDITEM(#8345,#1706);
#9335=IFCSHAPEREPRESENTATION(#15,'Body','MappedRepresentation',(#9334));
#9336=IFCPRODUCTDEFINITIONSHAPE($,$,(#9335));
#9337=IFCCARTESIANPOINT((-14821.214254621138,-14238.638670240347,-10500.));
#9338=IFCAXIS2PLACEMENT3D(#9337,$,$);
#9339=IFCLOCALPLACEMENT(#36,#9338);
#9340=IFCCOLUMN('0juuILpVP6_QYAGELVeeB$',#6,'Column_Timber:200x240 L=1140:368602',$,$,#9339,#9336,'368602');
#9341=IFCPROPERTYSET('3RyBw0BQJJ6FXfoWpksahJ',#6,'Pset_ColumnCommon',$,(#82,#83,#8354));
#9342=IFCPROPERTYSET('1y8Ji0KR2qU_KGHk$o5bPP',#6,'Pset_QuantityTakeOff',$,(#8354));
#9343=IFCPROPERTYSINGLEVALUE('Reference',$,IFCLABEL('200x240 L=1140'),$);
#9344=IFCPROPERTYSET('2SuOwc$5583OaSRBZ2lvrD',#6,'Pset_ReinforcementBarPitchOfColumn',$,(#9343));
#9345=IFCRELDEFINESBYPROPERTIES('302yrU7I2$1Qs8a2ObnLDB',#6,$,$,(#9340),#9341);
#9346=IFCRELDEFINESBYPROPERTIES('0StiVc6OxMSlYoD6AtfNJX',#6,$,$,(#9340),#9342);
#9347=IFCRELDEFINESBYPROPERTIES('0WcBAv6bgbTAaX8TLmex$m',#6,$,$,(#9340),#9344);
#9348=IFCMAPPEDITEM(#8345,#1706);
#9349=IFCSHAPEREPRESENTATION(#15,'Body','MappedRepresentation',(#9348));
#9350=IFCPRODUCTDEFINITIONSHAPE($,$,(#9349));
#9351=IFCCARTESIANPOINT((-11621.214254621138,-14238.638670240358,-10500.));
#9352=IFCAXIS2PLACEMENT3D(#9351,$,$);
#9353=IFCLOCALPLACEMENT(#36,#9352);
#9354=IFCCOLUMN('0juuILpVP6_QYAGELVeeB3',#6,'Column_Timber:200x240 L=1140:368614',$,$,#9353,#9350,'368614');
#9355=IFCPROPERTYSET('3$SGG0mn7CDvc$9s5_397x',#6,'Pset_ColumnCommon',$,(#82,#83,#8354));
#9356=IFCPROPERTYSET('3oUwyg7IyBsXKEFBOOuO$Z',#6,'Pset_QuantityTakeOff',$,(#8354));
#9357=IFCPROPERTYSINGLEVALUE('Reference',$,IFCLABEL('200x240 L=1140'),$);
#9358=IFCPROPERTYSET('1bGz$w1wElTeiVNCFJ_wOp',#6,'Pset_ReinforcementBarPitchOfColumn',$,(#9357));
#9359=IFCRELDEFINESBYPROPERTIES('3ZK8nzFoDR$BTpAfXTdpyp',#6,$,$,(#9354),#9355);
#9360=IFCRELDEFINESBYPROPERTIES('317Bb33TYs6Bb0A7noXeIM',#6,$,$,(#9354),#9356);
#9361=IFCRELDEFINESBYPROPERTIES('0ddx_D3dqVz4p0ssy8IgOO',#6,$,$,(#9354),#9358);
#9362=IFCMAPPEDITEM(#8345,#1706);
#9363=IFCSHAPEREPRESENTATION(#15,'Body','MappedRepresentation',(#9362));
#9364=IFCPRODUCTDEFINITIONSHAPE($,$,(#9363));
#9365=IFCCARTESIANPOINT((-8421.2142546211508,-14238.638670240369,-10500.));
#9366=IFCAXIS2PLACEMENT3D(#9365,$,$);
#9367=IFCLOCALPLACEMENT(#36,#9366);
#9368=IFCCOLUMN('0juuILpVP6_QYAGELVeeBR',#6,'Column_Timber:200x240 L=1140:368638',$,$,#9367,#9364,'368638');
#9369=IFCPROPERTYSET('3zutM3HJhHK1ogh3xfRsUM',#6,'Pset_ColumnCommon',$,(#82,#83,#8354));
#9370=IFCPROPERTYSET('0ImWUm4_x_wwda0TjdHcdF',#6,'Pset_QuantityTakeOff',$,(#8354));
#9371=IFCPROPERTYSINGLEVALUE('Reference',$,IFCLABEL('200x240 L=1140'),$);
#9372=IFCPROPERTYSET('1fEKwdRIb40dnOPH_jkhXR',#6,'Pset_ReinforcementBarPitchOfColumn',$,(#9371));
#9373=IFCRELDEFINESBYPROPERTIES('3gEEHAxXFlm356QSmsHy2S',#6,$,$,(#9368),#9369);
#9374=IFCRELDEFINESBYPROPERTIES('3EddkgNZMN2wSDrqx3vtNp',#6,$,$,(#9368),#9370);
#9375=IFCRELDEFINESBYPROPERTIES('2HzuX$RsB_93B1PrYBFXZB',#6,$,$,(#9368),#9372);
#9376=IFCMAPPEDITEM(#8345,#1706);
#9377=IFCSHAPEREPRESENTATION(#15,'Body','MappedRepresentation',(#9376));
#9378=IFCPRODUCTDEFINITIONSHAPE($,$,(#9377));
#9379=IFCCARTESIANPOINT((-5221.2142546211417,-14238.63867024038,-10500.));
#9380=IFCAXIS2PLACEMENT3D(#9379,$,$);
#9381=IFCLOCALPLACEMENT(#36,#9380);
#9382=IFCCOLUMN('0juuILpVP6_QYAGELVehql',#6,'Column_Timber:200x240 L=1140:368650',$,$,#9381,#9378,'368650');
#9383=IFCPROPERTYSET('1RV1P$fNvaNyob24dsMsXb',#6,'Pset_ColumnCommon',$,(#82,#83,#8354));
#9384=IFCPROPERTYSET('3$zM94KrxgGv5c5xigTn$Q',#6,'Pset_QuantityTakeOff',$,(#8354));
#9385=IFCPROPERTYSINGLEVALUE('Reference',$,IFCLABEL('200x240 L=1140'),$);
#9386=IFCPROPERTYSET('1yTHXENvUJVq8B2JVlKRsd',#6,'Pset_ReinforcementBarPitchOfColumn',$,(#9385));
#9387=IFCRELDEFINESBYPROPERTIES('23UVNZWval6IWnkqw3keHa',#6,$,$,(#9382),#9383);
#9388=IFCRELDEFINESBYPROPERTIES('1r4guU2$FiYH89FYoleASB',#6,$,$,(#9382),#9384);
#9389=IFCRELDEFINESBYPROPERTIES('3bFyoD5$SsqFfDi33eLsII',#6,$,$,(#9382),#9386);
#9390=IFCMAPPEDITEM(#8345,#1706);
#9391=IFCSHAPEREPRESENTATION(#15,'Body','MappedRepresentation',(#9390));
#9392=IFCPRODUCTDEFINITIONSHAPE($,$,(#9391));
#9393=IFCCARTESIANPOINT((-2021.2142546211423,-14238.638670240391,-10500.));
#9394=IFCAXIS2PLACEMENT3D(#9393,$,$);
#9395=IFCLOCALPLACEMENT(#36,#9394);
#9396=IFCCOLUMN('0juuILpVP6_QYAGELVehqp',#6,'Column_Timber:200x240 L=1140:368662',$,$,#9395,#9392,'368662');
#9397=IFCPROPERTYSET('0V6_CZgrDVoojY_KguuotY',#6,'Pset_ColumnCommon',$,(#82,#83,#8354));
#9398=IFCPROPERTYSET('3ccIuSmNOgXyGQj4LPqzeN',#6,'Pset_QuantityTakeOff',$,(#8354));
#9399=IFCPROPERTYSINGLEVALUE('Reference',$,IFCLABEL('200x240 L=1140'),$);
#9400=IFCPROPERTYSET('0dgiMcjHyTqRDp9QV6Bbwf',#6,'Pset_ReinforcementBarPitchOfColumn',$,(#9399));
#9401=IFCRELDEFINESBYPROPERTIES('279SlFtvciwohy_mUml1U_',#6,$,$,(#9396),#9397);
#9402=IFCRELDEFINESBYPROPERTIES('2Tu5fchQa4M7SMKO1sA9sz',#6,$,$,(#9396),#9398);
#9403=IFCRELDEFINESBYPROPERTIES('1iv8jbFjYZzt19HhAajU4Q',#6,$,$,(#9396),#9400);
#9404=IFCMAPPEDITEM(#8345,#1706);
#9405=IFCSHAPEREPRESENTATION(#15,'Body','MappedRepresentation',(#9404));
#9406=IFCPRODUCTDEFINITIONSHAPE($,$,(#9405));
#9407=IFCCARTESIANPOINT((1178.7857453788583,-14238.638670240402,-10500.));
#9408=IFCAXIS2PLACEMENT3D(#9407,$,$);
#9409=IFCLOCALPLACEMENT(#36,#9408);
#9410=IFCCOLUMN('0juuILpVP6_QYAGELVehq3',#6,'Column_Timber:200x240 L=1140:368678',$,$,#9409,#9406,'368678');
#9411=IFCPROPERTYSET('3lHk2ZVWc0_SSwULBiIOmr',#6,'Pset_ColumnCommon',$,(#82,#83,#8354));
#9412=IFCPROPERTYSET('1sYPE9pDVmrxoL0eY4X3Wr',#6,'Pset_QuantityTakeOff',$,(#8354));
#9413=IFCPROPERTYSINGLEVALUE('Reference',$,IFCLABEL('200x240 L=1140'),$);
#9414=IFCPROPERTYSET('3BacuteHpte7IcPLDwTaTn',#6,'Pset_ReinforcementBarPitchOfColumn',$,(#9413));
#9415=IFCRELDEFINESBYPROPERTIES('3oBkT$UdlZgLwfSGd99_K8',#6,$,$,(#9410),#9411);
#9416=IFCRELDEFINESBYPROPERTIES('2FtWrpjBES1JyWb6B4pw90',#6,$,$,(#9410),#9412);
#9417=IFCRELDEFINESBYPROPERTIES('1TA5coZ5yDXDWqWTDOrGFd',#6,$,$,(#9410),#9414);
#9418=IFCMAPPEDITEM(#8345,#1706);
#9419=IFCSHAPEREPRESENTATION(#15,'Body','MappedRepresentation',(#9418));
#9420=IFCPRODUCTDEFINITIONSHAPE($,$,(#9419));
#9421=IFCCARTESIANPOINT((4378.7857453789102,-14238.638670240412,-10500.));
#9422=IFCAXIS2PLACEMENT3D(#9421,$,$);
#9423=IFCLOCALPLACEMENT(#36,#9422);
#9424=IFCCOLUMN('0juuILpVP6_QYAGELVehqJ',#6,'Column_Timber:200x240 L=1140:368694',$,$,#9423,#9420,'368694');
#9425=IFCPROPERTYSET('0OmsZX$OlKJUcQ_RUjEl51',#6,'Pset_ColumnCommon',$,(#82,#83,#8354));
#9426=IFCPROPERTYSET('0j5wqyC2xQlt_e_iS9k$6G',#6,'Pset_QuantityTakeOff',$,(#8354));
#9427=IFCPROPERTYSINGLEVALUE('Reference',$,IFCLABEL('200x240 L=1140'),$);
#9428=IFCPROPERTYSET('3eTlpblvfex1tjQ$IM063V',#6,'Pset_ReinforcementBarPitchOfColumn',$,(#9427));
#9429=IFCRELDEFINESBYPROPERTIES('0KZpt_wBUgsJmwKh5P7u77',#6,$,$,(#9424),#9425);
#9430=IFCRELDEFINESBYPROPERTIES('2Hn6PpujdtXUgI9afPrUj2',#6,$,$,(#9424),#9426);
#9431=IFCRELDEFINESBYPROPERTIES('2TRl1ND4sFlBn3b33bkvGH',#6,$,$,(#9424),#9428);
#9432=IFCMAPPEDITEM(#8345,#1706);
#9433=IFCSHAPEREPRESENTATION(#15,'Body','MappedRepresentation',(#9432));
#9434=IFCPRODUCTDEFINITIONSHAPE($,$,(#9433));
#9435=IFCCARTESIANPOINT((7578.7857453789284,-14238.638670240423,-10500.));
#9436=IFCAXIS2PLACEMENT3D(#9435,$,$);
#9437=IFCLOCALPLACEMENT(#36,#9436);
#9438=IFCCOLUMN('0juuILpVP6_QYAGELVehrZ',#6,'Column_Timber:200x240 L=1140:368710',$,$,#9437,#9434,'368710');
#9439=IFCPROPERTYSET('3aOgGMxSGZ5FZqCQ_SkCqR',#6,'Pset_ColumnCommon',$,(#82,#83,#8354));
#9440=IFCPROPERTYSET('0FgyFZMYYRewExpxpfApKS',#6,'Pset_QuantityTakeOff',$,(#8354));
#9441=IFCPROPERTYSINGLEVALUE('Reference',$,IFCLABEL('200x240 L=1140'),$);
#9442=IFCPROPERTYSET('0$t34Fw8dzn9T_6DJUTWPS',#6,'Pset_ReinforcementBarPitchOfColumn',$,(#9441));
#9443=IFCRELDEFINESBYPROPERTIES('0Rlzth5jBjsV8rkY2h89Xh',#6,$,$,(#9438),#9439);
#9444=IFCRELDEFINESBYPROPERTIES('02PG$_rKv09RX9JMV2eMSg',#6,$,$,(#9438),#9440);
#9445=IFCRELDEFINESBYPROPERTIES('2elkUk__k4ZgDDKroySBir',#6,$,$,(#9438),#9442);
#9446=IFCMAPPEDITEM(#8345,#1706);
#9447=IFCSHAPEREPRESENTATION(#15,'Body','MappedRepresentation',(#9446));
#9448=IFCPRODUCTDEFINITIONSHAPE($,$,(#9447));
#9449=IFCCARTESIANPOINT((10778.785745378877,-14238.638670240434,-10500.));
#9450=IFCAXIS2PLACEMENT3D(#9449,$,$);
#9451=IFCLOCALPLACEMENT(#36,#9450);
#9452=IFCCOLUMN('0juuILpVP6_QYAGELVehrt',#6,'Column_Timber:200x240 L=1140:368722',$,$,#9451,#9448,'368722');
#9453=IFCPROPERTYSET('1ro6yxI0uAowp1VHR9BtuA',#6,'Pset_ColumnCommon',$,(#82,#83,#8354));
#9454=IFCPROPERTYSET('1mp0b0xiS7j$6INBbCBgAN',#6,'Pset_QuantityTakeOff',$,(#8354));
#9455=IFCPROPERTYSINGLEVALUE('Reference',$,IFCLABEL('200x240 L=1140'),$);
#9456=IFCPROPERTYSET('33AipHqBABE0OFwjDRvUHr',#6,'Pset_ReinforcementBarPitchOfColumn',$,(#9455));
#9457=IFCRELDEFINESBYPROPERTIES('3zmN3Sqoh6e0KLw$Y5bP$5',#6,$,$,(#9452),#9453);
#9458=IFCRELDEFINESBYPROPERTIES('1kHUp9KgFOoc25$Ag23uh1',#6,$,$,(#9452),#9454);
#9459=IFCRELDEFINESBYPROPERTIES('2BbEsRjFc$vqxGD_paEiqj',#6,$,$,(#9452),#9456);
#9460=IFCMAPPEDITEM(#8345,#1706);
#9461=IFCSHAPEREPRESENTATION(#15,'Body','MappedRepresentation',(#9460));
#9462=IFCPRODUCTDEFINITIONSHAPE($,$,(#9461));
#9463=IFCCARTESIANPOINT((13978.785745378877,-14238.638670240443,-10500.));
#9464=IFCAXIS2PLACEMENT3D(#9463,$,$);
#9465=IFCLOCALPLACEMENT(#36,#9464);
#9466=IFCCOLUMN('0juuILpVP6_QYAGELVehrx',#6,'Column_Timber:200x240 L=1140:368734',$,$,#9465,#9462,'368734');
#9467=IFCPROPERTYSET('30VYRsVZE1xLhkc98KiyhC',#6,'Pset_ColumnCommon',$,(#82,#83,#8354));
#9468=IFCPROPERTYSET('11CPrsAfMEZuKM6K8KQbXi',#6,'Pset_QuantityTakeOff',$,(#8354));
#9469=IFCPROPERTYSINGLEVALUE('Reference',$,IFCLABEL('200x240 L=1140'),$);
#9470=IFCPROPERTYSET('117xAt8xiz3OlntiHkH1um',#6,'Pset_ReinforcementBarPitchOfColumn',$,(#9469));
#9471=IFCRELDEFINESBYPROPERTIES('2RiSZgfb7Tlnhq5n1fA0wg',#6,$,$,(#9466),#9467);
#9472=IFCRELDEFINESBYPROPERTIES('2w$GRa_q4ZKGlgqlgIWyDL',#6,$,$,(#9466),#9468);
#9473=IFCRELDEFINESBYPROPERTIES('2obbOcEeWlMhApg_YWNy$j',#6,$,$,(#9466),#9470);
#9474=IFCMAPPEDITEM(#8345,#1706);
#9475=IFCSHAPEREPRESENTATION(#15,'Body','MappedRepresentation',(#9474));
#9476=IFCPRODUCTDEFINITIONSHAPE($,$,(#9475));
#9477=IFCCARTESIANPOINT((17178.785745378857,-14238.638670240409,-10500.));
#9478=IFCAXIS2PLACEMENT3D(#9477,$,$);
#9479=IFCLOCALPLACEMENT(#36,#9478);
#9480=IFCCOLUMN('0juuILpVP6_QYAGELVehrL',#6,'Column_Timber:200x240 L=1140:368752',$,$,#9479,#9476,'368752');
#9481=IFCPROPERTYSET('1dIgIwe3efgqmzs8wJ6Dli',#6,'Pset_ColumnCommon',$,(#82,#83,#8354));
#9482=IFCPROPERTYSET('3O9yctuw3Wov64xvkb8W7h',#6,'Pset_QuantityTakeOff',$,(#8354));
#9483=IFCPROPERTYSINGLEVALUE('Reference',$,IFCLABEL('200x240 L=1140'),$);
#9484=IFCPROPERTYSET('075_8jOJOtaIE2O4SjTMJe',#6,'Pset_ReinforcementBarPitchOfColumn',$,(#9483));
#9485=IFCRELDEFINESBYPROPERTIES('3tnrWTsfnWAwkE9ubToIxl',#6,$,$,(#9480),#9481);
#9486=IFCRELDEFINESBYPROPERTIES('2kmYyDSIc6eEqR0vJHmXmc',#6,$,$,(#9480),#9482);
#9487=IFCRELDEFINESBYPROPERTIES('3GY9SxaXnUgX88NbLvJ5g3',#6,$,$,(#9480),#9484);
#9488=IFCCARTESIANPOINT((-30696.214254621093,-1438.6386702402956,0.));
#9489=IFCAXIS2PLACEMENT3D(#9488,#55,#3163);
#9490=IFCLOCALPLACEMENT(#28,#9489);
#9491=IFCCARTESIANPOINT((12800.,-0.));
#9492=IFCPOLYLINE((#3139,#9491));
#9493=IFCSHAPEREPRESENTATION(#14,'Axis','Curve2D',(#9492));
#9494=IFCPRODUCTDEFINITIONSHAPE($,$,(#9493,#9501));
#9495=IFCCARTESIANPOINT((6400.,-5.0448534238967113E-013));
#9496=IFCAXIS2PLACEMENT2D(#9495,#6044);
#9497=IFCRECTANGLEPROFILEDEF(.AREA.,$,#9496,12800.,119.99999999999871);
#9498=IFCAXIS2PLACEMENT3D(#10,$,$);
#9499=IFCEXTRUDEDAREASOLID(#9497,#9498,#55,6349.9999999999991);
#9500=IFCSTYLEDITEM(#9499,(#1695),$);
#9501=IFCSHAPEREPRESENTATION(#15,'Body','SweptSolid',(#9499));
#9502=IFCWALLSTANDARDCASE('0juuILpVP6_QYAGELVehYf',#6,'Basic Wall:Generic - 120mm:370060',$,$,#9490,#9494,'370060');
#9503=IFCMATERIALLAYERSETUSAGE(#6301,.AXIS2.,.NEGATIVE.,60.);
#9504=IFCPROPERTYSET('1_bu_HwYhHIzOUh1wTDtn8',#6,'Pset_QuantityTakeOff',$,(#6304));
#9505=IFCPROPERTYSINGLEVALUE('Reference',$,IFCLABEL('Generic - 120mm'),$);
#9506=IFCPROPERTYSET('0nVYkk6RNEM6XLoPXhHR1w',#6,'Pset_ReinforcementBarPitchOfWall',$,(#9505));
#9507=IFCPROPERTYSET('3piEI4Uy1qx3LW8_As_9h_',#6,'Pset_WallCommon',$,(#83,#6060,#6061,#6304));
#9508=IFCRELDEFINESBYPROPERTIES('1YEroj6VwU5OcvKThDZIY4',#6,$,$,(#9502),#9504);
#9509=IFCRELDEFINESBYPROPERTIES('097i5Sej11MSZZk$SgXqVr',#6,$,$,(#9502),#9506);
#9510=IFCRELDEFINESBYPROPERTIES('1EAT9b26PIKsrhVi7yypwg',#6,$,$,(#9502),#9507);
#9511=IFCCARTESIANPOINT((20263.785745378893,-1438.63867024046,0.));
#9512=IFCAXIS2PLACEMENT3D(#9511,#55,#3163);
#9513=IFCLOCALPLACEMENT(#28,#9512);
#9514=IFCCARTESIANPOINT((12800.,-0.));
#9515=IFCPOLYLINE((#3139,#9514));
#9516=IFCSHAPEREPRESENTATION(#14,'Axis','Curve2D',(#9515));
#9517=IFCPRODUCTDEFINITIONSHAPE($,$,(#9516,#9524));
#9518=IFCCARTESIANPOINT((6399.9999999999991,-5.0448534238967113E-013));
#9519=IFCAXIS2PLACEMENT2D(#9518,#6044);
#9520=IFCRECTANGLEPROFILEDEF(.AREA.,$,#9519,12799.999999999998,119.99999999999871);
#9521=IFCAXIS2PLACEMENT3D(#10,$,$);
#9522=IFCEXTRUDEDAREASOLID(#9520,#9521,#55,7499.9999999999991);
#9523=IFCSTYLEDITEM(#9522,(#1695),$);
#9524=IFCSHAPEREPRESENTATION(#15,'Body','SweptSolid',(#9522));
#9525=IFCWALLSTANDARDCASE('0juuILpVP6_QYAGELVehYe',#6,'Basic Wall:Generic - 120mm:370061',$,$,#9513,#9517,'370061');
#9526=IFCMATERIALLAYERSETUSAGE(#6301,.AXIS2.,.NEGATIVE.,60.);
#9527=IFCPROPERTYSET('3t0xox83mR1cyY$dyfrcg$',#6,'Pset_QuantityTakeOff',$,(#6304));
#9528=IFCPROPERTYSINGLEVALUE('Reference',$,IFCLABEL('Generic - 120mm'),$);
#9529=IFCPROPERTYSET('2DFro3fJZRjrn7KyMR35dF',#6,'Pset_ReinforcementBarPitchOfWall',$,(#9528));
#9530=IFCPROPERTYSET('202m4l95QHcpj6v6ESMlaQ',#6,'Pset_WallCommon',$,(#83,#6060,#6061,#6304));
#9531=IFCRELDEFINESBYPROPERTIES('0vLCjl8k_vXKi77NU2MJRk',#6,$,$,(#9525),#9527);
#9532=IFCRELDEFINESBYPROPERTIES('2NkiYVG5MZNxdFd5M$qS7j',#6,$,$,(#9525),#9529);
#9533=IFCRELDEFINESBYPROPERTIES('3MVlGi9$vRj$Drd1Ci0E7i',#6,$,$,(#9525),#9530);
#9534=IFCCARTESIANPOINT((-14821.214254621116,-1438.6386702403468,0.));
#9535=IFCAXIS2PLACEMENT3D(#9534,#55,#3163);
#9536=IFCLOCALPLACEMENT(#28,#9535);
#9537=IFCCARTESIANPOINT((12800.,0.));
#9538=IFCPOLYLINE((#3139,#9537));
#9539=IFCSHAPEREPRESENTATION(#14,'Axis','Curve2D',(#9538));
#9540=IFCPRODUCTDEFINITIONSHAPE($,$,(#9539,#9547));
#9541=IFCCARTESIANPOINT((6400.0000000000036,5.7909232964448165E-013));
#9542=IFCAXIS2PLACEMENT2D(#9541,#6044);
#9543=IFCRECTANGLEPROFILEDEF(.AREA.,$,#9542,12800.000000000007,119.99999999999871);
#9544=IFCAXIS2PLACEMENT3D(#10,$,$);
#9545=IFCEXTRUDEDAREASOLID(#9543,#9544,#55,6349.9999999999991);
#9546=IFCSTYLEDITEM(#9545,(#1695),$);
#9547=IFCSHAPEREPRESENTATION(#15,'Body','SweptSolid',(#9545));
#9548=IFCWALLSTANDARDCASE('0juuILpVP6_QYAGELVehYh',#6,'Basic Wall:Generic - 120mm:370062',$,$,#9536,#9540,'370062');
#9549=IFCMATERIALLAYERSETUSAGE(#6301,.AXIS2.,.NEGATIVE.,60.);
#9550=IFCPROPERTYSET('3UZiTVLBe_z1XFFZjXVZWU',#6,'Pset_QuantityTakeOff',$,(#6304));
#9551=IFCPROPERTYSINGLEVALUE('Reference',$,IFCLABEL('Generic - 120mm'),$);
#9552=IFCPROPERTYSET('0QJVbyvF8f1H11UHViCtel',#6,'Pset_ReinforcementBarPitchOfWall',$,(#9551));
#9553=IFCPROPERTYSET('3xR3Tx4s1B7fksJqn9adxq',#6,'Pset_WallCommon',$,(#83,#6060,#6061,#6304));
#9554=IFCRELDEFINESBYPROPERTIES('2KP8DSoCtRNZ8jhQ_HTMCY',#6,$,$,(#9548),#9550);
#9555=IFCRELDEFINESBYPROPERTIES('1R9hQXD7hIFy6osaHS4vVH',#6,$,$,(#9548),#9552);
#9556=IFCRELDEFINESBYPROPERTIES('3vOD_zzQLfNrYLQtdgN0Jy',#6,$,$,(#9548),#9553);
#9557=IFCCARTESIANPOINT((-11621.214254621116,-1438.6386702403565,0.));
#9558=IFCAXIS2PLACEMENT3D(#9557,#55,#3163);
#9559=IFCLOCALPLACEMENT(#28,#9558);
#9560=IFCCARTESIANPOINT((12800.,0.));
#9561=IFCPOLYLINE((#3139,#9560));
#9562=IFCSHAPEREPRESENTATION(#14,'Axis','Curve2D',(#9561));
#9563=IFCPRODUCTDEFINITIONSHAPE($,$,(#9562,#9570));
#9564=IFCCARTESIANPOINT((6399.9999999999982,5.7909232964448165E-013));
#9565=IFCAXIS2PLACEMENT2D(#9564,#6044);
#9566=IFCRECTANGLEPROFILEDEF(.AREA.,$,#9565,12799.999999999996,119.99999999999871);
#9567=IFCAXIS2PLACEMENT3D(#10,$,$);
#9568=IFCEXTRUDEDAREASOLID(#9566,#9567,#55,6349.9999999999991);
#9569=IFCSTYLEDITEM(#9568,(#1695),$);
#9570=IFCSHAPEREPRESENTATION(#15,'Body','SweptSolid',(#9568));
#9571=IFCWALLSTANDARDCASE('0juuILpVP6_QYAGELVehYg',#6,'Basic Wall:Generic - 120mm:370063',$,$,#9559,#9563,'370063');
#9572=IFCMATERIALLAYERSETUSAGE(#6301,.AXIS2.,.NEGATIVE.,60.);
#9573=IFCPROPERTYSET('3rvs_wS6HQXLLx0znNpYPU',#6,'Pset_QuantityTakeOff',$,(#6304));
#9574=IFCPROPERTYSINGLEVALUE('Reference',$,IFCLABEL('Generic - 120mm'),$);
#9575=IFCPROPERTYSET('3FZ$_flTg9e9KPRim6aX0M',#6,'Pset_ReinforcementBarPitchOfWall',$,(#9574));
#9576=IFCPROPERTYSET('0zLpsXL3rNAuTNLNDJ4pra',#6,'Pset_WallCommon',$,(#83,#6060,#6061,#6304));
#9577=IFCRELDEFINESBYPROPERTIES('0U$QbVVDIfiS7o5GFKe6nq',#6,$,$,(#9571),#9573);
#9578=IFCRELDEFINESBYPROPERTIES('00i_MSgVn7CLiAVIPI8Myw',#6,$,$,(#9571),#9575);
#9579=IFCRELDEFINESBYPROPERTIES('30SCIzEVnkcqza8MPq2TUb',#6,$,$,(#9571),#9576);
#9580=IFCCARTESIANPOINT((17178.785745378878,-1438.6386702404518,0.));
#9581=IFCAXIS2PLACEMENT3D(#9580,#55,#3163);
#9582=IFCLOCALPLACEMENT(#28,#9581);
#9583=IFCCARTESIANPOINT((12800.,-0.));
#9584=IFCPOLYLINE((#3139,#9583));
#9585=IFCSHAPEREPRESENTATION(#14,'Axis','Curve2D',(#9584));
#9586=IFCPRODUCTDEFINITIONSHAPE($,$,(#9585,#9593));
#9587=IFCCARTESIANPOINT((6399.9999999999982,-5.0448534238967113E-013));
#9588=IFCAXIS2PLACEMENT2D(#9587,#6044);
#9589=IFCRECTANGLEPROFILEDEF(.AREA.,$,#9588,12799.999999999996,119.99999999999871);
#9590=IFCAXIS2PLACEMENT3D(#10,$,$);
#9591=IFCEXTRUDEDAREASOLID(#9589,#9590,#55,6349.9999999999991);
#9592=IFCSTYLEDITEM(#9591,(#1695),$);
#9593=IFCSHAPEREPRESENTATION(#15,'Body','SweptSolid',(#9591));
#9594=IFCWALLSTANDARDCASE('0juuILpVP6_QYAGELVehYr',#6,'Basic Wall:Generic - 120mm:370064',$,$,#9582,#9586,'370064');
#9595=IFCMATERIALLAYERSETUSAGE(#6301,.AXIS2.,.NEGATIVE.,60.);
#9596=IFCPROPERTYSET('1ydJx0jbmY7YyZ36Djv1n8',#6,'Pset_QuantityTakeOff',$,(#6304));
#9597=IFCPROPERTYSINGLEVALUE('Reference',$,IFCLABEL('Generic - 120mm'),$);
#9598=IFCPROPERTYSET('2gWGnxTFgbRfnlafMMYPer',#6,'Pset_ReinforcementBarPitchOfWall',$,(#9597));
#9599=IFCPROPERTYSET('2Gx19UXYKo1TjUBWk$$sOt',#6,'Pset_WallCommon',$,(#83,#6060,#6061,#6304));
#9600=IFCRELDEFINESBYPROPERTIES('1zK5szh0UAem2zQel72x8K',#6,$,$,(#9594),#9596);
#9601=IFCRELDEFINESBYPROPERTIES('1lhCxao04DAtDDXpzeoJxc',#6,$,$,(#9594),#9598);
#9602=IFCRELDEFINESBYPROPERTIES('3W_Rr8h$ezsB1Bz1elj6_c',#6,$,$,(#9594),#9599);
#9603=IFCAXIS2PLACEMENT3D(#9605,$,$);
#9604=IFCLOCALPLACEMENT(#36,#9603);
#9605=IFCCARTESIANPOINT((-30806.214254621143,-14438.638670240231,-150.));
#9606=IFCAXIS2PLACEMENT3D(#10,$,$);
#9608=IFCCARTESIANPOINT((0.,9.0949470177292824E-013));
#9609=IFCAXIS2PLACEMENT2D(#9608,#48);
#9610=IFCRECTANGLEPROFILEDEF(.AREA.,$,#9609,51185.000000000015,13124.999999999964);
#9611=IFCCARTESIANPOINT((25592.500000000007,6562.4999999999809,0.));
#9612=IFCAXIS2PLACEMENT3D(#9611,$,$);
#9613=IFCEXTRUDEDAREASOLID(#9610,#9612,#55,150.00000000000054);
#9614=IFCSTYLEDITEM(#9613,(#1695),$);
#9615=IFCSHAPEREPRESENTATION(#15,'Body','SweptSolid',(#9613));
#9616=IFCPRODUCTDEFINITIONSHAPE($,$,(#9615));
#9617=IFCAXIS2PLACEMENT3D(#10,$,$);
#9618=IFCLOCALPLACEMENT(#9604,#12448);
#9619=IFCSLAB('0juuILpVP6_QYAGETVehgI',#6,'Basic Roof:Concrete - 150mm:370615',$,$,#9618,#9616,'370615',.ROOF.);
#9620=IFCSLABTYPE('3kSL0VGKv3gxJCujeqtukw',#6,'Basic Roof:Concrete - 150mm',$,$,(#9640),$,'1400',$,.ROOF.);
#9621=IFCMATERIALLAYER(#1701,150.,$);
#9622=IFCMATERIALLAYERSET((#9621),'Basic Roof:Concrete - 150mm');
#9623=IFCROOF('0juuILpVP6_QYAGELVehgI',#6,'Basic Roof:Concrete - 150mm:370615',$,$,#9604,$,'370615',.NOTDEFINED.);
#9624=IFCRELAGGREGATES('3k4kADXHq9svWiv0X96HuT',#6,$,$,#9623,(#9619));
#9625=IFCPROPERTYSINGLEVALUE('Reference',$,IFCIDENTIFIER('Concrete - 150mm'),$);
#9626=IFCPROPERTYSET('3u4kcyvj1hBYj3Y4ISXlZN',#6,'Pset_QuantityTakeOff',$,(#9625));
#9627=IFCPROPERTYSINGLEVALUE('Reference',$,IFCLABEL('Concrete - 150mm'),$);
#9628=IFCPROPERTYSET('3ymQq_P6YD6oQpjClGBOKO',#6,'Pset_ReinforcementBarPitchOfSlab',$,(#9627));
#9629=IFCPROPERTYSET('33uPTikZcbJ0HoNoQE63he',#6,'Pset_SlabCommon',$,(#84,#6060,#9625));
#9630=IFCPROPERTYSET('3NApdB2LJpunCKNmfdc6rg',#6,'Pset_QuantityTakeOff',$,(#9625));
#9631=IFCPROPERTYSINGLEVALUE('ProjectedArea',$,IFCAREAMEASURE(671.80312499999832),$);
#9632=IFCPROPERTYSINGLEVALUE('TotalArea',$,IFCAREAMEASURE(671.80312499999843),$);
#9633=IFCPROPERTYSET('3l30tEErvpfJlHXtHNvZjD',#6,'Pset_RoofCommon',$,(#6060,#9625,#9631,#9632));
#9634=IFCRELDEFINESBYPROPERTIES('2jJ5E1$uxT4Q9O4DgLwIwC',#6,$,$,(#9619),#9626);
#9635=IFCRELDEFINESBYPROPERTIES('1Ia5ioarJoDCdA1U6NnU27',#6,$,$,(#9619),#9628);
#9636=IFCRELDEFINESBYPROPERTIES('1H9sA7B4gPYRzbWNraAur8',#6,$,$,(#9619),#9629);
#9637=IFCRELDEFINESBYPROPERTIES('37Hx2oDn$mJraBlA$Fd1FY',#6,$,$,(#9623),#9630);
#9638=IFCRELDEFINESBYPROPERTIES('30Xq3lDDk1eHxtceKxDONF',#6,$,$,(#9623),#9633);
#9639=IFCPROPERTYSINGLEVALUE('ThermalTransmittance',$,IFCTHERMALTRANSMITTANCEMEASURE(6.9733333333333336),$);
#9640=IFCPROPERTYSET('3ngJHZjrjOiTGPw8Phvl4f',#6,'Pset_SlabCommon',$,(#9639));
#9641=IFCCARTESIANPOINT((-21221.214254621125,-22938.638670240329,0.));
#9642=IFCAXIS2PLACEMENT3D(#9641,$,$);
#9643=IFCLOCALPLACEMENT(#28,#9642);
#9644=IFCCARTESIANPOINT((12800.,0.));
#9645=IFCPOLYLINE((#3139,#9644));
#9646=IFCSHAPEREPRESENTATION(#14,'Axis','Curve2D',(#9645));
#9647=IFCPRODUCTDEFINITIONSHAPE($,$,(#9646,#9654));
#9648=IFCCARTESIANPOINT((6400.,2.1316282072803006E-014));
#9649=IFCAXIS2PLACEMENT2D(#9648,#6044);
#9650=IFCRECTANGLEPROFILEDEF(.AREA.,$,#9649,12800.,199.99999999999784);
#9651=IFCAXIS2PLACEMENT3D(#10,$,$);
#9652=IFCEXTRUDEDAREASOLID(#9650,#9651,#55,7499.9999999999991);
#9653=IFCSTYLEDITEM(#9652,(#1695),$);
#9654=IFCSHAPEREPRESENTATION(#15,'Body','SweptSolid',(#9652));
#9655=IFCWALLSTANDARDCASE('0juuILpVP6_QYAGELVehGD',#6,'Basic Wall:Generic - 200mm:370984',$,$,#9643,#9647,'370984');
#9656=IFCMATERIALLAYERSETUSAGE(#6053,.AXIS2.,.NEGATIVE.,100.);
#9657=IFCPROPERTYSET('0TA4EFzXk14m4R88vHxdFf',#6,'Pset_QuantityTakeOff',$,(#6056));
#9658=IFCPROPERTYSINGLEVALUE('Reference',$,IFCLABEL('Generic - 200mm'),$);
#9659=IFCPROPERTYSET('1On0C44outxEEcJzgiawn8',#6,'Pset_ReinforcementBarPitchOfWall',$,(#9658));
#9660=IFCPROPERTYSET('0EfC9ivB4s55RA3BECxHGx',#6,'Pset_WallCommon',$,(#83,#6056,#6060,#6061));
#9661=IFCRELDEFINESBYPROPERTIES('3puKGVoaqygHjayNjPh1Az',#6,$,$,(#9655),#9657);
#9662=IFCRELDEFINESBYPROPERTIES('3LAhmslIi1yn_i8sXqABVu',#6,$,$,(#9655),#9659);
#9663=IFCRELDEFINESBYPROPERTIES('05UFZJlPb5maYg4nMJ1M1f',#6,$,$,(#9655),#9660);
#9664=IFCMAPPEDITEM(#7808,#1706);
#9665=IFCSHAPEREPRESENTATION(#15,'Body','MappedRepresentation',(#9664));
#9666=IFCPRODUCTDEFINITIONSHAPE($,$,(#9665));
#9667=IFCCARTESIANPOINT((29768.785745378904,14561.361329759597,-7500.));
#9668=IFCAXIS2PLACEMENT3D(#9667,$,$);
#9669=IFCLOCALPLACEMENT(#32,#9668);
#9670=IFCCOLUMN('0juuILpVP6_QYAGELVegW5',#6,'Column_Timber:200x300:374048',$,$,#9669,#9666,'374048');
#9671=IFCPROPERTYSET('0hCNFzACezLzNgkiDCKHge',#6,'Pset_ColumnCommon',$,(#82,#83,#2352));
#9672=IFCPROPERTYSET('2EcjNwikORXYYWs_7tsL$R',#6,'Pset_QuantityTakeOff',$,(#2352));
#9673=IFCPROPERTYSINGLEVALUE('Reference',$,IFCLABEL('200x300'),$);
#9674=IFCPROPERTYSET('0Gc8rrCQQnEBQ$KoLAI4yh',#6,'Pset_ReinforcementBarPitchOfColumn',$,(#9673));
#9675=IFCRELDEFINESBYPROPERTIES('34gc9MsyMbzsS0RFKtoGDn',#6,$,$,(#9670),#9671);
#9676=IFCRELDEFINESBYPROPERTIES('3xvfXmbMe4IdyL$YEHORPu',#6,$,$,(#9670),#9672);
#9677=IFCRELDEFINESBYPROPERTIES('19FtbJg2ea$fHXRwQrShOQ',#6,$,$,(#9670),#9674);
#9678=IFCMAPPEDITEM(#7808,#1706);
#9679=IFCSHAPEREPRESENTATION(#15,'Body','MappedRepresentation',(#9678));
#9680=IFCPRODUCTDEFINITIONSHAPE($,$,(#9679));
#9681=IFCCARTESIANPOINT((20803.785745378886,14561.361329759809,-7500.));
#9682=IFCAXIS2PLACEMENT3D(#9681,$,$);
#9683=IFCLOCALPLACEMENT(#32,#9682);
#9684=IFCCOLUMN('0juuILpVP6_QYAGELVegW4',#6,'Column_Timber:200x300:374049',$,$,#9683,#9680,'374049');
#9685=IFCPROPERTYSET('1K3Rqz59FEatPU$GY4Hj9R',#6,'Pset_ColumnCommon',$,(#82,#83,#2352));
#9686=IFCPROPERTYSET('06SwoyQVqP0L5dCXpFjOLn',#6,'Pset_QuantityTakeOff',$,(#2352));
#9687=IFCPROPERTYSINGLEVALUE('Reference',$,IFCLABEL('200x300'),$);
#9688=IFCPROPERTYSET('3QVhsLoeV9$DwcCmDlMfx3',#6,'Pset_ReinforcementBarPitchOfColumn',$,(#9687));
#9689=IFCRELDEFINESBYPROPERTIES('3ZoO2_$3kfpXUZDiVxVdRa',#6,$,$,(#9684),#9685);
#9690=IFCRELDEFINESBYPROPERTIES('16oJgrjVxqYUy4VYE3S92U',#6,$,$,(#9684),#9686);
#9691=IFCRELDEFINESBYPROPERTIES('1Z5eLw2HxGkdwo9bIiMcQh',#6,$,$,(#9684),#9688);
#9692=IFCCARTESIANPOINT((29563.785745378867,14586.361329759591,0.));
#9693=IFCAXIS2PLACEMENT3D(#9692,#55,#1689);
#9694=IFCLOCALPLACEMENT(#40,#9693);
#9695=IFCCARTESIANPOINT((0.,1.0871303857129533E-012));
#9696=IFCAXIS2PLACEMENT2D(#9695,#48);
#9697=IFCRECTANGLEPROFILEDEF(.AREA.,'Beam 200x800',#9696,800.,200.);
#9698=IFCCARTESIANPOINT((-5.,25.,-400.));
#9699=IFCAXIS2PLACEMENT3D(#9698,#3130,#52);
#9700=IFCEXTRUDEDAREASOLID(#9697,#9699,#55,8665.0000000000327);
#9701=IFCSTYLEDITEM(#9700,(#7577),$);
#9702=IFCSHAPEREPRESENTATION(#15,'Body','SweptSolid',(#9700));
#9703=IFCCARTESIANPOINT((8660.,0.));
#9704=IFCPOLYLINE((#3139,#9703));
#9705=IFCSHAPEREPRESENTATION(#14,'Axis','Curve2D',(#9704));
#9706=IFCPRODUCTDEFINITIONSHAPE($,$,(#9705,#9702));
#9707=IFCBEAM('0juuILpVP6_QYAGELVegW7',#6,'Beam_Timber:Beam 200x800:374050',$,$,#9694,#9706,'374050');
#9708=IFCPROPERTYSET('3NiJrti13EQ1sV0jNiaNXG',#6,'Pset_BeamCommon',$,(#82,#83,#3153,#3179,#5890));
#9709=IFCPROPERTYSET('3fduILIq7iKjftGMRPgnIF',#6,'Pset_QuantityTakeOff',$,(#3179));
#9710=IFCPROPERTYSINGLEVALUE('Reference',$,IFCLABEL('Beam 200x800'),$);
#9711=IFCPROPERTYSET('38uWvLot9NC6jCcFSHeGCz',#6,'Pset_ReinforcementBarPitchOfBeam',$,(#9710));
#9712=IFCRELDEFINESBYPROPERTIES('1CYGRblP$PqtEE2l1UJsNA',#6,$,$,(#9707),#9708);
#9713=IFCRELDEFINESBYPROPERTIES('0d_p1B1iGE5h340Xqi2Apq',#6,$,$,(#9707),#9709);
#9714=IFCRELDEFINESBYPROPERTIES('0drSGh13U5NTMe7Hwjn$YN',#6,$,$,(#9707),#9711);
#9715=IFCMAPPEDITEM(#7808,#1706);
#9716=IFCSHAPEREPRESENTATION(#15,'Body','MappedRepresentation',(#9715));
#9717=IFCPRODUCTDEFINITIONSHAPE($,$,(#9716));
#9718=IFCCARTESIANPOINT((29768.785745378911,19691.361329759322,-7500.));
#9719=IFCAXIS2PLACEMENT3D(#9718,$,$);
#9720=IFCLOCALPLACEMENT(#32,#9719);
#9721=IFCCOLUMN('0juuILpVP6_QYAGELVegW9',#6,'Column_Timber:200x300:374060',$,$,#9720,#9717,'374060');
#9722=IFCPROPERTYSET('0maU7FaqO0wcaU4d3hkCBF',#6,'Pset_ColumnCommon',$,(#82,#83,#2352));
#9723=IFCPROPERTYSET('3HmW6pUk4$W7nUVhofVruG',#6,'Pset_QuantityTakeOff',$,(#2352));
#9724=IFCPROPERTYSINGLEVALUE('Reference',$,IFCLABEL('200x300'),$);
#9725=IFCPROPERTYSET('2NncK6JBZCSacX0f$W7byv',#6,'Pset_ReinforcementBarPitchOfColumn',$,(#9724));
#9726=IFCRELDEFINESBYPROPERTIES('3HFibhj83ESVKNY$gTtni2',#6,$,$,(#9721),#9722);
#9727=IFCRELDEFINESBYPROPERTIES('0INyqVTfpUfIYpLubgdjeL',#6,$,$,(#9721),#9723);
#9728=IFCRELDEFINESBYPROPERTIES('1Ako6qSXNaCEl5hY4quRNY',#6,$,$,(#9721),#9725);
#9729=IFCMAPPEDITEM(#7808,#1706);
#9730=IFCSHAPEREPRESENTATION(#15,'Body','MappedRepresentation',(#9729));
#9731=IFCPRODUCTDEFINITIONSHAPE($,$,(#9730));
#9732=IFCCARTESIANPOINT((20803.785745378893,19691.361329759537,-7500.));
#9733=IFCAXIS2PLACEMENT3D(#9732,$,$);
#9734=IFCLOCALPLACEMENT(#32,#9733);
#9735=IFCCOLUMN('0juuILpVP6_QYAGELVegW8',#6,'Column_Timber:200x300:374061',$,$,#9734,#9731,'374061');
#9736=IFCPROPERTYSET('2z09loFj20guWuUOw9UTGS',#6,'Pset_ColumnCommon',$,(#82,#83,#2352));
#9737=IFCPROPERTYSET('2W7ZRNZlQA_0y9cRqTvGk2',#6,'Pset_QuantityTakeOff',$,(#2352));
#9738=IFCPROPERTYSINGLEVALUE('Reference',$,IFCLABEL('200x300'),$);
#9739=IFCPROPERTYSET('1o3qd6GREW5XIEgE4vOg7k',#6,'Pset_ReinforcementBarPitchOfColumn',$,(#9738));
#9740=IFCRELDEFINESBYPROPERTIES('380VrWjsd2w7GOVDpvIGCA',#6,$,$,(#9735),#9736);
#9741=IFCRELDEFINESBYPROPERTIES('0gC1FhvZHOH3fEC7kQuTSu',#6,$,$,(#9735),#9737);
#9742=IFCRELDEFINESBYPROPERTIES('1N8BKeaPGeXNSwAb$cwx8J',#6,$,$,(#9735),#9739);
#9743=IFCCARTESIANPOINT((29563.785745378878,19716.361329759311,0.));
#9744=IFCAXIS2PLACEMENT3D(#9743,#55,#1689);
#9745=IFCLOCALPLACEMENT(#40,#9744);
#9746=IFCCARTESIANPOINT((0.,4.3343106881366111E-012));
#9747=IFCAXIS2PLACEMENT2D(#9746,#48);
#9748=IFCRECTANGLEPROFILEDEF(.AREA.,'Beam 200x800',#9747,800.,199.99999999999784);
#9749=IFCCARTESIANPOINT((-5.,25.,-400.));
#9750=IFCAXIS2PLACEMENT3D(#9749,#3130,#52);
#9751=IFCEXTRUDEDAREASOLID(#9748,#9750,#55,8665.0000000000327);
#9752=IFCSTYLEDITEM(#9751,(#7577),$);
#9753=IFCSHAPEREPRESENTATION(#15,'Body','SweptSolid',(#9751));
#9754=IFCCARTESIANPOINT((8660.,0.));
#9755=IFCPOLYLINE((#3139,#9754));
#9756=IFCSHAPEREPRESENTATION(#14,'Axis','Curve2D',(#9755));
#9757=IFCPRODUCTDEFINITIONSHAPE($,$,(#9756,#9753));
#9758=IFCBEAM('0juuILpVP6_QYAGELVegWB',#6,'Beam_Timber:Beam 200x800:374062',$,$,#9745,#9757,'374062');
#9759=IFCBEAMTYPE('3xDR9mnrv5KAOLSf_LOvmv',#6,'Beam_Timber:Beam 200x800',$,$,(#9767),$,'382709',$,.NOTDEFINED.);
#9760=IFCPROPERTYSET('0VSP$Begq2GmAh4UdoJ$e4',#6,'Pset_BeamCommon',$,(#82,#83,#3153,#3179,#5890));
#9761=IFCPROPERTYSET('3Mqsg5xtqb1MFt4dHksfgv',#6,'Pset_QuantityTakeOff',$,(#3179));
#9762=IFCPROPERTYSINGLEVALUE('Reference',$,IFCLABEL('Beam 200x800'),$);
#9763=IFCPROPERTYSET('1fdxbAFB4QIqGHibraxbOw',#6,'Pset_ReinforcementBarPitchOfBeam',$,(#9762));
#9764=IFCRELDEFINESBYPROPERTIES('328QLZUmLqBh2jBhm3GcxB',#6,$,$,(#9758),#9760);
#9765=IFCRELDEFINESBYPROPERTIES('2u_t0RjwPyLk4FuF82hAWA',#6,$,$,(#9758),#9761);
#9766=IFCRELDEFINESBYPROPERTIES('3AvgbXrYYtS9J$lPgsHTsZ',#6,$,$,(#9758),#9763);
#9767=IFCPROPERTYSET('3xf3e1pfDt1nho6$cVXQfh',#6,'Pset_BeamCommon',$,(#83));
#9768=IFCMAPPEDITEM(#2343,#1706);
#9769=IFCSHAPEREPRESENTATION(#15,'Body','MappedRepresentation',(#9768));
#9770=IFCPRODUCTDEFINITIONSHAPE($,$,(#9769));
#9771=IFCCARTESIANPOINT((29768.785745378897,11361.36132975954,0.));
#9772=IFCAXIS2PLACEMENT3D(#9771,$,$);
#9773=IFCLOCALPLACEMENT(#24,#9772);
#9774=IFCCOLUMN('0YIoPHn7T9RREZfDI76YU1',#6,'Column:200x300:390592',$,$,#9773,#9770,'390592');
#9775=IFCPROPERTYSET('3QeBhQGGNKPFzHG9$rXbzK',#6,'Pset_ColumnCommon',$,(#82,#83,#2352));
#9776=IFCPROPERTYSET('2AdkqDux9H3VICutsETiUd',#6,'Pset_QuantityTakeOff',$,(#2352));
#9777=IFCPROPERTYSINGLEVALUE('Reference',$,IFCLABEL('200x300'),$);
#9778=IFCPROPERTYSET('3wqhnR2QycPXjeyaQv3yrO',#6,'Pset_ReinforcementBarPitchOfColumn',$,(#9777));
#9779=IFCRELDEFINESBYPROPERTIES('2HIUpRP9TmNa6XLx6M_TJ0',#6,$,$,(#9774),#9775);
#9780=IFCRELDEFINESBYPROPERTIES('0fNel_5GTKzRL96B7njwK_',#6,$,$,(#9774),#9776);
#9781=IFCRELDEFINESBYPROPERTIES('3SW5F4ZPWta8K6OTAQyjWh',#6,$,$,(#9774),#9778);
#9782=IFCMAPPEDITEM(#4731,#1706);
#9783=IFCSHAPEREPRESENTATION(#15,'Body','MappedRepresentation',(#9782));
#9784=IFCPRODUCTDEFINITIONSHAPE($,$,(#9783));
#9785=IFCCARTESIANPOINT((29768.785745378889,8161.3613297595348,-4000.));
#9786=IFCAXIS2PLACEMENT3D(#9785,$,$);
#9787=IFCLOCALPLACEMENT(#28,#9786);
#9788=IFCCOLUMN('0YIoPHn7T9RREZfDI76YK7',#6,'Column:200x300:390982',$,$,#9787,#9784,'390982');
#9789=IFCPROPERTYSET('3RW3IBpoBESuHRCjO4NFdY',#6,'Pset_ColumnCommon',$,(#82,#83,#2352));
#9790=IFCPROPERTYSET('0SnqVHPS36Ao6rkNBaD_Hw',#6,'Pset_QuantityTakeOff',$,(#2352));
#9791=IFCPROPERTYSINGLEVALUE('Reference',$,IFCLABEL('200x300'),$);
#9792=IFCPROPERTYSET('36WMb1kGo9tTEUtjl721bp',#6,'Pset_ReinforcementBarPitchOfColumn',$,(#9791));
#9793=IFCRELDEFINESBYPROPERTIES('0e4sgnxjr2l0ATN65aqEvw',#6,$,$,(#9788),#9789);
#9794=IFCRELDEFINESBYPROPERTIES('1cgGkpRWp2QI6lrsH2Ct$d',#6,$,$,(#9788),#9790);
#9795=IFCRELDEFINESBYPROPERTIES('2q832FjBPIi3gTrqQQ5A9j',#6,$,$,(#9788),#9792);
#9796=IFCCARTESIANPOINT((26478.785745378958,1786.3613297595643,-120.));
#9797=IFCAXIS2PLACEMENT3D(#9796,#55,#1689);
#9798=IFCLOCALPLACEMENT(#32,#9797);
#9799=IFCCARTESIANPOINT((0.,0.));
#9800=IFCAXIS2PLACEMENT2D(#9799,#48);
#9801=IFCRECTANGLEPROFILEDEF(.AREA.,'Beam 200x800',#9800,800.,200.00000000000028);
#9802=IFCCARTESIANPOINT((112.70000000000175,25.,-400.));
#9803=IFCAXIS2PLACEMENT3D(#9802,#3130,#52);
#9804=IFCEXTRUDEDAREASOLID(#9801,#9803,#55,2642.3000000001102);
#9805=IFCSHAPEREPRESENTATION(#15,'Body','SweptSolid',(#9804));
#9806=IFCCARTESIANPOINT((2755.,0.));
#9807=IFCPOLYLINE((#3139,#9806));
#9808=IFCSHAPEREPRESENTATION(#14,'Axis','Curve2D',(#9807));
#9809=IFCPRODUCTDEFINITIONSHAPE($,$,(#9808,#9805));
#9810=IFCBEAM('0YIoPHn7T9RREZfDI76Yf5',#6,'Beam:Beam 200x800:391172',$,$,#9798,#9809,'391172');
#9811=IFCPROPERTYSINGLEVALUE('Span',$,IFCPOSITIVELENGTHMEASURE(2755.),$);
#9812=IFCPROPERTYSET('2GpylZ8fn3DlUcPRL_LpZr',#6,'Pset_BeamCommon',$,(#82,#83,#3153,#3179,#9811));
#9813=IFCPROPERTYSET('1ZGc7e8$nbiT7iCovAyT9B',#6,'Pset_QuantityTakeOff',$,(#3179));
#9814=IFCPROPERTYSINGLEVALUE('Reference',$,IFCLABEL('Beam 200x800'),$);
#9815=IFCPROPERTYSET('2WDxRZPlg9kcpJ08NP6_FX',#6,'Pset_ReinforcementBarPitchOfBeam',$,(#9814));
#9816=IFCRELDEFINESBYPROPERTIES('3sK4dkipnmoXuxGXZCUfnX',#6,$,$,(#9810),#9812);
#9817=IFCRELDEFINESBYPROPERTIES('2yELzgpXH7LhRrg7diVJzW',#6,$,$,(#9810),#9813);
#9818=IFCRELDEFINESBYPROPERTIES('2GnafQstwvgC5oFe530Cln',#6,$,$,(#9810),#9815);
#9819=IFCMAPPEDITEM(#4731,#1706);
#9820=IFCSHAPEREPRESENTATION(#15,'Body','MappedRepresentation',(#9819));
#9821=IFCPRODUCTDEFINITIONSHAPE($,$,(#9820));
#9822=IFCCARTESIANPOINT((29768.785745378897,11361.361329759538,-4000.));
#9823=IFCAXIS2PLACEMENT3D(#9822,$,$);
#9824=IFCLOCALPLACEMENT(#28,#9823);
#9825=IFCCOLUMN('0YIoPHn7T9RREZfDI76YhJ',#6,'Column:200x300:391314',$,$,#9824,#9821,'391314');
#9826=IFCPROPERTYSET('2V0sOkFsDGAp7w9PEMNMeL',#6,'Pset_ColumnCommon',$,(#82,#83,#2352));
#9827=IFCPROPERTYSET('2luEnKbTmGwSwtzD5fJO0e',#6,'Pset_QuantityTakeOff',$,(#2352));
#9828=IFCPROPERTYSINGLEVALUE('Reference',$,IFCLABEL('200x300'),$);
#9829=IFCPROPERTYSET('3bzt1quNgTLHhrF_cYcrqx',#6,'Pset_ReinforcementBarPitchOfColumn',$,(#9828));
#9830=IFCRELDEFINESBYPROPERTIES('1M963Duh7fkWHq87glh7Tp',#6,$,$,(#9825),#9826);
#9831=IFCRELDEFINESBYPROPERTIES('3qh2pW2LS4dnwfvAMRZp8z',#6,$,$,(#9825),#9827);
#9832=IFCRELDEFINESBYPROPERTIES('3JHpGS5ppoJ9pM67B28HSU',#6,$,$,(#9825),#9829);
#9833=IFCMAPPEDITEM(#7808,#1706);
#9834=IFCSHAPEREPRESENTATION(#15,'Body','MappedRepresentation',(#9833));
#9835=IFCPRODUCTDEFINITIONSHAPE($,$,(#9834));
#9836=IFCCARTESIANPOINT((29768.785745378889,8161.3613297595875,-7500.));
#9837=IFCAXIS2PLACEMENT3D(#9836,$,$);
#9838=IFCLOCALPLACEMENT(#32,#9837);
#9839=IFCCOLUMN('0YIoPHn7T9RREZfDI76Yig',#6,'Column_Timber:200x300:391531',$,$,#9838,#9835,'391531');
#9840=IFCPROPERTYSET('1cKEm01otHenaMpazzXFUi',#6,'Pset_ColumnCommon',$,(#82,#83,#2352));
#9841=IFCPROPERTYSET('2Gqz13yTDEahV5G_l4jKha',#6,'Pset_QuantityTakeOff',$,(#2352));
#9842=IFCPROPERTYSINGLEVALUE('Reference',$,IFCLABEL('200x300'),$);
#9843=IFCPROPERTYSET('04Nqc9$5xnksr$u9DSztNW',#6,'Pset_ReinforcementBarPitchOfColumn',$,(#9842));
#9844=IFCRELDEFINESBYPROPERTIES('2gOuvIt0dcKihAlCLWQPqL',#6,$,$,(#9839),#9840);
#9845=IFCRELDEFINESBYPROPERTIES('3wQwwefW6A5zaAYRcKrfk6',#6,$,$,(#9839),#9841);
#9846=IFCRELDEFINESBYPROPERTIES('3OsxYU2omMB$X9wUxRN$a9',#6,$,$,(#9839),#9843);
#9847=IFCMAPPEDITEM(#7808,#1706);
#9848=IFCSHAPEREPRESENTATION(#15,'Body','MappedRepresentation',(#9847));
#9849=IFCPRODUCTDEFINITIONSHAPE($,$,(#9848));
#9850=IFCCARTESIANPOINT((20803.785745378871,8161.3613297597985,-7500.));
#9851=IFCAXIS2PLACEMENT3D(#9850,$,$);
#9852=IFCLOCALPLACEMENT(#32,#9851);
#9853=IFCCOLUMN('0YIoPHn7T9RREZfDI76Yij',#6,'Column_Timber:200x300:391532',$,$,#9852,#9849,'391532');
#9854=IFCPROPERTYSET('3StTr5AnvqB1jAmto7hnKN',#6,'Pset_ColumnCommon',$,(#82,#83,#2352));
#9855=IFCPROPERTYSET('3dKjwLZAsmJcZb9OxFJSi5',#6,'Pset_QuantityTakeOff',$,(#2352));
#9856=IFCPROPERTYSINGLEVALUE('Reference',$,IFCLABEL('200x300'),$);
#9857=IFCPROPERTYSET('1RznyFzviQqOyTJP4IMIGT',#6,'Pset_ReinforcementBarPitchOfColumn',$,(#9856));
#9858=IFCRELDEFINESBYPROPERTIES('1Try$GMd6DyO9lsbEu7zg$',#6,$,$,(#9853),#9854);
#9859=IFCRELDEFINESBYPROPERTIES('2qNasXLGH3kAFR4bMxVyWO',#6,$,$,(#9853),#9855);
#9860=IFCRELDEFINESBYPROPERTIES('29f1NSu5xF4WOj9sNynl49',#6,$,$,(#9853),#9857);
#9861=IFCCARTESIANPOINT((29563.785745378857,8186.3613297595821,0.));
#9862=IFCAXIS2PLACEMENT3D(#9861,#55,#1689);
#9863=IFCLOCALPLACEMENT(#40,#9862);
#9864=IFCCARTESIANPOINT((0.,0.));
#9865=IFCAXIS2PLACEMENT2D(#9864,#48);
#9866=IFCRECTANGLEPROFILEDEF(.AREA.,'Beam 200x800',#9865,800.,200.);
#9867=IFCCARTESIANPOINT((-5.,25.,-400.));
#9868=IFCAXIS2PLACEMENT3D(#9867,#3130,#52);
#9869=IFCEXTRUDEDAREASOLID(#9866,#9868,#55,8665.0000000000309);
#9870=IFCSTYLEDITEM(#9869,(#7577),$);
#9871=IFCSHAPEREPRESENTATION(#15,'Body','SweptSolid',(#9869));
#9872=IFCCARTESIANPOINT((8660.,0.));
#9873=IFCPOLYLINE((#3139,#9872));
#9874=IFCSHAPEREPRESENTATION(#14,'Axis','Curve2D',(#9873));
#9875=IFCPRODUCTDEFINITIONSHAPE($,$,(#9874,#9871));
#9876=IFCBEAM('0YIoPHn7T9RREZfDI76Yii',#6,'Beam_Timber:Beam 200x800:391533',$,$,#9863,#9875,'391533');
#9877=IFCPROPERTYSET('0zhMPr7clEBPSyn8bXD7Ij',#6,'Pset_BeamCommon',$,(#82,#83,#3153,#3179,#5890));
#9878=IFCPROPERTYSET('1QEUKLxU7HFn1cjVEIXAXd',#6,'Pset_QuantityTakeOff',$,(#3179));
#9879=IFCPROPERTYSINGLEVALUE('Reference',$,IFCLABEL('Beam 200x800'),$);
#9880=IFCPROPERTYSET('1y7837AD_kAvIWxG2n3sVm',#6,'Pset_ReinforcementBarPitchOfBeam',$,(#9879));
#9881=IFCRELDEFINESBYPROPERTIES('1lxDLrrwbDKLmEmCZeXxpY',#6,$,$,(#9876),#9877);
#9882=IFCRELDEFINESBYPROPERTIES('0OQJ5olBcqFRvkqVYi$WKZ',#6,$,$,(#9876),#9878);
#9883=IFCRELDEFINESBYPROPERTIES('1EFrdE1NlF_ZrPZPrq4eUT',#6,$,$,(#9876),#9880);
#9884=IFCMAPPEDITEM(#7808,#1706);
#9885=IFCSHAPEREPRESENTATION(#15,'Body','MappedRepresentation',(#9884));
#9886=IFCPRODUCTDEFINITIONSHAPE($,$,(#9885));
#9887=IFCCARTESIANPOINT((29768.785745378897,11361.361329759589,-7500.));
#9888=IFCAXIS2PLACEMENT3D(#9887,$,$);
#9889=IFCLOCALPLACEMENT(#32,#9888);
#9890=IFCCOLUMN('0YIoPHn7T9RREZfDI76Yis',#6,'Column_Timber:200x300:391543',$,$,#9889,#9886,'391543');
#9891=IFCPROPERTYSET('3fCf$Lfx19sORE4ZoZMbKI',#6,'Pset_ColumnCommon',$,(#82,#83,#2352));
#9892=IFCPROPERTYSET('2cloP7NiZVtbqYofBWtnxU',#6,'Pset_QuantityTakeOff',$,(#2352));
#9893=IFCPROPERTYSINGLEVALUE('Reference',$,IFCLABEL('200x300'),$);
#9894=IFCPROPERTYSET('3mr44TIqhrlYeHdEr9AUBJ',#6,'Pset_ReinforcementBarPitchOfColumn',$,(#9893));
#9895=IFCRELDEFINESBYPROPERTIES('3OhkCMAp1EELRc9aLn8knA',#6,$,$,(#9890),#9891);
#9896=IFCRELDEFINESBYPROPERTIES('0000jNq1LlSYrX$pTF5HmD',#6,$,$,(#9890),#9892);
#9897=IFCRELDEFINESBYPROPERTIES('1VV_W7NYGSWmRYAVCYRiaW',#6,$,$,(#9890),#9894);
#9898=IFCMAPPEDITEM(#7808,#1706);
#9899=IFCSHAPEREPRESENTATION(#15,'Body','MappedRepresentation',(#9898));
#9900=IFCPRODUCTDEFINITIONSHAPE($,$,(#9899));
#9901=IFCCARTESIANPOINT((20803.785745378875,11361.3613297598,-7500.));
#9902=IFCAXIS2PLACEMENT3D(#9901,$,$);
#9903=IFCLOCALPLACEMENT(#32,#9902);
#9904=IFCCOLUMN('0YIoPHn7T9RREZfDI76Yiv',#6,'Column_Timber:200x300:391544',$,$,#9903,#9900,'391544');
#9905=IFCPROPERTYSET('0g4To9UvGXkMP2m8HAph$9',#6,'Pset_ColumnCommon',$,(#82,#83,#2352));
#9906=IFCPROPERTYSET('1gZuIXLsDX4oZlOQpVCgwH',#6,'Pset_QuantityTakeOff',$,(#2352));
#9907=IFCPROPERTYSINGLEVALUE('Reference',$,IFCLABEL('200x300'),$);
#9908=IFCPROPERTYSET('0opUeAvzOmd5rjgguOesxB',#6,'Pset_ReinforcementBarPitchOfColumn',$,(#9907));
#9909=IFCRELDEFINESBYPROPERTIES('2YA$_XFvqUWTsfeTMC1_Bo',#6,$,$,(#9904),#9905);
#9910=IFCRELDEFINESBYPROPERTIES('0XpDGQRiTfF6AckQ5FtOWl',#6,$,$,(#9904),#9906);
#9911=IFCRELDEFINESBYPROPERTIES('3RBn8qcV449s_RQWnMy7Ln',#6,$,$,(#9904),#9908);
#9912=IFCCARTESIANPOINT((29563.78574537886,11386.361329759584,0.));
#9913=IFCAXIS2PLACEMENT3D(#9912,#55,#1689);
#9914=IFCLOCALPLACEMENT(#40,#9913);
#9915=IFCCARTESIANPOINT((0.,-1.0871303857129533E-012));
#9916=IFCAXIS2PLACEMENT2D(#9915,#48);
#9917=IFCRECTANGLEPROFILEDEF(.AREA.,'Beam 200x800',#9916,800.,200.);
#9918=IFCCARTESIANPOINT((-5.,25.,-400.));
#9919=IFCAXIS2PLACEMENT3D(#9918,#3130,#52);
#9920=IFCEXTRUDEDAREASOLID(#9917,#9919,#55,8665.0000000000327);
#9921=IFCSTYLEDITEM(#9920,(#7577),$);
#9922=IFCSHAPEREPRESENTATION(#15,'Body','SweptSolid',(#9920));
#9923=IFCCARTESIANPOINT((8660.,0.));
#9924=IFCPOLYLINE((#3139,#9923));
#9925=IFCSHAPEREPRESENTATION(#14,'Axis','Curve2D',(#9924));
#9926=IFCPRODUCTDEFINITIONSHAPE($,$,(#9925,#9922));
#9927=IFCBEAM('0YIoPHn7T9RREZfDI76Yiu',#6,'Beam_Timber:Beam 200x800:391545',$,$,#9914,#9926,'391545');
#9928=IFCPROPERTYSET('2sOsYH7XHS2xBR0u8dV8JT',#6,'Pset_BeamCommon',$,(#82,#83,#3153,#3179,#5890));
#9929=IFCPROPERTYSET('0RIcUc$MQ7pnNMsaNA7Y39',#6,'Pset_QuantityTakeOff',$,(#3179));
#9930=IFCPROPERTYSINGLEVALUE('Reference',$,IFCLABEL('Beam 200x800'),$);
#9931=IFCPROPERTYSET('0iBmdky52SneWQ3Xxc1bKt',#6,'Pset_ReinforcementBarPitchOfBeam',$,(#9930));
#9932=IFCRELDEFINESBYPROPERTIES('2zVrCcw8Oc_dj9rHszpRpR',#6,$,$,(#9927),#9928);
#9933=IFCRELDEFINESBYPROPERTIES('3GhL_VXZhqJvdPsxzPd$iP',#6,$,$,(#9927),#9929);
#9934=IFCRELDEFINESBYPROPERTIES('0Z5lMNr6h0TwMF7kMkHhTT',#6,$,$,(#9927),#9931);
#9935=IFCCARTESIANPOINT((26778.785745378875,8186.3613297595593,-120.));
#9936=IFCAXIS2PLACEMENT3D(#9935,#55,#3163);
#9937=IFCLOCALPLACEMENT(#28,#9936);
#9938=IFCCARTESIANPOINT((0.,-2.1671553440683056E-012));
#9939=IFCAXIS2PLACEMENT2D(#9938,#48);
#9940=IFCRECTANGLEPROFILEDEF(.AREA.,'Beam 200x515',#9939,514.99999999999989,200.00000000000216);
#9941=IFCCARTESIANPOINT((137.69999999999729,25.,-257.49999999999994));
#9942=IFCAXIS2PLACEMENT3D(#9941,#3130,#52);
#9943=IFCEXTRUDEDAREASOLID(#9940,#9942,#55,4374.6000000000404);
#9944=IFCSHAPEREPRESENTATION(#15,'Body','SweptSolid',(#9943));
#9945=IFCCARTESIANPOINT((4625.,0.));
#9946=IFCPOLYLINE((#3139,#9945));
#9947=IFCSHAPEREPRESENTATION(#14,'Axis','Curve2D',(#9946));
#9948=IFCPRODUCTDEFINITIONSHAPE($,$,(#9947,#9944));
#9949=IFCBEAM('0YIoPHn7T9RREZfDI76YYH',#6,'Beam:Beam 200x515:391888',$,$,#9937,#9948,'391888');
#9950=IFCPROPERTYSINGLEVALUE('Span',$,IFCPOSITIVELENGTHMEASURE(4625.),$);
#9951=IFCPROPERTYSET('1tLNX4p4L8onB$yl30SObn',#6,'Pset_BeamCommon',$,(#82,#83,#3153,#7278,#9950));
#9952=IFCPROPERTYSET('0OhryV4fYqDvr_ePL1iWzV',#6,'Pset_QuantityTakeOff',$,(#7278));
#9953=IFCPROPERTYSINGLEVALUE('Reference',$,IFCLABEL('Beam 200x515'),$);
#9954=IFCPROPERTYSET('2t72KfOJEunxdamczKo2Ly',#6,'Pset_ReinforcementBarPitchOfBeam',$,(#9953));
#9955=IFCRELDEFINESBYPROPERTIES('3lX_04KnFISAWhJ3ZOxjbq',#6,$,$,(#9949),#9951);
#9956=IFCRELDEFINESBYPROPERTIES('0H$DScY6ggdyorCSomeDus',#6,$,$,(#9949),#9952);
#9957=IFCRELDEFINESBYPROPERTIES('2iDV0k2yF3_VXjuPp47FWJ',#6,$,$,(#9949),#9954);
#9958=IFCCARTESIANPOINT((29678.785745378867,4986.3613297595521,-120.));
#9959=IFCAXIS2PLACEMENT3D(#9958,#55,#1689);
#9960=IFCLOCALPLACEMENT(#28,#9959);
#9961=IFCCARTESIANPOINT((0.,-2.7000623958883807E-013));
#9962=IFCAXIS2PLACEMENT2D(#9961,#48);
#9963=IFCRECTANGLEPROFILEDEF(.AREA.,'Beam 200x420',#9962,419.99999999999977,200.00000000000057);
#9964=IFCCARTESIANPOINT((172.69999999998078,25.,-210.));
#9965=IFCAXIS2PLACEMENT3D(#9964,#3130,#52);
#9966=IFCEXTRUDEDAREASOLID(#9963,#9965,#55,2589.6000000000181);
#9967=IFCSHAPEREPRESENTATION(#15,'Body','SweptSolid',(#9966));
#9968=IFCCARTESIANPOINT((2900.,-0.));
#9969=IFCPOLYLINE((#3139,#9968));
#9970=IFCSHAPEREPRESENTATION(#14,'Axis','Curve2D',(#9969));
#9971=IFCPRODUCTDEFINITIONSHAPE($,$,(#9970,#9967));
#9972=IFCBEAM('0YIoPHn7T9RREZfDI76YaK',#6,'Beam:Beam 200x420:392021',$,$,#9960,#9971,'392021');
#9973=IFCPROPERTYSINGLEVALUE('Span',$,IFCPOSITIVELENGTHMEASURE(2900.),$);
#9974=IFCPROPERTYSET('1oRBmbSLLTpo1ORzvniEnL',#6,'Pset_BeamCommon',$,(#82,#83,#3153,#3700,#9973));
#9975=IFCPROPERTYSET('1h0ADydXYu1q_qBici7huV',#6,'Pset_QuantityTakeOff',$,(#3700));
#9976=IFCPROPERTYSINGLEVALUE('Reference',$,IFCLABEL('Beam 200x420'),$);
#9977=IFCPROPERTYSET('3HyQBWX$HIbzhbi9q865Vx',#6,'Pset_ReinforcementBarPitchOfBeam',$,(#9976));
#9978=IFCRELDEFINESBYPROPERTIES('3x4Ho9a4qN0ewY833foLWZ',#6,$,$,(#9972),#9974);
#9979=IFCRELDEFINESBYPROPERTIES('14uWD$j9_uTL1p$dTym6nP',#6,$,$,(#9972),#9975);
#9980=IFCRELDEFINESBYPROPERTIES('1ii4C6tt4csOCOkTdB5Tml',#6,$,$,(#9972),#9977);
#9981=IFCCARTESIANPOINT((26478.785745378962,1786.3613297595659,-120.));
#9982=IFCAXIS2PLACEMENT3D(#9981,#55,#1689);
#9983=IFCLOCALPLACEMENT(#28,#9982);
#9984=IFCCARTESIANPOINT((0.,0.));
#9985=IFCAXIS2PLACEMENT2D(#9984,#48);
#9986=IFCRECTANGLEPROFILEDEF(.AREA.,'Beam 200x420',#9985,419.99999999999983,200.00000000000057);
#9987=IFCCARTESIANPOINT((112.69999999999729,25.,-210.));
#9988=IFCAXIS2PLACEMENT3D(#9987,#3130,#52);
#9989=IFCEXTRUDEDAREASOLID(#9986,#9988,#55,2649.6000000001172);
#9990=IFCSHAPEREPRESENTATION(#15,'Body','SweptSolid',(#9989));
#9991=IFCCARTESIANPOINT((2900.,0.));
#9992=IFCPOLYLINE((#3139,#9991));
#9993=IFCSHAPEREPRESENTATION(#14,'Axis','Curve2D',(#9992));
#9994=IFCPRODUCTDEFINITIONSHAPE($,$,(#9993,#9990));
#9995=IFCBEAM('0YIoPHn7T9RREZfDI76Ydp',#6,'Beam:Beam 200x420:392114',$,$,#9983,#9994,'392114');
#9996=IFCPROPERTYSET('2Tl9mfEjMgNDmIfFeirczu',#6,'Pset_BeamCommon',$,(#82,#83,#3153,#3700,#9973));
#9997=IFCPROPERTYSET('0Yx6WBtsH8_rJIFvQ4Rf9G',#6,'Pset_QuantityTakeOff',$,(#3700));
#9998=IFCPROPERTYSINGLEVALUE('Reference',$,IFCLABEL('Beam 200x420'),$);
#9999=IFCPROPERTYSET('0xhDF4Il$sK6SL9dXrkIhK',#6,'Pset_ReinforcementBarPitchOfBeam',$,(#9998));
#10000=IFCRELDEFINESBYPROPERTIES('2r1U_ZB_13hGflsPOE5Cy2',#6,$,$,(#9995),#9996);
#10001=IFCRELDEFINESBYPROPERTIES('1wyr7lRQRhg6VgJ7FAicEW',#6,$,$,(#9995),#9997);
#10002=IFCRELDEFINESBYPROPERTIES('38A6Nz79UcXtyyWe77VXbF',#6,$,$,(#9995),#9999);
#10003=IFCCARTESIANPOINT((26778.78574537886,161.36132975952097,-120.));
#10004=IFCAXIS2PLACEMENT3D(#10003,#55,#3163);
#10005=IFCLOCALPLACEMENT(#28,#10004);
#10006=IFCCARTESIANPOINT((0.,0.));
#10007=IFCAXIS2PLACEMENT2D(#10006,#48);
#10008=IFCRECTANGLEPROFILEDEF(.AREA.,'Beam 200x515',#10007,514.99999999999989,199.99999999999784);
#10009=IFCCARTESIANPOINT((112.7000000000001,25.,-257.49999999999937));
#10010=IFCAXIS2PLACEMENT3D(#10009,#3130,#52);
#10011=IFCEXTRUDEDAREASOLID(#10008,#10010,#55,1587.2999999999995);
#10012=IFCSHAPEREPRESENTATION(#15,'Body','SweptSolid',(#10011));
#10013=IFCCARTESIANPOINT((1700.,0.));
#10014=IFCPOLYLINE((#3139,#10013));
#10015=IFCSHAPEREPRESENTATION(#14,'Axis','Curve2D',(#10014));
#10016=IFCPRODUCTDEFINITIONSHAPE($,$,(#10015,#10012));
#10017=IFCBEAM('0YIoPHn7T9RREZfDI76YvD',#6,'Beam:Beam 200x515:392204',$,$,#10005,#10016,'392204');
#10018=IFCPROPERTYSINGLEVALUE('Span',$,IFCPOSITIVELENGTHMEASURE(1700.),$);
#10019=IFCPROPERTYSET('2RKf4G10IUG$EB0ijJU5tN',#6,'Pset_BeamCommon',$,(#82,#83,#3153,#7278,#10018));
#10020=IFCPROPERTYSET('1Aa1wHWbO00UIkJU4rXfsv',#6,'Pset_QuantityTakeOff',$,(#7278));
#10021=IFCPROPERTYSINGLEVALUE('Reference',$,IFCLABEL('Beam 200x515'),$);
#10022=IFCPROPERTYSET('3MAkJckwupm93fgoQUNJWO',#6,'Pset_ReinforcementBarPitchOfBeam',$,(#10021));
#10023=IFCRELDEFINESBYPROPERTIES('1x8Z2fp5PaJ0eTPdSqUo$4',#6,$,$,(#10017),#10019);
#10024=IFCRELDEFINESBYPROPERTIES('36NZ1vcroaZx1nA5MwzYw4',#6,$,$,(#10017),#10020);
#10025=IFCRELDEFINESBYPROPERTIES('28_IOuuPGgyHXZdN_8vTaQ',#6,$,$,(#10017),#10022);
#10026=IFCCARTESIANPOINT((29966.085745378856,-1413.6386702404502,-120.));
#10027=IFCAXIS2PLACEMENT3D(#10026,#55,#1689);
#10028=IFCLOCALPLACEMENT(#28,#10027);
#10029=IFCCARTESIANPOINT((0.,1.3500311979441904E-013));
#10030=IFCAXIS2PLACEMENT2D(#10029,#48);
#10031=IFCRECTANGLEPROFILEDEF(.AREA.,'Beam 200x420',#10030,419.99999999999977,200.00000000000057);
#10032=IFCCARTESIANPOINT((460.,25.,-210.));
#10033=IFCAXIS2PLACEMENT3D(#10032,#3130,#52);
#10034=IFCEXTRUDEDAREASOLID(#10031,#10033,#55,2589.6000000000222);
#10035=IFCSHAPEREPRESENTATION(#15,'Body','SweptSolid',(#10034));
#10036=IFCCARTESIANPOINT((3187.2999999999993,0.));
#10037=IFCPOLYLINE((#3139,#10036));
#10038=IFCSHAPEREPRESENTATION(#14,'Axis','Curve2D',(#10037));
#10039=IFCPRODUCTDEFINITIONSHAPE($,$,(#10038,#10035));
#10040=IFCBEAM('0YIoPHn7T9RREZfDI76Yxw',#6,'Beam:Beam 200x420:392379',$,$,#10028,#10039,'392379');
#10041=IFCPROPERTYSINGLEVALUE('Span',$,IFCPOSITIVELENGTHMEASURE(3187.2999999999988),$);
#10042=IFCPROPERTYSET('2DFmgigjLgM4plMeqvn7z$',#6,'Pset_BeamCommon',$,(#82,#83,#3153,#3700,#10041));
#10043=IFCPROPERTYSET('1gfvBLIqCP_BmavORpA0Kf',#6,'Pset_QuantityTakeOff',$,(#3700));
#10044=IFCPROPERTYSINGLEVALUE('Reference',$,IFCLABEL('Beam 200x420'),$);
#10045=IFCPROPERTYSET('2VscTtoIvmqj9Wki_NJVwp',#6,'Pset_ReinforcementBarPitchOfBeam',$,(#10044));
#10046=IFCRELDEFINESBYPROPERTIES('09EB3Cx5_6O0VfES2n55cP',#6,$,$,(#10040),#10042);
#10047=IFCRELDEFINESBYPROPERTIES('0$zRRxDpZKVIEknu__01v0',#6,$,$,(#10040),#10043);
#10048=IFCRELDEFINESBYPROPERTIES('1n9nNx9JDOxdJJtAqVut_7',#6,$,$,(#10040),#10045);
#10049=IFCAXIS2PLACEMENT3D(#10051,$,$);
#10050=IFCLOCALPLACEMENT(#40,#10049);
#10051=IFCCARTESIANPOINT((-34070.400934039164,-23438.638670240489,0.));
#10052=IFCAXIS2PLACEMENT3D(#10,$,$);
#10054=IFCCARTESIANPOINT((-32024.593339709059,-12490.002898490044));
#10055=IFCCARTESIANPOINT((-32024.593339709059,-21790.));
#10056=IFCCARTESIANPOINT((32024.593339709059,-21790.));
#10057=IFCCARTESIANPOINT((32024.593339709059,21790.));
#10058=IFCCARTESIANPOINT((22424.593339709118,21790.));
#10059=IFCCARTESIANPOINT((22424.593339709067,-12490.002898490042));
#10060=IFCPOLYLINE((#10054,#10055,#10056,#10057,#10058,#10059,#10054));
#10061=IFCARBITRARYCLOSEDPROFILEDEF(.AREA.,$,#10060);
#10062=IFCCARTESIANPOINT((32024.593339709059,21790.,0.));
#10063=IFCAXIS2PLACEMENT3D(#10062,$,$);
#10064=IFCEXTRUDEDAREASOLID(#10061,#10063,#55,160.00000000000045);
#10065=IFCSTYLEDITEM(#10064,(#8032),$);
#10066=IFCSHAPEREPRESENTATION(#15,'Body','SweptSolid',(#10064));
#10067=IFCPRODUCTDEFINITIONSHAPE($,$,(#10066));
#10068=IFCAXIS2PLACEMENT3D(#10,$,$);
#10069=IFCLOCALPLACEMENT(#10050,#12449);
#10070=IFCSLAB('0g5ewGsoP03e4azA5NVM$j',#6,'Basic Roof:Timber - 100mm:392840',$,$,#10069,#10067,'392840',.ROOF.);
#10071=IFCSLABTYPE('0g5ewGsoP03e4azADNVM$l',#6,'Basic Roof:Timber - 100mm',$,$,(#10090),$,'392842',$,.ROOF.);
#10072=IFCMATERIALLAYER(#8050,160.,$);
#10073=IFCMATERIALLAYERSET((#10072),'Basic Roof:Timber - 100mm');
#10074=IFCROOF('0g5ewGsoP03e4azADNVM$j',#6,'Basic Roof:Timber - 100mm:392840',$,$,#10050,$,'392840',.NOTDEFINED.);
#10075=IFCRELAGGREGATES('1UXQvApE83P8tXsYEM3Dsf',#6,$,$,#10074,(#10070));
#10076=IFCPROPERTYSINGLEVALUE('Reference',$,IFCIDENTIFIER('Timber - 100mm'),$);
#10077=IFCPROPERTYSET('2neiJHNg$oHQKq3J8YscvW',#6,'Pset_QuantityTakeOff',$,(#10076));
#10078=IFCPROPERTYSINGLEVALUE('Reference',$,IFCLABEL('Timber - 100mm'),$);
#10079=IFCPROPERTYSET('2TSUzpFKmxVlRPO1iFH3b7',#6,'Pset_ReinforcementBarPitchOfSlab',$,(#10078));
#10080=IFCPROPERTYSET('3gJx5i1h7k46hft_Iod5YN',#6,'Pset_SlabCommon',$,(#84,#6060,#10076));
#10081=IFCPROPERTYSET('0mg6F2bKmm8_Oty1jdIZoU',#6,'Pset_QuantityTakeOff',$,(#10076));
#10082=IFCPROPERTYSINGLEVALUE('ProjectedArea',$,IFCAREAMEASURE(924.74527829816418),$);
#10083=IFCPROPERTYSINGLEVALUE('TotalArea',$,IFCAREAMEASURE(924.74527829816407),$);
#10084=IFCPROPERTYSET('0pLw9zFl_F2m9QL326lzxu',#6,'Pset_RoofCommon',$,(#6060,#10076,#10082,#10083));
#10085=IFCRELDEFINESBYPROPERTIES('3j9QWqIHM4Y7cISs_bcBRy',#6,$,$,(#10070),#10077);
#10086=IFCRELDEFINESBYPROPERTIES('0upA5en_ciDKc3VbzTM1L5',#6,$,$,(#10070),#10079);
#10087=IFCRELDEFINESBYPROPERTIES('0U4phMxE1djMTpx50IBjPt',#6,$,$,(#10070),#10080);
#10088=IFCRELDEFINESBYPROPERTIES('2Q3WEwRd6soFgyNCtm7LEy',#6,$,$,(#10074),#10081);
#10089=IFCRELDEFINESBYPROPERTIES('10WR_9JoHGbNsM_J7lkIig',#6,$,$,(#10074),#10084);
#10090=IFCPROPERTYSET('3tq$4p_1zAnHJda6e2iF09',#6,'Pset_SlabCommon',$,(#8070));
#10091=IFCAXIS2PLACEMENT3D(#10,$,$);
#10092=IFCLOCALPLACEMENT(#32,#10091);
#10093=IFCCARTESIANPOINT((0.,0.));
#10094=IFCAXIS2PLACEMENT2D(#10093,#48);
#10095=IFCRECTANGLEPROFILEDEF(.AREA.,$,#10094,8800.0000000000491,64230.000000000087);
#10096=IFCCARTESIANPOINT((-2136.2142546211244,-18638.638670240278,0.));
#10097=IFCAXIS2PLACEMENT3D(#10096,#52,#53);
#10098=IFCEXTRUDEDAREASOLID(#10095,#10097,#55,250.00000000000057);
#10099=IFCSTYLEDITEM(#10098,(#1695),$);
#10100=IFCSHAPEREPRESENTATION(#15,'Body','SweptSolid',(#10098));
#10101=IFCPRODUCTDEFINITIONSHAPE($,$,(#10100));
#10102=IFCSLAB('0K6Di_2nv7vRgOPoSeJcr$',#6,'Floor:Generic 250mm:393359',$,$,#10092,#10101,'393359',.FLOOR.);
#10103=IFCSLABTYPE('0K6Di_2nv7vRgOPoSeJcq7',#6,'Floor:Generic 250mm',$,$,(#10116),$,'393463',$,.FLOOR.);
#10104=IFCMATERIALLAYER(#1701,250.00000000000003,$);
#10105=IFCMATERIALLAYERSET((#10104),'Floor:Generic 250mm');
#10106=IFCMATERIALLAYERSETUSAGE(#10105,.AXIS3.,.POSITIVE.,0.);
#10107=IFCPROPERTYSINGLEVALUE('Reference',$,IFCIDENTIFIER('Generic 250mm'),$);
#10108=IFCPROPERTYSET('1Eq1AvwwfnDemHJsBt0qJj',#6,'Pset_QuantityTakeOff',$,(#10107));
#10109=IFCPROPERTYSINGLEVALUE('Reference',$,IFCLABEL('Generic 250mm'),$);
#10110=IFCPROPERTYSET('0Ww$bxubUBqTBZxCPsEiZ0',#6,'Pset_ReinforcementBarPitchOfSlab',$,(#10109));
#10111=IFCPROPERTYSET('1gmgiV3SIpd_GmxXK2UVlM',#6,'Pset_SlabCommon',$,(#82,#84,#4407,#10107));
#10112=IFCRELDEFINESBYPROPERTIES('3fJPji9hGAYW8kJsRt2vJ1',#6,$,$,(#10102),#10108);
#10113=IFCRELDEFINESBYPROPERTIES('34u7SI96LhQsVAntv5s4wk',#6,$,$,(#10102),#10110);
#10114=IFCRELDEFINESBYPROPERTIES('0CzvckS_Zxld3hQPzG9crm',#6,$,$,(#10102),#10111);
#10115=IFCPROPERTYSINGLEVALUE('ThermalTransmittance',$,IFCTHERMALTRANSMITTANCEMEASURE(4.1840000000000002),$);
#10116=IFCPROPERTYSET('2sN4PKGUygX65uPLbvaxaY',#6,'Pset_SlabCommon',$,(#10115));
#10117=IFCAXIS2PLACEMENT3D(#10119,$,$);
#10118=IFCLOCALPLACEMENT(#32,#10117);
#10119=IFCCARTESIANPOINT((-34301.214254621031,-14238.638670240298,0.));
#10120=IFCAXIS2PLACEMENT3D(#10,$,$);
#10122=IFCCARTESIANPOINT((0.,0.));
#10123=IFCAXIS2PLACEMENT2D(#10122,#48);
#10124=IFCRECTANGLEPROFILEDEF(.AREA.,$,#10123,3494.999999999864,25449.99999999988);
#10125=IFCCARTESIANPOINT((1747.499999999932,12725.,0.));
#10126=IFCAXIS2PLACEMENT3D(#10125,$,$);
#10127=IFCEXTRUDEDAREASOLID(#10124,#10126,#55,119.99999999999979);
#10128=IFCSTYLEDITEM(#10127,(#1695),$);
#10129=IFCSHAPEREPRESENTATION(#15,'Body','SweptSolid',(#10127));
#10130=IFCPRODUCTDEFINITIONSHAPE($,$,(#10129));
#10131=IFCAXIS2PLACEMENT3D(#10,$,$);
#10132=IFCLOCALPLACEMENT(#10118,#12450);
#10133=IFCSLAB('2WIqbptjz2eAluB2vp5y9L',#6,'Basic Roof:Concrete - 120mm:394763',$,$,#10132,#10130,'394763',.ROOF.);
#10134=IFCSLABTYPE('2WIqbptjz2eAluB2np5y9J',#6,'Basic Roof:Concrete - 120mm',$,$,(#10154),$,'394765',$,.ROOF.);
#10135=IFCMATERIALLAYER(#1701,120.,$);
#10136=IFCMATERIALLAYERSET((#10135),'Basic Roof:Concrete - 120mm');
#10137=IFCROOF('2WIqbptjz2eAluB2np5y9L',#6,'Basic Roof:Concrete - 120mm:394763',$,$,#10118,$,'394763',.NOTDEFINED.);
#10138=IFCRELAGGREGATES('2lDTL5aqf1WPAy0kmBd2oD',#6,$,$,#10137,(#10133));
#10139=IFCPROPERTYSINGLEVALUE('Reference',$,IFCIDENTIFIER('Concrete - 120mm'),$);
#10140=IFCPROPERTYSET('3tj9PyHEtnaHwQNeAiJV2n',#6,'Pset_QuantityTakeOff',$,(#10139));
#10141=IFCPROPERTYSINGLEVALUE('Reference',$,IFCLABEL('Concrete - 120mm'),$);
#10142=IFCPROPERTYSET('3$BgfNDb3SVXMpL2HXHqRi',#6,'Pset_ReinforcementBarPitchOfSlab',$,(#10141));
#10143=IFCPROPERTYSET('0afWrmJ1zx0R04uZXbhYhw',#6,'Pset_SlabCommon',$,(#84,#6060,#10139));
#10144=IFCPROPERTYSET('3etxjvTNOVv22CRmDmyQ5C',#6,'Pset_QuantityTakeOff',$,(#10139));
#10145=IFCPROPERTYSINGLEVALUE('ProjectedArea',$,IFCAREAMEASURE(88.947749999996176),$);
#10146=IFCPROPERTYSINGLEVALUE('TotalArea',$,IFCAREAMEASURE(88.947749999996105),$);
#10147=IFCPROPERTYSET('0lKqIcYQZMRG4o5f_TYc2r',#6,'Pset_RoofCommon',$,(#6060,#10139,#10145,#10146));
#10148=IFCRELDEFINESBYPROPERTIES('2NXs_iJILP68rcPxYBT8ZP',#6,$,$,(#10133),#10140);
#10149=IFCRELDEFINESBYPROPERTIES('0yFuw1b4a$ne6z5B8m1FVy',#6,$,$,(#10133),#10142);
#10150=IFCRELDEFINESBYPROPERTIES('3Y$Ue7fgAQHkvRdJ0PUWkq',#6,$,$,(#10133),#10143);
#10151=IFCRELDEFINESBYPROPERTIES('0qiDkSW2rr3C0sZ9J1x2X0',#6,$,$,(#10137),#10144);
#10152=IFCRELDEFINESBYPROPERTIES('2n5ztDm0xALerzyVjbo1md',#6,$,$,(#10137),#10147);
#10153=IFCPROPERTYSINGLEVALUE('ThermalTransmittance',$,IFCTHERMALTRANSMITTANCEMEASURE(8.7166666666666668),$);
#10154=IFCPROPERTYSET('2uVmmKWSGJS6FxeyM9VkM3',#6,'Pset_SlabCommon',$,(#10153));
#10155=IFCCARTESIANPOINT((0.,0.));
#10156=IFCAXIS2PLACEMENT2D(#10155,#48);
#10157=IFCRECTANGLEPROFILEDEF(.AREA.,'200x120',#10156,120.,200.);
#10158=IFCCARTESIANPOINT((40.,0.,4000.));
#10159=IFCAXIS2PLACEMENT3D(#10158,#55,#1689);
#10160=IFCEXTRUDEDAREASOLID(#10157,#10159,#55,3350.0000000000009);
#10161=IFCSTYLEDITEM(#10160,(#1695),$);
#10162=IFCSHAPEREPRESENTATION(#15,'Body','SweptSolid',(#10160));
#10163=IFCAXIS2PLACEMENT3D(#10,$,$);
#10164=IFCREPRESENTATIONMAP(#10163,#10162);
#10165=IFCCOLUMNTYPE('2WIqbptjz2eAluB2np5yAT',#6,'Column:200x120',$,$,(#10181),(#10164),'394937',$,.COLUMN.);
#10166=IFCMAPPEDITEM(#10164,#1706);
#10167=IFCSHAPEREPRESENTATION(#15,'Body','MappedRepresentation',(#10166));
#10168=IFCPRODUCTDEFINITIONSHAPE($,$,(#10167));
#10169=IFCCARTESIANPOINT((-34281.214254621053,8161.3613297597567,-4000.));
#10170=IFCAXIS2PLACEMENT3D(#10169,$,$);
#10171=IFCLOCALPLACEMENT(#28,#10170);
#10172=IFCCOLUMN('2WIqbptjz2eAluB2np5yB7',#6,'Column:200x120:394905',$,$,#10171,#10168,'394905');
#10173=IFCPROPERTYSINGLEVALUE('Reference',$,IFCIDENTIFIER('200x120'),$);
#10174=IFCPROPERTYSET('2CPLnjqfkR71X3U45C9gKG',#6,'Pset_ColumnCommon',$,(#82,#83,#10173));
#10175=IFCPROPERTYSET('21IT8yhGXM1yATV9mnezFR',#6,'Pset_QuantityTakeOff',$,(#10173));
#10176=IFCPROPERTYSINGLEVALUE('Reference',$,IFCLABEL('200x120'),$);
#10177=IFCPROPERTYSET('0CHCFwcvtZVaTkDBPh3HmX',#6,'Pset_ReinforcementBarPitchOfColumn',$,(#10176));
#10178=IFCRELDEFINESBYPROPERTIES('31jIl8iBhspDLX$qMxJh$o',#6,$,$,(#10172),#10174);
#10179=IFCRELDEFINESBYPROPERTIES('3er8T_BM5JCfPxyX6YeEUY',#6,$,$,(#10172),#10175);
#10180=IFCRELDEFINESBYPROPERTIES('2FELGuoT0f$gxpsMcErrSJ',#6,$,$,(#10172),#10177);
#10181=IFCPROPERTYSET('1cUiGWbEaf$QSZOSImRSHo',#6,'Pset_ColumnCommon',$,(#83));
#10182=IFCMAPPEDITEM(#10164,#1706);
#10183=IFCSHAPEREPRESENTATION(#15,'Body','MappedRepresentation',(#10182));
#10184=IFCPRODUCTDEFINITIONSHAPE($,$,(#10183));
#10185=IFCCARTESIANPOINT((-34281.214254621053,4961.3613297597294,-4000.));
#10186=IFCAXIS2PLACEMENT3D(#10185,$,$);
#10187=IFCLOCALPLACEMENT(#28,#10186);
#10188=IFCCOLUMN('2WIqbptjz2eAluB2np5ynd',#6,'Column:200x120:395321',$,$,#10187,#10184,'395321');
#10189=IFCPROPERTYSET('0Cy4KFl_zbxjrQU4vp$Br7',#6,'Pset_ColumnCommon',$,(#82,#83,#10173));
#10190=IFCPROPERTYSET('1HtswyEA$RjI_CTD1TtNMF',#6,'Pset_QuantityTakeOff',$,(#10173));
#10191=IFCPROPERTYSINGLEVALUE('Reference',$,IFCLABEL('200x120'),$);
#10192=IFCPROPERTYSET('2lm99alfFGvJo9475j1Whs',#6,'Pset_ReinforcementBarPitchOfColumn',$,(#10191));
#10193=IFCRELDEFINESBYPROPERTIES('14awr4GyK01GIGwJHhAG1H',#6,$,$,(#10188),#10189);
#10194=IFCRELDEFINESBYPROPERTIES('3vM_iPSSRBR3c6Vn8u3ym6',#6,$,$,(#10188),#10190);
#10195=IFCRELDEFINESBYPROPERTIES('1vHh_tzWtBsRUQZoI7A8J$',#6,$,$,(#10188),#10192);
#10196=IFCMAPPEDITEM(#10164,#1706);
#10197=IFCSHAPEREPRESENTATION(#15,'Body','MappedRepresentation',(#10196));
#10198=IFCPRODUCTDEFINITIONSHAPE($,$,(#10197));
#10199=IFCCARTESIANPOINT((-34281.21425462106,1761.3613297597269,-4000.));
#10200=IFCAXIS2PLACEMENT3D(#10199,$,$);
#10201=IFCLOCALPLACEMENT(#28,#10200);
#10202=IFCCOLUMN('2WIqbptjz2eAluB2np5ymT',#6,'Column:200x120:395331',$,$,#10201,#10198,'395331');
#10203=IFCPROPERTYSET('3vUd7_HrS$DRV98HLxZ6Cw',#6,'Pset_ColumnCommon',$,(#82,#83,#10173));
#10204=IFCPROPERTYSET('35395NzxCuyB$499Lp5SnS',#6,'Pset_QuantityTakeOff',$,(#10173));
#10205=IFCPROPERTYSINGLEVALUE('Reference',$,IFCLABEL('200x120'),$);
#10206=IFCPROPERTYSET('0Z5lesZvOTt0xneGCLVs8I',#6,'Pset_ReinforcementBarPitchOfColumn',$,(#10205));
#10207=IFCRELDEFINESBYPROPERTIES('2SbnMsbLu7mo8BGf$qryYh',#6,$,$,(#10202),#10203);
#10208=IFCRELDEFINESBYPROPERTIES('09LuiGGKSl8yJtOTNWoivV',#6,$,$,(#10202),#10204);
#10209=IFCRELDEFINESBYPROPERTIES('1xQsjxMZ9Jx8HCZoEeO7yL',#6,$,$,(#10202),#10206);
#10210=IFCMAPPEDITEM(#10164,#1706);
#10211=IFCSHAPEREPRESENTATION(#15,'Body','MappedRepresentation',(#10210));
#10212=IFCPRODUCTDEFINITIONSHAPE($,$,(#10211));
#10213=IFCCARTESIANPOINT((-34281.21425462106,-1438.6386702402733,-4000.));
#10214=IFCAXIS2PLACEMENT3D(#10213,$,$);
#10215=IFCLOCALPLACEMENT(#28,#10214);
#10216=IFCCOLUMN('2WIqbptjz2eAluB2np5ymF',#6,'Column:200x120:395345',$,$,#10215,#10212,'395345');
#10217=IFCPROPERTYSET('3GKDf2TomddQmQ0e4CU8iw',#6,'Pset_ColumnCommon',$,(#82,#83,#10173));
#10218=IFCPROPERTYSET('3GkoAlqkM9zQKtgETeE6F6',#6,'Pset_QuantityTakeOff',$,(#10173));
#10219=IFCPROPERTYSINGLEVALUE('Reference',$,IFCLABEL('200x120'),$);
#10220=IFCPROPERTYSET('1CsLql$5E6K4ePWNgvfNil',#6,'Pset_ReinforcementBarPitchOfColumn',$,(#10219));
#10221=IFCRELDEFINESBYPROPERTIES('3jTQ6fTotk885XpRJk807D',#6,$,$,(#10216),#10217);
#10222=IFCRELDEFINESBYPROPERTIES('042n01AR0PHGje1gCep7uB',#6,$,$,(#10216),#10218);
#10223=IFCRELDEFINESBYPROPERTIES('3BOsfFortr8iMOal3NneHV',#6,$,$,(#10216),#10220);
#10224=IFCMAPPEDITEM(#10164,#1706);
#10225=IFCSHAPEREPRESENTATION(#15,'Body','MappedRepresentation',(#10224));
#10226=IFCPRODUCTDEFINITIONSHAPE($,$,(#10225));
#10227=IFCCARTESIANPOINT((-34281.214254621067,-4638.6386702402733,-4000.));
#10228=IFCAXIS2PLACEMENT3D(#10227,$,$);
#10229=IFCLOCALPLACEMENT(#28,#10228);
#10230=IFCCOLUMN('2WIqbptjz2eAluB2np5ym5',#6,'Column:200x120:395355',$,$,#10229,#10226,'395355');
#10231=IFCPROPERTYSET('1TyR1t78yocko0hiZwhIPh',#6,'Pset_ColumnCommon',$,(#82,#83,#10173));
#10232=IFCPROPERTYSET('0jpto6gapoeTdHqg74zvXd',#6,'Pset_QuantityTakeOff',$,(#10173));
#10233=IFCPROPERTYSINGLEVALUE('Reference',$,IFCLABEL('200x120'),$);
#10234=IFCPROPERTYSET('2O6DRt5X9dm0sK6M_4Pk3L',#6,'Pset_ReinforcementBarPitchOfColumn',$,(#10233));
#10235=IFCRELDEFINESBYPROPERTIES('3d9uTq2xRsCuf9c1inzDbU',#6,$,$,(#10230),#10231);
#10236=IFCRELDEFINESBYPROPERTIES('2PDpWwP3QaAalgHlKfy_8G',#6,$,$,(#10230),#10232);
#10237=IFCRELDEFINESBYPROPERTIES('1UkSqpvGUPw2ejediXR9Q5',#6,$,$,(#10230),#10234);
#10238=IFCMAPPEDITEM(#10164,#1706);
#10239=IFCSHAPEREPRESENTATION(#15,'Body','MappedRepresentation',(#10238));
#10240=IFCPRODUCTDEFINITIONSHAPE($,$,(#10239));
#10241=IFCCARTESIANPOINT((-34281.214254621074,-7838.6386702402742,-4000.));
#10242=IFCAXIS2PLACEMENT3D(#10241,$,$);
#10243=IFCLOCALPLACEMENT(#28,#10242);
#10244=IFCCOLUMN('2WIqbptjz2eAluB2np5ymv',#6,'Column:200x120:395367',$,$,#10243,#10240,'395367');
#10245=IFCPROPERTYSET('0GROrU3Q2GWCUMa6gtCe1i',#6,'Pset_ColumnCommon',$,(#82,#83,#10173));
#10246=IFCPROPERTYSET('191w7jOASQkYoLnR47xOPe',#6,'Pset_QuantityTakeOff',$,(#10173));
#10247=IFCPROPERTYSINGLEVALUE('Reference',$,IFCLABEL('200x120'),$);
#10248=IFCPROPERTYSET('0AJlmDkPcUrjPmQgwvi5V3',#6,'Pset_ReinforcementBarPitchOfColumn',$,(#10247));
#10249=IFCRELDEFINESBYPROPERTIES('1kYqcnmruRfHsVbcHMxZIT',#6,$,$,(#10244),#10245);
#10250=IFCRELDEFINESBYPROPERTIES('0geDzioPxJ65WZRYEKxaxg',#6,$,$,(#10244),#10246);
#10251=IFCRELDEFINESBYPROPERTIES('2fHZyKnhQJiHoucnOWngMB',#6,$,$,(#10244),#10248);
#10252=IFCMAPPEDITEM(#10164,#1706);
#10253=IFCSHAPEREPRESENTATION(#15,'Body','MappedRepresentation',(#10252));
#10254=IFCPRODUCTDEFINITIONSHAPE($,$,(#10253));
#10255=IFCCARTESIANPOINT((-34281.214254621074,-11038.638670240274,-4000.));
#10256=IFCAXIS2PLACEMENT3D(#10255,$,$);
#10257=IFCLOCALPLACEMENT(#28,#10256);
#10258=IFCCOLUMN('2WIqbptjz2eAluB2np5ymj',#6,'Column:200x120:395379',$,$,#10257,#10254,'395379');
#10259=IFCPROPERTYSET('2N4jZLPad15PNLctTjlQKH',#6,'Pset_ColumnCommon',$,(#82,#83,#10173));
#10260=IFCPROPERTYSET('3DnzMLHyL_ks4MnMm$1FGR',#6,'Pset_QuantityTakeOff',$,(#10173));
#10261=IFCPROPERTYSINGLEVALUE('Reference',$,IFCLABEL('200x120'),$);
#10262=IFCPROPERTYSET('1KhVrSwxiJGhyhbSgMXs6i',#6,'Pset_ReinforcementBarPitchOfColumn',$,(#10261));
#10263=IFCRELDEFINESBYPROPERTIES('1gMkiDnPQjx7QAW5v2A0Fx',#6,$,$,(#10258),#10259);
#10264=IFCRELDEFINESBYPROPERTIES('2z14qKIZNaiWyqiLfkt0nk',#6,$,$,(#10258),#10260);
#10265=IFCRELDEFINESBYPROPERTIES('1yon76cyTant3X0qF43M3V',#6,$,$,(#10258),#10262);
#10266=IFCMAPPEDITEM(#10164,#1706);
#10267=IFCSHAPEREPRESENTATION(#15,'Body','MappedRepresentation',(#10266));
#10268=IFCPRODUCTDEFINITIONSHAPE($,$,(#10267));
#10269=IFCCARTESIANPOINT((-34281.214254621082,-14238.638670240276,-4000.));
#10270=IFCAXIS2PLACEMENT3D(#10269,$,$);
#10271=IFCLOCALPLACEMENT(#28,#10270);
#10272=IFCCOLUMN('2WIqbptjz2eAluB2np5ymX',#6,'Column:200x120:395391',$,$,#10271,#10268,'395391');
#10273=IFCPROPERTYSET('0XhO47Ny0n3n7EEmC9zfjF',#6,'Pset_ColumnCommon',$,(#82,#83,#10173));
#10274=IFCPROPERTYSET('0y3y4_THv7biLc8N3kC289',#6,'Pset_QuantityTakeOff',$,(#10173));
#10275=IFCPROPERTYSINGLEVALUE('Reference',$,IFCLABEL('200x120'),$);
#10276=IFCPROPERTYSET('1IDmjm_4XwegToVHEzQJHP',#6,'Pset_ReinforcementBarPitchOfColumn',$,(#10275));
#10277=IFCRELDEFINESBYPROPERTIES('0SFzXfKf2uOa74hwGltk0m',#6,$,$,(#10272),#10273);
#10278=IFCRELDEFINESBYPROPERTIES('0_FeY48M_F8cgDxOJTN4Bb',#6,$,$,(#10272),#10274);
#10279=IFCRELDEFINESBYPROPERTIES('27zHFG6k2kczS8S3ptmBkL',#6,$,$,(#10272),#10276);
#10280=IFCMAPPEDITEM(#10164,#1706);
#10281=IFCSHAPEREPRESENTATION(#15,'Body','MappedRepresentation',(#10280));
#10282=IFCPRODUCTDEFINITIONSHAPE($,$,(#10281));
#10283=IFCCARTESIANPOINT((-34281.214254621082,-17438.638670240274,-4000.));
#10284=IFCAXIS2PLACEMENT3D(#10283,$,$);
#10285=IFCLOCALPLACEMENT(#28,#10284);
#10286=IFCCOLUMN('2WIqbptjz2eAluB2np5ypN',#6,'Column:200x120:395401',$,$,#10285,#10282,'395401');
#10287=IFCPROPERTYSET('0K6bSdlHqgEy_4rS$iUeX8',#6,'Pset_ColumnCommon',$,(#82,#83,#10173));
#10288=IFCPROPERTYSET('3dcHe4TkbKY9BST4KDWY0V',#6,'Pset_QuantityTakeOff',$,(#10173));
#10289=IFCPROPERTYSINGLEVALUE('Reference',$,IFCLABEL('200x120'),$);
#10290=IFCPROPERTYSET('0MmLDw63zXfKRdu7cPmEXb',#6,'Pset_ReinforcementBarPitchOfColumn',$,(#10289));
#10291=IFCRELDEFINESBYPROPERTIES('2JT2R7_V0ol92LM$sDQrbW',#6,$,$,(#10286),#10287);
#10292=IFCRELDEFINESBYPROPERTIES('1PEqKwNehHzpgkY5G55l0O',#6,$,$,(#10286),#10288);
#10293=IFCRELDEFINESBYPROPERTIES('3j89DD3Zvh0zDJ1p20vPH9',#6,$,$,(#10286),#10290);
#10294=IFCMAPPEDITEM(#10164,#1706);
#10295=IFCSHAPEREPRESENTATION(#15,'Body','MappedRepresentation',(#10294));
#10296=IFCPRODUCTDEFINITIONSHAPE($,$,(#10295));
#10297=IFCCARTESIANPOINT((30158.785745379009,14561.361329759544,-4000.));
#10298=IFCAXIS2PLACEMENT3D(#10297,$,$);
#10299=IFCLOCALPLACEMENT(#28,#10298);
#10300=IFCCOLUMN('2WIqbptjz2eAluB2np5yoX',#6,'Column:200x120:395519',$,$,#10299,#10296,'395519');
#10301=IFCPROPERTYSET('18dtkm4PME3HXvoII3Cs9R',#6,'Pset_ColumnCommon',$,(#82,#83,#10173));
#10302=IFCPROPERTYSET('0ztm44tD2cISd1sMi4B7Tm',#6,'Pset_QuantityTakeOff',$,(#10173));
#10303=IFCPROPERTYSINGLEVALUE('Reference',$,IFCLABEL('200x120'),$);
#10304=IFCPROPERTYSET('2gMwj2RyNyttBRtFX2$Esc',#6,'Pset_ReinforcementBarPitchOfColumn',$,(#10303));
#10305=IFCRELDEFINESBYPROPERTIES('28BQZIerRSHnGvidqNG_fN',#6,$,$,(#10300),#10301);
#10306=IFCRELDEFINESBYPROPERTIES('0jaVrIzYJtF1fDW2_pSHrn',#6,$,$,(#10300),#10302);
#10307=IFCRELDEFINESBYPROPERTIES('1knFnxWTZvzKMcF0hnrtqY',#6,$,$,(#10300),#10304);
#10308=IFCMAPPEDITEM(#10164,#1706);
#10309=IFCSHAPEREPRESENTATION(#15,'Body','MappedRepresentation',(#10308));
#10310=IFCPRODUCTDEFINITIONSHAPE($,$,(#10309));
#10311=IFCCARTESIANPOINT((-34281.214254621038,14561.361329759764,-4000.));
#10312=IFCAXIS2PLACEMENT3D(#10311,$,$);
#10313=IFCLOCALPLACEMENT(#28,#10312);
#10314=IFCCOLUMN('2WIqbptjz2eAluB2np5yrL',#6,'Column:200x120:395531',$,$,#10313,#10310,'395531');
#10315=IFCPROPERTYSET('1TJU2HId5OIGGpt3FLYLOx',#6,'Pset_ColumnCommon',$,(#82,#83,#10173));
#10316=IFCPROPERTYSET('3Go5RH0gp$C5Xb0PMqXkXU',#6,'Pset_QuantityTakeOff',$,(#10173));
#10317=IFCPROPERTYSINGLEVALUE('Reference',$,IFCLABEL('200x120'),$);
#10318=IFCPROPERTYSET('3S89y555u4JRTdt$pYyowN',#6,'Pset_ReinforcementBarPitchOfColumn',$,(#10317));
#10319=IFCRELDEFINESBYPROPERTIES('0AI0_Gvod2hFniBm90v4Ut',#6,$,$,(#10314),#10315);
#10320=IFCRELDEFINESBYPROPERTIES('0LBa7RaZ6PUG86XRpTDJOj',#6,$,$,(#10314),#10316);
#10321=IFCRELDEFINESBYPROPERTIES('3znClASnE_lYvFk$JCu8nr',#6,$,$,(#10314),#10318);
#10322=IFCMAPPEDITEM(#10164,#1706);
#10323=IFCSHAPEREPRESENTATION(#15,'Body','MappedRepresentation',(#10322));
#10324=IFCPRODUCTDEFINITIONSHAPE($,$,(#10323));
#10325=IFCCARTESIANPOINT((30158.785745379006,11361.361329759538,-4000.));
#10326=IFCAXIS2PLACEMENT3D(#10325,$,$);
#10327=IFCLOCALPLACEMENT(#28,#10326);
#10328=IFCCOLUMN('2WIqbptjz2eAluB2np5ysH',#6,'Column:200x120:395727',$,$,#10327,#10324,'395727');
#10329=IFCPROPERTYSET('05iRGtT_KBou$xtsNPZmYl',#6,'Pset_ColumnCommon',$,(#82,#83,#10173));
#10330=IFCPROPERTYSET('1uQHKVqEstjPt2gTUUc9C$',#6,'Pset_QuantityTakeOff',$,(#10173));
#10331=IFCPROPERTYSINGLEVALUE('Reference',$,IFCLABEL('200x120'),$);
#10332=IFCPROPERTYSET('091ohXjnavfPZuDNI_kiTf',#6,'Pset_ReinforcementBarPitchOfColumn',$,(#10331));
#10333=IFCRELDEFINESBYPROPERTIES('3eAghcrOicZOyp$PAH_tLf',#6,$,$,(#10328),#10329);
#10334=IFCRELDEFINESBYPROPERTIES('0Z8BUD9DZHn1OSeTvaiBSi',#6,$,$,(#10328),#10330);
#10335=IFCRELDEFINESBYPROPERTIES('1S8nxsfXEzD3bAXLVwXsXm',#6,$,$,(#10328),#10332);
#10336=IFCMAPPEDITEM(#10164,#1706);
#10337=IFCSHAPEREPRESENTATION(#15,'Body','MappedRepresentation',(#10336));
#10338=IFCPRODUCTDEFINITIONSHAPE($,$,(#10337));
#10339=IFCCARTESIANPOINT((30158.785745379002,8161.3613297595357,-4000.));
#10340=IFCAXIS2PLACEMENT3D(#10339,$,$);
#10341=IFCLOCALPLACEMENT(#28,#10340);
#10342=IFCCOLUMN('2WIqbptjz2eAluB2np5ys7',#6,'Column:200x120:395737',$,$,#10341,#10338,'395737');
#10343=IFCPROPERTYSET('1EatehMKJ$5r3bNoPtYlBs',#6,'Pset_ColumnCommon',$,(#82,#83,#10173));
#10344=IFCPROPERTYSET('3BqU7yPTCMnqdxwm0s$MEa',#6,'Pset_QuantityTakeOff',$,(#10173));
#10345=IFCPROPERTYSINGLEVALUE('Reference',$,IFCLABEL('200x120'),$);
#10346=IFCPROPERTYSET('3Dultrb1Cr_9kLmQ73gUNN',#6,'Pset_ReinforcementBarPitchOfColumn',$,(#10345));
#10347=IFCRELDEFINESBYPROPERTIES('2ge5pA9GJRPeK3VtO4TJKp',#6,$,$,(#10342),#10343);
#10348=IFCRELDEFINESBYPROPERTIES('3w7A3zoRIsSzJRcqs9$jbK',#6,$,$,(#10342),#10344);
#10349=IFCRELDEFINESBYPROPERTIES('3aDYnyARMtvAA4y0_K3PLs',#6,$,$,(#10342),#10346);
#10350=IFCMAPPEDITEM(#10164,#1706);
#10351=IFCSHAPEREPRESENTATION(#15,'Body','MappedRepresentation',(#10350));
#10352=IFCPRODUCTDEFINITIONSHAPE($,$,(#10351));
#10353=IFCCARTESIANPOINT((30158.785745378998,4961.3613297595057,-4000.));
#10354=IFCAXIS2PLACEMENT3D(#10353,$,$);
#10355=IFCLOCALPLACEMENT(#28,#10354);
#10356=IFCCOLUMN('2WIqbptjz2eAluB2np5ysx',#6,'Column:200x120:395749',$,$,#10355,#10352,'395749');
#10357=IFCPROPERTYSET('07IT4ElZY7Onqq8KtgpvXx',#6,'Pset_ColumnCommon',$,(#82,#83,#10173));
#10358=IFCPROPERTYSET('2hSZXpGKOdK34NFfogh0Oo',#6,'Pset_QuantityTakeOff',$,(#10173));
#10359=IFCPROPERTYSINGLEVALUE('Reference',$,IFCLABEL('200x120'),$);
#10360=IFCPROPERTYSET('3JC6ZSR9AkN6ZwaM1b51mQ',#6,'Pset_ReinforcementBarPitchOfColumn',$,(#10359));
#10361=IFCRELDEFINESBYPROPERTIES('0vm3gBjzHCwd3AnHl_MIXE',#6,$,$,(#10356),#10357);
#10362=IFCRELDEFINESBYPROPERTIES('3xkduevfLMQ5nBZVWpb0K0',#6,$,$,(#10356),#10358);
#10363=IFCRELDEFINESBYPROPERTIES('0ipVoIo5ctO8dh6E$FtL18',#6,$,$,(#10356),#10360);
#10364=IFCMAPPEDITEM(#10164,#1706);
#10365=IFCSHAPEREPRESENTATION(#15,'Body','MappedRepresentation',(#10364));
#10366=IFCPRODUCTDEFINITIONSHAPE($,$,(#10365));
#10367=IFCCARTESIANPOINT((30158.785745378987,-1438.638670240492,-4000.));
#10368=IFCAXIS2PLACEMENT3D(#10367,$,$);
#10369=IFCLOCALPLACEMENT(#28,#10368);
#10370=IFCCOLUMN('2WIqbptjz2eAluB2np5ysl',#6,'Column:200x120:395761',$,$,#10369,#10366,'395761');
#10371=IFCPROPERTYSET('0V1dWrl0V24ZUouSyvX5oW',#6,'Pset_ColumnCommon',$,(#82,#83,#10173));
#10372=IFCPROPERTYSET('0d128uIUU7XLCOwTtUA0eJ',#6,'Pset_QuantityTakeOff',$,(#10173));
#10373=IFCPROPERTYSINGLEVALUE('Reference',$,IFCLABEL('200x120'),$);
#10374=IFCPROPERTYSET('2YVbYn107kMPz7SMBOO9uH',#6,'Pset_ReinforcementBarPitchOfColumn',$,(#10373));
#10375=IFCRELDEFINESBYPROPERTIES('1d_vQGNjW3UuOIF00MZXGP',#6,$,$,(#10370),#10371);
#10376=IFCRELDEFINESBYPROPERTIES('1XPJ3JzQ_GhsBywRx9_Q2$',#6,$,$,(#10370),#10372);
#10377=IFCRELDEFINESBYPROPERTIES('0smcFD99gUdsVAPFLNtlNa',#6,$,$,(#10370),#10374);
#10378=IFCMAPPEDITEM(#10164,#1706);
#10379=IFCSHAPEREPRESENTATION(#15,'Body','MappedRepresentation',(#10378));
#10380=IFCPRODUCTDEFINITIONSHAPE($,$,(#10379));
#10381=IFCCARTESIANPOINT((30158.785745378984,-4638.6386702404925,-4000.));
#10382=IFCAXIS2PLACEMENT3D(#10381,$,$);
#10383=IFCLOCALPLACEMENT(#28,#10382);
#10384=IFCCOLUMN('2WIqbptjz2eAluB2np5ysb',#6,'Column:200x120:395771',$,$,#10383,#10380,'395771');
#10385=IFCPROPERTYSET('3ge35Rqz9b9gDlrknCKK1N',#6,'Pset_ColumnCommon',$,(#82,#83,#10173));
#10386=IFCPROPERTYSET('2kUDmP3R0f23ACHe3KHyZ2',#6,'Pset_QuantityTakeOff',$,(#10173));
#10387=IFCPROPERTYSINGLEVALUE('Reference',$,IFCLABEL('200x120'),$);
#10388=IFCPROPERTYSET('3Y_4_0el2vs_ny6Pg$SCa7',#6,'Pset_ReinforcementBarPitchOfColumn',$,(#10387));
#10389=IFCRELDEFINESBYPROPERTIES('2ctIqgyvIkU8neFmnlA7_c',#6,$,$,(#10384),#10385);
#10390=IFCRELDEFINESBYPROPERTIES('3zEwSac5$hrBvR0EMWYw4C',#6,$,$,(#10384),#10386);
#10391=IFCRELDEFINESBYPROPERTIES('3sHcWbZoc8hJlE0LHLkNNO',#6,$,$,(#10384),#10388);
#10392=IFCMAPPEDITEM(#10164,#1706);
#10393=IFCSHAPEREPRESENTATION(#15,'Body','MappedRepresentation',(#10392));
#10394=IFCPRODUCTDEFINITIONSHAPE($,$,(#10393));
#10395=IFCCARTESIANPOINT((30158.78574537898,-7838.6386702404934,-4000.));
#10396=IFCAXIS2PLACEMENT3D(#10395,$,$);
#10397=IFCLOCALPLACEMENT(#28,#10396);
#10398=IFCCOLUMN('2WIqbptjz2eAluB2np5yvP',#6,'Column:200x120:395783',$,$,#10397,#10394,'395783');
#10399=IFCPROPERTYSET('0Zxb3TRsB5OawpmqiFTXk0',#6,'Pset_ColumnCommon',$,(#82,#83,#10173));
#10400=IFCPROPERTYSET('31vWS7XgfjxA_Wex$9xMey',#6,'Pset_QuantityTakeOff',$,(#10173));
#10401=IFCPROPERTYSINGLEVALUE('Reference',$,IFCLABEL('200x120'),$);
#10402=IFCPROPERTYSET('1_wQ7VbHX8lbcFHhKuVd9H',#6,'Pset_ReinforcementBarPitchOfColumn',$,(#10401));
#10403=IFCRELDEFINESBYPROPERTIES('1gxvYtZukprtzMHP7Povj3',#6,$,$,(#10398),#10399);
#10404=IFCRELDEFINESBYPROPERTIES('2tS5D1hwXJHdJGIUuhrWvY',#6,$,$,(#10398),#10400);
#10405=IFCRELDEFINESBYPROPERTIES('3zCMqRFY9VZ_TpD6aiX6Vi',#6,$,$,(#10398),#10402);
#10406=IFCMAPPEDITEM(#10164,#1706);
#10407=IFCSHAPEREPRESENTATION(#15,'Body','MappedRepresentation',(#10406));
#10408=IFCPRODUCTDEFINITIONSHAPE($,$,(#10407));
#10409=IFCCARTESIANPOINT((30158.785745378977,-11038.638670240494,-4000.));
#10410=IFCAXIS2PLACEMENT3D(#10409,$,$);
#10411=IFCLOCALPLACEMENT(#28,#10410);
#10412=IFCCOLUMN('2WIqbptjz2eAluB2np5yvD',#6,'Column:200x120:395795',$,$,#10411,#10408,'395795');
#10413=IFCPROPERTYSET('1gEAOk0SH_14uHFUi8RSmq',#6,'Pset_ColumnCommon',$,(#82,#83,#10173));
#10414=IFCPROPERTYSET('2COE9uL6QTQ4Z0BlKw_x9b',#6,'Pset_QuantityTakeOff',$,(#10173));
#10415=IFCPROPERTYSINGLEVALUE('Reference',$,IFCLABEL('200x120'),$);
#10416=IFCPROPERTYSET('1WACjxQ$m7ChgJ2l0zUl1L',#6,'Pset_ReinforcementBarPitchOfColumn',$,(#10415));
#10417=IFCRELDEFINESBYPROPERTIES('0eZs2kYOCw_U9tL9qXzrPg',#6,$,$,(#10412),#10413);
#10418=IFCRELDEFINESBYPROPERTIES('3LOOWzrDAY1FvFNWNIiCNw',#6,$,$,(#10412),#10414);
#10419=IFCRELDEFINESBYPROPERTIES('1zdQuaRmw46NpXKmTMdrod',#6,$,$,(#10412),#10416);
#10420=IFCMAPPEDITEM(#10164,#1706);
#10421=IFCSHAPEREPRESENTATION(#15,'Body','MappedRepresentation',(#10420));
#10422=IFCPRODUCTDEFINITIONSHAPE($,$,(#10421));
#10423=IFCCARTESIANPOINT((30158.785745378969,-14238.638670240493,-4000.));
#10424=IFCAXIS2PLACEMENT3D(#10423,$,$);
#10425=IFCLOCALPLACEMENT(#28,#10424);
#10426=IFCCOLUMN('2WIqbptjz2eAluB2np5yv3',#6,'Column:200x120:395805',$,$,#10425,#10422,'395805');
#10427=IFCPROPERTYSET('1UU19H_tQJ06gROrxa4XH$',#6,'Pset_ColumnCommon',$,(#82,#83,#10173));
#10428=IFCPROPERTYSET('1ocwe3xsV1zhuRO4$sJMay',#6,'Pset_QuantityTakeOff',$,(#10173));
#10429=IFCPROPERTYSINGLEVALUE('Reference',$,IFCLABEL('200x120'),$);
#10430=IFCPROPERTYSET('1WDRvoS$E3kXMXwTfcu5Ci',#6,'Pset_ReinforcementBarPitchOfColumn',$,(#10429));
#10431=IFCRELDEFINESBYPROPERTIES('3iydGf2AP64JjPflHBl8HN',#6,$,$,(#10426),#10427);
#10432=IFCRELDEFINESBYPROPERTIES('23$rHmkuZ$UzwBk1mRejGK',#6,$,$,(#10426),#10428);
#10433=IFCRELDEFINESBYPROPERTIES('03HnwOmS5A1C03qv26UXx7',#6,$,$,(#10426),#10430);
#10434=IFCMAPPEDITEM(#10164,#1706);
#10435=IFCSHAPEREPRESENTATION(#15,'Body','MappedRepresentation',(#10434));
#10436=IFCPRODUCTDEFINITIONSHAPE($,$,(#10435));
#10437=IFCCARTESIANPOINT((30158.785745378966,-17438.638670240489,-4000.));
#10438=IFCAXIS2PLACEMENT3D(#10437,$,$);
#10439=IFCLOCALPLACEMENT(#28,#10438);
#10440=IFCCOLUMN('2WIqbptjz2eAluB2np5yvv',#6,'Column:200x120:395815',$,$,#10439,#10436,'395815');
#10441=IFCPROPERTYSET('1l_a4gpiCXrLtkWdyItOhW',#6,'Pset_ColumnCommon',$,(#82,#83,#10173));
#10442=IFCPROPERTYSET('3_sk18W_D1NOrm4iz6mOa_',#6,'Pset_QuantityTakeOff',$,(#10173));
#10443=IFCPROPERTYSINGLEVALUE('Reference',$,IFCLABEL('200x120'),$);
#10444=IFCPROPERTYSET('0vGUDTMCh99elg0Gpjpx1v',#6,'Pset_ReinforcementBarPitchOfColumn',$,(#10443));
#10445=IFCRELDEFINESBYPROPERTIES('1ePiR7AWwlIVcNy9jwsUZS',#6,$,$,(#10440),#10441);
#10446=IFCRELDEFINESBYPROPERTIES('0Zod1LO0aDkJe09obfOdP9',#6,$,$,(#10440),#10442);
#10447=IFCRELDEFINESBYPROPERTIES('18nhdfKmpN5SMfk71KDFv0',#6,$,$,(#10440),#10444);
#10448=IFCMAPPEDITEM(#10164,#1706);
#10449=IFCSHAPEREPRESENTATION(#15,'Body','MappedRepresentation',(#10448));
#10450=IFCPRODUCTDEFINITIONSHAPE($,$,(#10449));
#10451=IFCCARTESIANPOINT((-34281.214254621038,17261.361329759762,-4000.));
#10452=IFCAXIS2PLACEMENT3D(#10451,$,$);
#10453=IFCLOCALPLACEMENT(#28,#10452);
#10454=IFCCOLUMN('2WIqbptjz2eAluB2np5yut',#6,'Column:200x120:395881',$,$,#10453,#10450,'395881');
#10455=IFCPROPERTYSET('34mVjkkOKuFkMuGePRjzKn',#6,'Pset_ColumnCommon',$,(#82,#83,#10173));
#10456=IFCPROPERTYSET('1vg7_IxmCHkW5ul3zYdC8$',#6,'Pset_QuantityTakeOff',$,(#10173));
#10457=IFCPROPERTYSINGLEVALUE('Reference',$,IFCLABEL('200x120'),$);
#10458=IFCPROPERTYSET('1r268L8oTTGP7sBRUfvKbL',#6,'Pset_ReinforcementBarPitchOfColumn',$,(#10457));
#10459=IFCRELDEFINESBYPROPERTIES('09iG$Yk3DWk$4ZwOfEn5IU',#6,$,$,(#10454),#10455);
#10460=IFCRELDEFINESBYPROPERTIES('04jz2aaqIO6jAGi7lTesdo',#6,$,$,(#10454),#10456);
#10461=IFCRELDEFINESBYPROPERTIES('1o0t9yVaO9yKEvvLVo_PYn',#6,$,$,(#10454),#10458);
#10462=IFCMAPPEDITEM(#10164,#1706);
#10463=IFCSHAPEREPRESENTATION(#15,'Body','MappedRepresentation',(#10462));
#10464=IFCPRODUCTDEFINITIONSHAPE($,$,(#10463));
#10465=IFCCARTESIANPOINT((30158.785745379013,17270.806729192809,-4000.));
#10466=IFCAXIS2PLACEMENT3D(#10465,$,$);
#10467=IFCLOCALPLACEMENT(#28,#10466);
#10468=IFCCOLUMN('2WIqbptjz2eAluB2np5yuh',#6,'Column:200x120:395893',$,$,#10467,#10464,'395893');
#10469=IFCPROPERTYSET('2G90WBikBBLGCqT2nop0_H',#6,'Pset_ColumnCommon',$,(#82,#83,#10173));
#10470=IFCPROPERTYSET('14mNoxiI2w4wRgjfe4bya7',#6,'Pset_QuantityTakeOff',$,(#10173));
#10471=IFCPROPERTYSINGLEVALUE('Reference',$,IFCLABEL('200x120'),$);
#10472=IFCPROPERTYSET('2PbHkpD2U$DTyKpbbpKkKN',#6,'Pset_ReinforcementBarPitchOfColumn',$,(#10471));
#10473=IFCRELDEFINESBYPROPERTIES('1mFHIWh7tP9ZFArvdojXmb',#6,$,$,(#10468),#10469);
#10474=IFCRELDEFINESBYPROPERTIES('29S8yA7ZAiLh3gqEgquh8f',#6,$,$,(#10468),#10470);
#10475=IFCRELDEFINESBYPROPERTIES('0XZD8_Qp1k1kyiRtreDtAM',#6,$,$,(#10468),#10472);
#10476=IFCMAPPEDITEM(#10164,#1706);
#10477=IFCSHAPEREPRESENTATION(#15,'Body','MappedRepresentation',(#10476));
#10478=IFCPRODUCTDEFINITIONSHAPE($,$,(#10477));
#10479=IFCCARTESIANPOINT((-34281.214254621096,-23438.638670240281,-4000.));
#10480=IFCAXIS2PLACEMENT3D(#10479,$,$);
#10481=IFCLOCALPLACEMENT(#28,#10480);
#10482=IFCCOLUMN('2WIqbptjz2eAluB2np5ywS',#6,'Column:200x120:395970',$,$,#10481,#10478,'395970');
#10483=IFCPROPERTYSET('2K$nN2Ue13SN43Jk001qfX',#6,'Pset_ColumnCommon',$,(#82,#83,#10173));
#10484=IFCPROPERTYSET('1rNn9iLDRD9mgATJ4jkGz6',#6,'Pset_QuantityTakeOff',$,(#10173));
#10485=IFCPROPERTYSINGLEVALUE('Reference',$,IFCLABEL('200x120'),$);
#10486=IFCPROPERTYSET('0rDgUKDJ4m5LxG01P8MkD9',#6,'Pset_ReinforcementBarPitchOfColumn',$,(#10485));
#10487=IFCRELDEFINESBYPROPERTIES('0rsgUalAMD8hT0ScIcLfFr',#6,$,$,(#10482),#10483);
#10488=IFCRELDEFINESBYPROPERTIES('0FqTpaQuh1KRSRbeJRSUSg',#6,$,$,(#10482),#10484);
#10489=IFCRELDEFINESBYPROPERTIES('3F7RiuRp4jC2uFqB9TD2qJ',#6,$,$,(#10482),#10486);
#10490=IFCMAPPEDITEM(#10164,#1706);
#10491=IFCSHAPEREPRESENTATION(#15,'Body','MappedRepresentation',(#10490));
#10492=IFCPRODUCTDEFINITIONSHAPE($,$,(#10491));
#10493=IFCCARTESIANPOINT((29938.785745378947,-23438.638670240489,-4000.));
#10494=IFCAXIS2PLACEMENT3D(#10493,$,$);
#10495=IFCLOCALPLACEMENT(#28,#10494);
#10496=IFCCOLUMN('2WIqbptjz2eAluB2np5ywE',#6,'Column:200x120:395984',$,$,#10495,#10492,'395984');
#10497=IFCPROPERTYSET('2b2_ziC_C5FX_xSskWG_wm',#6,'Pset_ColumnCommon',$,(#82,#83,#10173));
#10498=IFCPROPERTYSET('3KDtbqLcrbUw_RFCq0HfGx',#6,'Pset_QuantityTakeOff',$,(#10173));
#10499=IFCPROPERTYSINGLEVALUE('Reference',$,IFCLABEL('200x120'),$);
#10500=IFCPROPERTYSET('0ZPJThLeH4TfZFgbpTiFqc',#6,'Pset_ReinforcementBarPitchOfColumn',$,(#10499));
#10501=IFCRELDEFINESBYPROPERTIES('0mNGjlX$EPjGZE9g$RyiJV',#6,$,$,(#10496),#10497);
#10502=IFCRELDEFINESBYPROPERTIES('0Hf48H62LKYnnPqQaodIqz',#6,$,$,(#10496),#10498);
#10503=IFCRELDEFINESBYPROPERTIES('3QKeLbTJsWLCX3SUUNHFkJ',#6,$,$,(#10496),#10500);
#10504=IFCCARTESIANPOINT((-34021.214254621103,-20638.63867024026,0.));
#10505=IFCAXIS2PLACEMENT3D(#10504,$,$);
#10506=IFCLOCALPLACEMENT(#32,#10505);
#10507=IFCCARTESIANPOINT((5.1159076974727213E-013,2.1671553440683056E-012));
#10508=IFCAXIS2PLACEMENT2D(#10507,#48);
#10509=IFCRECTANGLEPROFILEDEF(.AREA.,'Beam 220x1100',#10508,1100.,219.99999999999761);
#10510=IFCCARTESIANPOINT((0.,15.,-550.));
#10511=IFCAXIS2PLACEMENT3D(#10510,#3130,#52);
#10512=IFCEXTRUDEDAREASOLID(#10509,#10511,#55,64000.000000000007);
#10513=IFCSHAPEREPRESENTATION(#15,'Body','SweptSolid',(#10512));
#10514=IFCCARTESIANPOINT((64000.,-0.));
#10515=IFCPOLYLINE((#3139,#10514));
#10516=IFCSHAPEREPRESENTATION(#14,'Axis','Curve2D',(#10515));
#10517=IFCPRODUCTDEFINITIONSHAPE($,$,(#10516,#10513));
#10518=IFCBEAM('0T21oFHNjCOPIdQOn3fwpS',#6,'Beam:Beam 220x1100:396821',$,$,#10506,#10517,'396821');
#10519=IFCPROPERTYSINGLEVALUE('Span',$,IFCPOSITIVELENGTHMEASURE(64000.),$);
#10520=IFCPROPERTYSET('3_6BmeD3lIzPVXbBaHS9xk',#6,'Pset_BeamCommon',$,(#82,#83,#3153,#5889,#10519));
#10521=IFCPROPERTYSET('31OTS3NNzv4FGIqxdVqnjD',#6,'Pset_QuantityTakeOff',$,(#5889));
#10522=IFCPROPERTYSINGLEVALUE('Reference',$,IFCLABEL('Beam 220x1100'),$);
#10523=IFCPROPERTYSET('0zVt9j4kRvGrCGoZQWtFbL',#6,'Pset_ReinforcementBarPitchOfBeam',$,(#10522));
#10524=IFCRELDEFINESBYPROPERTIES('2mOt2QB6qD8LAuY4kOUFqi',#6,$,$,(#10518),#10520);
#10525=IFCRELDEFINESBYPROPERTIES('0ZbOpcf99kUrOkiLyicwFb',#6,$,$,(#10518),#10521);
#10526=IFCRELDEFINESBYPROPERTIES('1T53mYQtePKejVPr_oU9mM',#6,$,$,(#10518),#10523);
#10527=IFCCARTESIANPOINT((0.,0.));
#10528=IFCAXIS2PLACEMENT2D(#10527,#48);
#10529=IFCRECTANGLEPROFILEDEF(.AREA.,'200x450',#10528,450.00000000000006,200.);
#10530=IFCCARTESIANPOINT((-125.,0.,0.));
#10531=IFCAXIS2PLACEMENT3D(#10530,#55,#1689);
#10532=IFCEXTRUDEDAREASOLID(#10529,#10531,#55,4000.0000000000005);
#10533=IFCSTYLEDITEM(#10532,(#1695),$);
#10534=IFCSHAPEREPRESENTATION(#15,'Body','SweptSolid',(#10532));
#10535=IFCAXIS2PLACEMENT3D(#10,$,$);
#10536=IFCREPRESENTATIONMAP(#10535,#10534);
#10537=IFCCOLUMNTYPE('3HkFCfaT99ex6xHFlqJYGa',#6,'Column:200x450',$,$,(#10552),(#10536),'400111',$,.COLUMN.);
#10538=IFCMAPPEDITEM(#10536,#1706);
#10539=IFCSHAPEREPRESENTATION(#15,'Body','MappedRepresentation',(#10538));
#10540=IFCPRODUCTDEFINITIONSHAPE($,$,(#10539));
#10541=IFCCARTESIANPOINT((23858.785745378977,-2158.6386702404702,0.));
#10542=IFCAXIS2PLACEMENT3D(#10541,$,$);
#10543=IFCLOCALPLACEMENT(#24,#10542);
#10544=IFCCOLUMN('3HkFCfaT99ex6xHFlqJYKZ',#6,'Column:200x450:400442',$,$,#10543,#10540,'400442');
#10545=IFCPROPERTYSET('241AfHybHntlNH98N_7hX_',#6,'Pset_ColumnCommon',$,(#82,#83,#2256));
#10546=IFCPROPERTYSET('3C6MVdwqwiVqVmaye6qNsX',#6,'Pset_QuantityTakeOff',$,(#2256));
#10547=IFCPROPERTYSINGLEVALUE('Reference',$,IFCLABEL('200x450'),$);
#10548=IFCPROPERTYSET('26rZ20JzFsZEWXZSCgrfKg',#6,'Pset_ReinforcementBarPitchOfColumn',$,(#10547));
#10549=IFCRELDEFINESBYPROPERTIES('1RTxzZyf_Sp8XUlik91Rz3',#6,$,$,(#10544),#10545);
#10550=IFCRELDEFINESBYPROPERTIES('2uJ69uXrPDM5LZ1MZG5qq$',#6,$,$,(#10544),#10546);
#10551=IFCRELDEFINESBYPROPERTIES('21kBctmT2RbSaFJyOK8Khe',#6,$,$,(#10544),#10548);
#10552=IFCPROPERTYSET('1aQptBqNFZuk5skmJmQGfv',#6,'Pset_ColumnCommon',$,(#83));
#10553=IFCMAPPEDITEM(#10536,#1706);
#10554=IFCSHAPEREPRESENTATION(#15,'Body','MappedRepresentation',(#10553));
#10555=IFCPRODUCTDEFINITIONSHAPE($,$,(#10554));
#10556=IFCCARTESIANPOINT((26803.785745378849,-2158.6386702404698,0.));
#10557=IFCAXIS2PLACEMENT3D(#10556,$,$);
#10558=IFCLOCALPLACEMENT(#24,#10557);
#10559=IFCCOLUMN('3HkFCfaT99ex6xHFlqJYMB',#6,'Column:200x450:400530',$,$,#10558,#10555,'400530');
#10560=IFCPROPERTYSET('0967GJOOKDd8Rz5bj4_rt$',#6,'Pset_ColumnCommon',$,(#82,#83,#2256));
#10561=IFCPROPERTYSET('1HOsbxdgNq7UgD5K$jtvxX',#6,'Pset_QuantityTakeOff',$,(#2256));
#10562=IFCPROPERTYSINGLEVALUE('Reference',$,IFCLABEL('200x450'),$);
#10563=IFCPROPERTYSET('0PawIuhfwmhI7U7S$JKvcS',#6,'Pset_ReinforcementBarPitchOfColumn',$,(#10562));
#10564=IFCRELDEFINESBYPROPERTIES('2kGxr258NLkqXXCFzAaIU9',#6,$,$,(#10559),#10560);
#10565=IFCRELDEFINESBYPROPERTIES('2GANj2fc19MorEmDByK3sX',#6,$,$,(#10559),#10561);
#10566=IFCRELDEFINESBYPROPERTIES('0WPAXD5Hb5cYN4gl1oHUr7',#6,$,$,(#10559),#10563);
#10567=IFCCARTESIANPOINT((-34021.214254621023,22956.371920309968,0.));
#10568=IFCCARTESIANPOINT((-34021.214254621103,-27555.113901698627,0.));
#10569=IFCPOLYLINE((#10567,#10568));
#10570=IFCGRIDAXIS('1',#10569,.T.);
#10571=IFCGEOMETRICCURVESET((#10569));
#10572=IFCCOLOURRGB($,0.,0.,0.);
#10573=IFCCURVESTYLE($,$,$,#10572);
#10574=IFCPRESENTATIONSTYLEASSIGNMENT((#10573));
#10575=IFCSTYLEDITEM(#10571,(#10574),$);
#10576=IFCCARTESIANPOINT((-30821.214254621023,22956.371920309957,0.));
#10577=IFCCARTESIANPOINT((-30821.214254621103,-27555.113901698638,0.));
#10578=IFCPOLYLINE((#10576,#10577));
#10579=IFCGRIDAXIS('2',#10578,.T.);
#10580=IFCGEOMETRICCURVESET((#10578));
#10581=IFCCOLOURRGB($,0.,0.,0.);
#10582=IFCCURVESTYLE($,$,$,#10581);
#10583=IFCPRESENTATIONSTYLEASSIGNMENT((#10582));
#10584=IFCSTYLEDITEM(#10580,(#10583),$);
#10585=IFCCARTESIANPOINT((-27621.214254621023,22956.371920309961,0.));
#10586=IFCCARTESIANPOINT((-27621.214254621103,-27555.113901698645,0.));
#10587=IFCPOLYLINE((#10585,#10586));
#10588=IFCGRIDAXIS('3',#10587,.T.);
#10589=IFCGEOMETRICCURVESET((#10587));
#10590=IFCCOLOURRGB($,0.,0.,0.);
#10591=IFCCURVESTYLE($,$,$,#10590);
#10592=IFCPRESENTATIONSTYLEASSIGNMENT((#10591));
#10593=IFCSTYLEDITEM(#10589,(#10592),$);
#10594=IFCCARTESIANPOINT((-24421.214254621013,22956.371920309939,0.));
#10595=IFCCARTESIANPOINT((-24421.214254621096,-27555.113901698649,0.));
#10596=IFCPOLYLINE((#10594,#10595));
#10597=IFCGRIDAXIS('4',#10596,.T.);
#10598=IFCGEOMETRICCURVESET((#10596));
#10599=IFCCOLOURRGB($,0.,0.,0.);
#10600=IFCCURVESTYLE($,$,$,#10599);
#10601=IFCPRESENTATIONSTYLEASSIGNMENT((#10600));
#10602=IFCSTYLEDITEM(#10598,(#10601),$);
#10603=IFCCARTESIANPOINT((-21221.214254621013,22956.371920309921,0.));
#10604=IFCCARTESIANPOINT((-21221.214254621096,-27555.113901698656,0.));
#10605=IFCPOLYLINE((#10603,#10604));
#10606=IFCGRIDAXIS('5',#10605,.T.);
#10607=IFCGEOMETRICCURVESET((#10605));
#10608=IFCCOLOURRGB($,0.,0.,0.);
#10609=IFCCURVESTYLE($,$,$,#10608);
#10610=IFCPRESENTATIONSTYLEASSIGNMENT((#10609));
#10611=IFCSTYLEDITEM(#10607,(#10610),$);
#10612=IFCCARTESIANPOINT((-18021.214254621009,22956.371920309928,0.));
#10613=IFCCARTESIANPOINT((-18021.214254621093,-27555.113901698656,0.));
#10614=IFCPOLYLINE((#10612,#10613));
#10615=IFCGRIDAXIS('6',#10614,.T.);
#10616=IFCGEOMETRICCURVESET((#10614));
#10617=IFCCOLOURRGB($,0.,0.,0.);
#10618=IFCCURVESTYLE($,$,$,#10617);
#10619=IFCPRESENTATIONSTYLEASSIGNMENT((#10618));
#10620=IFCSTYLEDITEM(#10616,(#10619),$);
#10621=IFCCARTESIANPOINT((-14821.214254621009,22956.371920309903,0.));
#10622=IFCCARTESIANPOINT((-14821.214254621091,-27555.113901698664,0.));
#10623=IFCPOLYLINE((#10621,#10622));
#10624=IFCGRIDAXIS('7',#10623,.T.);
#10625=IFCGEOMETRICCURVESET((#10623));
#10626=IFCCOLOURRGB($,0.,0.,0.);
#10627=IFCCURVESTYLE($,$,$,#10626);
#10628=IFCPRESENTATIONSTYLEASSIGNMENT((#10627));
#10629=IFCSTYLEDITEM(#10625,(#10628),$);
#10630=IFCCARTESIANPOINT((-11621.214254621011,22956.371920309895,0.));
#10631=IFCCARTESIANPOINT((-11621.214254621093,-27555.113901698664,0.));
#10632=IFCPOLYLINE((#10630,#10631));
#10633=IFCGRIDAXIS('8',#10632,.T.);
#10634=IFCGEOMETRICCURVESET((#10632));
#10635=IFCCOLOURRGB($,0.,0.,0.);
#10636=IFCCURVESTYLE($,$,$,#10635);
#10637=IFCPRESENTATIONSTYLEASSIGNMENT((#10636));
#10638=IFCSTYLEDITEM(#10634,(#10637),$);
#10639=IFCCARTESIANPOINT((-8421.2142546210071,22956.371920309895,0.));
#10640=IFCCARTESIANPOINT((-8421.2142546210889,-27555.113901698674,0.));
#10641=IFCPOLYLINE((#10639,#10640));
#10642=IFCGRIDAXIS('9',#10641,.T.);
#10643=IFCGEOMETRICCURVESET((#10641));
#10644=IFCCOLOURRGB($,0.,0.,0.);
#10645=IFCCURVESTYLE($,$,$,#10644);
#10646=IFCPRESENTATIONSTYLEASSIGNMENT((#10645));
#10647=IFCSTYLEDITEM(#10643,(#10646),$);
#10648=IFCCARTESIANPOINT((-5221.2142546209989,22956.371920309877,0.));
#10649=IFCCARTESIANPOINT((-5221.2142546210807,-27555.113901698682,0.));
#10650=IFCPOLYLINE((#10648,#10649));
#10651=IFCGRIDAXIS('10',#10650,.T.);
#10652=IFCGEOMETRICCURVESET((#10650));
#10653=IFCCOLOURRGB($,0.,0.,0.);
#10654=IFCCURVESTYLE($,$,$,#10653);
#10655=IFCPRESENTATIONSTYLEASSIGNMENT((#10654));
#10656=IFCSTYLEDITEM(#10652,(#10655),$);
#10657=IFCCARTESIANPOINT((-2021.2142546210007,22956.371920309859,0.));
#10658=IFCCARTESIANPOINT((-2021.2142546210828,-27555.113901698682,0.));
#10659=IFCPOLYLINE((#10657,#10658));
#10660=IFCGRIDAXIS('11',#10659,.T.);
#10661=IFCGEOMETRICCURVESET((#10659));
#10662=IFCCOLOURRGB($,0.,0.,0.);
#10663=IFCCURVESTYLE($,$,$,#10662);
#10664=IFCPRESENTATIONSTYLEASSIGNMENT((#10663));
#10665=IFCSTYLEDITEM(#10661,(#10664),$);
#10666=IFCCARTESIANPOINT((1178.7857453789998,22956.37192030987,0.));
#10667=IFCCARTESIANPOINT((1178.7857453789177,-27555.113901698693,0.));
#10668=IFCPOLYLINE((#10666,#10667));
#10669=IFCGRIDAXIS('12',#10668,.T.);
#10670=IFCGEOMETRICCURVESET((#10668));
#10671=IFCCOLOURRGB($,0.,0.,0.);
#10672=IFCCURVESTYLE($,$,$,#10671);
#10673=IFCPRESENTATIONSTYLEASSIGNMENT((#10672));
#10674=IFCSTYLEDITEM(#10670,(#10673),$);
#10675=IFCCARTESIANPOINT((4378.7857453790066,22956.371920309859,0.));
#10676=IFCCARTESIANPOINT((4378.7857453789238,-27555.113901698693,0.));
#10677=IFCPOLYLINE((#10675,#10676));
#10678=IFCGRIDAXIS('13',#10677,.T.);
#10679=IFCGEOMETRICCURVESET((#10677));
#10680=IFCCOLOURRGB($,0.,0.,0.);
#10681=IFCCURVESTYLE($,$,$,#10680);
#10682=IFCPRESENTATIONSTYLEASSIGNMENT((#10681));
#10683=IFCSTYLEDITEM(#10679,(#10682),$);
#10684=IFCCARTESIANPOINT((7578.7857453790193,22956.371920309834,0.));
#10685=IFCCARTESIANPOINT((7578.7857453789375,-27555.1139016987,0.));
#10686=IFCPOLYLINE((#10684,#10685));
#10687=IFCGRIDAXIS('14',#10686,.T.);
#10688=IFCGEOMETRICCURVESET((#10686));
#10689=IFCCOLOURRGB($,0.,0.,0.);
#10690=IFCCURVESTYLE($,$,$,#10689);
#10691=IFCPRESENTATIONSTYLEASSIGNMENT((#10690));
#10692=IFCSTYLEDITEM(#10688,(#10691),$);
#10693=IFCCARTESIANPOINT((10778.785745379018,22956.371920309819,0.));
#10694=IFCCARTESIANPOINT((10778.785745378937,-27555.113901698707,0.));
#10695=IFCPOLYLINE((#10693,#10694));
#10696=IFCGRIDAXIS('15',#10695,.T.);
#10697=IFCGEOMETRICCURVESET((#10695));
#10698=IFCCOLOURRGB($,0.,0.,0.);
#10699=IFCCURVESTYLE($,$,$,#10698);
#10700=IFCPRESENTATIONSTYLEASSIGNMENT((#10699));
#10701=IFCSTYLEDITEM(#10697,(#10700),$);
#10702=IFCCARTESIANPOINT((13978.78574537902,22956.371920309826,0.));
#10703=IFCCARTESIANPOINT((13978.785745378937,-27555.113901698707,0.));
#10704=IFCPOLYLINE((#10702,#10703));
#10705=IFCGRIDAXIS('16',#10704,.T.);
#10706=IFCGEOMETRICCURVESET((#10704));
#10707=IFCCOLOURRGB($,0.,0.,0.);
#10708=IFCCURVESTYLE($,$,$,#10707);
#10709=IFCPRESENTATIONSTYLEASSIGNMENT((#10708));
#10710=IFCSTYLEDITEM(#10706,(#10709),$);
#10711=IFCCARTESIANPOINT((17178.785745379017,22956.371920309801,0.));
#10712=IFCCARTESIANPOINT((17178.785745378937,-27555.113901698718,0.));
#10713=IFCPOLYLINE((#10711,#10712));
#10714=IFCGRIDAXIS('17',#10713,.T.);
#10715=IFCGEOMETRICCURVESET((#10713));
#10716=IFCCOLOURRGB($,0.,0.,0.);
#10717=IFCCURVESTYLE($,$,$,#10716);
#10718=IFCPRESENTATIONSTYLEASSIGNMENT((#10717));
#10719=IFCSTYLEDITEM(#10715,(#10718),$);
#10720=IFCCARTESIANPOINT((20378.785745379017,22956.37192030979,0.));
#10721=IFCCARTESIANPOINT((20378.785745378933,-27555.113901698718,0.));
#10722=IFCPOLYLINE((#10720,#10721));
#10723=IFCGRIDAXIS('18',#10722,.T.);
#10724=IFCGEOMETRICCURVESET((#10722));
#10725=IFCCOLOURRGB($,0.,0.,0.);
#10726=IFCCURVESTYLE($,$,$,#10725);
#10727=IFCPRESENTATIONSTYLEASSIGNMENT((#10726));
#10728=IFCSTYLEDITEM(#10724,(#10727),$);
#10729=IFCCARTESIANPOINT((23578.785745379017,22956.37192030979,0.));
#10730=IFCCARTESIANPOINT((23578.785745378933,-27555.113901698725,0.));
#10731=IFCPOLYLINE((#10729,#10730));
#10732=IFCGRIDAXIS('19',#10731,.T.);
#10733=IFCGEOMETRICCURVESET((#10731));
#10734=IFCCOLOURRGB($,0.,0.,0.);
#10735=IFCCURVESTYLE($,$,$,#10734);
#10736=IFCPRESENTATIONSTYLEASSIGNMENT((#10735));
#10737=IFCSTYLEDITEM(#10733,(#10736),$);
#10738=IFCCARTESIANPOINT((26778.785745379024,22956.371920309775,0.));
#10739=IFCCARTESIANPOINT((26778.785745378944,-27555.113901698736,0.));
#10740=IFCPOLYLINE((#10738,#10739));
#10741=IFCGRIDAXIS('20',#10740,.T.);
#10742=IFCGEOMETRICCURVESET((#10740));
#10743=IFCCOLOURRGB($,0.,0.,0.);
#10744=IFCCURVESTYLE($,$,$,#10743);
#10745=IFCPRESENTATIONSTYLEASSIGNMENT((#10744));
#10746=IFCSTYLEDITEM(#10742,(#10745),$);
#10747=IFCCARTESIANPOINT((29978.785745379024,22956.371920309757,0.));
#10748=IFCCARTESIANPOINT((29978.785745378944,-27555.113901698736,0.));
#10749=IFCPOLYLINE((#10747,#10748));
#10750=IFCGRIDAXIS('21',#10749,.T.);
#10751=IFCGEOMETRICCURVESET((#10749));
#10752=IFCCOLOURRGB($,0.,0.,0.);
#10753=IFCCURVESTYLE($,$,$,#10752);
#10754=IFCPRESENTATIONSTYLEASSIGNMENT((#10753));
#10755=IFCSTYLEDITEM(#10751,(#10754),$);
#10756=IFCCARTESIANPOINT((-36307.760368724288,20141.361329759759,0.));
#10757=IFCCARTESIANPOINT((32777.906476595817,20141.361329759537,0.));
#10758=IFCPOLYLINE((#10756,#10757));
#10759=IFCGRIDAXIS('A',#10758,.T.);
#10760=IFCGEOMETRICCURVESET((#10758));
#10761=IFCCOLOURRGB($,0.,0.,0.);
#10762=IFCCURVESTYLE($,$,$,#10761);
#10763=IFCPRESENTATIONSTYLEASSIGNMENT((#10762));
#10764=IFCSTYLEDITEM(#10760,(#10763),$);
#10765=IFCCARTESIANPOINT((-36307.760368724303,14561.361329759757,0.));
#10766=IFCCARTESIANPOINT((32777.906476595803,14561.361329759533,0.));
#10767=IFCPOLYLINE((#10765,#10766));
#10768=IFCGRIDAXIS('B',#10767,.T.);
#10769=IFCGEOMETRICCURVESET((#10767));
#10770=IFCCOLOURRGB($,0.,0.,0.);
#10771=IFCCURVESTYLE($,$,$,#10770);
#10772=IFCPRESENTATIONSTYLEASSIGNMENT((#10771));
#10773=IFCSTYLEDITEM(#10769,(#10772),$);
#10774=IFCCARTESIANPOINT((-36307.760368724317,11361.361329759753,0.));
#10775=IFCCARTESIANPOINT((32777.906476595796,11361.361329759529,0.));
#10776=IFCPOLYLINE((#10774,#10775));
#10777=IFCGRIDAXIS('C',#10776,.T.);
#10778=IFCGEOMETRICCURVESET((#10776));
#10779=IFCCOLOURRGB($,0.,0.,0.);
#10780=IFCCURVESTYLE($,$,$,#10779);
#10781=IFCPRESENTATIONSTYLEASSIGNMENT((#10780));
#10782=IFCSTYLEDITEM(#10778,(#10781),$);
#10783=IFCCARTESIANPOINT((-36307.760368724325,8161.3613297597503,0.));
#10784=IFCCARTESIANPOINT((32777.906476595781,8161.3613297595266,0.));
#10785=IFCPOLYLINE((#10783,#10784));
#10786=IFCGRIDAXIS('D',#10785,.T.);
#10787=IFCGEOMETRICCURVESET((#10785));
#10788=IFCCOLOURRGB($,0.,0.,0.);
#10789=IFCCURVESTYLE($,$,$,#10788);
#10790=IFCPRESENTATIONSTYLEASSIGNMENT((#10789));
#10791=IFCSTYLEDITEM(#10787,(#10790),$);
#10792=IFCCARTESIANPOINT((-36307.760368724317,4961.3613297597203,0.));
#10793=IFCCARTESIANPOINT((32777.906476595766,4961.3613297594975,0.));
#10794=IFCPOLYLINE((#10792,#10793));
#10795=IFCGRIDAXIS('E',#10794,.T.);
#10796=IFCGEOMETRICCURVESET((#10794));
#10797=IFCCOLOURRGB($,0.,0.,0.);
#10798=IFCCURVESTYLE($,$,$,#10797);
#10799=IFCPRESENTATIONSTYLEASSIGNMENT((#10798));
#10800=IFCSTYLEDITEM(#10796,(#10799),$);
#10801=IFCCARTESIANPOINT((-36307.760368724325,1761.3613297597235,0.));
#10802=IFCCARTESIANPOINT((32777.906476595766,1761.3613297595011,0.));
#10803=IFCPOLYLINE((#10801,#10802));
#10804=IFCGRIDAXIS('F',#10803,.T.);
#10805=IFCGEOMETRICCURVESET((#10803));
#10806=IFCCOLOURRGB($,0.,0.,0.);
#10807=IFCCURVESTYLE($,$,$,#10806);
#10808=IFCPRESENTATIONSTYLEASSIGNMENT((#10807));
#10809=IFCSTYLEDITEM(#10805,(#10808),$);
#10810=IFCCARTESIANPOINT((-36307.760368724332,-1438.6386702402776,0.));
#10811=IFCCARTESIANPOINT((32777.906476595752,-1438.6386702405002,0.));
#10812=IFCPOLYLINE((#10810,#10811));
#10813=IFCGRIDAXIS('G',#10812,.T.);
#10814=IFCGEOMETRICCURVESET((#10812));
#10815=IFCCOLOURRGB($,0.,0.,0.);
#10816=IFCCURVESTYLE($,$,$,#10815);
#10817=IFCPRESENTATIONSTYLEASSIGNMENT((#10816));
#10818=IFCSTYLEDITEM(#10814,(#10817),$);
#10819=IFCCARTESIANPOINT((-36307.760368724339,-4638.6386702402788,0.));
#10820=IFCCARTESIANPOINT((32777.906476595737,-4638.6386702405016,0.));
#10821=IFCPOLYLINE((#10819,#10820));
#10822=IFCGRIDAXIS('H',#10821,.T.);
#10823=IFCGEOMETRICCURVESET((#10821));
#10824=IFCCOLOURRGB($,0.,0.,0.);
#10825=IFCCURVESTYLE($,$,$,#10824);
#10826=IFCPRESENTATIONSTYLEASSIGNMENT((#10825));
#10827=IFCSTYLEDITEM(#10823,(#10826),$);
#10828=IFCCARTESIANPOINT((-36307.760368724346,-7838.6386702402797,0.));
#10829=IFCCARTESIANPOINT((32777.906476595716,-7838.6386702405025,0.));
#10830=IFCPOLYLINE((#10828,#10829));
#10831=IFCGRIDAXIS('J',#10830,.T.);
#10832=IFCGEOMETRICCURVESET((#10830));
#10833=IFCCOLOURRGB($,0.,0.,0.);
#10834=IFCCURVESTYLE($,$,$,#10833);
#10835=IFCPRESENTATIONSTYLEASSIGNMENT((#10834));
#10836=IFCSTYLEDITEM(#10832,(#10835),$);
#10837=IFCCARTESIANPOINT((-36307.760368724346,-11038.63867024028,0.));
#10838=IFCCARTESIANPOINT((32777.906476595716,-11038.638670240503,0.));
#10839=IFCPOLYLINE((#10837,#10838));
#10840=IFCGRIDAXIS('K',#10839,.T.);
#10841=IFCGEOMETRICCURVESET((#10839));
#10842=IFCCOLOURRGB($,0.,0.,0.);
#10843=IFCCURVESTYLE($,$,$,#10842);
#10844=IFCPRESENTATIONSTYLEASSIGNMENT((#10843));
#10845=IFCSTYLEDITEM(#10841,(#10844),$);
#10846=IFCCARTESIANPOINT((-36307.760368724354,-14238.638670240278,0.));
#10847=IFCCARTESIANPOINT((32777.906476595701,-14238.6386702405,0.));
#10848=IFCPOLYLINE((#10846,#10847));
#10849=IFCGRIDAXIS('L',#10848,.T.);
#10850=IFCGEOMETRICCURVESET((#10848));
#10851=IFCCOLOURRGB($,0.,0.,0.);
#10852=IFCCURVESTYLE($,$,$,#10851);
#10853=IFCPRESENTATIONSTYLEASSIGNMENT((#10852));
#10854=IFCSTYLEDITEM(#10850,(#10853),$);
#10855=IFCCARTESIANPOINT((-36307.760368724354,-17438.638670240274,0.));
#10856=IFCCARTESIANPOINT((32777.906476595686,-17438.6386702405,0.));
#10857=IFCPOLYLINE((#10855,#10856));
#10858=IFCGRIDAXIS('M',#10857,.T.);
#10859=IFCGEOMETRICCURVESET((#10857));
#10860=IFCCOLOURRGB($,0.,0.,0.);
#10861=IFCCURVESTYLE($,$,$,#10860);
#10862=IFCPRESENTATIONSTYLEASSIGNMENT((#10861));
#10863=IFCSTYLEDITEM(#10859,(#10862),$);
#10864=IFCCARTESIANPOINT((-36307.760368724361,-23438.638670240281,0.));
#10865=IFCCARTESIANPOINT((32777.906476595686,-23438.6386702405,0.));
#10866=IFCPOLYLINE((#10864,#10865));
#10867=IFCGRIDAXIS('O',#10866,.T.);
#10868=IFCGEOMETRICCURVESET((#10866));
#10869=IFCCOLOURRGB($,0.,0.,0.);
#10870=IFCCURVESTYLE($,$,$,#10869);
#10871=IFCPRESENTATIONSTYLEASSIGNMENT((#10870));
#10872=IFCSTYLEDITEM(#10868,(#10871),$);
#10873=IFCCARTESIANPOINT((-36307.760368724354,-20638.638670240285,0.));
#10874=IFCCARTESIANPOINT((32777.906476595694,-20638.638670240507,0.));
#10875=IFCPOLYLINE((#10873,#10874));
#10876=IFCGRIDAXIS('N',#10875,.T.);
#10877=IFCGEOMETRICCURVESET((#10875));
#10878=IFCCOLOURRGB($,0.,0.,0.);
#10879=IFCCURVESTYLE($,$,$,#10878);
#10880=IFCPRESENTATIONSTYLEASSIGNMENT((#10879));
#10881=IFCSTYLEDITEM(#10877,(#10880),$);
#10882=IFCSHAPEREPRESENTATION(#17,'FootPrint','GeometricCurveSet',(#10571,#10580,#10589,#10598,#10607,#10616,#10625,#10634,#10643,#10652,#10661,#10670,#10679,#10688,#10697,#10706,#10715,#10724,#10733,#10742,#10751,#10760,#10769,#10778,#10787,#10796,#10805,#10814,#10823,#10832,#10841,#10850,#10859,#10868,#10877));
#10883=IFCPRODUCTDEFINITIONSHAPE($,$,(#10882));
#10884=IFCLOCALPLACEMENT(#21,#23);
#10885=IFCGRID('3sotX6FpWPR35U38SWq94T',#6,'Default Grid',$,$,#10884,#10883,(#10570,#10579,#10588,#10597,#10606,#10615,#10624,#10633,#10642,#10651,#10660,#10669,#10678,#10687,#10696,#10705,#10714,#10723,#10732,#10741,#10750),(#10759,#10768,#10777,#10786,#10795,#10804,#10813,#10822,#10831,#10840,#10849,#10858,#10867,#10876),$);
#10886=IFCCARTESIANPOINT((-34021.214254621023,22956.371920309968,0.));
#10887=IFCCARTESIANPOINT((-34021.214254621103,-27555.113901698627,0.));
#10888=IFCPOLYLINE((#10886,#10887));
#10889=IFCGRIDAXIS('1',#10888,.T.);
#10890=IFCGEOMETRICCURVESET((#10888));
#10891=IFCCOLOURRGB($,0.,0.,0.);
#10892=IFCCURVESTYLE($,$,$,#10891);
#10893=IFCPRESENTATIONSTYLEASSIGNMENT((#10892));
#10894=IFCSTYLEDITEM(#10890,(#10893),$);
#10895=IFCCARTESIANPOINT((-30821.214254621023,22956.371920309957,0.));
#10896=IFCCARTESIANPOINT((-30821.214254621103,-27555.113901698638,0.));
#10897=IFCPOLYLINE((#10895,#10896));
#10898=IFCGRIDAXIS('2',#10897,.T.);
#10899=IFCGEOMETRICCURVESET((#10897));
#10900=IFCCOLOURRGB($,0.,0.,0.);
#10901=IFCCURVESTYLE($,$,$,#10900);
#10902=IFCPRESENTATIONSTYLEASSIGNMENT((#10901));
#10903=IFCSTYLEDITEM(#10899,(#10902),$);
#10904=IFCCARTESIANPOINT((-27621.214254621023,22956.371920309961,0.));
#10905=IFCCARTESIANPOINT((-27621.214254621103,-27555.113901698645,0.));
#10906=IFCPOLYLINE((#10904,#10905));
#10907=IFCGRIDAXIS('3',#10906,.T.);
#10908=IFCGEOMETRICCURVESET((#10906));
#10909=IFCCOLOURRGB($,0.,0.,0.);
#10910=IFCCURVESTYLE($,$,$,#10909);
#10911=IFCPRESENTATIONSTYLEASSIGNMENT((#10910));
#10912=IFCSTYLEDITEM(#10908,(#10911),$);
#10913=IFCCARTESIANPOINT((-24421.214254621013,22956.371920309939,0.));
#10914=IFCCARTESIANPOINT((-24421.214254621096,-27555.113901698649,0.));
#10915=IFCPOLYLINE((#10913,#10914));
#10916=IFCGRIDAXIS('4',#10915,.T.);
#10917=IFCGEOMETRICCURVESET((#10915));
#10918=IFCCOLOURRGB($,0.,0.,0.);
#10919=IFCCURVESTYLE($,$,$,#10918);
#10920=IFCPRESENTATIONSTYLEASSIGNMENT((#10919));
#10921=IFCSTYLEDITEM(#10917,(#10920),$);
#10922=IFCCARTESIANPOINT((-21221.214254621013,22956.371920309921,0.));
#10923=IFCCARTESIANPOINT((-21221.214254621096,-27555.113901698656,0.));
#10924=IFCPOLYLINE((#10922,#10923));
#10925=IFCGRIDAXIS('5',#10924,.T.);
#10926=IFCGEOMETRICCURVESET((#10924));
#10927=IFCCOLOURRGB($,0.,0.,0.);
#10928=IFCCURVESTYLE($,$,$,#10927);
#10929=IFCPRESENTATIONSTYLEASSIGNMENT((#10928));
#10930=IFCSTYLEDITEM(#10926,(#10929),$);
#10931=IFCCARTESIANPOINT((-18021.214254621009,22956.371920309928,0.));
#10932=IFCCARTESIANPOINT((-18021.214254621093,-27555.113901698656,0.));
#10933=IFCPOLYLINE((#10931,#10932));
#10934=IFCGRIDAXIS('6',#10933,.T.);
#10935=IFCGEOMETRICCURVESET((#10933));
#10936=IFCCOLOURRGB($,0.,0.,0.);
#10937=IFCCURVESTYLE($,$,$,#10936);
#10938=IFCPRESENTATIONSTYLEASSIGNMENT((#10937));
#10939=IFCSTYLEDITEM(#10935,(#10938),$);
#10940=IFCCARTESIANPOINT((-14821.214254621009,22956.371920309903,0.));
#10941=IFCCARTESIANPOINT((-14821.214254621091,-27555.113901698664,0.));
#10942=IFCPOLYLINE((#10940,#10941));
#10943=IFCGRIDAXIS('7',#10942,.T.);
#10944=IFCGEOMETRICCURVESET((#10942));
#10945=IFCCOLOURRGB($,0.,0.,0.);
#10946=IFCCURVESTYLE($,$,$,#10945);
#10947=IFCPRESENTATIONSTYLEASSIGNMENT((#10946));
#10948=IFCSTYLEDITEM(#10944,(#10947),$);
#10949=IFCCARTESIANPOINT((-11621.214254621011,22956.371920309895,0.));
#10950=IFCCARTESIANPOINT((-11621.214254621093,-27555.113901698664,0.));
#10951=IFCPOLYLINE((#10949,#10950));
#10952=IFCGRIDAXIS('8',#10951,.T.);
#10953=IFCGEOMETRICCURVESET((#10951));
#10954=IFCCOLOURRGB($,0.,0.,0.);
#10955=IFCCURVESTYLE($,$,$,#10954);
#10956=IFCPRESENTATIONSTYLEASSIGNMENT((#10955));
#10957=IFCSTYLEDITEM(#10953,(#10956),$);
#10958=IFCCARTESIANPOINT((-8421.2142546210071,22956.371920309895,0.));
#10959=IFCCARTESIANPOINT((-8421.2142546210889,-27555.113901698674,0.));
#10960=IFCPOLYLINE((#10958,#10959));
#10961=IFCGRIDAXIS('9',#10960,.T.);
#10962=IFCGEOMETRICCURVESET((#10960));
#10963=IFCCOLOURRGB($,0.,0.,0.);
#10964=IFCCURVESTYLE($,$,$,#10963);
#10965=IFCPRESENTATIONSTYLEASSIGNMENT((#10964));
#10966=IFCSTYLEDITEM(#10962,(#10965),$);
#10967=IFCCARTESIANPOINT((-5221.2142546209989,22956.371920309877,0.));
#10968=IFCCARTESIANPOINT((-5221.2142546210807,-27555.113901698682,0.));
#10969=IFCPOLYLINE((#10967,#10968));
#10970=IFCGRIDAXIS('10',#10969,.T.);
#10971=IFCGEOMETRICCURVESET((#10969));
#10972=IFCCOLOURRGB($,0.,0.,0.);
#10973=IFCCURVESTYLE($,$,$,#10972);
#10974=IFCPRESENTATIONSTYLEASSIGNMENT((#10973));
#10975=IFCSTYLEDITEM(#10971,(#10974),$);
#10976=IFCCARTESIANPOINT((-2021.2142546210007,22956.371920309859,0.));
#10977=IFCCARTESIANPOINT((-2021.2142546210828,-27555.113901698682,0.));
#10978=IFCPOLYLINE((#10976,#10977));
#10979=IFCGRIDAXIS('11',#10978,.T.);
#10980=IFCGEOMETRICCURVESET((#10978));
#10981=IFCCOLOURRGB($,0.,0.,0.);
#10982=IFCCURVESTYLE($,$,$,#10981);
#10983=IFCPRESENTATIONSTYLEASSIGNMENT((#10982));
#10984=IFCSTYLEDITEM(#10980,(#10983),$);
#10985=IFCCARTESIANPOINT((1178.7857453789998,22956.37192030987,0.));
#10986=IFCCARTESIANPOINT((1178.7857453789177,-27555.113901698693,0.));
#10987=IFCPOLYLINE((#10985,#10986));
#10988=IFCGRIDAXIS('12',#10987,.T.);
#10989=IFCGEOMETRICCURVESET((#10987));
#10990=IFCCOLOURRGB($,0.,0.,0.);
#10991=IFCCURVESTYLE($,$,$,#10990);
#10992=IFCPRESENTATIONSTYLEASSIGNMENT((#10991));
#10993=IFCSTYLEDITEM(#10989,(#10992),$);
#10994=IFCCARTESIANPOINT((4378.7857453790066,22956.371920309859,0.));
#10995=IFCCARTESIANPOINT((4378.7857453789238,-27555.113901698693,0.));
#10996=IFCPOLYLINE((#10994,#10995));
#10997=IFCGRIDAXIS('13',#10996,.T.);
#10998=IFCGEOMETRICCURVESET((#10996));
#10999=IFCCOLOURRGB($,0.,0.,0.);
#11000=IFCCURVESTYLE($,$,$,#10999);
#11001=IFCPRESENTATIONSTYLEASSIGNMENT((#11000));
#11002=IFCSTYLEDITEM(#10998,(#11001),$);
#11003=IFCCARTESIANPOINT((7578.7857453790193,22956.371920309834,0.));
#11004=IFCCARTESIANPOINT((7578.7857453789375,-27555.1139016987,0.));
#11005=IFCPOLYLINE((#11003,#11004));
#11006=IFCGRIDAXIS('14',#11005,.T.);
#11007=IFCGEOMETRICCURVESET((#11005));
#11008=IFCCOLOURRGB($,0.,0.,0.);
#11009=IFCCURVESTYLE($,$,$,#11008);
#11010=IFCPRESENTATIONSTYLEASSIGNMENT((#11009));
#11011=IFCSTYLEDITEM(#11007,(#11010),$);
#11012=IFCCARTESIANPOINT((10778.785745379018,22956.371920309819,0.));
#11013=IFCCARTESIANPOINT((10778.785745378937,-27555.113901698707,0.));
#11014=IFCPOLYLINE((#11012,#11013));
#11015=IFCGRIDAXIS('15',#11014,.T.);
#11016=IFCGEOMETRICCURVESET((#11014));
#11017=IFCCOLOURRGB($,0.,0.,0.);
#11018=IFCCURVESTYLE($,$,$,#11017);
#11019=IFCPRESENTATIONSTYLEASSIGNMENT((#11018));
#11020=IFCSTYLEDITEM(#11016,(#11019),$);
#11021=IFCCARTESIANPOINT((13978.78574537902,22956.371920309826,0.));
#11022=IFCCARTESIANPOINT((13978.785745378937,-27555.113901698707,0.));
#11023=IFCPOLYLINE((#11021,#11022));
#11024=IFCGRIDAXIS('16',#11023,.T.);
#11025=IFCGEOMETRICCURVESET((#11023));
#11026=IFCCOLOURRGB($,0.,0.,0.);
#11027=IFCCURVESTYLE($,$,$,#11026);
#11028=IFCPRESENTATIONSTYLEASSIGNMENT((#11027));
#11029=IFCSTYLEDITEM(#11025,(#11028),$);
#11030=IFCCARTESIANPOINT((17178.785745379017,22956.371920309801,0.));
#11031=IFCCARTESIANPOINT((17178.785745378937,-27555.113901698718,0.));
#11032=IFCPOLYLINE((#11030,#11031));
#11033=IFCGRIDAXIS('17',#11032,.T.);
#11034=IFCGEOMETRICCURVESET((#11032));
#11035=IFCCOLOURRGB($,0.,0.,0.);
#11036=IFCCURVESTYLE($,$,$,#11035);
#11037=IFCPRESENTATIONSTYLEASSIGNMENT((#11036));
#11038=IFCSTYLEDITEM(#11034,(#11037),$);
#11039=IFCCARTESIANPOINT((20378.785745379017,22956.37192030979,0.));
#11040=IFCCARTESIANPOINT((20378.785745378933,-27555.113901698718,0.));
#11041=IFCPOLYLINE((#11039,#11040));
#11042=IFCGRIDAXIS('18',#11041,.T.);
#11043=IFCGEOMETRICCURVESET((#11041));
#11044=IFCCOLOURRGB($,0.,0.,0.);
#11045=IFCCURVESTYLE($,$,$,#11044);
#11046=IFCPRESENTATIONSTYLEASSIGNMENT((#11045));
#11047=IFCSTYLEDITEM(#11043,(#11046),$);
#11048=IFCCARTESIANPOINT((23578.785745379017,22956.37192030979,0.));
#11049=IFCCARTESIANPOINT((23578.785745378933,-27555.113901698725,0.));
#11050=IFCPOLYLINE((#11048,#11049));
#11051=IFCGRIDAXIS('19',#11050,.T.);
#11052=IFCGEOMETRICCURVESET((#11050));
#11053=IFCCOLOURRGB($,0.,0.,0.);
#11054=IFCCURVESTYLE($,$,$,#11053);
#11055=IFCPRESENTATIONSTYLEASSIGNMENT((#11054));
#11056=IFCSTYLEDITEM(#11052,(#11055),$);
#11057=IFCCARTESIANPOINT((26778.785745379024,22956.371920309775,0.));
#11058=IFCCARTESIANPOINT((26778.785745378944,-27555.113901698736,0.));
#11059=IFCPOLYLINE((#11057,#11058));
#11060=IFCGRIDAXIS('20',#11059,.T.);
#11061=IFCGEOMETRICCURVESET((#11059));
#11062=IFCCOLOURRGB($,0.,0.,0.);
#11063=IFCCURVESTYLE($,$,$,#11062);
#11064=IFCPRESENTATIONSTYLEASSIGNMENT((#11063));
#11065=IFCSTYLEDITEM(#11061,(#11064),$);
#11066=IFCCARTESIANPOINT((29978.785745379024,22956.371920309757,0.));
#11067=IFCCARTESIANPOINT((29978.785745378944,-27555.113901698736,0.));
#11068=IFCPOLYLINE((#11066,#11067));
#11069=IFCGRIDAXIS('21',#11068,.T.);
#11070=IFCGEOMETRICCURVESET((#11068));
#11071=IFCCOLOURRGB($,0.,0.,0.);
#11072=IFCCURVESTYLE($,$,$,#11071);
#11073=IFCPRESENTATIONSTYLEASSIGNMENT((#11072));
#11074=IFCSTYLEDITEM(#11070,(#11073),$);
#11075=IFCCARTESIANPOINT((-36307.760368724288,20141.361329759759,0.));
#11076=IFCCARTESIANPOINT((32777.906476595817,20141.361329759537,0.));
#11077=IFCPOLYLINE((#11075,#11076));
#11078=IFCGRIDAXIS('A',#11077,.T.);
#11079=IFCGEOMETRICCURVESET((#11077));
#11080=IFCCOLOURRGB($,0.,0.,0.);
#11081=IFCCURVESTYLE($,$,$,#11080);
#11082=IFCPRESENTATIONSTYLEASSIGNMENT((#11081));
#11083=IFCSTYLEDITEM(#11079,(#11082),$);
#11084=IFCCARTESIANPOINT((-36307.760368724303,14561.361329759757,0.));
#11085=IFCCARTESIANPOINT((32777.906476595803,14561.361329759533,0.));
#11086=IFCPOLYLINE((#11084,#11085));
#11087=IFCGRIDAXIS('B',#11086,.T.);
#11088=IFCGEOMETRICCURVESET((#11086));
#11089=IFCCOLOURRGB($,0.,0.,0.);
#11090=IFCCURVESTYLE($,$,$,#11089);
#11091=IFCPRESENTATIONSTYLEASSIGNMENT((#11090));
#11092=IFCSTYLEDITEM(#11088,(#11091),$);
#11093=IFCCARTESIANPOINT((-36307.760368724317,11361.361329759753,0.));
#11094=IFCCARTESIANPOINT((32777.906476595796,11361.361329759529,0.));
#11095=IFCPOLYLINE((#11093,#11094));
#11096=IFCGRIDAXIS('C',#11095,.T.);
#11097=IFCGEOMETRICCURVESET((#11095));
#11098=IFCCOLOURRGB($,0.,0.,0.);
#11099=IFCCURVESTYLE($,$,$,#11098);
#11100=IFCPRESENTATIONSTYLEASSIGNMENT((#11099));
#11101=IFCSTYLEDITEM(#11097,(#11100),$);
#11102=IFCCARTESIANPOINT((-36307.760368724325,8161.3613297597503,0.));
#11103=IFCCARTESIANPOINT((32777.906476595781,8161.3613297595266,0.));
#11104=IFCPOLYLINE((#11102,#11103));
#11105=IFCGRIDAXIS('D',#11104,.T.);
#11106=IFCGEOMETRICCURVESET((#11104));
#11107=IFCCOLOURRGB($,0.,0.,0.);
#11108=IFCCURVESTYLE($,$,$,#11107);
#11109=IFCPRESENTATIONSTYLEASSIGNMENT((#11108));
#11110=IFCSTYLEDITEM(#11106,(#11109),$);
#11111=IFCCARTESIANPOINT((-36307.760368724317,4961.3613297597203,0.));
#11112=IFCCARTESIANPOINT((32777.906476595766,4961.3613297594975,0.));
#11113=IFCPOLYLINE((#11111,#11112));
#11114=IFCGRIDAXIS('E',#11113,.T.);
#11115=IFCGEOMETRICCURVESET((#11113));
#11116=IFCCOLOURRGB($,0.,0.,0.);
#11117=IFCCURVESTYLE($,$,$,#11116);
#11118=IFCPRESENTATIONSTYLEASSIGNMENT((#11117));
#11119=IFCSTYLEDITEM(#11115,(#11118),$);
#11120=IFCCARTESIANPOINT((-36307.760368724325,1761.3613297597235,0.));
#11121=IFCCARTESIANPOINT((32777.906476595766,1761.3613297595011,0.));
#11122=IFCPOLYLINE((#11120,#11121));
#11123=IFCGRIDAXIS('F',#11122,.T.);
#11124=IFCGEOMETRICCURVESET((#11122));
#11125=IFCCOLOURRGB($,0.,0.,0.);
#11126=IFCCURVESTYLE($,$,$,#11125);
#11127=IFCPRESENTATIONSTYLEASSIGNMENT((#11126));
#11128=IFCSTYLEDITEM(#11124,(#11127),$);
#11129=IFCCARTESIANPOINT((-36307.760368724332,-1438.6386702402776,0.));
#11130=IFCCARTESIANPOINT((32777.906476595752,-1438.6386702405002,0.));
#11131=IFCPOLYLINE((#11129,#11130));
#11132=IFCGRIDAXIS('G',#11131,.T.);
#11133=IFCGEOMETRICCURVESET((#11131));
#11134=IFCCOLOURRGB($,0.,0.,0.);
#11135=IFCCURVESTYLE($,$,$,#11134);
#11136=IFCPRESENTATIONSTYLEASSIGNMENT((#11135));
#11137=IFCSTYLEDITEM(#11133,(#11136),$);
#11138=IFCCARTESIANPOINT((-36307.760368724339,-4638.6386702402788,0.));
#11139=IFCCARTESIANPOINT((32777.906476595737,-4638.6386702405016,0.));
#11140=IFCPOLYLINE((#11138,#11139));
#11141=IFCGRIDAXIS('H',#11140,.T.);
#11142=IFCGEOMETRICCURVESET((#11140));
#11143=IFCCOLOURRGB($,0.,0.,0.);
#11144=IFCCURVESTYLE($,$,$,#11143);
#11145=IFCPRESENTATIONSTYLEASSIGNMENT((#11144));
#11146=IFCSTYLEDITEM(#11142,(#11145),$);
#11147=IFCCARTESIANPOINT((-36307.760368724346,-7838.6386702402797,0.));
#11148=IFCCARTESIANPOINT((32777.906476595716,-7838.6386702405025,0.));
#11149=IFCPOLYLINE((#11147,#11148));
#11150=IFCGRIDAXIS('J',#11149,.T.);
#11151=IFCGEOMETRICCURVESET((#11149));
#11152=IFCCOLOURRGB($,0.,0.,0.);
#11153=IFCCURVESTYLE($,$,$,#11152);
#11154=IFCPRESENTATIONSTYLEASSIGNMENT((#11153));
#11155=IFCSTYLEDITEM(#11151,(#11154),$);
#11156=IFCCARTESIANPOINT((-36307.760368724346,-11038.63867024028,0.));
#11157=IFCCARTESIANPOINT((32777.906476595716,-11038.638670240503,0.));
#11158=IFCPOLYLINE((#11156,#11157));
#11159=IFCGRIDAXIS('K',#11158,.T.);
#11160=IFCGEOMETRICCURVESET((#11158));
#11161=IFCCOLOURRGB($,0.,0.,0.);
#11162=IFCCURVESTYLE($,$,$,#11161);
#11163=IFCPRESENTATIONSTYLEASSIGNMENT((#11162));
#11164=IFCSTYLEDITEM(#11160,(#11163),$);
#11165=IFCCARTESIANPOINT((-36307.760368724354,-14238.638670240278,0.));
#11166=IFCCARTESIANPOINT((32777.906476595701,-14238.6386702405,0.));
#11167=IFCPOLYLINE((#11165,#11166));
#11168=IFCGRIDAXIS('L',#11167,.T.);
#11169=IFCGEOMETRICCURVESET((#11167));
#11170=IFCCOLOURRGB($,0.,0.,0.);
#11171=IFCCURVESTYLE($,$,$,#11170);
#11172=IFCPRESENTATIONSTYLEASSIGNMENT((#11171));
#11173=IFCSTYLEDITEM(#11169,(#11172),$);
#11174=IFCCARTESIANPOINT((-36307.760368724354,-17438.638670240274,0.));
#11175=IFCCARTESIANPOINT((32777.906476595686,-17438.6386702405,0.));
#11176=IFCPOLYLINE((#11174,#11175));
#11177=IFCGRIDAXIS('M',#11176,.T.);
#11178=IFCGEOMETRICCURVESET((#11176));
#11179=IFCCOLOURRGB($,0.,0.,0.);
#11180=IFCCURVESTYLE($,$,$,#11179);
#11181=IFCPRESENTATIONSTYLEASSIGNMENT((#11180));
#11182=IFCSTYLEDITEM(#11178,(#11181),$);
#11183=IFCCARTESIANPOINT((-36307.760368724361,-23438.638670240281,0.));
#11184=IFCCARTESIANPOINT((32777.906476595686,-23438.6386702405,0.));
#11185=IFCPOLYLINE((#11183,#11184));
#11186=IFCGRIDAXIS('O',#11185,.T.);
#11187=IFCGEOMETRICCURVESET((#11185));
#11188=IFCCOLOURRGB($,0.,0.,0.);
#11189=IFCCURVESTYLE($,$,$,#11188);
#11190=IFCPRESENTATIONSTYLEASSIGNMENT((#11189));
#11191=IFCSTYLEDITEM(#11187,(#11190),$);
#11192=IFCCARTESIANPOINT((-36307.760368724354,-20638.638670240285,0.));
#11193=IFCCARTESIANPOINT((32777.906476595694,-20638.638670240507,0.));
#11194=IFCPOLYLINE((#11192,#11193));
#11195=IFCGRIDAXIS('N',#11194,.T.);
#11196=IFCGEOMETRICCURVESET((#11194));
#11197=IFCCOLOURRGB($,0.,0.,0.);
#11198=IFCCURVESTYLE($,$,$,#11197);
#11199=IFCPRESENTATIONSTYLEASSIGNMENT((#11198));
#11200=IFCSTYLEDITEM(#11196,(#11199),$);
#11201=IFCSHAPEREPRESENTATION(#17,'FootPrint','GeometricCurveSet',(#10890,#10899,#10908,#10917,#10926,#10935,#10944,#10953,#10962,#10971,#10980,#10989,#10998,#11007,#11016,#11025,#11034,#11043,#11052,#11061,#11070,#11079,#11088,#11097,#11106,#11115,#11124,#11133,#11142,#11151,#11160,#11169,#11178,#11187,#11196));
#11202=IFCPRODUCTDEFINITIONSHAPE($,$,(#11201));
#11203=IFCLOCALPLACEMENT(#21,#27);
#11204=IFCGRID('3C2eOl_QSfSvAvGjTD0uQ6',#6,'Default Grid',$,$,#11203,#11202,(#10889,#10898,#10907,#10916,#10925,#10934,#10943,#10952,#10961,#10970,#10979,#10988,#10997,#11006,#11015,#11024,#11033,#11042,#11051,#11060,#11069),(#11078,#11087,#11096,#11105,#11114,#11123,#11132,#11141,#11150,#11159,#11168,#11177,#11186,#11195),$);
#11205=IFCCARTESIANPOINT((-34021.214254621023,22956.371920309968,0.));
#11206=IFCCARTESIANPOINT((-34021.214254621103,-27555.113901698627,0.));
#11207=IFCPOLYLINE((#11205,#11206));
#11208=IFCGRIDAXIS('1',#11207,.T.);
#11209=IFCGEOMETRICCURVESET((#11207));
#11210=IFCCOLOURRGB($,0.,0.,0.);
#11211=IFCCURVESTYLE($,$,$,#11210);
#11212=IFCPRESENTATIONSTYLEASSIGNMENT((#11211));
#11213=IFCSTYLEDITEM(#11209,(#11212),$);
#11214=IFCCARTESIANPOINT((-30821.214254621023,22956.371920309957,0.));
#11215=IFCCARTESIANPOINT((-30821.214254621103,-27555.113901698638,0.));
#11216=IFCPOLYLINE((#11214,#11215));
#11217=IFCGRIDAXIS('2',#11216,.T.);
#11218=IFCGEOMETRICCURVESET((#11216));
#11219=IFCCOLOURRGB($,0.,0.,0.);
#11220=IFCCURVESTYLE($,$,$,#11219);
#11221=IFCPRESENTATIONSTYLEASSIGNMENT((#11220));
#11222=IFCSTYLEDITEM(#11218,(#11221),$);
#11223=IFCCARTESIANPOINT((-27621.214254621023,22956.371920309961,0.));
#11224=IFCCARTESIANPOINT((-27621.214254621103,-27555.113901698645,0.));
#11225=IFCPOLYLINE((#11223,#11224));
#11226=IFCGRIDAXIS('3',#11225,.T.);
#11227=IFCGEOMETRICCURVESET((#11225));
#11228=IFCCOLOURRGB($,0.,0.,0.);
#11229=IFCCURVESTYLE($,$,$,#11228);
#11230=IFCPRESENTATIONSTYLEASSIGNMENT((#11229));
#11231=IFCSTYLEDITEM(#11227,(#11230),$);
#11232=IFCCARTESIANPOINT((-24421.214254621013,22956.371920309939,0.));
#11233=IFCCARTESIANPOINT((-24421.214254621096,-27555.113901698649,0.));
#11234=IFCPOLYLINE((#11232,#11233));
#11235=IFCGRIDAXIS('4',#11234,.T.);
#11236=IFCGEOMETRICCURVESET((#11234));
#11237=IFCCOLOURRGB($,0.,0.,0.);
#11238=IFCCURVESTYLE($,$,$,#11237);
#11239=IFCPRESENTATIONSTYLEASSIGNMENT((#11238));
#11240=IFCSTYLEDITEM(#11236,(#11239),$);
#11241=IFCCARTESIANPOINT((-21221.214254621013,22956.371920309921,0.));
#11242=IFCCARTESIANPOINT((-21221.214254621096,-27555.113901698656,0.));
#11243=IFCPOLYLINE((#11241,#11242));
#11244=IFCGRIDAXIS('5',#11243,.T.);
#11245=IFCGEOMETRICCURVESET((#11243));
#11246=IFCCOLOURRGB($,0.,0.,0.);
#11247=IFCCURVESTYLE($,$,$,#11246);
#11248=IFCPRESENTATIONSTYLEASSIGNMENT((#11247));
#11249=IFCSTYLEDITEM(#11245,(#11248),$);
#11250=IFCCARTESIANPOINT((-18021.214254621009,22956.371920309928,0.));
#11251=IFCCARTESIANPOINT((-18021.214254621093,-27555.113901698656,0.));
#11252=IFCPOLYLINE((#11250,#11251));
#11253=IFCGRIDAXIS('6',#11252,.T.);
#11254=IFCGEOMETRICCURVESET((#11252));
#11255=IFCCOLOURRGB($,0.,0.,0.);
#11256=IFCCURVESTYLE($,$,$,#11255);
#11257=IFCPRESENTATIONSTYLEASSIGNMENT((#11256));
#11258=IFCSTYLEDITEM(#11254,(#11257),$);
#11259=IFCCARTESIANPOINT((-14821.214254621009,22956.371920309903,0.));
#11260=IFCCARTESIANPOINT((-14821.214254621091,-27555.113901698664,0.));
#11261=IFCPOLYLINE((#11259,#11260));
#11262=IFCGRIDAXIS('7',#11261,.T.);
#11263=IFCGEOMETRICCURVESET((#11261));
#11264=IFCCOLOURRGB($,0.,0.,0.);
#11265=IFCCURVESTYLE($,$,$,#11264);
#11266=IFCPRESENTATIONSTYLEASSIGNMENT((#11265));
#11267=IFCSTYLEDITEM(#11263,(#11266),$);
#11268=IFCCARTESIANPOINT((-11621.214254621011,22956.371920309895,0.));
#11269=IFCCARTESIANPOINT((-11621.214254621093,-27555.113901698664,0.));
#11270=IFCPOLYLINE((#11268,#11269));
#11271=IFCGRIDAXIS('8',#11270,.T.);
#11272=IFCGEOMETRICCURVESET((#11270));
#11273=IFCCOLOURRGB($,0.,0.,0.);
#11274=IFCCURVESTYLE($,$,$,#11273);
#11275=IFCPRESENTATIONSTYLEASSIGNMENT((#11274));
#11276=IFCSTYLEDITEM(#11272,(#11275),$);
#11277=IFCCARTESIANPOINT((-8421.2142546210071,22956.371920309895,0.));
#11278=IFCCARTESIANPOINT((-8421.2142546210889,-27555.113901698674,0.));
#11279=IFCPOLYLINE((#11277,#11278));
#11280=IFCGRIDAXIS('9',#11279,.T.);
#11281=IFCGEOMETRICCURVESET((#11279));
#11282=IFCCOLOURRGB($,0.,0.,0.);
#11283=IFCCURVESTYLE($,$,$,#11282);
#11284=IFCPRESENTATIONSTYLEASSIGNMENT((#11283));
#11285=IFCSTYLEDITEM(#11281,(#11284),$);
#11286=IFCCARTESIANPOINT((-5221.2142546209989,22956.371920309877,0.));
#11287=IFCCARTESIANPOINT((-5221.2142546210807,-27555.113901698682,0.));
#11288=IFCPOLYLINE((#11286,#11287));
#11289=IFCGRIDAXIS('10',#11288,.T.);
#11290=IFCGEOMETRICCURVESET((#11288));
#11291=IFCCOLOURRGB($,0.,0.,0.);
#11292=IFCCURVESTYLE($,$,$,#11291);
#11293=IFCPRESENTATIONSTYLEASSIGNMENT((#11292));
#11294=IFCSTYLEDITEM(#11290,(#11293),$);
#11295=IFCCARTESIANPOINT((-2021.2142546210007,22956.371920309859,0.));
#11296=IFCCARTESIANPOINT((-2021.2142546210828,-27555.113901698682,0.));
#11297=IFCPOLYLINE((#11295,#11296));
#11298=IFCGRIDAXIS('11',#11297,.T.);
#11299=IFCGEOMETRICCURVESET((#11297));
#11300=IFCCOLOURRGB($,0.,0.,0.);
#11301=IFCCURVESTYLE($,$,$,#11300);
#11302=IFCPRESENTATIONSTYLEASSIGNMENT((#11301));
#11303=IFCSTYLEDITEM(#11299,(#11302),$);
#11304=IFCCARTESIANPOINT((1178.7857453789998,22956.37192030987,0.));
#11305=IFCCARTESIANPOINT((1178.7857453789177,-27555.113901698693,0.));
#11306=IFCPOLYLINE((#11304,#11305));
#11307=IFCGRIDAXIS('12',#11306,.T.);
#11308=IFCGEOMETRICCURVESET((#11306));
#11309=IFCCOLOURRGB($,0.,0.,0.);
#11310=IFCCURVESTYLE($,$,$,#11309);
#11311=IFCPRESENTATIONSTYLEASSIGNMENT((#11310));
#11312=IFCSTYLEDITEM(#11308,(#11311),$);
#11313=IFCCARTESIANPOINT((4378.7857453790066,22956.371920309859,0.));
#11314=IFCCARTESIANPOINT((4378.7857453789238,-27555.113901698693,0.));
#11315=IFCPOLYLINE((#11313,#11314));
#11316=IFCGRIDAXIS('13',#11315,.T.);
#11317=IFCGEOMETRICCURVESET((#11315));
#11318=IFCCOLOURRGB($,0.,0.,0.);
#11319=IFCCURVESTYLE($,$,$,#11318);
#11320=IFCPRESENTATIONSTYLEASSIGNMENT((#11319));
#11321=IFCSTYLEDITEM(#11317,(#11320),$);
#11322=IFCCARTESIANPOINT((7578.7857453790193,22956.371920309834,0.));
#11323=IFCCARTESIANPOINT((7578.7857453789375,-27555.1139016987,0.));
#11324=IFCPOLYLINE((#11322,#11323));
#11325=IFCGRIDAXIS('14',#11324,.T.);
#11326=IFCGEOMETRICCURVESET((#11324));
#11327=IFCCOLOURRGB($,0.,0.,0.);
#11328=IFCCURVESTYLE($,$,$,#11327);
#11329=IFCPRESENTATIONSTYLEASSIGNMENT((#11328));
#11330=IFCSTYLEDITEM(#11326,(#11329),$);
#11331=IFCCARTESIANPOINT((10778.785745379018,22956.371920309819,0.));
#11332=IFCCARTESIANPOINT((10778.785745378937,-27555.113901698707,0.));
#11333=IFCPOLYLINE((#11331,#11332));
#11334=IFCGRIDAXIS('15',#11333,.T.);
#11335=IFCGEOMETRICCURVESET((#11333));
#11336=IFCCOLOURRGB($,0.,0.,0.);
#11337=IFCCURVESTYLE($,$,$,#11336);
#11338=IFCPRESENTATIONSTYLEASSIGNMENT((#11337));
#11339=IFCSTYLEDITEM(#11335,(#11338),$);
#11340=IFCCARTESIANPOINT((13978.78574537902,22956.371920309826,0.));
#11341=IFCCARTESIANPOINT((13978.785745378937,-27555.113901698707,0.));
#11342=IFCPOLYLINE((#11340,#11341));
#11343=IFCGRIDAXIS('16',#11342,.T.);
#11344=IFCGEOMETRICCURVESET((#11342));
#11345=IFCCOLOURRGB($,0.,0.,0.);
#11346=IFCCURVESTYLE($,$,$,#11345);
#11347=IFCPRESENTATIONSTYLEASSIGNMENT((#11346));
#11348=IFCSTYLEDITEM(#11344,(#11347),$);
#11349=IFCCARTESIANPOINT((17178.785745379017,22956.371920309801,0.));
#11350=IFCCARTESIANPOINT((17178.785745378937,-27555.113901698718,0.));
#11351=IFCPOLYLINE((#11349,#11350));
#11352=IFCGRIDAXIS('17',#11351,.T.);
#11353=IFCGEOMETRICCURVESET((#11351));
#11354=IFCCOLOURRGB($,0.,0.,0.);
#11355=IFCCURVESTYLE($,$,$,#11354);
#11356=IFCPRESENTATIONSTYLEASSIGNMENT((#11355));
#11357=IFCSTYLEDITEM(#11353,(#11356),$);
#11358=IFCCARTESIANPOINT((20378.785745379017,22956.37192030979,0.));
#11359=IFCCARTESIANPOINT((20378.785745378933,-27555.113901698718,0.));
#11360=IFCPOLYLINE((#11358,#11359));
#11361=IFCGRIDAXIS('18',#11360,.T.);
#11362=IFCGEOMETRICCURVESET((#11360));
#11363=IFCCOLOURRGB($,0.,0.,0.);
#11364=IFCCURVESTYLE($,$,$,#11363);
#11365=IFCPRESENTATIONSTYLEASSIGNMENT((#11364));
#11366=IFCSTYLEDITEM(#11362,(#11365),$);
#11367=IFCCARTESIANPOINT((23578.785745379017,22956.37192030979,0.));
#11368=IFCCARTESIANPOINT((23578.785745378933,-27555.113901698725,0.));
#11369=IFCPOLYLINE((#11367,#11368));
#11370=IFCGRIDAXIS('19',#11369,.T.);
#11371=IFCGEOMETRICCURVESET((#11369));
#11372=IFCCOLOURRGB($,0.,0.,0.);
#11373=IFCCURVESTYLE($,$,$,#11372);
#11374=IFCPRESENTATIONSTYLEASSIGNMENT((#11373));
#11375=IFCSTYLEDITEM(#11371,(#11374),$);
#11376=IFCCARTESIANPOINT((26778.785745379024,22956.371920309775,0.));
#11377=IFCCARTESIANPOINT((26778.785745378944,-27555.113901698736,0.));
#11378=IFCPOLYLINE((#11376,#11377));
#11379=IFCGRIDAXIS('20',#11378,.T.);
#11380=IFCGEOMETRICCURVESET((#11378));
#11381=IFCCOLOURRGB($,0.,0.,0.);
#11382=IFCCURVESTYLE($,$,$,#11381);
#11383=IFCPRESENTATIONSTYLEASSIGNMENT((#11382));
#11384=IFCSTYLEDITEM(#11380,(#11383),$);
#11385=IFCCARTESIANPOINT((29978.785745379024,22956.371920309757,0.));
#11386=IFCCARTESIANPOINT((29978.785745378944,-27555.113901698736,0.));
#11387=IFCPOLYLINE((#11385,#11386));
#11388=IFCGRIDAXIS('21',#11387,.T.);
#11389=IFCGEOMETRICCURVESET((#11387));
#11390=IFCCOLOURRGB($,0.,0.,0.);
#11391=IFCCURVESTYLE($,$,$,#11390);
#11392=IFCPRESENTATIONSTYLEASSIGNMENT((#11391));
#11393=IFCSTYLEDITEM(#11389,(#11392),$);
#11394=IFCCARTESIANPOINT((-36307.760368724288,20141.361329759759,0.));
#11395=IFCCARTESIANPOINT((32777.906476595817,20141.361329759537,0.));
#11396=IFCPOLYLINE((#11394,#11395));
#11397=IFCGRIDAXIS('A',#11396,.T.);
#11398=IFCGEOMETRICCURVESET((#11396));
#11399=IFCCOLOURRGB($,0.,0.,0.);
#11400=IFCCURVESTYLE($,$,$,#11399);
#11401=IFCPRESENTATIONSTYLEASSIGNMENT((#11400));
#11402=IFCSTYLEDITEM(#11398,(#11401),$);
#11403=IFCCARTESIANPOINT((-36307.760368724303,14561.361329759757,0.));
#11404=IFCCARTESIANPOINT((32777.906476595803,14561.361329759533,0.));
#11405=IFCPOLYLINE((#11403,#11404));
#11406=IFCGRIDAXIS('B',#11405,.T.);
#11407=IFCGEOMETRICCURVESET((#11405));
#11408=IFCCOLOURRGB($,0.,0.,0.);
#11409=IFCCURVESTYLE($,$,$,#11408);
#11410=IFCPRESENTATIONSTYLEASSIGNMENT((#11409));
#11411=IFCSTYLEDITEM(#11407,(#11410),$);
#11412=IFCCARTESIANPOINT((-36307.760368724317,11361.361329759753,0.));
#11413=IFCCARTESIANPOINT((32777.906476595796,11361.361329759529,0.));
#11414=IFCPOLYLINE((#11412,#11413));
#11415=IFCGRIDAXIS('C',#11414,.T.);
#11416=IFCGEOMETRICCURVESET((#11414));
#11417=IFCCOLOURRGB($,0.,0.,0.);
#11418=IFCCURVESTYLE($,$,$,#11417);
#11419=IFCPRESENTATIONSTYLEASSIGNMENT((#11418));
#11420=IFCSTYLEDITEM(#11416,(#11419),$);
#11421=IFCCARTESIANPOINT((-36307.760368724325,8161.3613297597503,0.));
#11422=IFCCARTESIANPOINT((32777.906476595781,8161.3613297595266,0.));
#11423=IFCPOLYLINE((#11421,#11422));
#11424=IFCGRIDAXIS('D',#11423,.T.);
#11425=IFCGEOMETRICCURVESET((#11423));
#11426=IFCCOLOURRGB($,0.,0.,0.);
#11427=IFCCURVESTYLE($,$,$,#11426);
#11428=IFCPRESENTATIONSTYLEASSIGNMENT((#11427));
#11429=IFCSTYLEDITEM(#11425,(#11428),$);
#11430=IFCCARTESIANPOINT((-36307.760368724317,4961.3613297597203,0.));
#11431=IFCCARTESIANPOINT((32777.906476595766,4961.3613297594975,0.));
#11432=IFCPOLYLINE((#11430,#11431));
#11433=IFCGRIDAXIS('E',#11432,.T.);
#11434=IFCGEOMETRICCURVESET((#11432));
#11435=IFCCOLOURRGB($,0.,0.,0.);
#11436=IFCCURVESTYLE($,$,$,#11435);
#11437=IFCPRESENTATIONSTYLEASSIGNMENT((#11436));
#11438=IFCSTYLEDITEM(#11434,(#11437),$);
#11439=IFCCARTESIANPOINT((-36307.760368724325,1761.3613297597235,0.));
#11440=IFCCARTESIANPOINT((32777.906476595766,1761.3613297595011,0.));
#11441=IFCPOLYLINE((#11439,#11440));
#11442=IFCGRIDAXIS('F',#11441,.T.);
#11443=IFCGEOMETRICCURVESET((#11441));
#11444=IFCCOLOURRGB($,0.,0.,0.);
#11445=IFCCURVESTYLE($,$,$,#11444);
#11446=IFCPRESENTATIONSTYLEASSIGNMENT((#11445));
#11447=IFCSTYLEDITEM(#11443,(#11446),$);
#11448=IFCCARTESIANPOINT((-36307.760368724332,-1438.6386702402776,0.));
#11449=IFCCARTESIANPOINT((32777.906476595752,-1438.6386702405002,0.));
#11450=IFCPOLYLINE((#11448,#11449));
#11451=IFCGRIDAXIS('G',#11450,.T.);
#11452=IFCGEOMETRICCURVESET((#11450));
#11453=IFCCOLOURRGB($,0.,0.,0.);
#11454=IFCCURVESTYLE($,$,$,#11453);
#11455=IFCPRESENTATIONSTYLEASSIGNMENT((#11454));
#11456=IFCSTYLEDITEM(#11452,(#11455),$);
#11457=IFCCARTESIANPOINT((-36307.760368724339,-4638.6386702402788,0.));
#11458=IFCCARTESIANPOINT((32777.906476595737,-4638.6386702405016,0.));
#11459=IFCPOLYLINE((#11457,#11458));
#11460=IFCGRIDAXIS('H',#11459,.T.);
#11461=IFCGEOMETRICCURVESET((#11459));
#11462=IFCCOLOURRGB($,0.,0.,0.);
#11463=IFCCURVESTYLE($,$,$,#11462);
#11464=IFCPRESENTATIONSTYLEASSIGNMENT((#11463));
#11465=IFCSTYLEDITEM(#11461,(#11464),$);
#11466=IFCCARTESIANPOINT((-36307.760368724346,-7838.6386702402797,0.));
#11467=IFCCARTESIANPOINT((32777.906476595716,-7838.6386702405025,0.));
#11468=IFCPOLYLINE((#11466,#11467));
#11469=IFCGRIDAXIS('J',#11468,.T.);
#11470=IFCGEOMETRICCURVESET((#11468));
#11471=IFCCOLOURRGB($,0.,0.,0.);
#11472=IFCCURVESTYLE($,$,$,#11471);
#11473=IFCPRESENTATIONSTYLEASSIGNMENT((#11472));
#11474=IFCSTYLEDITEM(#11470,(#11473),$);
#11475=IFCCARTESIANPOINT((-36307.760368724346,-11038.63867024028,0.));
#11476=IFCCARTESIANPOINT((32777.906476595716,-11038.638670240503,0.));
#11477=IFCPOLYLINE((#11475,#11476));
#11478=IFCGRIDAXIS('K',#11477,.T.);
#11479=IFCGEOMETRICCURVESET((#11477));
#11480=IFCCOLOURRGB($,0.,0.,0.);
#11481=IFCCURVESTYLE($,$,$,#11480);
#11482=IFCPRESENTATIONSTYLEASSIGNMENT((#11481));
#11483=IFCSTYLEDITEM(#11479,(#11482),$);
#11484=IFCCARTESIANPOINT((-36307.760368724354,-14238.638670240278,0.));
#11485=IFCCARTESIANPOINT((32777.906476595701,-14238.6386702405,0.));
#11486=IFCPOLYLINE((#11484,#11485));
#11487=IFCGRIDAXIS('L',#11486,.T.);
#11488=IFCGEOMETRICCURVESET((#11486));
#11489=IFCCOLOURRGB($,0.,0.,0.);
#11490=IFCCURVESTYLE($,$,$,#11489);
#11491=IFCPRESENTATIONSTYLEASSIGNMENT((#11490));
#11492=IFCSTYLEDITEM(#11488,(#11491),$);
#11493=IFCCARTESIANPOINT((-36307.760368724354,-17438.638670240274,0.));
#11494=IFCCARTESIANPOINT((32777.906476595686,-17438.6386702405,0.));
#11495=IFCPOLYLINE((#11493,#11494));
#11496=IFCGRIDAXIS('M',#11495,.T.);
#11497=IFCGEOMETRICCURVESET((#11495));
#11498=IFCCOLOURRGB($,0.,0.,0.);
#11499=IFCCURVESTYLE($,$,$,#11498);
#11500=IFCPRESENTATIONSTYLEASSIGNMENT((#11499));
#11501=IFCSTYLEDITEM(#11497,(#11500),$);
#11502=IFCCARTESIANPOINT((-36307.760368724361,-23438.638670240281,0.));
#11503=IFCCARTESIANPOINT((32777.906476595686,-23438.6386702405,0.));
#11504=IFCPOLYLINE((#11502,#11503));
#11505=IFCGRIDAXIS('O',#11504,.T.);
#11506=IFCGEOMETRICCURVESET((#11504));
#11507=IFCCOLOURRGB($,0.,0.,0.);
#11508=IFCCURVESTYLE($,$,$,#11507);
#11509=IFCPRESENTATIONSTYLEASSIGNMENT((#11508));
#11510=IFCSTYLEDITEM(#11506,(#11509),$);
#11511=IFCCARTESIANPOINT((-36307.760368724354,-20638.638670240285,0.));
#11512=IFCCARTESIANPOINT((32777.906476595694,-20638.638670240507,0.));
#11513=IFCPOLYLINE((#11511,#11512));
#11514=IFCGRIDAXIS('N',#11513,.T.);
#11515=IFCGEOMETRICCURVESET((#11513));
#11516=IFCCOLOURRGB($,0.,0.,0.);
#11517=IFCCURVESTYLE($,$,$,#11516);
#11518=IFCPRESENTATIONSTYLEASSIGNMENT((#11517));
#11519=IFCSTYLEDITEM(#11515,(#11518),$);
#11520=IFCSHAPEREPRESENTATION(#17,'FootPrint','GeometricCurveSet',(#11209,#11218,#11227,#11236,#11245,#11254,#11263,#11272,#11281,#11290,#11299,#11308,#11317,#11326,#11335,#11344,#11353,#11362,#11371,#11380,#11389,#11398,#11407,#11416,#11425,#11434,#11443,#11452,#11461,#11470,#11479,#11488,#11497,#11506,#11515));
#11521=IFCPRODUCTDEFINITIONSHAPE($,$,(#11520));
#11522=IFCLOCALPLACEMENT(#21,#31);
#11523=IFCGRID('3VmAZ__7t2h7bzOKYR0jpM',#6,'Default Grid',$,$,#11522,#11521,(#11208,#11217,#11226,#11235,#11244,#11253,#11262,#11271,#11280,#11289,#11298,#11307,#11316,#11325,#11334,#11343,#11352,#11361,#11370,#11379,#11388),(#11397,#11406,#11415,#11424,#11433,#11442,#11451,#11460,#11469,#11478,#11487,#11496,#11505,#11514),$);
#11524=IFCCARTESIANPOINT((-34021.214254621023,22956.371920309968,0.));
#11525=IFCCARTESIANPOINT((-34021.214254621103,-27555.113901698627,0.));
#11526=IFCPOLYLINE((#11524,#11525));
#11527=IFCGRIDAXIS('1',#11526,.T.);
#11528=IFCGEOMETRICCURVESET((#11526));
#11529=IFCCOLOURRGB($,0.,0.,0.);
#11530=IFCCURVESTYLE($,$,$,#11529);
#11531=IFCPRESENTATIONSTYLEASSIGNMENT((#11530));
#11532=IFCSTYLEDITEM(#11528,(#11531),$);
#11533=IFCCARTESIANPOINT((-30821.214254621023,22956.371920309957,0.));
#11534=IFCCARTESIANPOINT((-30821.214254621103,-27555.113901698638,0.));
#11535=IFCPOLYLINE((#11533,#11534));
#11536=IFCGRIDAXIS('2',#11535,.T.);
#11537=IFCGEOMETRICCURVESET((#11535));
#11538=IFCCOLOURRGB($,0.,0.,0.);
#11539=IFCCURVESTYLE($,$,$,#11538);
#11540=IFCPRESENTATIONSTYLEASSIGNMENT((#11539));
#11541=IFCSTYLEDITEM(#11537,(#11540),$);
#11542=IFCCARTESIANPOINT((-27621.214254621023,22956.371920309961,0.));
#11543=IFCCARTESIANPOINT((-27621.214254621103,-27555.113901698645,0.));
#11544=IFCPOLYLINE((#11542,#11543));
#11545=IFCGRIDAXIS('3',#11544,.T.);
#11546=IFCGEOMETRICCURVESET((#11544));
#11547=IFCCOLOURRGB($,0.,0.,0.);
#11548=IFCCURVESTYLE($,$,$,#11547);
#11549=IFCPRESENTATIONSTYLEASSIGNMENT((#11548));
#11550=IFCSTYLEDITEM(#11546,(#11549),$);
#11551=IFCCARTESIANPOINT((-24421.214254621013,22956.371920309939,0.));
#11552=IFCCARTESIANPOINT((-24421.214254621096,-27555.113901698649,0.));
#11553=IFCPOLYLINE((#11551,#11552));
#11554=IFCGRIDAXIS('4',#11553,.T.);
#11555=IFCGEOMETRICCURVESET((#11553));
#11556=IFCCOLOURRGB($,0.,0.,0.);
#11557=IFCCURVESTYLE($,$,$,#11556);
#11558=IFCPRESENTATIONSTYLEASSIGNMENT((#11557));
#11559=IFCSTYLEDITEM(#11555,(#11558),$);
#11560=IFCCARTESIANPOINT((-21221.214254621013,22956.371920309921,0.));
#11561=IFCCARTESIANPOINT((-21221.214254621096,-27555.113901698656,0.));
#11562=IFCPOLYLINE((#11560,#11561));
#11563=IFCGRIDAXIS('5',#11562,.T.);
#11564=IFCGEOMETRICCURVESET((#11562));
#11565=IFCCOLOURRGB($,0.,0.,0.);
#11566=IFCCURVESTYLE($,$,$,#11565);
#11567=IFCPRESENTATIONSTYLEASSIGNMENT((#11566));
#11568=IFCSTYLEDITEM(#11564,(#11567),$);
#11569=IFCCARTESIANPOINT((-18021.214254621009,22956.371920309928,0.));
#11570=IFCCARTESIANPOINT((-18021.214254621093,-27555.113901698656,0.));
#11571=IFCPOLYLINE((#11569,#11570));
#11572=IFCGRIDAXIS('6',#11571,.T.);
#11573=IFCGEOMETRICCURVESET((#11571));
#11574=IFCCOLOURRGB($,0.,0.,0.);
#11575=IFCCURVESTYLE($,$,$,#11574);
#11576=IFCPRESENTATIONSTYLEASSIGNMENT((#11575));
#11577=IFCSTYLEDITEM(#11573,(#11576),$);
#11578=IFCCARTESIANPOINT((-14821.214254621009,22956.371920309903,0.));
#11579=IFCCARTESIANPOINT((-14821.214254621091,-27555.113901698664,0.));
#11580=IFCPOLYLINE((#11578,#11579));
#11581=IFCGRIDAXIS('7',#11580,.T.);
#11582=IFCGEOMETRICCURVESET((#11580));
#11583=IFCCOLOURRGB($,0.,0.,0.);
#11584=IFCCURVESTYLE($,$,$,#11583);
#11585=IFCPRESENTATIONSTYLEASSIGNMENT((#11584));
#11586=IFCSTYLEDITEM(#11582,(#11585),$);
#11587=IFCCARTESIANPOINT((-11621.214254621011,22956.371920309895,0.));
#11588=IFCCARTESIANPOINT((-11621.214254621093,-27555.113901698664,0.));
#11589=IFCPOLYLINE((#11587,#11588));
#11590=IFCGRIDAXIS('8',#11589,.T.);
#11591=IFCGEOMETRICCURVESET((#11589));
#11592=IFCCOLOURRGB($,0.,0.,0.);
#11593=IFCCURVESTYLE($,$,$,#11592);
#11594=IFCPRESENTATIONSTYLEASSIGNMENT((#11593));
#11595=IFCSTYLEDITEM(#11591,(#11594),$);
#11596=IFCCARTESIANPOINT((-8421.2142546210071,22956.371920309895,0.));
#11597=IFCCARTESIANPOINT((-8421.2142546210889,-27555.113901698674,0.));
#11598=IFCPOLYLINE((#11596,#11597));
#11599=IFCGRIDAXIS('9',#11598,.T.);
#11600=IFCGEOMETRICCURVESET((#11598));
#11601=IFCCOLOURRGB($,0.,0.,0.);
#11602=IFCCURVESTYLE($,$,$,#11601);
#11603=IFCPRESENTATIONSTYLEASSIGNMENT((#11602));
#11604=IFCSTYLEDITEM(#11600,(#11603),$);
#11605=IFCCARTESIANPOINT((-5221.2142546209989,22956.371920309877,0.));
#11606=IFCCARTESIANPOINT((-5221.2142546210807,-27555.113901698682,0.));
#11607=IFCPOLYLINE((#11605,#11606));
#11608=IFCGRIDAXIS('10',#11607,.T.);
#11609=IFCGEOMETRICCURVESET((#11607));
#11610=IFCCOLOURRGB($,0.,0.,0.);
#11611=IFCCURVESTYLE($,$,$,#11610);
#11612=IFCPRESENTATIONSTYLEASSIGNMENT((#11611));
#11613=IFCSTYLEDITEM(#11609,(#11612),$);
#11614=IFCCARTESIANPOINT((-2021.2142546210007,22956.371920309859,0.));
#11615=IFCCARTESIANPOINT((-2021.2142546210828,-27555.113901698682,0.));
#11616=IFCPOLYLINE((#11614,#11615));
#11617=IFCGRIDAXIS('11',#11616,.T.);
#11618=IFCGEOMETRICCURVESET((#11616));
#11619=IFCCOLOURRGB($,0.,0.,0.);
#11620=IFCCURVESTYLE($,$,$,#11619);
#11621=IFCPRESENTATIONSTYLEASSIGNMENT((#11620));
#11622=IFCSTYLEDITEM(#11618,(#11621),$);
#11623=IFCCARTESIANPOINT((1178.7857453789998,22956.37192030987,0.));
#11624=IFCCARTESIANPOINT((1178.7857453789177,-27555.113901698693,0.));
#11625=IFCPOLYLINE((#11623,#11624));
#11626=IFCGRIDAXIS('12',#11625,.T.);
#11627=IFCGEOMETRICCURVESET((#11625));
#11628=IFCCOLOURRGB($,0.,0.,0.);
#11629=IFCCURVESTYLE($,$,$,#11628);
#11630=IFCPRESENTATIONSTYLEASSIGNMENT((#11629));
#11631=IFCSTYLEDITEM(#11627,(#11630),$);
#11632=IFCCARTESIANPOINT((4378.7857453790066,22956.371920309859,0.));
#11633=IFCCARTESIANPOINT((4378.7857453789238,-27555.113901698693,0.));
#11634=IFCPOLYLINE((#11632,#11633));
#11635=IFCGRIDAXIS('13',#11634,.T.);
#11636=IFCGEOMETRICCURVESET((#11634));
#11637=IFCCOLOURRGB($,0.,0.,0.);
#11638=IFCCURVESTYLE($,$,$,#11637);
#11639=IFCPRESENTATIONSTYLEASSIGNMENT((#11638));
#11640=IFCSTYLEDITEM(#11636,(#11639),$);
#11641=IFCCARTESIANPOINT((7578.7857453790193,22956.371920309834,0.));
#11642=IFCCARTESIANPOINT((7578.7857453789375,-27555.1139016987,0.));
#11643=IFCPOLYLINE((#11641,#11642));
#11644=IFCGRIDAXIS('14',#11643,.T.);
#11645=IFCGEOMETRICCURVESET((#11643));
#11646=IFCCOLOURRGB($,0.,0.,0.);
#11647=IFCCURVESTYLE($,$,$,#11646);
#11648=IFCPRESENTATIONSTYLEASSIGNMENT((#11647));
#11649=IFCSTYLEDITEM(#11645,(#11648),$);
#11650=IFCCARTESIANPOINT((10778.785745379018,22956.371920309819,0.));
#11651=IFCCARTESIANPOINT((10778.785745378937,-27555.113901698707,0.));
#11652=IFCPOLYLINE((#11650,#11651));
#11653=IFCGRIDAXIS('15',#11652,.T.);
#11654=IFCGEOMETRICCURVESET((#11652));
#11655=IFCCOLOURRGB($,0.,0.,0.);
#11656=IFCCURVESTYLE($,$,$,#11655);
#11657=IFCPRESENTATIONSTYLEASSIGNMENT((#11656));
#11658=IFCSTYLEDITEM(#11654,(#11657),$);
#11659=IFCCARTESIANPOINT((13978.78574537902,22956.371920309826,0.));
#11660=IFCCARTESIANPOINT((13978.785745378937,-27555.113901698707,0.));
#11661=IFCPOLYLINE((#11659,#11660));
#11662=IFCGRIDAXIS('16',#11661,.T.);
#11663=IFCGEOMETRICCURVESET((#11661));
#11664=IFCCOLOURRGB($,0.,0.,0.);
#11665=IFCCURVESTYLE($,$,$,#11664);
#11666=IFCPRESENTATIONSTYLEASSIGNMENT((#11665));
#11667=IFCSTYLEDITEM(#11663,(#11666),$);
#11668=IFCCARTESIANPOINT((17178.785745379017,22956.371920309801,0.));
#11669=IFCCARTESIANPOINT((17178.785745378937,-27555.113901698718,0.));
#11670=IFCPOLYLINE((#11668,#11669));
#11671=IFCGRIDAXIS('17',#11670,.T.);
#11672=IFCGEOMETRICCURVESET((#11670));
#11673=IFCCOLOURRGB($,0.,0.,0.);
#11674=IFCCURVESTYLE($,$,$,#11673);
#11675=IFCPRESENTATIONSTYLEASSIGNMENT((#11674));
#11676=IFCSTYLEDITEM(#11672,(#11675),$);
#11677=IFCCARTESIANPOINT((20378.785745379017,22956.37192030979,0.));
#11678=IFCCARTESIANPOINT((20378.785745378933,-27555.113901698718,0.));
#11679=IFCPOLYLINE((#11677,#11678));
#11680=IFCGRIDAXIS('18',#11679,.T.);
#11681=IFCGEOMETRICCURVESET((#11679));
#11682=IFCCOLOURRGB($,0.,0.,0.);
#11683=IFCCURVESTYLE($,$,$,#11682);
#11684=IFCPRESENTATIONSTYLEASSIGNMENT((#11683));
#11685=IFCSTYLEDITEM(#11681,(#11684),$);
#11686=IFCCARTESIANPOINT((23578.785745379017,22956.37192030979,0.));
#11687=IFCCARTESIANPOINT((23578.785745378933,-27555.113901698725,0.));
#11688=IFCPOLYLINE((#11686,#11687));
#11689=IFCGRIDAXIS('19',#11688,.T.);
#11690=IFCGEOMETRICCURVESET((#11688));
#11691=IFCCOLOURRGB($,0.,0.,0.);
#11692=IFCCURVESTYLE($,$,$,#11691);
#11693=IFCPRESENTATIONSTYLEASSIGNMENT((#11692));
#11694=IFCSTYLEDITEM(#11690,(#11693),$);
#11695=IFCCARTESIANPOINT((26778.785745379024,22956.371920309775,0.));
#11696=IFCCARTESIANPOINT((26778.785745378944,-27555.113901698736,0.));
#11697=IFCPOLYLINE((#11695,#11696));
#11698=IFCGRIDAXIS('20',#11697,.T.);
#11699=IFCGEOMETRICCURVESET((#11697));
#11700=IFCCOLOURRGB($,0.,0.,0.);
#11701=IFCCURVESTYLE($,$,$,#11700);
#11702=IFCPRESENTATIONSTYLEASSIGNMENT((#11701));
#11703=IFCSTYLEDITEM(#11699,(#11702),$);
#11704=IFCCARTESIANPOINT((29978.785745379024,22956.371920309757,0.));
#11705=IFCCARTESIANPOINT((29978.785745378944,-27555.113901698736,0.));
#11706=IFCPOLYLINE((#11704,#11705));
#11707=IFCGRIDAXIS('21',#11706,.T.);
#11708=IFCGEOMETRICCURVESET((#11706));
#11709=IFCCOLOURRGB($,0.,0.,0.);
#11710=IFCCURVESTYLE($,$,$,#11709);
#11711=IFCPRESENTATIONSTYLEASSIGNMENT((#11710));
#11712=IFCSTYLEDITEM(#11708,(#11711),$);
#11713=IFCCARTESIANPOINT((-36307.760368724288,20141.361329759759,0.));
#11714=IFCCARTESIANPOINT((32777.906476595817,20141.361329759537,0.));
#11715=IFCPOLYLINE((#11713,#11714));
#11716=IFCGRIDAXIS('A',#11715,.T.);
#11717=IFCGEOMETRICCURVESET((#11715));
#11718=IFCCOLOURRGB($,0.,0.,0.);
#11719=IFCCURVESTYLE($,$,$,#11718);
#11720=IFCPRESENTATIONSTYLEASSIGNMENT((#11719));
#11721=IFCSTYLEDITEM(#11717,(#11720),$);
#11722=IFCCARTESIANPOINT((-36307.760368724303,14561.361329759757,0.));
#11723=IFCCARTESIANPOINT((32777.906476595803,14561.361329759533,0.));
#11724=IFCPOLYLINE((#11722,#11723));
#11725=IFCGRIDAXIS('B',#11724,.T.);
#11726=IFCGEOMETRICCURVESET((#11724));
#11727=IFCCOLOURRGB($,0.,0.,0.);
#11728=IFCCURVESTYLE($,$,$,#11727);
#11729=IFCPRESENTATIONSTYLEASSIGNMENT((#11728));
#11730=IFCSTYLEDITEM(#11726,(#11729),$);
#11731=IFCCARTESIANPOINT((-36307.760368724317,11361.361329759753,0.));
#11732=IFCCARTESIANPOINT((32777.906476595796,11361.361329759529,0.));
#11733=IFCPOLYLINE((#11731,#11732));
#11734=IFCGRIDAXIS('C',#11733,.T.);
#11735=IFCGEOMETRICCURVESET((#11733));
#11736=IFCCOLOURRGB($,0.,0.,0.);
#11737=IFCCURVESTYLE($,$,$,#11736);
#11738=IFCPRESENTATIONSTYLEASSIGNMENT((#11737));
#11739=IFCSTYLEDITEM(#11735,(#11738),$);
#11740=IFCCARTESIANPOINT((-36307.760368724325,8161.3613297597503,0.));
#11741=IFCCARTESIANPOINT((32777.906476595781,8161.3613297595266,0.));
#11742=IFCPOLYLINE((#11740,#11741));
#11743=IFCGRIDAXIS('D',#11742,.T.);
#11744=IFCGEOMETRICCURVESET((#11742));
#11745=IFCCOLOURRGB($,0.,0.,0.);
#11746=IFCCURVESTYLE($,$,$,#11745);
#11747=IFCPRESENTATIONSTYLEASSIGNMENT((#11746));
#11748=IFCSTYLEDITEM(#11744,(#11747),$);
#11749=IFCCARTESIANPOINT((-36307.760368724317,4961.3613297597203,0.));
#11750=IFCCARTESIANPOINT((32777.906476595766,4961.3613297594975,0.));
#11751=IFCPOLYLINE((#11749,#11750));
#11752=IFCGRIDAXIS('E',#11751,.T.);
#11753=IFCGEOMETRICCURVESET((#11751));
#11754=IFCCOLOURRGB($,0.,0.,0.);
#11755=IFCCURVESTYLE($,$,$,#11754);
#11756=IFCPRESENTATIONSTYLEASSIGNMENT((#11755));
#11757=IFCSTYLEDITEM(#11753,(#11756),$);
#11758=IFCCARTESIANPOINT((-36307.760368724325,1761.3613297597235,0.));
#11759=IFCCARTESIANPOINT((32777.906476595766,1761.3613297595011,0.));
#11760=IFCPOLYLINE((#11758,#11759));
#11761=IFCGRIDAXIS('F',#11760,.T.);
#11762=IFCGEOMETRICCURVESET((#11760));
#11763=IFCCOLOURRGB($,0.,0.,0.);
#11764=IFCCURVESTYLE($,$,$,#11763);
#11765=IFCPRESENTATIONSTYLEASSIGNMENT((#11764));
#11766=IFCSTYLEDITEM(#11762,(#11765),$);
#11767=IFCCARTESIANPOINT((-36307.760368724332,-1438.6386702402776,0.));
#11768=IFCCARTESIANPOINT((32777.906476595752,-1438.6386702405002,0.));
#11769=IFCPOLYLINE((#11767,#11768));
#11770=IFCGRIDAXIS('G',#11769,.T.);
#11771=IFCGEOMETRICCURVESET((#11769));
#11772=IFCCOLOURRGB($,0.,0.,0.);
#11773=IFCCURVESTYLE($,$,$,#11772);
#11774=IFCPRESENTATIONSTYLEASSIGNMENT((#11773));
#11775=IFCSTYLEDITEM(#11771,(#11774),$);
#11776=IFCCARTESIANPOINT((-36307.760368724339,-4638.6386702402788,0.));
#11777=IFCCARTESIANPOINT((32777.906476595737,-4638.6386702405016,0.));
#11778=IFCPOLYLINE((#11776,#11777));
#11779=IFCGRIDAXIS('H',#11778,.T.);
#11780=IFCGEOMETRICCURVESET((#11778));
#11781=IFCCOLOURRGB($,0.,0.,0.);
#11782=IFCCURVESTYLE($,$,$,#11781);
#11783=IFCPRESENTATIONSTYLEASSIGNMENT((#11782));
#11784=IFCSTYLEDITEM(#11780,(#11783),$);
#11785=IFCCARTESIANPOINT((-36307.760368724346,-7838.6386702402797,0.));
#11786=IFCCARTESIANPOINT((32777.906476595716,-7838.6386702405025,0.));
#11787=IFCPOLYLINE((#11785,#11786));
#11788=IFCGRIDAXIS('J',#11787,.T.);
#11789=IFCGEOMETRICCURVESET((#11787));
#11790=IFCCOLOURRGB($,0.,0.,0.);
#11791=IFCCURVESTYLE($,$,$,#11790);
#11792=IFCPRESENTATIONSTYLEASSIGNMENT((#11791));
#11793=IFCSTYLEDITEM(#11789,(#11792),$);
#11794=IFCCARTESIANPOINT((-36307.760368724346,-11038.63867024028,0.));
#11795=IFCCARTESIANPOINT((32777.906476595716,-11038.638670240503,0.));
#11796=IFCPOLYLINE((#11794,#11795));
#11797=IFCGRIDAXIS('K',#11796,.T.);
#11798=IFCGEOMETRICCURVESET((#11796));
#11799=IFCCOLOURRGB($,0.,0.,0.);
#11800=IFCCURVESTYLE($,$,$,#11799);
#11801=IFCPRESENTATIONSTYLEASSIGNMENT((#11800));
#11802=IFCSTYLEDITEM(#11798,(#11801),$);
#11803=IFCCARTESIANPOINT((-36307.760368724354,-14238.638670240278,0.));
#11804=IFCCARTESIANPOINT((32777.906476595701,-14238.6386702405,0.));
#11805=IFCPOLYLINE((#11803,#11804));
#11806=IFCGRIDAXIS('L',#11805,.T.);
#11807=IFCGEOMETRICCURVESET((#11805));
#11808=IFCCOLOURRGB($,0.,0.,0.);
#11809=IFCCURVESTYLE($,$,$,#11808);
#11810=IFCPRESENTATIONSTYLEASSIGNMENT((#11809));
#11811=IFCSTYLEDITEM(#11807,(#11810),$);
#11812=IFCCARTESIANPOINT((-36307.760368724354,-17438.638670240274,0.));
#11813=IFCCARTESIANPOINT((32777.906476595686,-17438.6386702405,0.));
#11814=IFCPOLYLINE((#11812,#11813));
#11815=IFCGRIDAXIS('M',#11814,.T.);
#11816=IFCGEOMETRICCURVESET((#11814));
#11817=IFCCOLOURRGB($,0.,0.,0.);
#11818=IFCCURVESTYLE($,$,$,#11817);
#11819=IFCPRESENTATIONSTYLEASSIGNMENT((#11818));
#11820=IFCSTYLEDITEM(#11816,(#11819),$);
#11821=IFCCARTESIANPOINT((-36307.760368724361,-23438.638670240281,0.));
#11822=IFCCARTESIANPOINT((32777.906476595686,-23438.6386702405,0.));
#11823=IFCPOLYLINE((#11821,#11822));
#11824=IFCGRIDAXIS('O',#11823,.T.);
#11825=IFCGEOMETRICCURVESET((#11823));
#11826=IFCCOLOURRGB($,0.,0.,0.);
#11827=IFCCURVESTYLE($,$,$,#11826);
#11828=IFCPRESENTATIONSTYLEASSIGNMENT((#11827));
#11829=IFCSTYLEDITEM(#11825,(#11828),$);
#11830=IFCCARTESIANPOINT((-36307.760368724354,-20638.638670240285,0.));
#11831=IFCCARTESIANPOINT((32777.906476595694,-20638.638670240507,0.));
#11832=IFCPOLYLINE((#11830,#11831));
#11833=IFCGRIDAXIS('N',#11832,.T.);
#11834=IFCGEOMETRICCURVESET((#11832));
#11835=IFCCOLOURRGB($,0.,0.,0.);
#11836=IFCCURVESTYLE($,$,$,#11835);
#11837=IFCPRESENTATIONSTYLEASSIGNMENT((#11836));
#11838=IFCSTYLEDITEM(#11834,(#11837),$);
#11839=IFCSHAPEREPRESENTATION(#17,'FootPrint','GeometricCurveSet',(#11528,#11537,#11546,#11555,#11564,#11573,#11582,#11591,#11600,#11609,#11618,#11627,#11636,#11645,#11654,#11663,#11672,#11681,#11690,#11699,#11708,#11717,#11726,#11735,#11744,#11753,#11762,#11771,#11780,#11789,#11798,#11807,#11816,#11825,#11834));
#11840=IFCPRODUCTDEFINITIONSHAPE($,$,(#11839));
#11841=IFCLOCALPLACEMENT(#21,#35);
#11842=IFCGRID('21zvHW2LtaXw1qIeZcSw0v',#6,'Default Grid',$,$,#11841,#11840,(#11527,#11536,#11545,#11554,#11563,#11572,#11581,#11590,#11599,#11608,#11617,#11626,#11635,#11644,#11653,#11662,#11671,#11680,#11689,#11698,#11707),(#11716,#11725,#11734,#11743,#11752,#11761,#11770,#11779,#11788,#11797,#11806,#11815,#11824,#11833),$);
#11843=IFCCARTESIANPOINT((-34021.214254621023,22956.371920309968,0.));
#11844=IFCCARTESIANPOINT((-34021.214254621103,-27555.113901698627,0.));
#11845=IFCPOLYLINE((#11843,#11844));
#11846=IFCGRIDAXIS('1',#11845,.T.);
#11847=IFCGEOMETRICCURVESET((#11845));
#11848=IFCCOLOURRGB($,0.,0.,0.);
#11849=IFCCURVESTYLE($,$,$,#11848);
#11850=IFCPRESENTATIONSTYLEASSIGNMENT((#11849));
#11851=IFCSTYLEDITEM(#11847,(#11850),$);
#11852=IFCCARTESIANPOINT((-30821.214254621023,22956.371920309957,0.));
#11853=IFCCARTESIANPOINT((-30821.214254621103,-27555.113901698638,0.));
#11854=IFCPOLYLINE((#11852,#11853));
#11855=IFCGRIDAXIS('2',#11854,.T.);
#11856=IFCGEOMETRICCURVESET((#11854));
#11857=IFCCOLOURRGB($,0.,0.,0.);
#11858=IFCCURVESTYLE($,$,$,#11857);
#11859=IFCPRESENTATIONSTYLEASSIGNMENT((#11858));
#11860=IFCSTYLEDITEM(#11856,(#11859),$);
#11861=IFCCARTESIANPOINT((-27621.214254621023,22956.371920309961,0.));
#11862=IFCCARTESIANPOINT((-27621.214254621103,-27555.113901698645,0.));
#11863=IFCPOLYLINE((#11861,#11862));
#11864=IFCGRIDAXIS('3',#11863,.T.);
#11865=IFCGEOMETRICCURVESET((#11863));
#11866=IFCCOLOURRGB($,0.,0.,0.);
#11867=IFCCURVESTYLE($,$,$,#11866);
#11868=IFCPRESENTATIONSTYLEASSIGNMENT((#11867));
#11869=IFCSTYLEDITEM(#11865,(#11868),$);
#11870=IFCCARTESIANPOINT((-24421.214254621013,22956.371920309939,0.));
#11871=IFCCARTESIANPOINT((-24421.214254621096,-27555.113901698649,0.));
#11872=IFCPOLYLINE((#11870,#11871));
#11873=IFCGRIDAXIS('4',#11872,.T.);
#11874=IFCGEOMETRICCURVESET((#11872));
#11875=IFCCOLOURRGB($,0.,0.,0.);
#11876=IFCCURVESTYLE($,$,$,#11875);
#11877=IFCPRESENTATIONSTYLEASSIGNMENT((#11876));
#11878=IFCSTYLEDITEM(#11874,(#11877),$);
#11879=IFCCARTESIANPOINT((-21221.214254621013,22956.371920309921,0.));
#11880=IFCCARTESIANPOINT((-21221.214254621096,-27555.113901698656,0.));
#11881=IFCPOLYLINE((#11879,#11880));
#11882=IFCGRIDAXIS('5',#11881,.T.);
#11883=IFCGEOMETRICCURVESET((#11881));
#11884=IFCCOLOURRGB($,0.,0.,0.);
#11885=IFCCURVESTYLE($,$,$,#11884);
#11886=IFCPRESENTATIONSTYLEASSIGNMENT((#11885));
#11887=IFCSTYLEDITEM(#11883,(#11886),$);
#11888=IFCCARTESIANPOINT((-18021.214254621009,22956.371920309928,0.));
#11889=IFCCARTESIANPOINT((-18021.214254621093,-27555.113901698656,0.));
#11890=IFCPOLYLINE((#11888,#11889));
#11891=IFCGRIDAXIS('6',#11890,.T.);
#11892=IFCGEOMETRICCURVESET((#11890));
#11893=IFCCOLOURRGB($,0.,0.,0.);
#11894=IFCCURVESTYLE($,$,$,#11893);
#11895=IFCPRESENTATIONSTYLEASSIGNMENT((#11894));
#11896=IFCSTYLEDITEM(#11892,(#11895),$);
#11897=IFCCARTESIANPOINT((-14821.214254621009,22956.371920309903,0.));
#11898=IFCCARTESIANPOINT((-14821.214254621091,-27555.113901698664,0.));
#11899=IFCPOLYLINE((#11897,#11898));
#11900=IFCGRIDAXIS('7',#11899,.T.);
#11901=IFCGEOMETRICCURVESET((#11899));
#11902=IFCCOLOURRGB($,0.,0.,0.);
#11903=IFCCURVESTYLE($,$,$,#11902);
#11904=IFCPRESENTATIONSTYLEASSIGNMENT((#11903));
#11905=IFCSTYLEDITEM(#11901,(#11904),$);
#11906=IFCCARTESIANPOINT((-11621.214254621011,22956.371920309895,0.));
#11907=IFCCARTESIANPOINT((-11621.214254621093,-27555.113901698664,0.));
#11908=IFCPOLYLINE((#11906,#11907));
#11909=IFCGRIDAXIS('8',#11908,.T.);
#11910=IFCGEOMETRICCURVESET((#11908));
#11911=IFCCOLOURRGB($,0.,0.,0.);
#11912=IFCCURVESTYLE($,$,$,#11911);
#11913=IFCPRESENTATIONSTYLEASSIGNMENT((#11912));
#11914=IFCSTYLEDITEM(#11910,(#11913),$);
#11915=IFCCARTESIANPOINT((-8421.2142546210071,22956.371920309895,0.));
#11916=IFCCARTESIANPOINT((-8421.2142546210889,-27555.113901698674,0.));
#11917=IFCPOLYLINE((#11915,#11916));
#11918=IFCGRIDAXIS('9',#11917,.T.);
#11919=IFCGEOMETRICCURVESET((#11917));
#11920=IFCCOLOURRGB($,0.,0.,0.);
#11921=IFCCURVESTYLE($,$,$,#11920);
#11922=IFCPRESENTATIONSTYLEASSIGNMENT((#11921));
#11923=IFCSTYLEDITEM(#11919,(#11922),$);
#11924=IFCCARTESIANPOINT((-5221.2142546209989,22956.371920309877,0.));
#11925=IFCCARTESIANPOINT((-5221.2142546210807,-27555.113901698682,0.));
#11926=IFCPOLYLINE((#11924,#11925));
#11927=IFCGRIDAXIS('10',#11926,.T.);
#11928=IFCGEOMETRICCURVESET((#11926));
#11929=IFCCOLOURRGB($,0.,0.,0.);
#11930=IFCCURVESTYLE($,$,$,#11929);
#11931=IFCPRESENTATIONSTYLEASSIGNMENT((#11930));
#11932=IFCSTYLEDITEM(#11928,(#11931),$);
#11933=IFCCARTESIANPOINT((-2021.2142546210007,22956.371920309859,0.));
#11934=IFCCARTESIANPOINT((-2021.2142546210828,-27555.113901698682,0.));
#11935=IFCPOLYLINE((#11933,#11934));
#11936=IFCGRIDAXIS('11',#11935,.T.);
#11937=IFCGEOMETRICCURVESET((#11935));
#11938=IFCCOLOURRGB($,0.,0.,0.);
#11939=IFCCURVESTYLE($,$,$,#11938);
#11940=IFCPRESENTATIONSTYLEASSIGNMENT((#11939));
#11941=IFCSTYLEDITEM(#11937,(#11940),$);
#11942=IFCCARTESIANPOINT((1178.7857453789998,22956.37192030987,0.));
#11943=IFCCARTESIANPOINT((1178.7857453789177,-27555.113901698693,0.));
#11944=IFCPOLYLINE((#11942,#11943));
#11945=IFCGRIDAXIS('12',#11944,.T.);
#11946=IFCGEOMETRICCURVESET((#11944));
#11947=IFCCOLOURRGB($,0.,0.,0.);
#11948=IFCCURVESTYLE($,$,$,#11947);
#11949=IFCPRESENTATIONSTYLEASSIGNMENT((#11948));
#11950=IFCSTYLEDITEM(#11946,(#11949),$);
#11951=IFCCARTESIANPOINT((4378.7857453790066,22956.371920309859,0.));
#11952=IFCCARTESIANPOINT((4378.7857453789238,-27555.113901698693,0.));
#11953=IFCPOLYLINE((#11951,#11952));
#11954=IFCGRIDAXIS('13',#11953,.T.);
#11955=IFCGEOMETRICCURVESET((#11953));
#11956=IFCCOLOURRGB($,0.,0.,0.);
#11957=IFCCURVESTYLE($,$,$,#11956);
#11958=IFCPRESENTATIONSTYLEASSIGNMENT((#11957));
#11959=IFCSTYLEDITEM(#11955,(#11958),$);
#11960=IFCCARTESIANPOINT((7578.7857453790193,22956.371920309834,0.));
#11961=IFCCARTESIANPOINT((7578.7857453789375,-27555.1139016987,0.));
#11962=IFCPOLYLINE((#11960,#11961));
#11963=IFCGRIDAXIS('14',#11962,.T.);
#11964=IFCGEOMETRICCURVESET((#11962));
#11965=IFCCOLOURRGB($,0.,0.,0.);
#11966=IFCCURVESTYLE($,$,$,#11965);
#11967=IFCPRESENTATIONSTYLEASSIGNMENT((#11966));
#11968=IFCSTYLEDITEM(#11964,(#11967),$);
#11969=IFCCARTESIANPOINT((10778.785745379018,22956.371920309819,0.));
#11970=IFCCARTESIANPOINT((10778.785745378937,-27555.113901698707,0.));
#11971=IFCPOLYLINE((#11969,#11970));
#11972=IFCGRIDAXIS('15',#11971,.T.);
#11973=IFCGEOMETRICCURVESET((#11971));
#11974=IFCCOLOURRGB($,0.,0.,0.);
#11975=IFCCURVESTYLE($,$,$,#11974);
#11976=IFCPRESENTATIONSTYLEASSIGNMENT((#11975));
#11977=IFCSTYLEDITEM(#11973,(#11976),$);
#11978=IFCCARTESIANPOINT((13978.78574537902,22956.371920309826,0.));
#11979=IFCCARTESIANPOINT((13978.785745378937,-27555.113901698707,0.));
#11980=IFCPOLYLINE((#11978,#11979));
#11981=IFCGRIDAXIS('16',#11980,.T.);
#11982=IFCGEOMETRICCURVESET((#11980));
#11983=IFCCOLOURRGB($,0.,0.,0.);
#11984=IFCCURVESTYLE($,$,$,#11983);
#11985=IFCPRESENTATIONSTYLEASSIGNMENT((#11984));
#11986=IFCSTYLEDITEM(#11982,(#11985),$);
#11987=IFCCARTESIANPOINT((17178.785745379017,22956.371920309801,0.));
#11988=IFCCARTESIANPOINT((17178.785745378937,-27555.113901698718,0.));
#11989=IFCPOLYLINE((#11987,#11988));
#11990=IFCGRIDAXIS('17',#11989,.T.);
#11991=IFCGEOMETRICCURVESET((#11989));
#11992=IFCCOLOURRGB($,0.,0.,0.);
#11993=IFCCURVESTYLE($,$,$,#11992);
#11994=IFCPRESENTATIONSTYLEASSIGNMENT((#11993));
#11995=IFCSTYLEDITEM(#11991,(#11994),$);
#11996=IFCCARTESIANPOINT((20378.785745379017,22956.37192030979,0.));
#11997=IFCCARTESIANPOINT((20378.785745378933,-27555.113901698718,0.));
#11998=IFCPOLYLINE((#11996,#11997));
#11999=IFCGRIDAXIS('18',#11998,.T.);
#12000=IFCGEOMETRICCURVESET((#11998));
#12001=IFCCOLOURRGB($,0.,0.,0.);
#12002=IFCCURVESTYLE($,$,$,#12001);
#12003=IFCPRESENTATIONSTYLEASSIGNMENT((#12002));
#12004=IFCSTYLEDITEM(#12000,(#12003),$);
#12005=IFCCARTESIANPOINT((23578.785745379017,22956.37192030979,0.));
#12006=IFCCARTESIANPOINT((23578.785745378933,-27555.113901698725,0.));
#12007=IFCPOLYLINE((#12005,#12006));
#12008=IFCGRIDAXIS('19',#12007,.T.);
#12009=IFCGEOMETRICCURVESET((#12007));
#12010=IFCCOLOURRGB($,0.,0.,0.);
#12011=IFCCURVESTYLE($,$,$,#12010);
#12012=IFCPRESENTATIONSTYLEASSIGNMENT((#12011));
#12013=IFCSTYLEDITEM(#12009,(#12012),$);
#12014=IFCCARTESIANPOINT((26778.785745379024,22956.371920309775,0.));
#12015=IFCCARTESIANPOINT((26778.785745378944,-27555.113901698736,0.));
#12016=IFCPOLYLINE((#12014,#12015));
#12017=IFCGRIDAXIS('20',#12016,.T.);
#12018=IFCGEOMETRICCURVESET((#12016));
#12019=IFCCOLOURRGB($,0.,0.,0.);
#12020=IFCCURVESTYLE($,$,$,#12019);
#12021=IFCPRESENTATIONSTYLEASSIGNMENT((#12020));
#12022=IFCSTYLEDITEM(#12018,(#12021),$);
#12023=IFCCARTESIANPOINT((29978.785745379024,22956.371920309757,0.));
#12024=IFCCARTESIANPOINT((29978.785745378944,-27555.113901698736,0.));
#12025=IFCPOLYLINE((#12023,#12024));
#12026=IFCGRIDAXIS('21',#12025,.T.);
#12027=IFCGEOMETRICCURVESET((#12025));
#12028=IFCCOLOURRGB($,0.,0.,0.);
#12029=IFCCURVESTYLE($,$,$,#12028);
#12030=IFCPRESENTATIONSTYLEASSIGNMENT((#12029));
#12031=IFCSTYLEDITEM(#12027,(#12030),$);
#12032=IFCCARTESIANPOINT((-36307.760368724288,20141.361329759759,0.));
#12033=IFCCARTESIANPOINT((32777.906476595817,20141.361329759537,0.));
#12034=IFCPOLYLINE((#12032,#12033));
#12035=IFCGRIDAXIS('A',#12034,.T.);
#12036=IFCGEOMETRICCURVESET((#12034));
#12037=IFCCOLOURRGB($,0.,0.,0.);
#12038=IFCCURVESTYLE($,$,$,#12037);
#12039=IFCPRESENTATIONSTYLEASSIGNMENT((#12038));
#12040=IFCSTYLEDITEM(#12036,(#12039),$);
#12041=IFCCARTESIANPOINT((-36307.760368724303,14561.361329759757,0.));
#12042=IFCCARTESIANPOINT((32777.906476595803,14561.361329759533,0.));
#12043=IFCPOLYLINE((#12041,#12042));
#12044=IFCGRIDAXIS('B',#12043,.T.);
#12045=IFCGEOMETRICCURVESET((#12043));
#12046=IFCCOLOURRGB($,0.,0.,0.);
#12047=IFCCURVESTYLE($,$,$,#12046);
#12048=IFCPRESENTATIONSTYLEASSIGNMENT((#12047));
#12049=IFCSTYLEDITEM(#12045,(#12048),$);
#12050=IFCCARTESIANPOINT((-36307.760368724317,11361.361329759753,0.));
#12051=IFCCARTESIANPOINT((32777.906476595796,11361.361329759529,0.));
#12052=IFCPOLYLINE((#12050,#12051));
#12053=IFCGRIDAXIS('C',#12052,.T.);
#12054=IFCGEOMETRICCURVESET((#12052));
#12055=IFCCOLOURRGB($,0.,0.,0.);
#12056=IFCCURVESTYLE($,$,$,#12055);
#12057=IFCPRESENTATIONSTYLEASSIGNMENT((#12056));
#12058=IFCSTYLEDITEM(#12054,(#12057),$);
#12059=IFCCARTESIANPOINT((-36307.760368724325,8161.3613297597503,0.));
#12060=IFCCARTESIANPOINT((32777.906476595781,8161.3613297595266,0.));
#12061=IFCPOLYLINE((#12059,#12060));
#12062=IFCGRIDAXIS('D',#12061,.T.);
#12063=IFCGEOMETRICCURVESET((#12061));
#12064=IFCCOLOURRGB($,0.,0.,0.);
#12065=IFCCURVESTYLE($,$,$,#12064);
#12066=IFCPRESENTATIONSTYLEASSIGNMENT((#12065));
#12067=IFCSTYLEDITEM(#12063,(#12066),$);
#12068=IFCCARTESIANPOINT((-36307.760368724317,4961.3613297597203,0.));
#12069=IFCCARTESIANPOINT((32777.906476595766,4961.3613297594975,0.));
#12070=IFCPOLYLINE((#12068,#12069));
#12071=IFCGRIDAXIS('E',#12070,.T.);
#12072=IFCGEOMETRICCURVESET((#12070));
#12073=IFCCOLOURRGB($,0.,0.,0.);
#12074=IFCCURVESTYLE($,$,$,#12073);
#12075=IFCPRESENTATIONSTYLEASSIGNMENT((#12074));
#12076=IFCSTYLEDITEM(#12072,(#12075),$);
#12077=IFCCARTESIANPOINT((-36307.760368724325,1761.3613297597235,0.));
#12078=IFCCARTESIANPOINT((32777.906476595766,1761.3613297595011,0.));
#12079=IFCPOLYLINE((#12077,#12078));
#12080=IFCGRIDAXIS('F',#12079,.T.);
#12081=IFCGEOMETRICCURVESET((#12079));
#12082=IFCCOLOURRGB($,0.,0.,0.);
#12083=IFCCURVESTYLE($,$,$,#12082);
#12084=IFCPRESENTATIONSTYLEASSIGNMENT((#12083));
#12085=IFCSTYLEDITEM(#12081,(#12084),$);
#12086=IFCCARTESIANPOINT((-36307.760368724332,-1438.6386702402776,0.));
#12087=IFCCARTESIANPOINT((32777.906476595752,-1438.6386702405002,0.));
#12088=IFCPOLYLINE((#12086,#12087));
#12089=IFCGRIDAXIS('G',#12088,.T.);
#12090=IFCGEOMETRICCURVESET((#12088));
#12091=IFCCOLOURRGB($,0.,0.,0.);
#12092=IFCCURVESTYLE($,$,$,#12091);
#12093=IFCPRESENTATIONSTYLEASSIGNMENT((#12092));
#12094=IFCSTYLEDITEM(#12090,(#12093),$);
#12095=IFCCARTESIANPOINT((-36307.760368724339,-4638.6386702402788,0.));
#12096=IFCCARTESIANPOINT((32777.906476595737,-4638.6386702405016,0.));
#12097=IFCPOLYLINE((#12095,#12096));
#12098=IFCGRIDAXIS('H',#12097,.T.);
#12099=IFCGEOMETRICCURVESET((#12097));
#12100=IFCCOLOURRGB($,0.,0.,0.);
#12101=IFCCURVESTYLE($,$,$,#12100);
#12102=IFCPRESENTATIONSTYLEASSIGNMENT((#12101));
#12103=IFCSTYLEDITEM(#12099,(#12102),$);
#12104=IFCCARTESIANPOINT((-36307.760368724346,-7838.6386702402797,0.));
#12105=IFCCARTESIANPOINT((32777.906476595716,-7838.6386702405025,0.));
#12106=IFCPOLYLINE((#12104,#12105));
#12107=IFCGRIDAXIS('J',#12106,.T.);
#12108=IFCGEOMETRICCURVESET((#12106));
#12109=IFCCOLOURRGB($,0.,0.,0.);
#12110=IFCCURVESTYLE($,$,$,#12109);
#12111=IFCPRESENTATIONSTYLEASSIGNMENT((#12110));
#12112=IFCSTYLEDITEM(#12108,(#12111),$);
#12113=IFCCARTESIANPOINT((-36307.760368724346,-11038.63867024028,0.));
#12114=IFCCARTESIANPOINT((32777.906476595716,-11038.638670240503,0.));
#12115=IFCPOLYLINE((#12113,#12114));
#12116=IFCGRIDAXIS('K',#12115,.T.);
#12117=IFCGEOMETRICCURVESET((#12115));
#12118=IFCCOLOURRGB($,0.,0.,0.);
#12119=IFCCURVESTYLE($,$,$,#12118);
#12120=IFCPRESENTATIONSTYLEASSIGNMENT((#12119));
#12121=IFCSTYLEDITEM(#12117,(#12120),$);
#12122=IFCCARTESIANPOINT((-36307.760368724354,-14238.638670240278,0.));
#12123=IFCCARTESIANPOINT((32777.906476595701,-14238.6386702405,0.));
#12124=IFCPOLYLINE((#12122,#12123));
#12125=IFCGRIDAXIS('L',#12124,.T.);
#12126=IFCGEOMETRICCURVESET((#12124));
#12127=IFCCOLOURRGB($,0.,0.,0.);
#12128=IFCCURVESTYLE($,$,$,#12127);
#12129=IFCPRESENTATIONSTYLEASSIGNMENT((#12128));
#12130=IFCSTYLEDITEM(#12126,(#12129),$);
#12131=IFCCARTESIANPOINT((-36307.760368724354,-17438.638670240274,0.));
#12132=IFCCARTESIANPOINT((32777.906476595686,-17438.6386702405,0.));
#12133=IFCPOLYLINE((#12131,#12132));
#12134=IFCGRIDAXIS('M',#12133,.T.);
#12135=IFCGEOMETRICCURVESET((#12133));
#12136=IFCCOLOURRGB($,0.,0.,0.);
#12137=IFCCURVESTYLE($,$,$,#12136);
#12138=IFCPRESENTATIONSTYLEASSIGNMENT((#12137));
#12139=IFCSTYLEDITEM(#12135,(#12138),$);
#12140=IFCCARTESIANPOINT((-36307.760368724361,-23438.638670240281,0.));
#12141=IFCCARTESIANPOINT((32777.906476595686,-23438.6386702405,0.));
#12142=IFCPOLYLINE((#12140,#12141));
#12143=IFCGRIDAXIS('O',#12142,.T.);
#12144=IFCGEOMETRICCURVESET((#12142));
#12145=IFCCOLOURRGB($,0.,0.,0.);
#12146=IFCCURVESTYLE($,$,$,#12145);
#12147=IFCPRESENTATIONSTYLEASSIGNMENT((#12146));
#12148=IFCSTYLEDITEM(#12144,(#12147),$);
#12149=IFCCARTESIANPOINT((-36307.760368724354,-20638.638670240285,0.));
#12150=IFCCARTESIANPOINT((32777.906476595694,-20638.638670240507,0.));
#12151=IFCPOLYLINE((#12149,#12150));
#12152=IFCGRIDAXIS('N',#12151,.T.);
#12153=IFCGEOMETRICCURVESET((#12151));
#12154=IFCCOLOURRGB($,0.,0.,0.);
#12155=IFCCURVESTYLE($,$,$,#12154);
#12156=IFCPRESENTATIONSTYLEASSIGNMENT((#12155));
#12157=IFCSTYLEDITEM(#12153,(#12156),$);
#12158=IFCSHAPEREPRESENTATION(#17,'FootPrint','GeometricCurveSet',(#11847,#11856,#11865,#11874,#11883,#11892,#11901,#11910,#11919,#11928,#11937,#11946,#11955,#11964,#11973,#11982,#11991,#12000,#12009,#12018,#12027,#12036,#12045,#12054,#12063,#12072,#12081,#12090,#12099,#12108,#12117,#12126,#12135,#12144,#12153));
#12159=IFCPRODUCTDEFINITIONSHAPE($,$,(#12158));
#12160=IFCLOCALPLACEMENT(#21,#39);
#12161=IFCGRID('3fGyNvNDtpY5QAn5s6_ee8',#6,'Default Grid',$,$,#12160,#12159,(#11846,#11855,#11864,#11873,#11882,#11891,#11900,#11909,#11918,#11927,#11936,#11945,#11954,#11963,#11972,#11981,#11990,#11999,#12008,#12017,#12026),(#12035,#12044,#12053,#12062,#12071,#12080,#12089,#12098,#12107,#12116,#12125,#12134,#12143,#12152),$);
#12162=IFCPROPERTYSINGLEVALUE('Name',$,IFCLABEL('P1'),$);
#12163=IFCPROPERTYSET('1WYbX97VSD8CA2aNMA7uNJ',#6,'Pset_AirSideSystemInformation',$,(#12162));
#12164=IFCPROPERTYSINGLEVALUE('AboveGround',$,IFCLOGICAL(.U.),$);
#12165=IFCPROPERTYSET('2Y2$w597eytuPG98dNqKgq',#6,'Pset_BuildingStoreyCommon',$,(#12164));
#12166=IFCPROPERTYSINGLEVALUE('Name',$,IFCLABEL('P1'),$);
#12167=IFCPROPERTYSET('12aVhHq0oYN_R8MfgPdJgr',#6,'Pset_ProductRequirements',$,(#12166));
#12168=IFCRELDEFINESBYPROPERTIES('17txLZKEojc6ODU4ShCkYP',#6,$,$,(#25),#12163);
#12169=IFCRELDEFINESBYPROPERTIES('0tx_O3nqhzh2RGx7v_Zkw8',#6,$,$,(#25),#12165);
#12170=IFCRELDEFINESBYPROPERTIES('3FTvFIkzEWv5P_b2EkDv32',#6,$,$,(#25),#12167);
#12171=IFCRELCONTAINEDINSPATIALSTRUCTURE('3Aw$FV5MbAufEo59tkoNgA',#6,$,$,(#68,#109,#129,#149,#169,#189,#209,#229,#256,#276,#296,#316,#336,#356,#376,#396,#416,#436,#456,#476,#496,#516,#536,#556,#576,#596,#616,#636,#656,#676,#696,#716,#736,#756,#776,#796,#816,#836,#856,#876,#896,#916,#936,#956,#976,#996,#1016,#1036,#1056,#1076,#1096,#1116,#1136,#1156,#1176,#1196,#1216,#1236,#1256,#1276,#1296,#1316,#1336,#1356,#1376,#1396,#1416,#1436,#1456,#1476,#1496,#1516,#1536,#1556,#1576,#1596,#1616,#1636,#1656,#1676,#1713,#1740,#1756,#1770,#1784,#1798,#1812,#1826,#1840,#1854,#1868,#1882,#1896,#1910,#1924,#1938,#1952,#1966,#1980,#1994,#2019,#2035,#2049,#2063,#2077,#2091,#2105,#2119,#2133,#2147,#2161,#2175,#2189,#2214,#2230,#2255,#2282,#2298,#2312,#2326,#2351,#2367,#2381,#2405,#2421,#2435,#2449,#2463,#2477,#2502,#2528,#2554,#2570,#2584,#2598,#2612,#2626,#2640,#2654,#2668,#2682,#2696,#2710,#2724,#2738,#2752,#2766,#2780,#2794,#2808,#2822,#2836,#2850,#2864,#2878,#2892,#2906,#2920,#2934,#2948,#2962,#2976,#2990,#3015,#3031,#3045,#3059,#3073,#3087,#3101,#3115,#6051,#6082,#6159,#6181,#6204,#6230,#6253,#6276,#6299,#6328,#6351,#6374,#6397,#6420,#6443,#6466,#6489,#6512,#6535,#6558,#8966,#8989,#9012,#9039,#9071,#9094,#9181,#9774,#10544,#10559,#10885),#25);
#12172=IFCPROPERTYSINGLEVALUE('Name',$,IFCLABEL('P2'),$);
#12173=IFCPROPERTYSET('0rMYcjJAVWoDhEql9My77U',#6,'Pset_AirSideSystemInformation',$,(#12172));
#12174=IFCPROPERTYSET('151Ln0Fjb92Z3sCKU6wotL',#6,'Pset_BuildingStoreyCommon',$,(#12164));
#12175=IFCPROPERTYSINGLEVALUE('Name',$,IFCLABEL('P2'),$);
#12176=IFCPROPERTYSET('1kd_eMpxKgnE6MmUT$dj0R',#6,'Pset_ProductRequirements',$,(#12175));
#12177=IFCRELDEFINESBYPROPERTIES('0ODiAQX6_ZPmsEzhyUPavu',#6,$,$,(#29),#12173);
#12178=IFCRELDEFINESBYPROPERTIES('3iRLjTf7fAvUvgRj26q3nU',#6,$,$,(#29),#12174);
#12179=IFCRELDEFINESBYPROPERTIES('03PvYYiEHf8wBPx4TSkEU5',#6,$,$,(#29),#12176);
#12180=IFCRELCONTAINEDINSPATIALSTRUCTURE('3kSL0VGKv3gxJCujiqtuJj',#6,$,$,(#3144,#3177,#3203,#3225,#3247,#3270,#3292,#3314,#3336,#3358,#3380,#3402,#3424,#3446,#3468,#3490,#3512,#3534,#3556,#3578,#3600,#3626,#3652,#3675,#3698,#3724,#3747,#3770,#3793,#3816,#3839,#3862,#3885,#3908,#3931,#3954,#3977,#4000,#4022,#4044,#4067,#4089,#4111,#4133,#4155,#4177,#4199,#4221,#4243,#4265,#4288,#4310,#4332,#4354,#4387,#4435,#4461,#4476,#4490,#4504,#4518,#4532,#4546,#4560,#4574,#4588,#4602,#4616,#4630,#4644,#4658,#4672,#4686,#4700,#4714,#4739,#4754,#4768,#4782,#4796,#4810,#4835,#4861,#4887,#4902,#4916,#4941,#4956,#4970,#4984,#4998,#5012,#5026,#5040,#5054,#5068,#5082,#5096,#5110,#5124,#5138,#5152,#5177,#5192,#5206,#5220,#5234,#5248,#5262,#5276,#5290,#5304,#5318,#5332,#5346,#5371,#5386,#5400,#5414,#5439,#5454,#5468,#5493,#5509,#5523,#5537,#5551,#5565,#5579,#5593,#5607,#5621,#5635,#5660,#5675,#5689,#5703,#5717,#5731,#5745,#5759,#5773,#5972,#5986,#6000,#6014,#6028,#6607,#7070,#7093,#7115,#7138,#7183,#7209,#7232,#7254,#7276,#7556,#8242,#8256,#8292,#8306,#9113,#9127,#9141,#9502,#9525,#9548,#9571,#9594,#9655,#9788,#9825,#9949,#9972,#9995,#10017,#10040,#10172,#10188,#10202,#10216,#10230,#10244,#10258,#10272,#10286,#10300,#10314,#10328,#10342,#10356,#10370,#10384,#10398,#10412,#10426,#10440,#10454,#10468,#10482,#10496,#11204),#29);
#12181=IFCPROPERTYSINGLEVALUE('Name',$,IFCLABEL('P3'),$);
#12182=IFCPROPERTYSET('1M8heYQRXtWMNR6JUsgIeC',#6,'Pset_AirSideSystemInformation',$,(#12181));
#12183=IFCPROPERTYSET('3Hr87O2pjwEwkiQmsx0J_7',#6,'Pset_BuildingStoreyCommon',$,(#12164));
#12184=IFCPROPERTYSINGLEVALUE('Name',$,IFCLABEL('P3'),$);
#12185=IFCPROPERTYSET('2Vs4T86qpCKoCi2rawWQ7B',#6,'Pset_ProductRequirements',$,(#12184));
#12186=IFCRELDEFINESBYPROPERTIES('1aAJJ2oEJdYwt$JlXuYIdY',#6,$,$,(#33),#12182);
#12187=IFCRELDEFINESBYPROPERTIES('08mzof0xjwHWXEYFZB0Ms0',#6,$,$,(#33),#12183);
#12188=IFCRELDEFINESBYPROPERTIES('02AN8dYqDwp0RULDArkwfI',#6,$,$,(#33),#12185);
#12189=IFCRELCONTAINEDINSPATIALSTRUCTURE('3Jcm064Vn2iOWhSWxAdvQ5',#6,$,$,(#5795,#5818,#5841,#5864,#5887,#5913,#5935,#5957,#6581,#6629,#6651,#6673,#6695,#6717,#6739,#6761,#6783,#6805,#6827,#6849,#6871,#6893,#6915,#6937,#6959,#6981,#7003,#7026,#7048,#7302,#7594,#7609,#7623,#7637,#7651,#7665,#7679,#7693,#7707,#7721,#7735,#7749,#7763,#7777,#7791,#7816,#7831,#7845,#7859,#7873,#7887,#7901,#7915,#7929,#7943,#7957,#7971,#7985,#7999,#8036,#8380,#8934,#9255,#9312,#9670,#9684,#9721,#9735,#9810,#9839,#9853,#9890,#9904,#10102,#10137,#10518,#11523),#33);
#12190=IFCPROPERTYSINGLEVALUE('Name',$,IFCLABEL('Auditorium'),$);
#12191=IFCPROPERTYSET('3AusFsHm9cYvBeFgB2RolS',#6,'Pset_AirSideSystemInformation',$,(#12190));
#12192=IFCPROPERTYSET('3bTAbk2zOmk4$YneBvkhw_',#6,'Pset_BuildingStoreyCommon',$,(#12164));
#12193=IFCPROPERTYSINGLEVALUE('Name',$,IFCLABEL('Auditorium'),$);
#12194=IFCPROPERTYSET('1mmXJrOIe2rG9MpdqX1e$s',#6,'Pset_ProductRequirements',$,(#12193));
#12195=IFCRELDEFINESBYPROPERTIES('1gFefPayGHifYqzhFFZ6wx',#6,$,$,(#37),#12191);
#12196=IFCRELDEFINESBYPROPERTIES('1UJUGit$eTNLSki92$iesM',#6,$,$,(#37),#12192);
#12197=IFCRELDEFINESBYPROPERTIES('36DAgVANg3fNUqj18i2rzU',#6,$,$,(#37),#12194);
#12198=IFCRELCONTAINEDINSPATIALSTRUCTURE('0D$ytGqYXFjuMNotaCwx7r',#6,$,$,(#7160,#7328,#7354,#7376,#7398,#7420,#7442,#7465,#7487,#7509,#7533,#8278,#8328,#8353,#9270,#9284,#9298,#9326,#9340,#9354,#9368,#9382,#9396,#9410,#9424,#9438,#9452,#9466,#9480,#9623,#11842),#37);
#12199=IFCPROPERTYSINGLEVALUE('Name',$,IFCLABEL('Roof'),$);
#12200=IFCPROPERTYSET('08nSSVsISe6utcjCMOotbc',#6,'Pset_AirSideSystemInformation',$,(#12199));
#12201=IFCPROPERTYSET('0TXarn8GHuIkUhZOSKbc2P',#6,'Pset_BuildingStoreyCommon',$,(#12164));
#12202=IFCPROPERTYSINGLEVALUE('Name',$,IFCLABEL('Roof'),$);
#12203=IFCPROPERTYSET('1yqTB8b15H4c9qhbP9rnIF',#6,'Pset_ProductRequirements',$,(#12202));
#12204=IFCRELDEFINESBYPROPERTIES('2uAp$3MyJEZTKaG$k1B45q',#6,$,$,(#41),#12200);
#12205=IFCRELDEFINESBYPROPERTIES('0l3WgiuB9d84HtWohRTs$C',#6,$,$,(#41),#12201);
#12206=IFCRELDEFINESBYPROPERTIES('2nu58z4rxWHw_fhAHhjDwo',#6,$,$,(#41),#12203);
#12207=IFCRELCONTAINEDINSPATIALSTRUCTURE('0LIBF5WAf0aut2ABj1cY8c',#6,$,$,(#8087,#8112,#8136,#8159,#8182,#8205,#8228,#8405,#8430,#8455,#8480,#8505,#8530,#8555,#8580,#8605,#8630,#8655,#8680,#8705,#8730,#8755,#8780,#8805,#8830,#8855,#8880,#8905,#9707,#9758,#9876,#9927,#10074,#12161),#41);
#12208=IFCRELAGGREGATES('1CSXO3Y2OdkY_w1Y_PUUC8',#6,$,$,#18,(#44));
#12209=IFCRELAGGREGATES('2dGYp3KKCXcFnmbKFLgjc4',#6,$,$,#44,(#22));
#12210=IFCRELAGGREGATES('0bEVwXRmbBleAvzFSJirAn',#6,$,$,#22,(#25,#29,#33,#37,#41));
#12211=IFCPROPERTYSINGLEVALUE('NumberOfStoreys',$,IFCINTEGER(5),$);
#12212=IFCPROPERTYSINGLEVALUE('IsLandmarked',$,IFCLOGICAL(.U.),$);
#12213=IFCPROPERTYSET('2fRYFSMkAVH8y9Al5k6NJR',#6,'Pset_BuildingCommon',$,(#12211,#12212));
#12214=IFCRELDEFINESBYPROPERTIES('1ZFSi1ZB3I46_zv2K4RQKi',#6,$,$,(#22),#12213);
#12215=IFCRELASSOCIATESMATERIAL('1OviP8YcDF2WREkXaargCo',#6,$,$,(#68),#77);
#12216=IFCRELASSOCIATESMATERIAL('06MAFu1G6RY3t2xi1tnKdr',#6,$,$,(#109),#110);
#12217=IFCRELASSOCIATESMATERIAL('2pYlvvN$Dgwtm4ejkCPw9z',#6,$,$,(#129),#130);
#12218=IFCRELASSOCIATESMATERIAL('31qsFq8Taqh8MpFv8DmfQC',#6,$,$,(#149),#150);
#12219=IFCRELASSOCIATESMATERIAL('1JEpnh0eurHIDveej0BQ_2',#6,$,$,(#169),#170);
#12220=IFCRELASSOCIATESMATERIAL('3UlWt_V3QTune$zg2RIG2n',#6,$,$,(#189),#190);
#12221=IFCRELASSOCIATESMATERIAL('3is3y1wIXd8Zl5aOUy7ICW',#6,$,$,(#209),#210);
#12222=IFCRELASSOCIATESMATERIAL('1Jp6CY2B2D4z78pNna$3xK',#6,$,$,(#229),#230);
#12223=IFCRELASSOCIATESMATERIAL('0CdMrPWn1gDsqfCMWyUWWR',#6,$,$,(#256),#257);
#12224=IFCRELASSOCIATESMATERIAL('1mxRvDaLxMSDYdZJfvcNxX',#6,$,$,(#276),#277);
#12225=IFCRELASSOCIATESMATERIAL('2ki0Rm7eJq1X6lLzAYapX2',#6,$,$,(#296),#297);
#12226=IFCRELASSOCIATESMATERIAL('3z0jTzn1CzZkfIrvWlFpPw',#6,$,$,(#316),#317);
#12227=IFCRELASSOCIATESMATERIAL('2LUHnQyhutzj_dSAixJy5J',#6,$,$,(#336),#337);
#12228=IFCRELASSOCIATESMATERIAL('2E0YpKEpdabZ4R2ZM7fi4x',#6,$,$,(#356),#357);
#12229=IFCRELASSOCIATESMATERIAL('3BOmLmQDbsjvPBdX9kbtJT',#6,$,$,(#376),#377);
#12230=IFCRELASSOCIATESMATERIAL('33sQnqG7Ecn7tp3WzX4N$E',#6,$,$,(#396),#397);
#12231=IFCRELASSOCIATESMATERIAL('2D_6WYOx92$p5wt30ghBgl',#6,$,$,(#416),#417);
#12232=IFCRELASSOCIATESMATERIAL('2lKvBeFF$BDh69h$2Voh__',#6,$,$,(#436),#437);
#12233=IFCRELASSOCIATESMATERIAL('1iUMn8DqonkvYOyrfudX4f',#6,$,$,(#456),#457);
#12234=IFCRELASSOCIATESMATERIAL('3ykQFZWAbk$t2JDyY8qvEG',#6,$,$,(#476),#477);
#12235=IFCRELASSOCIATESMATERIAL('2vprE3iMjYSl79rhc3RodD',#6,$,$,(#496),#497);
#12236=IFCRELASSOCIATESMATERIAL('1kDyxHdfM163fi2CX$C5Hz',#6,$,$,(#516),#517);
#12237=IFCRELASSOCIATESMATERIAL('0$cv$1qGMP4ENwmuczOdHm',#6,$,$,(#536),#537);
#12238=IFCRELASSOCIATESMATERIAL('38qz$Las$evFoZUvF2XC$s',#6,$,$,(#556),#557);
#12239=IFCRELASSOCIATESMATERIAL('2N7phc2or6e67n7y5ZGh9R',#6,$,$,(#576),#577);
#12240=IFCRELASSOCIATESMATERIAL('0u9cpAtjdrnAEFLl1cGzTI',#6,$,$,(#596),#597);
#12241=IFCRELASSOCIATESMATERIAL('0SahdP8LNIx24YffmwSdAq',#6,$,$,(#616),#617);
#12242=IFCRELASSOCIATESMATERIAL('0pOIARtSyWM0qK3ExLouO4',#6,$,$,(#636),#637);
#12243=IFCRELASSOCIATESMATERIAL('3pVCTn9dcY0RFeegskeptu',#6,$,$,(#656),#657);
#12244=IFCRELASSOCIATESMATERIAL('3x$Fn3PBrmOYKu8owBaG06',#6,$,$,(#676),#677);
#12245=IFCRELASSOCIATESMATERIAL('3zh4FT7RalOQw2C4dBcwYl',#6,$,$,(#696),#697);
#12246=IFCRELASSOCIATESMATERIAL('0ADXTAz3IZyMKmNoj4n1wV',#6,$,$,(#716),#717);
#12247=IFCRELASSOCIATESMATERIAL('3F7t2OvOIpIIXHiAaeWrv5',#6,$,$,(#736),#737);
#12248=IFCRELASSOCIATESMATERIAL('1GjEE4Z4RhSEp3J7VnEckT',#6,$,$,(#756),#757);
#12249=IFCRELASSOCIATESMATERIAL('2gItpQ$RrUV_IN57nAN5p1',#6,$,$,(#776),#777);
#12250=IFCRELASSOCIATESMATERIAL('0d531zz$bO7oBXyKDNMHmD',#6,$,$,(#796),#797);
#12251=IFCRELASSOCIATESMATERIAL('32Hyaghl8EEupro076phII',#6,$,$,(#816),#817);
#12252=IFCRELASSOCIATESMATERIAL('1R5GiY08EASxqNuEtje1AL',#6,$,$,(#836),#837);
#12253=IFCRELASSOCIATESMATERIAL('2TKEFR0JVbrbpVdNrzNzUa',#6,$,$,(#856),#857);
#12254=IFCRELASSOCIATESMATERIAL('0xab3IZF7yu2WFePBzoj4j',#6,$,$,(#876),#877);
#12255=IFCRELASSOCIATESMATERIAL('3Wu2xTGfAe1T_IkzvsTtFY',#6,$,$,(#896),#897);
#12256=IFCRELASSOCIATESMATERIAL('152St5i8Iy95BKLGGjNYI3',#6,$,$,(#916),#917);
#12257=IFCRELASSOCIATESMATERIAL('2t3Or5CiiJnsW4dUDKCilS',#6,$,$,(#936),#937);
#12258=IFCRELASSOCIATESMATERIAL('2o43eowwvq5f2V_31BMOhc',#6,$,$,(#956),#957);
#12259=IFCRELASSOCIATESMATERIAL('0BIXZn6JU5SA5T$EafyNEJ',#6,$,$,(#976),#977);
#12260=IFCRELASSOCIATESMATERIAL('2ROvOsYOQo6negJxhw0tCw',#6,$,$,(#996),#997);
#12261=IFCRELASSOCIATESMATERIAL('2lJlsn25fm7gysof66cdjz',#6,$,$,(#1016),#1017);
#12262=IFCRELASSOCIATESMATERIAL('3xuRgWMwMwuUwZofcR850s',#6,$,$,(#1036),#1037);
#12263=IFCRELASSOCIATESMATERIAL('3w23_9onBHvmUrnyO25Vkr',#6,$,$,(#1056),#1057);
#12264=IFCRELASSOCIATESMATERIAL('2blcD7C7_8GpvqSfZJVmom',#6,$,$,(#1076),#1077);
#12265=IFCRELASSOCIATESMATERIAL('2V$qktYYyYGU9TAblTZJEZ',#6,$,$,(#1096),#1097);
#12266=IFCRELASSOCIATESMATERIAL('2qjaSU7a2iETPwifVOG1hS',#6,$,$,(#1116),#1117);
#12267=IFCRELASSOCIATESMATERIAL('0n0jV2SWE6R3krtFuAhkh$',#6,$,$,(#1136),#1137);
#12268=IFCRELASSOCIATESMATERIAL('0d1pGS24yS6eiU2l1JbUVs',#6,$,$,(#1156),#1157);
#12269=IFCRELASSOCIATESMATERIAL('0mSawIIr4XirbSUmK4_0vl',#6,$,$,(#1176),#1177);
#12270=IFCRELASSOCIATESMATERIAL('3pz1J61ou8r2UTSNYq5qzf',#6,$,$,(#1196),#1197);
#12271=IFCRELASSOCIATESMATERIAL('0P3DUlvM7pm167CS8bxmHv',#6,$,$,(#1216),#1217);
#12272=IFCRELASSOCIATESMATERIAL('3uWP$oBHJX2rKv$z3wAHGj',#6,$,$,(#1236),#1237);
#12273=IFCRELASSOCIATESMATERIAL('0jNZYtU2lCOBXzXPMFq_S5',#6,$,$,(#1256),#1257);
#12274=IFCRELASSOCIATESMATERIAL('2X4eo$44vmT0DqfS_JWWRy',#6,$,$,(#1276),#1277);
#12275=IFCRELASSOCIATESMATERIAL('0gPJcHvMe$Wyz5cjf$3nSM',#6,$,$,(#1296),#1297);
#12276=IFCRELASSOCIATESMATERIAL('1eNPCxgsrjnTjLhNdgTZmH',#6,$,$,(#1316),#1317);
#12277=IFCRELASSOCIATESMATERIAL('3G6cwdDoct1pTOhq2E5Vhq',#6,$,$,(#1336),#1337);
#12278=IFCRELASSOCIATESMATERIAL('3BTQmeWRuzuZ07Ff7ahAP5',#6,$,$,(#1356),#1357);
#12279=IFCRELASSOCIATESMATERIAL('2V0gEq$8tWMBZdTh02W61d',#6,$,$,(#1376),#1377);
#12280=IFCRELASSOCIATESMATERIAL('2f4QL83dBoSgJckjlCNsqs',#6,$,$,(#1396),#1397);
#12281=IFCRELASSOCIATESMATERIAL('0cdJzOav38yhJyb4Owl$is',#6,$,$,(#1416),#1417);
#12282=IFCRELASSOCIATESMATERIAL('3xWl8wv10rTnUJwoXLQTse',#6,$,$,(#1436),#1437);
#12283=IFCRELASSOCIATESMATERIAL('1aHYBLxuvTXO1C3GtLgIaP',#6,$,$,(#1456),#1457);
#12284=IFCRELASSOCIATESMATERIAL('0XcW3lVUUcBLUvwAqaOM1L',#6,$,$,(#1476),#1477);
#12285=IFCRELASSOCIATESMATERIAL('0EUVJZXcEgd4Av1CuHKPxV',#6,$,$,(#1496),#1497);
#12286=IFCRELASSOCIATESMATERIAL('229elBYpu7jvToGvGRcvAh',#6,$,$,(#1516),#1517);
#12287=IFCRELASSOCIATESMATERIAL('1d_bgZ1d2M9YB103vxW7xj',#6,$,$,(#1536),#1537);
#12288=IFCRELASSOCIATESMATERIAL('2zDM1Cos2uuI8lXS$NLhch',#6,$,$,(#1556),#1557);
#12289=IFCRELASSOCIATESMATERIAL('1ZytaZLYx91s_xRbNANF01',#6,$,$,(#1576),#1577);
#12290=IFCRELASSOCIATESMATERIAL('3Eyn35Zn20EqbOVfBoozfn',#6,$,$,(#1596),#1597);
#12291=IFCRELASSOCIATESMATERIAL('3GSVqnbP9wi1BgsvC8RRpY',#6,$,$,(#1616),#1617);
#12292=IFCRELASSOCIATESMATERIAL('1DjoHwJ39a8sn26IXDJ$o1',#6,$,$,(#1636),#1637);
#12293=IFCRELASSOCIATESMATERIAL('24wOdURPQe0ucf61Kdc94_',#6,$,$,(#1656),#1657);
#12294=IFCRELASSOCIATESMATERIAL('3SnLAzgMJ5REVyNBMjFdC8',#6,$,$,(#1676),#1677);
#12295=IFCRELASSOCIATESMATERIAL('1vQza5I7O0VtytavaJhlSw',#6,$,$,(#4387),#4402);
#12296=IFCRELASSOCIATESMATERIAL('3szdS9cyF5zMEsKZOyg5QN',#6,$,$,(#6051),#6054);
#12297=IFCRELASSOCIATESMATERIAL('2hoR7ZNlTBjiOdsW_p3HlQ',#6,$,$,(#6082),#6083);
#12298=IFCRELASSOCIATESMATERIAL('2Lb8ZJc$uX8IesAJf0BcX7',#6,$,$,(#6181),#6182);
#12299=IFCRELASSOCIATESMATERIAL('3htgRDM8qONvW1k3Zfucy5',#6,$,$,(#6204),#6207);
#12300=IFCRELASSOCIATESMATERIAL('0UVej_eOoeJOJ60IhMppZC',#6,$,$,(#6230),#6231);
#12301=IFCRELASSOCIATESMATERIAL('0lUJlqwd6_3eUY_BBkSc1U',#6,$,$,(#6253),#6254);
#12302=IFCRELASSOCIATESMATERIAL('3fLwq27ql6OLfgef1l19fa',#6,$,$,(#6276),#6277);
#12303=IFCRELASSOCIATESMATERIAL('0UDuRLPJ8gvqqHgANJssq9',#6,$,$,(#6299),#6302);
#12304=IFCRELASSOCIATESMATERIAL('05KxXQgVg1VHv56C7Vlfi$',#6,$,$,(#6328),#6329);
#12305=IFCRELASSOCIATESMATERIAL('0CV$dDssJihjjp3bBHTC0i',#6,$,$,(#6351),#6352);
#12306=IFCRELASSOCIATESMATERIAL('0LAFyeNSeh40laBIUCbWfS',#6,$,$,(#6374),#6375);
#12307=IFCRELASSOCIATESMATERIAL('0FtKiy9r$uZYlvmIwaSznZ',#6,$,$,(#6397),#6398);
#12308=IFCRELASSOCIATESMATERIAL('2NZFH_0gv_WluOPElOSoiz',#6,$,$,(#6420),#6421);
#12309=IFCRELASSOCIATESMATERIAL('24CFV75u96QjLRN04uc$pl',#6,$,$,(#6443),#6444);
#12310=IFCRELASSOCIATESMATERIAL('2cwlP5vlksvyZ3UuZqdn5P',#6,$,$,(#6466),#6467);
#12311=IFCRELASSOCIATESMATERIAL('3Kl4d$YfNOdMh52CiztzbR',#6,$,$,(#6489),#6490);
#12312=IFCRELASSOCIATESMATERIAL('0YjwOmFrUJE6ogru$gEiB2',#6,$,$,(#6512),#6513);
#12313=IFCRELASSOCIATESMATERIAL('1E8vBf01oBczVbBTF4OI4j',#6,$,$,(#6535),#6536);
#12314=IFCRELASSOCIATESMATERIAL('3$QzVmrPxieu4_QbPph75j',#6,$,$,(#6558),#6559);
#12315=IFCRELASSOCIATESMATERIAL('2d2zA3PrT4b1nQLANdNsUo',#6,$,$,(#8036),#8057);
#12316=IFCRELASSOCIATESMATERIAL('3755ayUPv0c6jRfHCQQd89',#6,$,$,(#8966),#8967);
#12317=IFCRELASSOCIATESMATERIAL('07hTknlJlH14GlihSjx2ZJ',#6,$,$,(#8989),#8990);
#12318=IFCRELASSOCIATESMATERIAL('1$Au7a8vxoO921_f4LjDqA',#6,$,$,(#9012),#9013);
#12319=IFCRELASSOCIATESMATERIAL('3qZz15YsfiBFA1riORx7gF',#6,$,$,(#9039),#9047);
#12320=IFCRELASSOCIATESMATERIAL('12t8K88YnL3Uz4YAQDqGCL',#6,$,$,(#9071),#9072);
#12321=IFCRELASSOCIATESMATERIAL('3YOES7kc6OCmNW$trIcJDH',#6,$,$,(#9094),#9097);
#12322=IFCRELASSOCIATESMATERIAL('0A9n6EdiVjU8St00MdZmSl',#6,$,$,(#9181),#9218);
#12323=IFCRELASSOCIATESMATERIAL('2co1lzTkU8TvMJUW1l1Q3y',#6,$,$,(#9502),#9503);
#12324=IFCRELASSOCIATESMATERIAL('0$76$iNCyVhEroJK1g1HRb',#6,$,$,(#9525),#9526);
#12325=IFCRELASSOCIATESMATERIAL('0sWQ4MJdPwUC0nb7yYlO54',#6,$,$,(#9548),#9549);
#12326=IFCRELASSOCIATESMATERIAL('1WNnhNISq8hIHIJsq8mle6',#6,$,$,(#9571),#9572);
#12327=IFCRELASSOCIATESMATERIAL('0DnRSlTr7Dx6i7ZoddCX32',#6,$,$,(#9594),#9595);
#12328=IFCRELASSOCIATESMATERIAL('18NxC53kmL3Z_EcaCjise$',#6,$,$,(#9655),#9656);
#12329=IFCRELASSOCIATESMATERIAL('0w7b0dJ7pcPbcZG2lH4VWl',#6,$,$,(#10102),#10106);
#12330=IFCRELASSOCIATESMATERIAL('3W9nOIdhwW5GChMYjBED60',#6,$,$,(#69),#76);
#12331=IFCRELASSOCIATESMATERIAL('0ENQjNxHbnEhUAT2BoRH7p',#6,$,$,(#1700,#1713,#1733,#1740,#1756,#1770,#1784,#1798,#1812,#1826,#1840,#1854,#1868,#1882,#1896,#1910,#1924,#1938,#1952,#1966,#1980,#1994,#2012,#2019,#2035,#2049,#2063,#2077,#2091,#2105,#2119,#2133,#2147,#2161,#2175,#2189,#2207,#2214,#2230,#2248,#2255,#2275,#2282,#2298,#2312,#2326,#2344,#2351,#2367,#2381,#2398,#2405,#2421,#2435,#2449,#2463,#2477,#2495,#2502,#2521,#2528,#2547,#2554,#2570,#2584,#2598,#2612,#2626,#2640,#2654,#2668,#2682,#2696,#2710,#2724,#2738,#2752,#2766,#2780,#2794,#2808,#2822,#2836,#2850,#2864,#2878,#2892,#2906,#2920,#2934,#2948,#2962,#2976,#2990,#3008,#3015,#3031,#3045,#3059,#3073,#3087,#3101,#3115,#4428,#4435,#4454,#4461,#4476,#4490,#4504,#4518,#4532,#4546,#4560,#4574,#4588,#4602,#4616,#4630,#4644,#4658,#4672,#4686,#4700,#4714,#4732,#4739,#4754,#4768,#4782,#4796,#4810,#4828,#4835,#4854,#4861,#4880,#4887,#4902,#4916,#4934,#4941,#4956,#4970,#4984,#4998,#5012,#5026,#5040,#5054,#5068,#5082,#5096,#5110,#5124,#5138,#5152,#5170,#5177,#5192,#5206,#5220,#5234,#5248,#5262,#5276,#5290,#5304,#5318,#5332,#5346,#5364,#5371,#5386,#5400,#5414,#5432,#5439,#5454,#5468,#5486,#5493,#5509,#5523,#5537,#5551,#5565,#5579,#5593,#5607,#5621,#5635,#5653,#5660,#5675,#5689,#5703,#5717,#5731,#5745,#5759,#5773,#5972,#5986,#6000,#6014,#6028,#8242,#8256,#8292,#8306,#8373,#8380,#9113,#9127,#9141,#9774,#9788,#9825,#10165,#10172,#10188,#10202,#10216,#10230,#10244,#10258,#10272,#10286,#10300,#10314,#10328,#10342,#10356,#10370,#10384,#10398,#10412,#10426,#10440,#10454,#10468,#10482,#10496,#10537,#10544,#10559),#1701);
#12332=IFCRELASSOCIATESMATERIAL('06G6JaNqeuKBOI3lTOenaS',#6,$,$,(#3144,#3747,#3770,#3793,#3816,#3839,#3862,#3885,#3908,#3931,#3954,#3977,#4000),#3146);
#12333=IFCRELASSOCIATESMATERIAL('25SzNsDpVgLEkj$VxtX41H',#6,$,$,(#4399),#4401);
#12334=IFCRELASSOCIATESMATERIAL('2x6KtDrjZTo8jiuqtxP8tv',#6,$,$,(#6055),#6053);
#12335=IFCRELASSOCIATESMATERIAL('2gztB5cdTEvYSaoi76kE6z',#6,$,$,(#6208),#6206);
#12336=IFCRELASSOCIATESMATERIAL('0GF7OhF09SVlarJYGH53Y$',#6,$,$,(#6303),#6301);
#12337=IFCRELASSOCIATESMATERIAL('13qk86hQkMu346PsKKgz10',#6,$,$,(#7582,#7594,#7609,#7623,#7637,#7651,#7665,#7679,#7693,#7707,#7721,#7735,#7749,#7763,#7777,#7791,#7809,#7816,#7831,#7845,#7859,#7873,#7887,#7901,#7915,#7929,#7943,#7957,#7971,#7985,#7999,#8087,#8112,#8136,#8159,#8182,#8205,#8228,#8346,#8353,#8405,#8430,#8455,#8480,#8505,#8530,#8555,#8580,#8605,#8630,#8655,#8680,#8705,#8730,#8755,#8780,#8805,#8830,#8855,#8880,#8905,#9270,#9284,#9298,#9312,#9326,#9340,#9354,#9368,#9382,#9396,#9410,#9424,#9438,#9452,#9466,#9480,#9670,#9684,#9707,#9721,#9735,#9758,#9839,#9853,#9876,#9890,#9904,#9927),#7583);
#12338=IFCRELASSOCIATESMATERIAL('3d8L_lgL3PJ2VPE09kIIrB',#6,$,$,(#8049),#8056);
#12339=IFCRELASSOCIATESMATERIAL('37wGNUDWl$54p5284QwhJr',#6,$,$,(#8930,#8934),#8933);
#12340=IFCRELASSOCIATESMATERIAL('1ZxceeGLZ5sUssa0WNIYeT',#6,$,$,(#9048),#9046);
#12341=IFCRELASSOCIATESMATERIAL('19aEyA8MX7h_Ge6hdQ5K2f',#6,$,$,(#9098),#9096);
#12342=IFCRELASSOCIATESMATERIAL('20jEvYBlQWYWLEefL$QZ9N',#6,$,$,(#9215),#9217);
#12343=IFCRELASSOCIATESMATERIAL('01XSOBMM9cx2IRYNLkwRQf',#6,$,$,(#9619,#9623),#9622);
#12344=IFCRELASSOCIATESMATERIAL('3PQDEv02WpD$pjRhJ1QgwE',#6,$,$,(#10070,#10074),#10073);
#12345=IFCRELASSOCIATESMATERIAL('2ICyPqlarlXXf7zJCX2iHi',#6,$,$,(#10103),#10105);
#12346=IFCRELASSOCIATESMATERIAL('1DUgtCtaOtJjtVnSiw2jLa',#6,$,$,(#10133,#10137),#10136);
#12347=IFCRELDEFINESBYTYPE('16LMKJOzKmaOeGb9lg$w51',#6,$,$,(#68,#109,#129,#149,#169,#189,#209,#229,#256,#276,#296,#316,#336,#356,#376,#396,#416,#436,#456,#476,#496,#516,#536,#556,#576,#596,#616,#636,#656,#676,#696,#716,#736,#756,#776,#796,#816,#836,#856,#876,#896,#916,#936,#956,#976,#996,#1016,#1036,#1056,#1076,#1096,#1116,#1136,#1156,#1176,#1196,#1216,#1236,#1256,#1276,#1296,#1316,#1336,#1356,#1376,#1396,#1416,#1436,#1456,#1476,#1496,#1516,#1536,#1556,#1576,#1596,#1616,#1636,#1656,#1676,#6230),#69);
#12348=IFCRELDEFINESBYTYPE('2WdRxcvHHRN00$fMF9O3zU',#6,$,$,(#1713,#1994),#1700);
#12349=IFCRELDEFINESBYTYPE('1ubzjgO9sBH2CkHFDUcRqB',#6,$,$,(#1740,#1756,#1770,#1784,#1798,#1812,#1826,#1840,#1854,#1868,#1882,#1896,#1910,#1924,#1938,#1952,#1966,#1980,#3059),#1733);
#12350=IFCRELDEFINESBYTYPE('3gsylsgLvuLr4ngLW7V2rU',#6,$,$,(#2019,#2035,#2049,#2063,#2077,#2091,#2105,#2119,#2133,#2147,#2161,#2175,#2189),#2012);
#12351=IFCRELDEFINESBYTYPE('3zj5KhL4Us4t5d0ucFZQ45',#6,$,$,(#2214,#2230),#2207);
#12352=IFCRELDEFINESBYTYPE('2RDSkzhln_ZerhA2t6PYaJ',#6,$,$,(#2255,#2298,#3115),#2248);
#12353=IFCRELDEFINESBYTYPE('2lWp3t10n0SPR9likv4Hf7',#6,$,$,(#2282,#2312,#2326),#2275);
#12354=IFCRELDEFINESBYTYPE('0UBzjTDbIH$31c0S9W0Sbl',#6,$,$,(#2351,#2367,#2381,#2421,#2435,#2449,#2463,#2477,#2836,#2850,#2864,#2878,#2892,#2906,#2920,#2934,#2948,#2962,#2976,#2990,#3101,#9774),#2344);
#12355=IFCRELDEFINESBYTYPE('3JHwqMapwsnNto0qLCau9D',#6,$,$,(#2405),#2398);
#12356=IFCRELDEFINESBYTYPE('1vrTKOubJz7Rojagmut0oJ',#6,$,$,(#2502),#2495);
#12357=IFCRELDEFINESBYTYPE('0seshg7bALYaqVOPpdywWH',#6,$,$,(#2528,#2822,#3073),#2521);
#12358=IFCRELDEFINESBYTYPE('3Bn6ktyBrItD9ARbrD$4gd',#6,$,$,(#2554,#2570,#2584,#2598,#2612,#2626,#2640,#2654,#2668,#2682,#2696,#2710,#2724,#2738,#2752,#2766,#2780,#2794,#2808),#2547);
#12359=IFCRELDEFINESBYTYPE('048M3KnQgL7wH0A_OBrg24',#6,$,$,(#3015,#3031,#3045,#3087),#3008);
#12360=IFCRELDEFINESBYTYPE('2eUEXJG1DppV_KC3uByGeO',#6,$,$,(#3144,#3747,#3770,#3793,#3816,#3839,#3862,#3885,#3908,#3931,#3954,#3977,#4000),#3145);
#12361=IFCRELDEFINESBYTYPE('3LmtULqW7WZMhAfmIGIItp',#6,$,$,(#3177,#3203,#3225,#3247,#3270,#3292,#3314,#3336,#3358,#3380,#3402,#3424,#3446,#3468,#3490,#3512,#3534,#3556,#3578,#5795,#5818,#5841,#5864,#5913,#5935,#5957,#9810),#3178);
#12362=IFCRELDEFINESBYTYPE('1ksdk93sje5283l1Rin8Gd',#6,$,$,(#3600,#4022,#4044,#4067,#4089,#4111,#4133,#4155,#4177,#4199,#4221,#4243,#4265,#4288,#4310,#4332,#4354,#6607),#3601);
#12363=IFCRELDEFINESBYTYPE('230aZEVDwGdpwFr$tppVZn',#6,$,$,(#3626,#3652,#3675,#7070,#7093,#7115,#7138,#7160),#3627);
#12364=IFCRELDEFINESBYTYPE('1H1daACKlVJNo5VFKeW247',#6,$,$,(#3698,#3724,#9972,#9995,#10040),#3699);
#12365=IFCRELDEFINESBYTYPE('1HpLK5$Df2bTlX0HuVaxMi',#6,$,$,(#4387),#4399);
#12366=IFCRELDEFINESBYTYPE('3ZeLC$S8hAVUqLEcbh717P',#6,$,$,(#4435,#4476,#4490,#4504,#4518,#4532,#4546,#4560,#4574,#4588,#4602,#4616,#4630,#4644,#4658,#4672,#4686,#4700,#4714,#5414),#4428);
#12367=IFCRELDEFINESBYTYPE('3goM87vybe6OwN9uPRkJcu',#6,$,$,(#4461),#4454);
#12368=IFCRELDEFINESBYTYPE('10b51X6ovHD0foUkOFNade',#6,$,$,(#4739,#4754,#4768,#4782,#4796,#4810,#5468,#5972,#5986,#6000,#6014,#6028,#9113,#9127,#9141,#9788,#9825),#4732);
#12369=IFCRELDEFINESBYTYPE('1VYX72oMcf0BWu5sa_TXSr',#6,$,$,(#4835,#5192,#5206,#5220,#5234,#5248,#5262,#5276,#5290,#5304,#5318,#5332,#5346),#4828);
#12370=IFCRELDEFINESBYTYPE('3I$QEPw1Fkhr_PxNK_nYi2',#6,$,$,(#4861),#4854);
#12371=IFCRELDEFINESBYTYPE('3D$2xxawHzEeqlD$$s6MZW',#6,$,$,(#4887,#4902,#4916),#4880);
#12372=IFCRELDEFINESBYTYPE('09Hd07XI7hED2BLQEBjUst',#6,$,$,(#4941,#4956,#4970,#4984,#4998,#5012,#5026,#5040,#5054,#5068,#5082,#5096,#5110,#5124,#5138,#5152),#4934);
#12373=IFCRELDEFINESBYTYPE('3b1t4xhU8dvzonV_Amye5Q',#6,$,$,(#5177),#5170);
#12374=IFCRELDEFINESBYTYPE('3hxsFFNr2EBxlW_xGIOSkg',#6,$,$,(#5371,#5386,#5400,#5454),#5364);
#12375=IFCRELDEFINESBYTYPE('3Zh0HTxn3EaSWY9lkjdFpI',#6,$,$,(#5439),#5432);
#12376=IFCRELDEFINESBYTYPE('0rZ1eJmyucKRngqeTLZHzk',#6,$,$,(#5493,#5509,#5523,#5537,#5551,#5565,#5579,#5593,#5607,#5621,#5635,#5675,#5689,#5703,#5717,#5731,#5745,#5759,#5773,#8242,#8256,#8292,#8306),#5486);
#12377=IFCRELDEFINESBYTYPE('0Jl5Ac5psskKRmXh5idWmY',#6,$,$,(#5660),#5653);
#12378=IFCRELDEFINESBYTYPE('2LmgH4DEypka$YzJfyxHm0',#6,$,$,(#5887,#9255,#10518),#5888);
#12379=IFCRELDEFINESBYTYPE('0UxHX6v26WQFotBexg1IqM',#6,$,$,(#6051,#6082,#6159,#6181,#6253,#6276,#6489,#6512,#6535,#6558,#8966,#8989,#9012,#9071,#9655),#6055);
#12380=IFCRELDEFINESBYTYPE('2NKnIDR3UvwaIRXbdxifuI',#6,$,$,(#6204),#6208);
#12381=IFCRELDEFINESBYTYPE('2Kcf8OdkS47xrGgQFSAW7K',#6,$,$,(#6299,#6328,#6351,#6374,#6397,#6420,#6443,#6466,#9502,#9525,#9548,#9571,#9594),#6303);
#12382=IFCRELDEFINESBYTYPE('1xjGBxrdLhIZDbKgE29trr',#6,$,$,(#6581,#6629,#6651,#6673,#6695,#6717,#6739,#6761,#6783,#6805,#6827,#6849,#6871,#6893,#6915,#6937,#6959,#6981,#7003,#7026,#7048),#6582);
#12383=IFCRELDEFINESBYTYPE('0anHmR76WpzpcKWkZwClgu',#6,$,$,(#7183,#7209,#7232,#7254),#7184);
#12384=IFCRELDEFINESBYTYPE('0WB6pibTHm_YPH8010cTI9',#6,$,$,(#7276,#9949,#10017),#7277);
#12385=IFCRELDEFINESBYTYPE('1FU6eNMx0qgjR4nyhczyDQ',#6,$,$,(#7302),#7303);
#12386=IFCRELDEFINESBYTYPE('3DkygR1Fh4lbFwR1oByM_9',#6,$,$,(#7328,#7354,#7376,#7398,#7420,#7442,#7465,#7487,#7509,#7533,#8278,#8328),#7329);
#12387=IFCRELDEFINESBYTYPE('21IcsxEJGPRFmZW1yAbq_N',#6,$,$,(#7556),#7557);
#12388=IFCRELDEFINESBYTYPE('0RsVpBpJPmvexE8QxvrfuA',#6,$,$,(#7594,#7609,#7623,#7637,#7651,#7665,#7679,#7693,#7707,#7721,#7735,#7749,#7763,#7777,#7791,#7929,#9312),#7582);
#12389=IFCRELDEFINESBYTYPE('23aOTRkVje0VbvbOPg1w58',#6,$,$,(#7816,#7831,#7845,#7859,#7873,#7887,#7901,#7915,#7943,#7957,#7971,#7985,#7999,#9670,#9684,#9721,#9735,#9839,#9853,#9890,#9904),#7809);
#12390=IFCRELDEFINESBYTYPE('03x3jMJmmSYaNgZcBuOn$w',#6,$,$,(#8036),#8049);
#12391=IFCRELDEFINESBYTYPE('1NUOUytHgyJWVW4Wjn3vYq',#6,$,$,(#8087,#8112,#8136,#8159,#8182,#8205,#8228,#8405,#8430,#8455,#8480,#8505,#8530,#8555,#8580,#8605,#8630,#8655,#8680,#8705,#8730,#8755,#8780,#8805,#8830,#8855,#8880,#8905,#9707,#9876,#9927),#8088);
#12392=IFCRELDEFINESBYTYPE('2aGCyyYPwIpmdqEQrqRyW9',#6,$,$,(#8353,#9270,#9284,#9298,#9326,#9340,#9354,#9368,#9382,#9396,#9410,#9424,#9438,#9452,#9466,#9480),#8346);
#12393=IFCRELDEFINESBYTYPE('129Ch97Mbhb3QX3tSTwzdO',#6,$,$,(#8380),#8373);
#12394=IFCRELDEFINESBYTYPE('2kO8IZ2d9BWhCGL1kkrTOs',#6,$,$,(#8930),#8931);
#12395=IFCRELDEFINESBYTYPE('2bTeNKUOQkPjxNEQuh_ezB',#6,$,$,(#9039),#9048);
#12396=IFCRELDEFINESBYTYPE('0171KHo$Fa3NhE1syFEi6p',#6,$,$,(#9094),#9098);
#12397=IFCRELDEFINESBYTYPE('1uaDhgqhEANuTl3He_35Cx',#6,$,$,(#9181),#9215);
#12398=IFCRELDEFINESBYTYPE('0EK0Gu6iJiOO1OB7RS2rj1',#6,$,$,(#9619),#9620);
#12399=IFCRELDEFINESBYTYPE('1mf3n08TCEhoUsrK8SJVWP',#6,$,$,(#9758),#9759);
#12400=IFCRELDEFINESBYTYPE('0ON$CUezE6oavuaZiCVRGS',#6,$,$,(#10070),#10071);
#12401=IFCRELDEFINESBYTYPE('2CNTsF1p4uWmmqm8lNxmzt',#6,$,$,(#10102),#10103);
#12402=IFCRELDEFINESBYTYPE('1g2GWsr28CO8_H7VCOwsph',#6,$,$,(#10133),#10134);
#12403=IFCRELDEFINESBYTYPE('36JSwaaEG370mUOwgHOyUF',#6,$,$,(#10172,#10188,#10202,#10216,#10230,#10244,#10258,#10272,#10286,#10300,#10314,#10328,#10342,#10356,#10370,#10384,#10398,#10412,#10426,#10440,#10454,#10468,#10482,#10496),#10165);
#12404=IFCRELDEFINESBYTYPE('3N2ITFnJQM1ZK2ExD4mJQt',#6,$,$,(#10544,#10559),#10537);
#12405=IFCRELCONNECTSPATHELEMENTS('1a2RVtC$YKlBnM1AJiZQxc',#6,'0OwT9niH5FCOj8tuWLjmgt|0OwT9niH5FCOj8tuWLjmkz','Structural',$,#6051,#6082,(),(),.ATSTART.,.ATSTART.);
#12406=IFCRELCONNECTSPATHELEMENTS('1TVCThtXFyKwlT9Kv296qF',#6,'0OwT9niH5FCOj8tuWLjmkz|0OwT9niH5FCOj8tuWLjmip','Structural',$,#6082,#6159,(),(),.ATSTART.,.ATEND.);
#12407=IFCRELCONNECTSPATHELEMENTS('28org73Xo87Gcb4ilBL7vw',#6,'0OwT9niH5FCOj8tuWLjmkz|3qTnPBLQ19SwDDuLtwlFXW','Structural',$,#6082,#6299,(),(),.ATSTART.,.ATEND.);
#12408=IFCRELCONNECTSPATHELEMENTS('3txh7$IsfbAtLk0n3289kD',#6,'0OwT9niH5FCOj8tuWLjmip|3qTnPBLQ19SwDDuLtwlFXW','Structural',$,#6159,#6299,(),(),.ATSTART.,.ATSTART.);
#12409=IFCRELCONNECTSPATHELEMENTS('06f5ANZGJDu3rHdgfQ$mrI',#6,'0OwT9niH5FCOj8tuWLjmip|0OwT9niH5FCOj8tuWLjmox','Structural',$,#6159,#6181,(),(),.ATSTART.,.ATEND.);
#12410=IFCRELCONNECTSPATHELEMENTS('1sOPQVu05YoWASOL8MnZl2',#6,'0OwT9niH5FCOj8tuWLjmip|3qTnPBLQ19SwDDuLtwlFLW','Structural',$,#6159,#6351,(),(),.ATSTART.,.ATEND.);
#12411=IFCRELCONNECTSPATHELEMENTS('2bsGi1C8vSaYtyjbXdjTr1',#6,'0OwT9niH5FCOj8tuWLjmox|3qTnPBLQ19SwDDuLtwlFLW','Structural',$,#6181,#6351,(),(),.ATSTART.,.ATSTART.);
#12412=IFCRELCONNECTSPATHELEMENTS('1VH9C$Nv43HDQ33Nqd4bMG',#6,'0OwT9niH5FCOj8tuWLjmgt|0OwT9niH5FCOj8tuWLjmox','Structural',$,#6051,#6181,(),(),.ATEND.,.ATPATH.);
#12413=IFCRELCONNECTSPATHELEMENTS('0azLsn1H579e5XV41t8tr5',#6,'0OwT9niH5FCOj8tuWLjmrW|2P08yrpAz16O3JDZFlZNbh','Structural',$,#6204,#6489,(),(),.ATPATH.,.ATSTART.);
#12414=IFCRELCONNECTSPATHELEMENTS('0khXwSpCfWqG8lJzIolqo4',#6,'0OwT9niH5FCOj8tuWLjmgt|0OwT9niH5FCOj8tuWLjn7R','Structural',$,#6051,#6253,(),(),.ATSTART.,.ATPATH.);
#12415=IFCRELCONNECTSPATHELEMENTS('1DGlUR67GNTaGsE3XEkl3i',#6,'0OwT9niH5FCOj8tuWLjmip|0OwT9niH5FCOj8tuWLjn7R','Structural',$,#6159,#6253,(),(),.ATEND.,.ATPATH.);
#12416=IFCRELCONNECTSPATHELEMENTS('22MPSeQ75CxInEM5C$ev$D',#6,'0OwT9niH5FCOj8tuWLjmgt|0OwT9niH5FCOj8tuWLjn5W','Structural',$,#6051,#6276,(),(),.ATSTART.,.ATPATH.);
#12417=IFCRELCONNECTSPATHELEMENTS('0brvTNeQpHctM3VFWHxEmk',#6,'0OwT9niH5FCOj8tuWLjmip|0OwT9niH5FCOj8tuWLjn5W','Structural',$,#6159,#6276,(),(),.ATEND.,.ATPATH.);
#12418=IFCRELCONNECTSPATHELEMENTS('0V4bB6wKZhjl4jkooZZHWQ',#6,'3qTnPBLQ19SwDDuLtwlFXW|3qTnPBLQ19SwDDuLtwlFTW','Structural',$,#6299,#6328,(),(),.ATSTART.,.ATEND.);
#12419=IFCRELCONNECTSPATHELEMENTS('37AuOAljAZfjH9YcDHSfs5',#6,'3qTnPBLQ19SwDDuLtwlFTW|3qTnPBLQ19SwDDuLtwlFLW','Structural',$,#6328,#6351,(),(),.ATEND.,.ATPATH.);
#12420=IFCRELCONNECTSPATHELEMENTS('0S71yzck8etb0u_jhWe6IO',#6,'0OwT9niH5FCOj8tuWLjmip|3qTnPBLQ19SwDDuLtwlFN7','Structural',$,#6159,#6374,(),(),.ATSTART.,.ATPATH.);
#12421=IFCRELCONNECTSPATHELEMENTS('1rVSsxbsj4Og_WiTAB_UiC',#6,'3qTnPBLQ19SwDDuLtwlFTW|3qTnPBLQ19SwDDuLtwlFN7','Structural',$,#6328,#6374,(),(),.ATEND.,.ATPATH.);
#12422=IFCRELCONNECTSPATHELEMENTS('0SrqoLjBllECYB9_rJpEwt',#6,'0OwT9niH5FCOj8tuWLjmip|3qTnPBLQ19SwDDuLtwlFNS','Structural',$,#6159,#6397,(),(),.ATSTART.,.ATPATH.);
#12423=IFCRELCONNECTSPATHELEMENTS('1hhXAHbC$nklfwS7djsN_R',#6,'3qTnPBLQ19SwDDuLtwlFTW|3qTnPBLQ19SwDDuLtwlFNS','Structural',$,#6328,#6397,(),(),.ATEND.,.ATPATH.);
#12424=IFCRELCONNECTSPATHELEMENTS('3WUD2yzZUyUOyMeG95duxm',#6,'0OwT9niH5FCOj8tuWLjmip|3qTnPBLQ19SwDDuLtwlFGZ','Structural',$,#6159,#6420,(),(),.ATSTART.,.ATPATH.);
#12425=IFCRELCONNECTSPATHELEMENTS('2D38VkRqHqT0hH59EMmbMz',#6,'3qTnPBLQ19SwDDuLtwlFTW|3qTnPBLQ19SwDDuLtwlFGZ','Structural',$,#6328,#6420,(),(),.ATEND.,.ATPATH.);
#12426=IFCRELCONNECTSPATHELEMENTS('1GfNnUxtvOKy8DrJIkaCGN',#6,'0OwT9niH5FCOj8tuWLjmip|3qTnPBLQ19SwDDuLtwlFGw','Structural',$,#6159,#6443,(),(),.ATSTART.,.ATPATH.);
#12427=IFCRELCONNECTSPATHELEMENTS('25HoQE9QwfSJHUYVrtQhpZ',#6,'3qTnPBLQ19SwDDuLtwlFTW|3qTnPBLQ19SwDDuLtwlFGw','Structural',$,#6328,#6443,(),(),.ATEND.,.ATPATH.);
#12428=IFCRELCONNECTSPATHELEMENTS('1PrDKprOETu5HCzmjPzVTc',#6,'0OwT9niH5FCOj8tuWLjmip|3qTnPBLQ19SwDDuLtwlFGr','Structural',$,#6159,#6466,(),(),.ATSTART.,.ATPATH.);
#12429=IFCRELCONNECTSPATHELEMENTS('2jPKHRaRO_PRb6fNNbBvV_',#6,'3qTnPBLQ19SwDDuLtwlFTW|3qTnPBLQ19SwDDuLtwlFGr','Structural',$,#6328,#6466,(),(),.ATEND.,.ATPATH.);
#12430=IFCRELCONNECTSPATHELEMENTS('1qkqEMNfLjnL1TbceNl3zx',#6,'2P08yrpAz16O3JDZFlZNbh|2P08yrpAz16O3JDZFlZNY1','Structural',$,#6489,#6512,(),(),.ATSTART.,.ATPATH.);
#12431=IFCRELCONNECTSPATHELEMENTS('3$8wkjtCkGlQt6mT85AWuF',#6,'2P08yrpAz16O3JDZFlZNY1|2P08yrpAz16O3JDZFlZNlZ','Structural',$,#6512,#6535,(),(),.ATPATH.,.ATEND.);
#12432=IFCRELCONNECTSPATHELEMENTS('1EAhXKYkVjcd5pa0PYB9_P',#6,'0OwT9niH5FCOj8tuWLjmrW|2P08yrpAz16O3JDZFlZNlZ','Structural',$,#6204,#6535,(),(),.ATEND.,.ATPATH.);
#12433=IFCRELCONNECTSPATHELEMENTS('3WFXgkpWqVH3k90MUJaz21',#6,'2P08yrpAz16O3JDZFlZKVM|1zlD4ydJz3GOe9NbhuuZCX','Structural',$,#6558,#9094,(),(),.ATSTART.,.ATSTART.);
#12434=IFCRELCONNECTSPATHELEMENTS('1ySVFJjEVrmqODJtBIfeXW',#6,'2BJ6J5gaP9B9p5bPIVvwJt|2BJ6J5gaP9B9p5bPIVvw4t','Structural',$,#8966,#9071,(),(),.ATEND.,.ATSTART.);
#12435=IFCRELCONNECTSPATHELEMENTS('1M7CTsBE7Q40Bk8jeUS6NU',#6,'2BJ6J5gaP9B9p5bPIVvwJt|2BJ6J5gaP9B9p5bPIVvwG_','Structural',$,#8966,#8989,(),(),.ATSTART.,.ATEND.);
#12436=IFCRELCONNECTSPATHELEMENTS('2OZywzHoqyciYlKQO$86xI',#6,'2BJ6J5gaP9B9p5bPIVvwG_|2BJ6J5gaP9B9p5bPIVvwHH','Structural',$,#8989,#9012,(),(),.ATSTART.,.ATEND.);
#12437=IFCRELCONNECTSPATHELEMENTS('1LEPeBSH9jCscu$iCnsX81',#6,'2BJ6J5gaP9B9p5bPIVvwHH|2BJ6J5gaP9B9p5bPIVvw4t','Structural',$,#9012,#9071,(),(),.ATSTART.,.ATEND.);
#12438=IFCPRESENTATIONLAYERASSIGNMENT('S-FNDN-____-OTLN',$,(#62,#107,#127,#147,#167,#187,#207,#227,#254,#274,#294,#314,#334,#354,#374,#394,#414,#434,#454,#474,#494,#514,#534,#554,#574,#594,#614,#634,#654,#674,#694,#714,#734,#754,#774,#794,#814,#834,#854,#874,#894,#914,#934,#954,#974,#994,#1014,#1034,#1054,#1074,#1094,#1114,#1134,#1154,#1174,#1194,#1214,#1234,#1254,#1274,#1294,#1314,#1334,#1354,#1374,#1394,#1414,#1434,#1454,#1474,#1494,#1514,#1534,#1554,#1574,#1594,#1614,#1634,#1654,#1674,#6228),$);
#12439=IFCPRESENTATIONLAYERASSIGNMENT('S-COLS-____-OTLN',$,(#1697,#1708,#1730,#1735,#1751,#1765,#1779,#1793,#1807,#1821,#1835,#1849,#1863,#1877,#1891,#1905,#1919,#1933,#1947,#1961,#1975,#1989,#2009,#2014,#2030,#2044,#2058,#2072,#2086,#2100,#2114,#2128,#2142,#2156,#2170,#2184,#2204,#2209,#2225,#2245,#2250,#2272,#2277,#2293,#2307,#2321,#2341,#2346,#2362,#2376,#2395,#2400,#2416,#2430,#2444,#2458,#2472,#2492,#2497,#2518,#2523,#2544,#2549,#2565,#2579,#2593,#2607,#2621,#2635,#2649,#2663,#2677,#2691,#2705,#2719,#2733,#2747,#2761,#2775,#2789,#2803,#2817,#2831,#2845,#2859,#2873,#2887,#2901,#2915,#2929,#2943,#2957,#2971,#2985,#3005,#3010,#3026,#3040,#3054,#3068,#3082,#3096,#3110,#4425,#4430,#4451,#4456,#4471,#4485,#4499,#4513,#4527,#4541,#4555,#4569,#4583,#4597,#4611,#4625,#4639,#4653,#4667,#4681,#4695,#4709,#4729,#4734,#4749,#4763,#4777,#4791,#4805,#4825,#4830,#4851,#4856,#4877,#4882,#4897,#4911,#4931,#4936,#4951,#4965,#4979,#4993,#5007,#5021,#5035,#5049,#5063,#5077,#5091,#5105,#5119,#5133,#5147,#5167,#5172,#5187,#5201,#5215,#5229,#5243,#5257,#5271,#5285,#5299,#5313,#5327,#5341,#5361,#5366,#5381,#5395,#5409,#5429,#5434,#5449,#5463,#5483,#5488,#5504,#5518,#5532,#5546,#5560,#5574,#5588,#5602,#5616,#5630,#5650,#5655,#5670,#5684,#5698,#5712,#5726,#5740,#5754,#5768,#5967,#5981,#5995,#6009,#6023,#7579,#7589,#7604,#7618,#7632,#7646,#7660,#7674,#7688,#7702,#7716,#7730,#7744,#7758,#7772,#7786,#7806,#7811,#7826,#7840,#7854,#7868,#7882,#7896,#7910,#7924,#7938,#7952,#7966,#7980,#7994,#8237,#8251,#8287,#8301,#8343,#8348,#8370,#8375,#9108,#9122,#9136,#9265,#9279,#9293,#9307,#9321,#9335,#9349,#9363,#9377,#9391,#9405,#9419,#9433,#9447,#9461,#9475,#9665,#9679,#9716,#9730,#9769,#9783,#9820,#9834,#9848,#9885,#9899,#10162,#10167,#10183,#10197,#10211,#10225,#10239,#10253,#10267,#10281,#10295,#10309,#10323,#10337,#10351,#10365,#10379,#10393,#10407,#10421,#10435,#10449,#10463,#10477,#10491,#10534,#10539,#10554),$);
#12440=IFCPRESENTATIONLAYERASSIGNMENT('S-BEAM-____-OTLN',$,(#3138,#3142,#3172,#3175,#3198,#3201,#3220,#3223,#3242,#3245,#3265,#3268,#3287,#3290,#3309,#3312,#3331,#3334,#3353,#3356,#3375,#3378,#3397,#3400,#3419,#3422,#3441,#3444,#3463,#3466,#3485,#3488,#3507,#3510,#3529,#3532,#3551,#3554,#3573,#3576,#3595,#3598,#3621,#3624,#3647,#3650,#3670,#3673,#3693,#3696,#3719,#3722,#3742,#3745,#3765,#3768,#3788,#3791,#3811,#3814,#3834,#3837,#3857,#3860,#3880,#3883,#3903,#3906,#3926,#3929,#3949,#3952,#3972,#3975,#3995,#3998,#4017,#4020,#4039,#4042,#4062,#4065,#4084,#4087,#4106,#4109,#4128,#4131,#4150,#4153,#4172,#4175,#4194,#4197,#4216,#4219,#4238,#4241,#4260,#4263,#4283,#4286,#4305,#4308,#4327,#4330,#4349,#4352,#5790,#5793,#5813,#5816,#5836,#5839,#5859,#5862,#5882,#5885,#5908,#5911,#5930,#5933,#5952,#5955,#6576,#6579,#6602,#6605,#6624,#6627,#6646,#6649,#6668,#6671,#6690,#6693,#6712,#6715,#6734,#6737,#6756,#6759,#6778,#6781,#6800,#6803,#6822,#6825,#6844,#6847,#6866,#6869,#6888,#6891,#6910,#6913,#6932,#6935,#6954,#6957,#6976,#6979,#6998,#7001,#7021,#7024,#7043,#7046,#7065,#7068,#7088,#7091,#7110,#7113,#7133,#7136,#7155,#7158,#7178,#7181,#7204,#7207,#7227,#7230,#7249,#7252,#7271,#7274,#7297,#7300,#7323,#7326,#7349,#7352,#7371,#7374,#7393,#7396,#7415,#7418,#7437,#7440,#7460,#7463,#7482,#7485,#7504,#7507,#7528,#7531,#7551,#7554,#8082,#8085,#8107,#8110,#8131,#8134,#8154,#8157,#8177,#8180,#8200,#8203,#8223,#8226,#8273,#8276,#8323,#8326,#8400,#8403,#8425,#8428,#8450,#8453,#8475,#8478,#8500,#8503,#8525,#8528,#8550,#8553,#8575,#8578,#8600,#8603,#8625,#8628,#8650,#8653,#8675,#8678,#8700,#8703,#8725,#8728,#8750,#8753,#8775,#8778,#8800,#8803,#8825,#8828,#8850,#8853,#8875,#8878,#8900,#8903,#9250,#9253,#9702,#9705,#9753,#9756,#9805,#9808,#9871,#9874,#9922,#9925,#9944,#9947,#9967,#9970,#9990,#9993,#10012,#10015,#10035,#10038,#10513,#10516),$);
#12441=IFCPRESENTATIONLAYERASSIGNMENT('A-FLOR-____-OTLN',$,(#4385,#8034,#9179,#10100),$);
#12442=IFCPRESENTATIONLAYERASSIGNMENT('A-NPLT-____-OTLN',$,(#4393,#8043,#9187,#9198,#9209),$);
#12443=IFCPRESENTATIONLAYERASSIGNMENT('A-WALL-____-OTLN',$,(#6041,#6050,#6073,#6081,#6096,#6158,#6172,#6180,#6195,#6203,#6244,#6252,#6267,#6275,#6290,#6298,#6319,#6327,#6342,#6350,#6365,#6373,#6388,#6396,#6411,#6419,#6434,#6442,#6457,#6465,#6480,#6488,#6503,#6511,#6526,#6534,#6549,#6557,#8957,#8965,#8980,#8988,#9003,#9011,#9026,#9038,#9062,#9070,#9085,#9093,#9493,#9501,#9516,#9524,#9539,#9547,#9562,#9570,#9585,#9593,#9646,#9654),$);
#12444=IFCPRESENTATIONLAYERASSIGNMENT('A-ROOF-____-OTLN',$,(#8926,#9615,#10066,#10129),$);
#12445=IFCPRESENTATIONLAYERASSIGNMENT('S-GRID-____-OTLN',$,(#10882,#11201,#11520,#11839,#12158),$);
#12446=IFCUNITASSIGNMENT((#7,#8,#9,#66,#95));
#12447=IFCAXIS2PLACEMENT3D(#10,$,$);
#12448=IFCAXIS2PLACEMENT3D(#10,$,$);
#12449=IFCAXIS2PLACEMENT3D(#10,$,$);
#12450=IFCAXIS2PLACEMENT3D(#10,$,$);
ENDSEC;

END-ISO-10303-21;